210, 1, 79, 68, 56, 56
211, 1, 79, 67, 56, 56
213, 1, 79, 67, 56, 56
214, 1, 71, 67, 56, 56
216, 1, 71, 67, 56, 56
217, 1, 71, 67, 56, 56
218, 1, 79, 67, 56, 56
219, 1, 79, 67, 56, 56
220, 1, 111, 66, 56, 56
221, 1, 79, 66, 56, 56
222, 1, 78, 74, 56, 56
223, 1, 78, 66, 56, 56
224, 1, 78, 67, 56, 56
225, 1, 79, 67, 56, 56
226, 1, 78, 66, 56, 56
227, 1, 78, 66, 56, 56
228, 1, 79, 66, 56, 56
229, 1, 79, 66, 56, 56
230, 1, 78, 65, 56, 56
231, 1, 78, 65, 56, 56
232, 1, 78, 64, 56, 56
233, 1, 78, 72, 56, 56
234, 1, 78, 72, 56, 56
235, 1, 78, 65, 56, 56
236, 1, 78, 64, 56, 56
237, 1, 78, 63, 56, 56
238, 1, 77, 63, 56, 56
240, 1, 78, 71, 56, 56
241, 1, 78, 64, 56, 56
242, 1, 78, 64, 56, 56
287, 1, 165, 63, 56, 56
288, 1, 163, 71, 56, 56
289, 1, 167, 73, 56, 56
291, 1, 82, 72, 56, 56
292, 1, 80, 71, 56, 56
293, 1, 80, 71, 56, 56
294, 1, 86, 95, 56, 56
295, 1, 77, 69, 56, 56
296, 1, 82, 71, 56, 56
297, 1, 79, 71, 56, 56
298, 1, 87, 95, 56, 56
299, 1, 78, 71, 56, 56
300, 1, 86, 95, 56, 56
301, 1, 77, 71, 56, 56
302, 1, 84, 103, 56, 56
304, 1, 81, 72, 56, 56
305, 1, 80, 64, 56, 56
306, 1, 63, 55, 56, 56
307, 1, 79, 71, 56, 56
308, 1, 80, 64, 56, 56
309, 1, 206, 69, 56, 56
310, 1, 80, 96, 56, 56
311, 1, 207, 70, 56, 56
312, 1, 87, 103, 56, 56
313, 1, 61, 64, 56, 56
314, 1, 128, 64, 56, 56
315, 1, 129, 66, 56, 56
316, 1, 80, 97, 56, 56
317, 1, 78, 48, 56, 56
318, 1, 63, 63, 56, 56
319, 1, 79, 96, 56, 56
320, 1, 64, 72, 56, 56
321, 1, 62, 64, 56, 56
322, 1, 68, 73, 56, 56
323, 1, 69, 73, 56, 56
324, 1, 66, 65, 56, 56
325, 1, 70, 72, 56, 56
326, 1, 138, 54, 56, 56
327, 1, 79, 94, 56, 56
328, 1, 138, 81, 56, 56
329, 1, 140, 83, 56, 56
330, 1, 68, 70, 56, 56
331, 1, 59, 62, 56, 56
332, 1, 141, 64, 56, 56
333, 1, 61, 61, 56, 56
334, 1, 65, 69, 56, 56
335, 1, 121, 76, 56, 56
336, 1, 65, 62, 56, 56
337, 1, 81, 101, 56, 56
338, 1, 66, 61, 56, 56
339, 1, 64, 62, 56, 56
340, 1, 115, 89, 56, 56
341, 1, 112, 95, 56, 56
342, 1, 65, 61, 56, 56
343, 1, 65, 61, 56, 56
344, 1, 101, 104, 56, 56
345, 1, 226, 72, 56, 56
347, 1, 77, 52, 56, 56
348, 1, 78, 52, 56, 56
349, 1, 60, 50, 56, 56
350, 1, 61, 62, 56, 56
351, 1, 77, 50, 56, 56
352, 1, 171, 36, 56, 56
353, 1, 79, 52, 56, 56
354, 1, 81, 133, 56, 56
354, 1, 72, 54, 56, 56
355, 1, 71, 53, 56, 56
356, 1, 71, 53, 56, 56
357, 1, 74, 144, 56, 56
357, 1, 171, 36, 56, 56
358, 1, 72, 146, 56, 56
359, 1, 69, 155, 56, 56
359, 1, 171, 38, 56, 56
360, 1, 168, 62, 56, 56
361, 1, 64, 164, 56, 56
362, 1, 62, 167, 56, 56
363, 1, 57, 165, 56, 56
364, 1, 168, 39, 56, 56
365, 1, 46, 175, 56, 56
365, 1, 168, 46, 56, 56
366, 1, 44, 177, 56, 56
366, 1, 170, 42, 56, 56
367, 1, 165, 42, 56, 56
368, 1, 165, 42, 56, 56
369, 1, 168, 46, 56, 56
370, 1, 168, 44, 56, 56
371, 1, 166, 45, 56, 56
372, 1, 163, 48, 56, 56
373, 1, 162, 51, 56, 56
374, 1, 163, 50, 56, 56
375, 1, 153, 47, 56, 56
376, 1, 161, 53, 56, 56
377, 1, 156, 52, 56, 56
378, 1, 151, 55, 56, 56
379, 1, 178, 138, 56, 56
379, 1, 138, 186, 56, 56
381, 1, 186, 145, 56, 56
382, 1, 188, 136, 56, 56
383, 1, 136, 61, 56, 56
384, 1, 134, 66, 56, 56
385, 1, 156, 101, 56, 56
386, 1, 126, 39, 56, 56
387, 1, 129, 71, 56, 56
388, 1, 123, 75, 56, 56
389, 1, 125, 78, 56, 56
390, 1, 127, 82, 56, 56
393, 1, 118, 87, 56, 56
397, 1, 117, 104, 56, 56
400, 1, 119, 112, 56, 56
400, 1, 135, 40, 56, 56
402, 1, 121, 121, 56, 56
402, 1, 137, 41, 56, 56
404, 1, 123, 127, 56, 56
405, 1, 121, 128, 56, 56
406, 1, 118, 133, 56, 56
407, 1, 118, 133, 56, 56
408, 1, 111, 143, 56, 56
409, 1, 113, 147, 56, 56
410, 1, 107, 147, 56, 56
411, 1, 105, 151, 56, 56
412, 1, 101, 153, 56, 56
413, 1, 97, 156, 56, 56
414, 1, 102, 158, 56, 56
415, 1, 91, 153, 56, 56
416, 1, 145, 75, 56, 56
417, 1, 88, 158, 56, 56
417, 1, 160, 53, 56, 56
418, 1, 145, 81, 56, 56
418, 1, 84, 159, 56, 56
419, 1, 80, 163, 56, 56
419, 1, 149, 114, 56, 56
419, 1, 157, 58, 56, 56
420, 1, 76, 165, 56, 56
421, 1, 72, 164, 56, 56
422, 1, 140, 91, 56, 56
422, 1, 70, 166, 56, 56
423, 1, 67, 164, 56, 56
423, 1, 141, 90, 56, 56
424, 1, 64, 165, 56, 56
425, 1, 139, 98, 56, 56
426, 1, 60, 169, 56, 56
426, 1, 135, 104, 56, 56
427, 1, 57, 175, 56, 56
428, 1, 122, 170, 56, 56
429, 1, 122, 173, 56, 56
430, 1, 51, 178, 56, 56
430, 1, 121, 205, 56, 56
430, 1, 132, 117, 56, 56
431, 1, 50, 180, 56, 56
432, 1, 131, 122, 56, 56
433, 1, 122, 81, 56, 56
434, 1, 146, 37, 56, 56
435, 1, 141, 38, 56, 56
436, 1, 141, 39, 56, 56
437, 1, 140, 44, 56, 56
438, 1, 123, 137, 56, 56
439, 1, 124, 104, 56, 56
440, 1, 124, 105, 56, 56
441, 1, 111, 55, 56, 56
442, 1, 111, 55, 56, 56
443, 1, 116, 55, 56, 56
444, 1, 138, 64, 56, 56
445, 1, 132, 38, 56, 56
446, 1, 144, 66, 56, 56
447, 1, 143, 68, 56, 56
448, 1, 113, 178, 56, 56
448, 1, 144, 70, 56, 56
449, 1, 140, 78, 56, 56
450, 1, 138, 80, 56, 56
450, 1, 107, 183, 56, 56
451, 1, 137, 82, 56, 56
451, 1, 101, 185, 56, 56
452, 1, 147, 76, 56, 56
453, 1, 146, 77, 56, 56
454, 1, 140, 94, 56, 56
455, 1, 142, 97, 56, 56
456, 1, 142, 102, 56, 56
457, 1, 142, 103, 56, 56
457, 1, 136, 37, 56, 56
458, 1, 138, 38, 56, 56
459, 1, 131, 37, 56, 56
460, 1, 131, 42, 56, 56
461, 1, 133, 45, 56, 56
461, 1, 165, 93, 56, 56
462, 1, 163, 89, 56, 56
462, 1, 171, 41, 56, 56
463, 1, 145, 125, 56, 56
463, 1, 170, 42, 56, 56
464, 1, 137, 133, 56, 56
465, 1, 145, 135, 56, 56
465, 1, 136, 53, 56, 56
466, 1, 141, 135, 56, 56
466, 1, 135, 54, 56, 56
467, 1, 136, 138, 56, 56
468, 1, 142, 142, 56, 56
468, 1, 133, 58, 56, 56
469, 1, 139, 61, 56, 56
470, 1, 135, 154, 56, 56
471, 1, 136, 157, 56, 56
471, 1, 140, 65, 56, 56
472, 1, 136, 157, 56, 56
473, 1, 141, 66, 56, 56
474, 1, 138, 168, 56, 56
474, 1, 144, 70, 56, 56
475, 1, 143, 72, 56, 56
476, 1, 143, 78, 56, 56
477, 1, 146, 80, 56, 56
478, 1, 146, 83, 56, 56
479, 1, 148, 87, 56, 56
480, 1, 148, 79, 56, 56
481, 1, 149, 88, 56, 56
482, 1, 151, 88, 56, 56
483, 1, 151, 88, 56, 56
484, 1, 153, 98, 56, 56
485, 1, 152, 101, 56, 56
486, 1, 151, 103, 56, 56
487, 1, 143, 125, 56, 56
488, 1, 154, 111, 56, 56
489, 1, 161, 71, 56, 56
490, 1, 166, 172, 56, 56
491, 1, 150, 140, 56, 56
492, 1, 157, 126, 56, 56
493, 1, 126, 184, 56, 56
494, 1, 122, 189, 56, 56
495, 1, 154, 132, 56, 56
496, 1, 154, 134, 56, 56
498, 1, 130, 186, 56, 56
499, 1, 141, 93, 56, 56
500, 1, 165, 73, 56, 56
501, 1, 128, 69, 56, 56
502, 1, 128, 80, 56, 56
503, 1, 127, 82, 56, 56
504, 1, 118, 85, 56, 56
505, 1, 125, 106, 56, 56
506, 1, 115, 83, 56, 56
507, 1, 114, 82, 56, 56
508, 1, 111, 92, 56, 56
509, 1, 109, 93, 56, 56
510, 1, 165, 183, 56, 56
511, 1, 103, 93, 56, 56
512, 1, 102, 96, 56, 56
513, 1, 100, 99, 56, 56
514, 1, 97, 106, 56, 56
515, 1, 89, 102, 56, 56
516, 1, 147, 46, 56, 56
516, 1, 91, 108, 56, 56
517, 1, 92, 114, 56, 56
518, 1, 85, 116, 56, 56
519, 1, 80, 113, 56, 56
520, 1, 82, 118, 56, 56
521, 1, 77, 123, 56, 56
522, 1, 76, 125, 56, 56
523, 1, 70, 127, 56, 56
524, 1, 65, 127, 56, 56
525, 1, 66, 133, 56, 56
526, 1, 65, 133, 56, 56
527, 1, 84, 101, 56, 56
528, 1, 94, 119, 56, 56
529, 1, 93, 120, 56, 56
530, 1, 150, 76, 56, 56
530, 1, 44, 136, 56, 56
531, 1, 153, 79, 56, 56
532, 1, 147, 82, 56, 56
533, 1, 158, 88, 56, 56
534, 1, 159, 89, 56, 56
535, 1, 156, 95, 56, 56
536, 1, 130, 93, 56, 56
537, 1, 162, 101, 56, 56
538, 1, 163, 100, 56, 56
539, 1, 126, 95, 56, 56
540, 1, 164, 115, 56, 56
541, 1, 165, 120, 56, 56
542, 1, 166, 118, 56, 56
543, 1, 165, 122, 56, 56
544, 1, 159, 130, 56, 56
545, 1, 166, 136, 56, 56
546, 1, 133, 72, 56, 56
547, 1, 132, 74, 56, 56
548, 1, 166, 150, 56, 56
548, 1, 132, 77, 56, 56
549, 1, 161, 145, 56, 56
550, 1, 157, 46, 56, 56
550, 1, 166, 149, 56, 56
551, 1, 156, 46, 56, 56
552, 1, 163, 163, 56, 56
552, 1, 155, 46, 56, 56
553, 1, 125, 75, 56, 56
554, 1, 140, 98, 56, 56
555, 1, 139, 93, 56, 56
556, 1, 131, 84, 56, 56
557, 1, 147, 107, 56, 56
558, 1, 134, 90, 56, 56
559, 1, 140, 86, 56, 56
560, 1, 139, 86, 56, 56
561, 1, 139, 86, 56, 56
562, 1, 148, 111, 56, 56
563, 1, 145, 63, 56, 56
564, 1, 145, 95, 56, 56
565, 1, 144, 100, 56, 56
565, 1, 143, 37, 56, 56
566, 1, 141, 38, 56, 56
567, 1, 144, 107, 56, 56
568, 1, 118, 85, 56, 56
569, 1, 146, 112, 56, 56
570, 1, 146, 112, 56, 56
571, 1, 147, 50, 56, 56
572, 1, 143, 114, 56, 56
573, 1, 145, 123, 56, 56
573, 1, 111, 42, 56, 56
574, 1, 145, 37, 56, 56
575, 1, 144, 37, 56, 56
576, 1, 144, 39, 56, 56
576, 1, 142, 128, 56, 56
577, 1, 143, 134, 56, 56
577, 1, 141, 35, 56, 56
578, 1, 146, 41, 56, 56
579, 1, 157, 85, 56, 56
579, 1, 139, 37, 56, 56
580, 1, 137, 141, 56, 56
580, 1, 156, 86, 56, 56
581, 1, 156, 87, 56, 56
582, 1, 145, 152, 56, 56
582, 1, 132, 35, 56, 56
582, 1, 156, 91, 56, 56
583, 1, 153, 88, 56, 56
584, 1, 146, 159, 56, 56
584, 1, 152, 93, 56, 56
585, 1, 146, 160, 56, 56
585, 1, 152, 95, 56, 56
586, 1, 150, 160, 56, 56
586, 1, 143, 96, 56, 56
586, 1, 129, 41, 56, 56
587, 1, 147, 161, 56, 56
588, 1, 147, 163, 56, 56
589, 1, 152, 167, 56, 56
589, 1, 139, 97, 56, 56
590, 1, 131, 98, 56, 56
591, 1, 132, 99, 56, 56
592, 1, 130, 100, 56, 56
593, 1, 126, 102, 56, 56
593, 1, 126, 54, 56, 56
594, 1, 122, 103, 56, 56
595, 1, 119, 107, 56, 56
596, 1, 130, 58, 56, 56
597, 1, 163, 113, 56, 56
598, 1, 111, 116, 56, 56
598, 1, 130, 61, 56, 56
599, 1, 112, 114, 56, 56
600, 1, 107, 119, 56, 56
601, 1, 107, 123, 56, 56
601, 1, 139, 69, 56, 56
602, 1, 123, 104, 56, 56
603, 1, 108, 131, 56, 56
603, 1, 147, 98, 56, 56
604, 1, 105, 134, 56, 56
604, 1, 140, 74, 56, 56
605, 1, 104, 138, 56, 56
605, 1, 152, 106, 56, 56
606, 1, 100, 141, 56, 56
606, 1, 154, 107, 56, 56
607, 1, 123, 69, 56, 56
607, 1, 155, 109, 56, 56
608, 1, 123, 73, 56, 56
608, 1, 157, 115, 56, 56
609, 1, 156, 114, 56, 56
609, 1, 124, 74, 56, 56
610, 1, 95, 148, 56, 56
610, 1, 155, 90, 56, 56
610, 1, 135, 188, 56, 56
611, 1, 154, 93, 56, 56
611, 1, 90, 149, 56, 56
612, 1, 153, 93, 56, 56
612, 1, 87, 151, 56, 56
613, 1, 151, 96, 56, 56
613, 1, 123, 143, 56, 56
614, 1, 149, 98, 56, 56
615, 1, 148, 97, 56, 56
616, 1, 153, 95, 56, 56
616, 1, 75, 162, 56, 56
617, 1, 151, 101, 56, 56
618, 1, 153, 99, 56, 56
619, 1, 148, 105, 56, 56
619, 1, 165, 46, 56, 56
620, 1, 158, 51, 56, 56
621, 1, 147, 111, 56, 56
621, 1, 158, 44, 56, 56
621, 1, 209, 96, 56, 56
622, 1, 157, 51, 56, 56
622, 1, 143, 109, 56, 56
623, 1, 145, 119, 56, 56
623, 1, 156, 50, 56, 56
624, 1, 143, 120, 56, 56
625, 1, 142, 119, 56, 56
625, 1, 159, 54, 56, 56
626, 1, 140, 117, 56, 56
626, 1, 153, 58, 56, 56
627, 1, 140, 118, 56, 56
628, 1, 156, 61, 56, 56
628, 1, 141, 126, 56, 56
629, 1, 157, 64, 56, 56
629, 1, 136, 124, 56, 56
630, 1, 160, 68, 56, 56
630, 1, 139, 130, 56, 56
631, 1, 136, 131, 56, 56
632, 1, 139, 134, 56, 56
633, 1, 137, 144, 56, 56
634, 1, 139, 140, 56, 56
635, 1, 139, 144, 56, 56
636, 1, 140, 147, 56, 56
637, 1, 161, 80, 56, 56
638, 1, 132, 155, 56, 56
639, 1, 158, 88, 56, 56
640, 1, 139, 157, 56, 56
641, 1, 157, 91, 56, 56
642, 1, 137, 164, 56, 56
643, 1, 148, 101, 56, 56
644, 1, 154, 102, 56, 56
646, 1, 147, 104, 56, 56
647, 1, 141, 112, 56, 56
648, 1, 144, 110, 56, 56
649, 1, 141, 114, 56, 56
650, 1, 141, 121, 56, 56
650, 1, 131, 48, 56, 56
651, 1, 140, 117, 56, 56
652, 1, 139, 122, 56, 56
653, 1, 139, 125, 56, 56
654, 1, 138, 126, 56, 56
655, 1, 141, 38, 56, 56
655, 1, 136, 126, 56, 56
656, 1, 141, 127, 56, 56
657, 1, 158, 94, 56, 56
657, 1, 142, 40, 56, 56
658, 1, 138, 131, 56, 56
659, 1, 141, 41, 56, 56
659, 1, 141, 132, 56, 56
660, 1, 144, 42, 56, 56
661, 1, 136, 43, 56, 56
662, 1, 141, 138, 56, 56
662, 1, 142, 43, 56, 56
663, 1, 144, 52, 56, 56
663, 1, 139, 140, 56, 56
664, 1, 132, 146, 56, 56
665, 1, 144, 54, 56, 56
666, 1, 129, 150, 56, 56
667, 1, 127, 153, 56, 56
667, 1, 141, 47, 56, 56
668, 1, 124, 156, 56, 56
669, 1, 142, 56, 56, 56
670, 1, 108, 159, 56, 56
673, 1, 101, 167, 56, 56
674, 1, 97, 169, 56, 56
675, 1, 93, 168, 56, 56
676, 1, 90, 167, 56, 56
677, 1, 89, 169, 56, 56
678, 1, 83, 174, 56, 56
679, 1, 80, 176, 56, 56
680, 1, 82, 178, 56, 56
681, 1, 112, 138, 56, 56
683, 1, 125, 159, 56, 56
686, 1, 146, 100, 56, 56
687, 1, 145, 94, 56, 56
688, 1, 143, 98, 56, 56
689, 1, 152, 105, 56, 56
690, 1, 143, 74, 56, 56
691, 1, 145, 74, 56, 56
692, 1, 130, 101, 56, 56
693, 1, 137, 100, 56, 56
694, 1, 143, 79, 56, 56
695, 1, 127, 102, 56, 56
696, 1, 137, 90, 56, 56
697, 1, 123, 101, 56, 56
698, 1, 128, 88, 56, 56
699, 1, 130, 89, 56, 56
700, 1, 128, 88, 56, 56
701, 1, 128, 90, 56, 56
702, 1, 121, 99, 56, 56
703, 1, 121, 100, 56, 56
704, 1, 115, 102, 56, 56
707, 1, 147, 48, 56, 56
708, 1, 154, 47, 56, 56
709, 1, 145, 46, 56, 56
710, 1, 147, 48, 56, 56
710, 1, 145, 162, 56, 56
711, 1, 146, 48, 56, 56
712, 1, 144, 54, 56, 56
713, 1, 146, 55, 56, 56
714, 1, 146, 55, 56, 56
715, 1, 148, 62, 56, 56
716, 1, 148, 64, 56, 56
716, 1, 97, 138, 56, 56
717, 1, 148, 65, 56, 56
718, 1, 153, 63, 56, 56
719, 1, 153, 66, 56, 56
720, 1, 142, 50, 56, 56
721, 1, 93, 158, 56, 56
722, 1, 92, 162, 56, 56
723, 1, 95, 161, 56, 56
724, 1, 109, 177, 56, 56
725, 1, 89, 164, 56, 56
726, 1, 154, 69, 56, 56
727, 1, 154, 73, 56, 56
728, 1, 156, 73, 56, 56
730, 1, 163, 80, 56, 56
731, 1, 125, 47, 56, 56
732, 1, 155, 82, 56, 56
733, 1, 154, 76, 56, 56
734, 1, 154, 78, 56, 56
735, 1, 153, 79, 56, 56
736, 1, 153, 83, 56, 56
737, 1, 134, 39, 56, 56
738, 1, 151, 89, 56, 56
738, 1, 134, 39, 56, 56
739, 1, 133, 39, 56, 56
740, 1, 160, 95, 56, 56
741, 1, 156, 98, 56, 56
742, 1, 155, 100, 56, 56
743, 1, 157, 103, 56, 56
744, 1, 156, 106, 56, 56
745, 1, 157, 109, 56, 56
746, 1, 123, 52, 56, 56
747, 1, 165, 62, 56, 56
747, 1, 159, 118, 56, 56
749, 1, 124, 56, 56, 56
750, 1, 163, 64, 56, 56
751, 1, 163, 73, 56, 56
751, 1, 158, 121, 56, 56
751, 1, 115, 33, 56, 56
752, 1, 114, 34, 56, 56
752, 1, 159, 123, 56, 56
752, 1, 162, 66, 56, 56
753, 1, 115, 35, 56, 56
753, 1, 163, 67, 56, 56
754, 1, 115, 36, 56, 56
754, 1, 163, 76, 56, 56
755, 1, 116, 37, 56, 56
755, 1, 164, 69, 56, 56
756, 1, 117, 40, 56, 56
757, 1, 117, 41, 56, 56
757, 1, 165, 73, 56, 56
759, 1, 124, 46, 56, 56
759, 1, 172, 139, 56, 56
759, 1, 172, 78, 56, 56
760, 1, 174, 140, 56, 56
761, 1, 176, 140, 56, 56
762, 1, 127, 52, 56, 56
762, 1, 178, 138, 56, 56
763, 1, 126, 52, 56, 56
763, 1, 182, 140, 56, 56
764, 1, 124, 57, 56, 56
764, 1, 185, 148, 56, 56
765, 1, 126, 59, 56, 56
765, 1, 186, 146, 56, 56
766, 1, 127, 61, 56, 56
767, 1, 127, 63, 56, 56
767, 1, 196, 154, 56, 56
768, 1, 129, 63, 56, 56
768, 1, 197, 155, 56, 56
769, 1, 126, 63, 56, 56
769, 1, 198, 157, 56, 56
770, 1, 123, 68, 56, 56
770, 1, 199, 159, 56, 56
771, 1, 122, 70, 56, 56
771, 1, 201, 161, 56, 56
772, 1, 125, 79, 56, 56
773, 1, 118, 81, 56, 56
774, 1, 120, 82, 56, 56
774, 1, 204, 167, 56, 56
775, 1, 117, 87, 56, 56
776, 1, 113, 82, 56, 56
777, 1, 113, 84, 56, 56
777, 1, 214, 111, 56, 56
778, 1, 116, 89, 56, 56
778, 1, 216, 117, 56, 56
779, 1, 111, 97, 56, 56
780, 1, 222, 120, 56, 56
780, 1, 114, 91, 56, 56
781, 1, 154, 93, 56, 56
782, 1, 115, 103, 56, 56
782, 1, 202, 151, 56, 56
783, 1, 116, 106, 56, 56
783, 1, 199, 151, 56, 56
784, 1, 117, 107, 56, 56
785, 1, 202, 149, 56, 56
786, 1, 118, 112, 56, 56
787, 1, 235, 140, 56, 56
788, 1, 244, 140, 56, 56
789, 1, 127, 119, 56, 56
790, 1, 244, 144, 56, 56
791, 1, 135, 126, 56, 56
791, 1, 214, 159, 56, 56
792, 1, 134, 130, 56, 56
793, 1, 165, 165, 56, 56
794, 1, 165, 165, 56, 56
795, 1, 141, 133, 56, 56
796, 1, 141, 133, 56, 56
797, 1, 141, 131, 56, 56
798, 1, 144, 133, 56, 56
799, 1, 144, 131, 56, 56
800, 1, 138, 139, 56, 56
801, 1, 138, 140, 56, 56
802, 1, 146, 143, 56, 56
803, 1, 144, 150, 56, 56
804, 1, 119, 179, 56, 56
805, 1, 143, 152, 56, 56
806, 1, 146, 163, 56, 56
807, 1, 143, 162, 56, 56
808, 1, 122, 187, 56, 56
813, 1, 60, 60, 56, 56
814, 1, 147, 181, 56, 56
815, 1, 145, 180, 56, 56
841, 1, 117, 163, 56, 56
842, 1, 110, 164, 56, 56
843, 1, 114, 166, 56, 56
844, 1, 119, 172, 56, 56
845, 1, 105, 171, 56, 56
846, 1, 95, 167, 56, 56
854, 1, 121, 47, 56, 56
856, 1, 122, 39, 56, 56
857, 1, 125, 47, 56, 56
860, 1, 118, 55, 56, 56
861, 1, 117, 55, 56, 56
862, 1, 118, 58, 56, 56
863, 1, 118, 56, 56, 56
864, 1, 119, 56, 56, 56
865, 1, 119, 57, 56, 56
866, 1, 129, 33, 56, 56
867, 1, 130, 35, 56, 56
868, 1, 130, 37, 56, 56
869, 1, 122, 55, 56, 56
870, 1, 130, 38, 56, 56
871, 1, 131, 36, 56, 56
872, 1, 124, 54, 56, 56
873, 1, 157, 98, 56, 56
873, 1, 133, 34, 56, 56
874, 1, 134, 34, 56, 56
874, 1, 211, 176, 56, 56
875, 1, 134, 40, 56, 56
875, 1, 214, 178, 56, 56
876, 1, 137, 40, 56, 56
876, 1, 216, 179, 56, 56
877, 1, 170, 54, 56, 56
877, 1, 217, 176, 56, 56
878, 1, 170, 55, 56, 56
878, 1, 219, 186, 56, 56
879, 1, 135, 43, 56, 56
879, 1, 219, 192, 56, 56
880, 1, 135, 37, 56, 56
881, 1, 135, 40, 56, 56
882, 1, 135, 41, 56, 56
883, 1, 134, 43, 56, 56
884, 1, 134, 42, 56, 56
885, 1, 127, 41, 56, 56
886, 1, 127, 41, 56, 56
887, 1, 125, 42, 56, 56
888, 1, 128, 44, 56, 56
889, 1, 125, 45, 56, 56
890, 1, 126, 46, 56, 56
891, 1, 124, 48, 56, 56
892, 1, 126, 49, 56, 56
893, 1, 125, 51, 56, 56
894, 1, 126, 52, 56, 56
895, 1, 125, 53, 56, 56
896, 1, 172, 72, 56, 56
896, 1, 126, 55, 56, 56
897, 1, 125, 58, 56, 56
898, 1, 125, 57, 56, 56
898, 1, 158, 95, 56, 56
899, 1, 121, 56, 56, 56
899, 1, 166, 72, 56, 56
900, 1, 120, 59, 56, 56
901, 1, 125, 52, 56, 56
902, 1, 127, 91, 56, 56
903, 1, 128, 68, 56, 56
904, 1, 124, 53, 56, 56
904, 1, 165, 78, 56, 56
905, 1, 125, 72, 56, 56
906, 1, 125, 57, 56, 56
907, 1, 122, 71, 56, 56
908, 1, 123, 72, 56, 56
909, 1, 123, 57, 56, 56
910, 1, 129, 82, 56, 56
911, 1, 120, 69, 56, 56
912, 1, 128, 86, 56, 56
913, 1, 127, 89, 56, 56
914, 1, 119, 82, 56, 56
915, 1, 120, 85, 56, 56
916, 1, 128, 77, 56, 56
917, 1, 127, 79, 56, 56
918, 1, 121, 88, 56, 56
919, 1, 128, 80, 56, 56
920, 1, 122, 88, 56, 56
921, 1, 122, 80, 56, 56
922, 1, 122, 93, 56, 56
923, 1, 127, 84, 56, 56
923, 1, 168, 43, 56, 56
924, 1, 127, 85, 56, 56
925, 1, 126, 90, 56, 56
926, 1, 126, 91, 56, 56
926, 1, 227, 198, 56, 56
927, 1, 127, 91, 56, 56
928, 1, 122, 92, 56, 56
929, 1, 125, 91, 56, 56
930, 1, 121, 94, 56, 56
931, 1, 121, 94, 56, 56
932, 1, 121, 94, 56, 56
933, 1, 190, 130, 56, 56
933, 1, 119, 94, 56, 56
934, 1, 117, 93, 56, 56
934, 1, 190, 125, 56, 56
934, 1, 126, 34, 56, 56
935, 1, 111, 97, 56, 56
935, 1, 189, 129, 56, 56
936, 1, 110, 95, 56, 56
936, 1, 189, 135, 56, 56
937, 1, 106, 96, 56, 56
937, 1, 186, 134, 56, 56
937, 1, 125, 31, 56, 56
937, 1, 162, 78, 56, 56
938, 1, 164, 63, 56, 56
938, 1, 143, 166, 56, 56
939, 1, 166, 64, 56, 56
939, 1, 139, 165, 56, 56
940, 1, 165, 77, 56, 56
941, 1, 100, 103, 56, 56
941, 1, 132, 39, 56, 56
941, 1, 172, 63, 56, 56
942, 1, 131, 38, 56, 56
942, 1, 166, 70, 56, 56
943, 1, 126, 45, 56, 56
944, 1, 130, 42, 56, 56
945, 1, 131, 43, 56, 56
946, 1, 132, 43, 56, 56
947, 1, 133, 45, 56, 56
948, 1, 132, 45, 56, 56
948, 1, 183, 83, 56, 56
949, 1, 137, 46, 56, 56
950, 1, 129, 49, 56, 56
951, 1, 139, 50, 56, 56
952, 1, 135, 54, 56, 56
953, 1, 135, 48, 56, 56
953, 1, 80, 118, 56, 56
954, 1, 78, 119, 56, 56
955, 1, 107, 153, 56, 56
956, 1, 81, 147, 56, 56
957, 1, 72, 120, 56, 56
958, 1, 69, 118, 56, 56
959, 1, 137, 57, 56, 56
959, 1, 67, 120, 56, 56
960, 1, 137, 58, 56, 56
961, 1, 61, 124, 56, 56
961, 1, 138, 61, 56, 56
962, 1, 139, 62, 56, 56
962, 1, 61, 124, 56, 56
963, 1, 136, 63, 56, 56
963, 1, 59, 125, 56, 56
964, 1, 56, 124, 56, 56
965, 1, 54, 125, 56, 56
966, 1, 136, 68, 56, 56
966, 1, 52, 131, 56, 56
967, 1, 141, 67, 56, 56
967, 1, 55, 129, 56, 56
968, 1, 46, 129, 56, 56
969, 1, 137, 75, 56, 56
969, 1, 45, 128, 56, 56
970, 1, 137, 75, 56, 56
970, 1, 45, 131, 56, 56
971, 1, 133, 77, 56, 56
971, 1, 46, 134, 56, 56
972, 1, 133, 79, 56, 56
972, 1, 41, 130, 56, 56
973, 1, 133, 81, 56, 56
973, 1, 223, 175, 56, 56
974, 1, 223, 184, 56, 56
974, 1, 126, 84, 56, 56
975, 1, 127, 85, 56, 56
975, 1, 217, 178, 56, 56
975, 1, 41, 141, 56, 56
976, 1, 128, 93, 56, 56
976, 1, 218, 183, 56, 56
977, 1, 226, 189, 56, 56
977, 1, 129, 91, 56, 56
978, 1, 128, 102, 56, 56
978, 1, 35, 140, 56, 56
979, 1, 128, 101, 56, 56
979, 1, 236, 108, 56, 56
980, 1, 165, 41, 56, 56
980, 1, 127, 109, 56, 56
980, 1, 31, 140, 56, 56
981, 1, 121, 109, 56, 56
981, 1, 29, 140, 56, 56
981, 1, 78, 168, 56, 56
981, 1, 241, 108, 56, 56
982, 1, 123, 115, 56, 56
982, 1, 163, 44, 56, 56
982, 1, 73, 168, 56, 56
983, 1, 127, 121, 56, 56
984, 1, 123, 120, 56, 56
985, 1, 117, 125, 56, 56
986, 1, 122, 131, 56, 56
986, 1, 156, 50, 56, 56
986, 1, 238, 143, 56, 56
987, 1, 124, 131, 56, 56
987, 1, 158, 49, 56, 56
988, 1, 122, 140, 56, 56
988, 1, 154, 53, 56, 56
989, 1, 121, 140, 56, 56
989, 1, 153, 55, 56, 56
990, 1, 115, 148, 56, 56
990, 1, 149, 55, 56, 56
991, 1, 113, 144, 56, 56
991, 1, 152, 58, 56, 56
992, 1, 115, 153, 56, 56
992, 1, 151, 59, 56, 56
992, 1, 159, 115, 56, 56
993, 1, 151, 60, 56, 56
993, 1, 116, 160, 56, 56
994, 1, 150, 62, 56, 56
995, 1, 150, 65, 56, 56
996, 1, 148, 65, 56, 56
997, 1, 150, 70, 56, 56
998, 1, 158, 71, 56, 56
999, 1, 155, 71, 56, 56
1000, 1, 161, 77, 56, 56
1000, 1, 41, 156, 56, 56
1001, 1, 160, 74, 56, 56
1002, 1, 162, 81, 56, 56
1003, 1, 163, 83, 56, 56
1004, 1, 165, 85, 56, 56
1005, 1, 166, 86, 56, 56
1006, 1, 166, 92, 56, 56
1007, 1, 171, 91, 56, 56
1008, 1, 176, 93, 56, 56
1009, 1, 178, 98, 56, 56
1010, 1, 180, 96, 56, 56
1011, 1, 176, 96, 56, 56
1012, 1, 186, 104, 56, 56
1013, 1, 179, 102, 56, 56
1014, 1, 181, 107, 56, 56
1015, 1, 185, 108, 56, 56
1017, 1, 135, 169, 56, 56
1018, 1, 200, 121, 56, 56
1019, 1, 194, 123, 56, 56
1020, 1, 196, 119, 56, 56
1021, 1, 198, 122, 56, 56
1022, 1, 207, 126, 56, 56
1023, 1, 205, 129, 56, 56
1024, 1, 207, 130, 56, 56
1025, 1, 215, 146, 56, 56
1026, 1, 218, 148, 56, 56
1027, 1, 221, 143, 56, 56
1028, 1, 218, 148, 56, 56
1029, 1, 221, 147, 56, 56
1031, 1, 234, 167, 56, 56
1032, 1, 227, 147, 56, 56
1033, 1, 241, 161, 56, 56
1035, 1, 250, 168, 56, 56
1036, 1, 252, 168, 56, 56
1037, 1, 263, 169, 56, 56
1038, 1, 258, 161, 56, 56
1056, 1, 106, 122, 56, 56
1057, 1, 97, 116, 56, 56
1058, 1, 103, 126, 56, 56
1059, 1, 98, 125, 56, 56
1060, 1, 93, 125, 56, 56
1061, 1, 93, 131, 56, 56
1062, 1, 90, 132, 56, 56
1063, 1, 90, 137, 56, 56
1064, 1, 84, 138, 56, 56
1066, 1, 86, 143, 56, 56
1074, 1, 67, 153, 56, 56
1075, 1, 94, 169, 56, 56
1077, 1, 66, 153, 56, 56
1078, 1, 59, 154, 56, 56
1079, 1, 66, 163, 56, 56
1080, 1, 59, 167, 56, 56
1081, 1, 59, 170, 56, 56
1082, 1, 58, 170, 56, 56
1083, 1, 57, 169, 56, 56
1084, 1, 72, 152, 56, 56
1090, 1, 165, 166, 56, 56
1091, 1, 167, 60, 56, 56
1092, 1, 167, 61, 56, 56
1093, 1, 166, 60, 56, 56
1094, 1, 174, 60, 56, 56
1095, 1, 173, 60, 56, 56
1096, 1, 172, 36, 56, 56
1097, 1, 177, 37, 56, 56
1098, 1, 178, 37, 56, 56
1099, 1, 136, 61, 56, 56
1100, 1, 136, 61, 56, 56
1101, 1, 136, 61, 56, 56
1102, 1, 135, 69, 56, 56
1103, 1, 170, 43, 56, 56
1104, 1, 145, 68, 56, 56
1105, 1, 94, 98, 56, 56
1105, 1, 168, 45, 56, 56
1106, 1, 169, 47, 56, 56
1107, 1, 89, 104, 56, 56
1107, 1, 168, 48, 56, 56
1108, 1, 90, 102, 56, 56
1108, 1, 151, 72, 56, 56
1109, 1, 88, 106, 56, 56
1110, 1, 84, 105, 56, 56
1111, 1, 79, 113, 56, 56
1112, 1, 79, 114, 56, 56
1113, 1, 163, 50, 56, 56
1113, 1, 75, 113, 56, 56
1114, 1, 162, 52, 56, 56
1114, 1, 72, 116, 56, 56
1115, 1, 69, 119, 56, 56
1115, 1, 160, 50, 56, 56
1116, 1, 153, 45, 56, 56
1116, 1, 70, 115, 56, 56
1117, 1, 161, 52, 56, 56
1117, 1, 70, 117, 56, 56
1118, 1, 154, 53, 56, 56
1119, 1, 156, 53, 56, 56
1120, 1, 155, 54, 56, 56
1120, 1, 97, 156, 56, 56
1121, 1, 156, 56, 56, 56
1121, 1, 95, 159, 56, 56
1122, 1, 152, 56, 56, 56
1122, 1, 53, 121, 56, 56
1123, 1, 153, 58, 56, 56
1123, 1, 49, 125, 56, 56
1124, 1, 151, 58, 56, 56
1124, 1, 48, 124, 56, 56
1125, 1, 153, 59, 56, 56
1125, 1, 43, 124, 56, 56
1126, 1, 153, 60, 56, 56
1127, 1, 146, 58, 56, 56
1127, 1, 78, 168, 56, 56
1128, 1, 146, 60, 56, 56
1128, 1, 31, 127, 56, 56
1128, 1, 83, 177, 56, 56
1129, 1, 26, 126, 56, 56
1129, 1, 155, 60, 56, 56
1130, 1, 148, 70, 56, 56
1131, 1, 149, 72, 56, 56
1131, 1, 20, 133, 56, 56
1132, 1, 149, 74, 56, 56
1132, 1, 17, 133, 56, 56
1133, 1, 148, 75, 56, 56
1134, 1, 150, 69, 56, 56
1135, 1, 147, 78, 56, 56
1136, 1, 156, 78, 56, 56
1137, 1, 150, 81, 56, 56
1138, 1, 155, 90, 56, 56
1139, 1, 147, 83, 56, 56
1140, 1, 149, 83, 56, 56
1141, 1, 147, 85, 56, 56
1142, 1, 142, 79, 56, 56
1143, 1, 138, 84, 56, 56
1144, 1, 140, 86, 56, 56
1145, 1, 136, 87, 56, 56
1149, 1, 128, 93, 56, 56
1151, 1, 129, 95, 56, 56
1152, 1, 126, 99, 56, 56
1153, 1, 120, 101, 56, 56
1154, 1, 115, 108, 56, 56
1155, 1, 115, 109, 56, 56
1156, 1, 106, 104, 56, 56
1157, 1, 107, 107, 56, 56
1158, 1, 107, 109, 56, 56
1161, 1, 111, 131, 56, 56
1162, 1, 102, 121, 56, 56
1163, 1, 95, 120, 56, 56
1164, 1, 95, 116, 56, 56
1165, 1, 92, 119, 56, 56
1166, 1, 90, 121, 56, 56
1167, 1, 96, 147, 56, 56
1168, 1, 86, 133, 56, 56
1169, 1, 82, 130, 56, 56
1170, 1, 87, 147, 56, 56
1171, 1, 78, 134, 56, 56
1172, 1, 140, 87, 56, 56
1173, 1, 76, 143, 56, 56
1174, 1, 73, 142, 56, 56
1175, 1, 73, 144, 56, 56
1176, 1, 70, 147, 56, 56
1177, 1, 66, 145, 56, 56
1178, 1, 53, 174, 56, 56
1179, 1, 64, 149, 56, 56
1180, 1, 58, 145, 56, 56
1181, 1, 55, 153, 56, 56
1182, 1, 52, 151, 56, 56
1183, 1, 47, 148, 56, 56
1184, 1, 121, 84, 56, 56
1184, 1, 45, 151, 56, 56
1185, 1, 118, 83, 56, 56
1186, 1, 118, 86, 56, 56
1187, 1, 119, 92, 56, 56
1188, 1, 117, 94, 56, 56
1189, 1, 121, 97, 56, 56
1190, 1, 113, 97, 56, 56
1191, 1, 113, 96, 56, 56
1192, 1, 109, 101, 56, 56
1193, 1, 109, 104, 56, 56
1193, 1, 133, 144, 56, 56
1194, 1, 111, 106, 56, 56
1195, 1, 112, 106, 56, 56
1196, 1, 106, 106, 56, 56
1197, 1, 108, 107, 56, 56
1198, 1, 102, 106, 56, 56
1199, 1, 107, 108, 56, 56
1200, 1, 102, 109, 56, 56
1201, 1, 104, 118, 56, 56
1202, 1, 103, 117, 56, 56
1203, 1, 100, 120, 56, 56
1204, 1, 101, 126, 56, 56
1205, 1, 100, 126, 56, 56
1206, 1, 102, 130, 56, 56
1207, 1, 101, 132, 56, 56
1208, 1, 100, 135, 56, 56
1209, 1, 100, 138, 56, 56
1210, 1, 121, 187, 56, 56
1211, 1, 96, 148, 56, 56
1212, 1, 99, 148, 56, 56
1213, 1, 95, 154, 56, 56
1214, 1, 98, 153, 56, 56
1215, 1, 96, 157, 56, 56
1216, 1, 90, 158, 56, 56
1217, 1, 87, 161, 56, 56
1219, 1, 231, 156, 56, 56
1220, 1, 259, 136, 56, 56
1222, 1, 116, 48, 56, 56
1223, 1, 122, 55, 56, 56
1225, 1, 136, 38, 56, 56
1226, 1, 136, 39, 56, 56
1227, 1, 127, 54, 56, 56
1228, 1, 175, 54, 56, 56
1229, 1, 176, 46, 56, 56
1230, 1, 176, 46, 56, 56
1231, 1, 177, 45, 56, 56
1232, 1, 122, 39, 56, 56
1233, 1, 174, 52, 56, 56
1234, 1, 126, 42, 56, 56
1235, 1, 124, 46, 56, 56
1236, 1, 133, 38, 56, 56
1237, 1, 127, 39, 56, 56
1238, 1, 144, 40, 56, 56
1239, 1, 144, 40, 56, 56
1240, 1, 145, 39, 56, 56
1241, 1, 144, 40, 56, 56
1242, 1, 144, 39, 56, 56
1243, 1, 145, 36, 56, 56
1243, 1, 121, 100, 56, 56
1244, 1, 146, 45, 56, 56
1245, 1, 147, 48, 56, 56
1246, 1, 158, 189, 56, 56
1247, 1, 149, 49, 56, 56
1248, 1, 221, 163, 56, 56
1249, 1, 228, 168, 56, 56
1250, 1, 229, 170, 56, 56
1251, 1, 146, 58, 56, 56
1252, 1, 146, 61, 56, 56
1252, 1, 239, 173, 56, 56
1253, 1, 145, 65, 56, 56
1253, 1, 241, 177, 56, 56
1254, 1, 145, 65, 56, 56
1255, 1, 145, 66, 56, 56
1256, 1, 136, 72, 56, 56
1257, 1, 135, 76, 56, 56
1258, 1, 136, 83, 56, 56
1259, 1, 135, 84, 56, 56
1260, 1, 134, 85, 56, 56
1261, 1, 134, 85, 56, 56
1262, 1, 133, 83, 56, 56
1263, 1, 135, 87, 56, 56
1264, 1, 134, 87, 56, 56
1265, 1, 134, 88, 56, 56
1266, 1, 128, 87, 56, 56
1267, 1, 129, 96, 56, 56
1268, 1, 128, 46, 56, 56
1269, 1, 134, 95, 56, 56
1270, 1, 124, 101, 56, 56
1271, 1, 129, 101, 56, 56
1272, 1, 128, 101, 56, 56
1273, 1, 130, 100, 56, 56
1274, 1, 128, 102, 56, 56
1275, 1, 136, 104, 56, 56
1276, 1, 131, 102, 56, 56
1277, 1, 134, 103, 56, 56
1278, 1, 134, 104, 56, 56
1279, 1, 143, 115, 56, 56
1280, 1, 142, 111, 56, 56
1281, 1, 146, 116, 56, 56
1282, 1, 146, 112, 56, 56
1283, 1, 152, 122, 56, 56
1284, 1, 155, 116, 56, 56
1285, 1, 159, 131, 56, 56
1286, 1, 160, 132, 56, 56
1287, 1, 169, 126, 56, 56
1288, 1, 171, 130, 56, 56
1289, 1, 173, 129, 56, 56
1290, 1, 175, 137, 56, 56
1290, 1, 166, 46, 56, 56
1291, 1, 201, 193, 56, 56
1291, 1, 177, 137, 56, 56
1292, 1, 125, 56, 56, 56
1293, 1, 182, 138, 56, 56
1294, 1, 156, 156, 56, 56
1295, 1, 122, 57, 56, 56
1296, 1, 124, 59, 56, 56
1297, 1, 124, 61, 56, 56
1298, 1, 131, 93, 56, 56
1299, 1, 126, 65, 56, 56
1300, 1, 130, 95, 56, 56
1301, 1, 164, 60, 56, 56
1302, 1, 120, 69, 56, 56
1303, 1, 113, 66, 56, 56
1304, 1, 220, 170, 56, 56
1304, 1, 118, 72, 56, 56
1305, 1, 223, 172, 56, 56
1305, 1, 118, 75, 56, 56
1306, 1, 228, 175, 56, 56
1306, 1, 110, 77, 56, 56
1307, 1, 230, 177, 56, 56
1307, 1, 111, 81, 56, 56
1308, 1, 234, 179, 56, 56
1309, 1, 238, 180, 56, 56
1310, 1, 238, 180, 56, 56
1310, 1, 104, 86, 56, 56
1311, 1, 105, 86, 56, 56
1312, 1, 106, 87, 56, 56
1313, 1, 105, 89, 56, 56
1314, 1, 106, 88, 56, 56
1315, 1, 106, 91, 56, 56
1316, 1, 174, 41, 56, 56
1317, 1, 172, 42, 56, 56
1318, 1, 171, 41, 56, 56
1319, 1, 171, 42, 56, 56
1320, 1, 171, 43, 56, 56
1321, 1, 237, 186, 56, 56
1322, 1, 165, 62, 56, 56
1323, 1, 100, 113, 56, 56
1324, 1, 165, 62, 56, 56
1325, 1, 98, 117, 56, 56
1326, 1, 97, 117, 56, 56
1327, 1, 95, 117, 56, 56
1328, 1, 101, 115, 56, 56
1329, 1, 102, 123, 56, 56
1330, 1, 138, 181, 56, 56
1331, 1, 99, 122, 56, 56
1332, 1, 98, 122, 56, 56
1333, 1, 97, 129, 56, 56
1334, 1, 97, 129, 56, 56
1335, 1, 96, 133, 56, 56
1335, 1, 158, 78, 56, 56
1336, 1, 98, 132, 56, 56
1336, 1, 159, 84, 56, 56
1337, 1, 102, 136, 56, 56
1337, 1, 158, 76, 56, 56
1338, 1, 96, 131, 56, 56
1338, 1, 159, 78, 56, 56
1339, 1, 160, 78, 56, 56
1339, 1, 98, 132, 56, 56
1340, 1, 97, 133, 56, 56
1340, 1, 159, 83, 56, 56
1341, 1, 97, 134, 56, 56
1341, 1, 161, 84, 56, 56
1342, 1, 159, 84, 56, 56
1342, 1, 97, 136, 56, 56
1343, 1, 158, 86, 56, 56
1343, 1, 91, 136, 56, 56
1344, 1, 91, 138, 56, 56
1344, 1, 158, 88, 56, 56
1345, 1, 90, 139, 56, 56
1345, 1, 157, 87, 56, 56
1346, 1, 89, 146, 56, 56
1346, 1, 151, 93, 56, 56
1347, 1, 87, 147, 56, 56
1347, 1, 161, 88, 56, 56
1348, 1, 161, 90, 56, 56
1349, 1, 151, 97, 56, 56
1350, 1, 82, 149, 56, 56
1351, 1, 81, 151, 56, 56
1351, 1, 147, 104, 56, 56
1352, 1, 147, 107, 56, 56
1353, 1, 147, 112, 56, 56
1354, 1, 138, 114, 56, 56
1355, 1, 141, 111, 56, 56
1356, 1, 134, 115, 56, 56
1357, 1, 132, 115, 56, 56
1358, 1, 129, 110, 56, 56
1359, 1, 129, 111, 56, 56
1360, 1, 123, 116, 56, 56
1361, 1, 121, 116, 56, 56
1362, 1, 63, 163, 56, 56
1362, 1, 116, 114, 56, 56
1363, 1, 112, 113, 56, 56
1363, 1, 61, 164, 56, 56
1364, 1, 59, 164, 56, 56
1364, 1, 142, 138, 56, 56
1365, 1, 57, 165, 56, 56
1366, 1, 62, 168, 56, 56
1367, 1, 60, 168, 56, 56
1368, 1, 104, 110, 56, 56
1369, 1, 57, 171, 56, 56
1370, 1, 97, 129, 56, 56
1371, 1, 50, 184, 56, 56
1372, 1, 119, 143, 56, 56
1373, 1, 47, 190, 56, 56
1374, 1, 47, 193, 56, 56
1375, 1, 104, 130, 56, 56
1376, 1, 116, 146, 56, 56
1377, 1, 115, 151, 56, 56
1378, 1, 106, 116, 56, 56
1379, 1, 81, 124, 56, 56
1380, 1, 103, 148, 56, 56
1381, 1, 90, 119, 56, 56
1382, 1, 83, 128, 56, 56
1385, 1, 76, 129, 56, 56
1386, 1, 75, 130, 56, 56
1387, 1, 76, 127, 56, 56
1388, 1, 91, 138, 56, 56
1389, 1, 87, 135, 56, 56
1390, 1, 90, 136, 56, 56
1391, 1, 83, 135, 56, 56
1392, 1, 83, 134, 56, 56
1393, 1, 82, 134, 56, 56
1394, 1, 79, 142, 56, 56
1395, 1, 77, 133, 56, 56
1396, 1, 72, 142, 56, 56
1397, 1, 70, 138, 56, 56
1398, 1, 61, 142, 56, 56
1399, 1, 59, 139, 56, 56
1400, 1, 56, 130, 56, 56
1401, 1, 56, 131, 56, 56
1402, 1, 54, 128, 56, 56
1402, 1, 174, 77, 56, 56
1402, 1, 118, 37, 56, 56
1403, 1, 165, 77, 56, 56
1404, 1, 124, 77, 56, 56
1404, 1, 50, 124, 56, 56
1405, 1, 123, 78, 56, 56
1406, 1, 34, 127, 56, 56
1407, 1, 118, 60, 56, 56
1408, 1, 35, 126, 56, 56
1409, 1, 28, 124, 56, 56
1410, 1, 173, 105, 56, 56
1410, 1, 29, 127, 56, 56
1411, 1, 24, 126, 56, 56
1412, 1, 162, 48, 56, 56
1413, 1, 17, 126, 56, 56
1414, 1, 158, 48, 56, 56
1415, 1, 142, 54, 56, 56
1416, 1, 143, 58, 56, 56
1417, 1, 152, 43, 56, 56
1418, 1, 153, 43, 56, 56
1419, 1, 150, 44, 56, 56
1420, 1, 164, 60, 56, 56
1421, 1, 165, 58, 56, 56
1422, 1, 167, 60, 56, 56
1423, 1, 167, 61, 56, 56
1424, 1, 211, 130, 56, 56
1425, 1, 161, 57, 56, 56
1426, 1, 165, 58, 56, 56
1427, 1, 163, 60, 56, 56
1428, 1, 169, 58, 56, 56
1429, 1, 164, 63, 56, 56
1430, 1, 233, 130, 56, 56
1430, 1, 45, 167, 56, 56
1431, 1, 127, 112, 56, 56
1432, 1, 160, 68, 56, 56
1432, 1, 128, 116, 56, 56
1433, 1, 161, 70, 56, 56
1434, 1, 238, 138, 56, 56
1434, 1, 162, 73, 56, 56
1434, 1, 2, 145, 56, 56
1435, 1, 244, 139, 56, 56
1435, 1, 168, 72, 56, 56
1436, 1, 243, 139, 56, 56
1436, 1, 169, 74, 56, 56
1437, 1, 149, 90, 56, 56
1438, 1, 249, 143, 56, 56
1439, 1, 155, 105, 56, 56
1440, 1, 166, 77, 56, 56
1441, 1, 169, 80, 56, 56
1442, 1, 173, 81, 56, 56
1443, 1, 169, 89, 56, 56
1444, 1, 173, 83, 56, 56
1445, 1, 155, 63, 56, 56
1446, 1, 170, 120, 56, 56
1447, 1, 144, 64, 56, 56
1448, 1, 151, 57, 56, 56
1449, 1, 151, 58, 56, 56
1450, 1, 159, 91, 56, 56
1451, 1, 158, 125, 56, 56
1452, 1, 192, 107, 56, 56
1453, 1, 195, 105, 56, 56
1454, 1, 166, 128, 56, 56
1455, 1, 195, 108, 56, 56
1456, 1, 171, 132, 56, 56
1457, 1, 144, 87, 56, 56
1457, 1, 173, 134, 56, 56
1458, 1, 138, 96, 56, 56
1459, 1, 180, 138, 56, 56
1460, 1, 186, 145, 56, 56
1460, 1, 132, 48, 56, 56
1461, 1, 188, 146, 56, 56
1461, 1, 133, 48, 56, 56
1462, 1, 190, 144, 56, 56
1463, 1, 220, 122, 56, 56
1464, 1, 199, 146, 56, 56
1464, 1, 152, 82, 56, 56
1465, 1, 197, 148, 56, 56
1465, 1, 149, 86, 56, 56
1466, 1, 202, 153, 56, 56
1467, 1, 205, 156, 56, 56
1468, 1, 202, 158, 56, 56
1468, 1, 140, 83, 56, 56
1469, 1, 202, 153, 56, 56
1470, 1, 227, 134, 56, 56
1471, 1, 211, 163, 56, 56
1472, 1, 233, 138, 56, 56
1473, 1, 217, 163, 56, 56
1474, 1, 240, 144, 56, 56
1475, 1, 223, 174, 56, 56
1476, 1, 223, 174, 56, 56
1477, 1, 230, 175, 56, 56
1478, 1, 228, 182, 56, 56
1478, 1, 129, 92, 56, 56
1479, 1, 128, 93, 56, 56
1481, 1, 126, 95, 56, 56
1482, 1, 125, 97, 56, 56
1484, 1, 121, 101, 56, 56
1484, 1, 145, 37, 56, 56
1485, 1, 140, 43, 56, 56
1485, 1, 110, 102, 56, 56
1486, 1, 109, 99, 56, 56
1486, 1, 139, 44, 56, 56
1487, 1, 111, 108, 56, 56
1487, 1, 143, 44, 56, 56
1488, 1, 103, 103, 56, 56
1488, 1, 135, 47, 56, 56
1489, 1, 102, 103, 56, 56
1489, 1, 134, 47, 56, 56
1490, 1, 101, 112, 56, 56
1490, 1, 133, 48, 56, 56
1492, 1, 134, 54, 56, 56
1493, 1, 129, 53, 56, 56
1494, 1, 129, 55, 56, 56
1496, 1, 129, 55, 56, 56
1499, 1, 126, 61, 56, 56
1500, 1, 118, 62, 56, 56
1500, 1, 75, 111, 56, 56
1501, 1, 118, 63, 56, 56
1502, 1, 118, 65, 56, 56
1503, 1, 118, 67, 56, 56
1503, 1, 165, 63, 56, 56
1504, 1, 105, 104, 56, 56
1505, 1, 116, 69, 56, 56
1505, 1, 164, 61, 56, 56
1506, 1, 96, 87, 56, 56
1507, 1, 80, 120, 56, 56
1509, 1, 94, 96, 56, 56
1510, 1, 93, 112, 56, 56
1511, 1, 118, 73, 56, 56
1512, 1, 117, 82, 56, 56
1513, 1, 111, 84, 56, 56
1514, 1, 113, 88, 56, 56
1515, 1, 113, 90, 56, 56
1516, 1, 112, 91, 56, 56
1517, 1, 106, 91, 56, 56
1518, 1, 105, 94, 56, 56
1519, 1, 105, 95, 56, 56
1520, 1, 105, 96, 56, 56
1521, 1, 104, 104, 56, 56
1521, 1, 42, 157, 56, 56
1522, 1, 104, 104, 56, 56
1522, 1, 39, 158, 56, 56
1523, 1, 104, 104, 56, 56
1524, 1, 105, 105, 56, 56
1525, 1, 106, 106, 56, 56
1526, 1, 103, 110, 56, 56
1526, 1, 31, 157, 56, 56
1527, 1, 22, 149, 56, 56
1527, 1, 100, 110, 56, 56
1528, 1, 101, 106, 56, 56
1529, 1, 145, 77, 56, 56
1530, 1, 96, 120, 56, 56
1531, 1, 17, 144, 56, 56
1532, 1, 92, 127, 56, 56
1533, 1, 83, 127, 56, 56
1534, 1, 60, 141, 56, 56
1535, 1, 85, 111, 56, 56
1536, 1, 62, 148, 56, 56
1537, 1, 60, 148, 56, 56
1538, 1, 64, 120, 56, 56
1539, 1, 56, 150, 56, 56
1540, 1, 46, 142, 56, 56
1541, 1, 43, 138, 56, 56
1542, 1, 65, 118, 56, 56
1543, 1, 38, 133, 56, 56
1544, 1, 56, 119, 56, 56
1545, 1, 43, 134, 56, 56
1546, 1, 153, 105, 56, 56
1546, 1, 98, 168, 56, 56
1547, 1, 51, 118, 56, 56
1548, 1, 144, 49, 56, 56
1549, 1, 149, 116, 56, 56
1550, 1, 150, 119, 56, 56
1551, 1, 43, 161, 56, 56
1551, 1, 148, 125, 56, 56
1552, 1, 41, 165, 56, 56
1553, 1, 35, 167, 56, 56
1554, 1, 49, 109, 56, 56
1555, 1, 35, 164, 56, 56
1556, 1, 56, 149, 56, 56
1557, 1, 29, 118, 56, 56
1558, 1, 27, 117, 56, 56
1559, 1, 16, 134, 56, 56
1560, 1, 22, 119, 56, 56
1561, 1, 20, 119, 56, 56
1562, 1, 18, 118, 56, 56
1563, 1, 144, 73, 56, 56
1564, 1, 145, 74, 56, 56
1564, 1, 8, 142, 56, 56
1565, 1, 146, 74, 56, 56
1565, 1, 8, 143, 56, 56
1566, 1, 149, 75, 56, 56
1567, 1, 73, 155, 56, 56
1568, 1, 154, 84, 56, 56
1568, 1, 3, 142, 56, 56
1569, 1, 157, 85, 56, 56
1570, 1, 0, 142, 56, 56
1571, 1, 101, 143, 56, 56
1572, 1, 166, 85, 56, 56
1573, 1, 32, 171, 56, 56
1574, 1, 173, 86, 56, 56
1575, 1, 174, 95, 56, 56
1575, 1, 89, 148, 56, 56
1576, 1, 81, 155, 56, 56
1577, 1, 81, 155, 56, 56
1577, 1, 176, 98, 56, 56
1578, 1, 82, 155, 56, 56
1579, 1, 187, 99, 56, 56
1580, 1, 158, 81, 56, 56
1581, 1, 174, 155, 56, 56
1582, 1, 160, 110, 56, 56
1583, 1, 162, 112, 56, 56
1584, 1, 43, 123, 56, 56
1585, 1, 161, 111, 56, 56
1587, 1, 170, 123, 56, 56
1588, 1, 214, 126, 56, 56
1589, 1, 215, 126, 56, 56
1590, 1, 183, 136, 56, 56
1591, 1, 189, 116, 56, 56
1592, 1, 190, 142, 56, 56
1593, 1, 185, 143, 56, 56
1594, 1, 188, 143, 56, 56
1595, 1, 192, 153, 56, 56
1596, 1, 194, 148, 56, 56
1597, 1, 198, 158, 56, 56
1598, 1, 201, 158, 56, 56
1603, 1, 215, 162, 56, 56
1603, 1, 263, 154, 56, 56
1610, 1, 126, 72, 56, 56
1611, 1, 164, 41, 56, 56
1612, 1, 123, 79, 56, 56
1613, 1, 158, 43, 56, 56
1614, 1, 151, 103, 56, 56
1615, 1, 143, 111, 56, 56
1616, 1, 141, 110, 56, 56
1617, 1, 139, 112, 56, 56
1617, 1, 155, 48, 56, 56
1618, 1, 157, 53, 56, 56
1619, 1, 138, 116, 56, 56
1619, 1, 157, 54, 56, 56
1620, 1, 134, 120, 56, 56
1620, 1, 157, 54, 56, 56
1621, 1, 156, 59, 56, 56
1622, 1, 162, 52, 56, 56
1625, 1, 161, 60, 56, 56
1627, 1, 156, 64, 56, 56
1628, 1, 135, 43, 56, 56
1629, 1, 160, 71, 56, 56
1630, 1, 154, 73, 56, 56
1637, 1, 124, 77, 56, 56
1638, 1, 125, 80, 56, 56
1639, 1, 28, 132, 56, 56
1640, 1, 5, 99, 56, 56
1641, 1, 173, 91, 56, 56
1642, 1, 44, 130, 56, 56
1642, 1, 4, 98, 56, 56
1643, 1, 186, 97, 56, 56
1644, 1, 4, 98, 56, 56
1644, 1, 178, 97, 56, 56
1645, 1, 64, 171, 56, 56
1645, 1, 184, 99, 56, 56
1646, 1, 60, 176, 56, 56
1647, 1, 62, 177, 56, 56
1648, 1, 49, 205, 56, 56
1649, 1, 82, 170, 56, 56
1650, 1, 194, 106, 56, 56
1651, 1, 115, 49, 56, 56
1652, 1, 64, 172, 56, 56
1653, 1, 65, 173, 56, 56
1654, 1, 209, 123, 56, 56
1655, 1, 206, 124, 56, 56
1656, 1, 215, 128, 56, 56
1657, 1, 123, 57, 56, 56
1658, 1, 222, 130, 56, 56
1659, 1, 222, 132, 56, 56
1660, 1, 222, 141, 56, 56
1661, 1, 198, 179, 56, 56
1662, 1, 153, 43, 56, 56
1663, 1, 152, 53, 56, 56
1664, 1, 153, 48, 56, 56
1665, 1, 153, 53, 56, 56
1666, 1, 154, 56, 56, 56
1667, 1, 154, 56, 56, 56
1668, 1, 204, 160, 56, 56
1669, 1, 152, 62, 56, 56
1669, 1, 253, 151, 56, 56
1670, 1, 160, 63, 56, 56
1671, 1, 159, 65, 56, 56
1671, 1, 218, 163, 56, 56
1672, 1, 160, 63, 56, 56
1673, 1, 160, 69, 56, 56
1674, 1, 160, 71, 56, 56
1675, 1, 143, 98, 56, 56
1676, 1, 240, 161, 56, 56
1677, 1, 173, 76, 56, 56
1679, 1, 175, 74, 56, 56
1680, 1, 169, 47, 56, 56
1681, 1, 130, 64, 56, 56
1682, 1, 178, 80, 56, 56
1688, 1, 168, 133, 56, 56
1689, 1, 169, 135, 56, 56
1698, 1, 120, 52, 56, 56
1699, 1, 171, 51, 56, 56
1701, 1, 121, 61, 56, 56
1701, 1, 227, 116, 56, 56
1704, 1, 118, 63, 56, 56
1705, 1, 120, 63, 56, 56
1706, 1, 117, 65, 56, 56
1707, 1, 128, 102, 56, 56
1708, 1, 126, 103, 56, 56
1709, 1, 122, 105, 56, 56
1710, 1, 127, 108, 56, 56
1711, 1, 129, 110, 56, 56
1712, 1, 113, 79, 56, 56
1713, 1, 122, 54, 56, 56
1714, 1, 113, 81, 56, 56
1715, 1, 114, 82, 56, 56
1716, 1, 116, 90, 56, 56
1717, 1, 115, 94, 56, 56
1718, 1, 128, 72, 56, 56
1719, 1, 114, 98, 56, 56
1719, 1, 253, 157, 56, 56
1720, 1, 115, 102, 56, 56
1721, 1, 114, 105, 56, 56
1722, 1, 121, 76, 56, 56
1723, 1, 114, 105, 56, 56
1724, 1, 124, 81, 56, 56
1725, 1, 121, 109, 56, 56
1726, 1, 120, 111, 56, 56
1727, 1, 121, 116, 56, 56
1728, 1, 120, 116, 56, 56
1729, 1, 117, 120, 56, 56
1730, 1, 114, 123, 56, 56
1731, 1, 122, 117, 56, 56
1731, 1, 144, 64, 56, 56
1732, 1, 114, 121, 56, 56
1733, 1, 113, 123, 56, 56
1733, 1, 142, 69, 56, 56
1734, 1, 114, 129, 56, 56
1735, 1, 114, 130, 56, 56
1736, 1, 113, 132, 56, 56
1737, 1, 111, 140, 56, 56
1738, 1, 112, 148, 56, 56
1739, 1, 112, 144, 56, 56
1740, 1, 109, 149, 56, 56
1741, 1, 107, 151, 56, 56
1742, 1, 108, 160, 56, 56
1743, 1, 102, 162, 56, 56
1744, 1, 102, 165, 56, 56
1745, 1, 151, 185, 56, 56
1746, 1, 118, 57, 56, 56
1749, 1, 113, 50, 56, 56
1751, 1, 121, 50, 56, 56
1752, 1, 121, 50, 56, 56
1754, 1, 119, 53, 56, 56
1758, 1, 124, 83, 56, 56
1761, 1, 126, 83, 56, 56
1765, 1, 122, 50, 56, 56
1767, 1, 120, 47, 56, 56
1768, 1, 121, 47, 56, 56
1769, 1, 120, 46, 56, 56
1771, 1, 121, 47, 56, 56
1772, 1, 125, 56, 56, 56
1773, 1, 119, 51, 56, 56
1773, 1, 127, 116, 56, 56
1774, 1, 128, 117, 56, 56
1775, 1, 124, 64, 56, 56
1776, 1, 122, 54, 56, 56
1777, 1, 121, 54, 56, 56
1778, 1, 170, 45, 56, 56
1779, 1, 117, 59, 56, 56
1780, 1, 169, 59, 56, 56
1781, 1, 169, 45, 56, 56
1782, 1, 170, 54, 56, 56
1783, 1, 169, 54, 56, 56
1784, 1, 168, 44, 56, 56
1785, 1, 170, 56, 56, 56
1786, 1, 175, 54, 56, 56
1787, 1, 167, 54, 56, 56
1788, 1, 168, 48, 56, 56
1789, 1, 176, 56, 56, 56
1790, 1, 175, 56, 56, 56
1791, 1, 125, 40, 56, 56
1791, 1, 173, 56, 56, 56
1792, 1, 124, 40, 56, 56
1793, 1, 124, 40, 56, 56
1794, 1, 122, 47, 56, 56
1795, 1, 121, 47, 56, 56
1796, 1, 177, 55, 56, 56
1797, 1, 176, 54, 56, 56
1798, 1, 176, 55, 56, 56
1799, 1, 119, 45, 56, 56
1800, 1, 175, 61, 56, 56
1801, 1, 120, 48, 56, 56
1802, 1, 128, 40, 56, 56
1803, 1, 127, 40, 56, 56
1804, 1, 128, 40, 56, 56
1805, 1, 128, 40, 56, 56
1806, 1, 127, 37, 56, 56
1807, 1, 127, 40, 56, 56
1808, 1, 129, 40, 56, 56
1809, 1, 129, 40, 56, 56
1810, 1, 128, 39, 56, 56
1811, 1, 127, 47, 56, 56
1812, 1, 128, 47, 56, 56
1813, 1, 127, 45, 56, 56
1815, 1, 129, 47, 56, 56
1816, 1, 129, 55, 56, 56
1817, 1, 129, 53, 56, 56
1818, 1, 137, 55, 56, 56
1819, 1, 138, 53, 56, 56
1821, 1, 137, 56, 56, 56
1822, 1, 135, 59, 56, 56
1823, 1, 136, 64, 56, 56
1843, 1, 145, 86, 56, 56
1844, 1, 143, 89, 56, 56
1845, 1, 139, 91, 56, 56
1846, 1, 139, 95, 56, 56
1847, 1, 140, 94, 56, 56
1852, 1, 142, 110, 56, 56
1853, 1, 143, 105, 56, 56
1854, 1, 140, 104, 56, 56
1855, 1, 136, 111, 56, 56
1855, 1, 128, 39, 56, 56
1856, 1, 145, 109, 56, 56
1856, 1, 126, 43, 56, 56
1857, 1, 128, 46, 56, 56
1857, 1, 143, 111, 56, 56
1858, 1, 145, 111, 56, 56
1858, 1, 128, 41, 56, 56
1859, 1, 129, 49, 56, 56
1860, 1, 147, 117, 56, 56
1860, 1, 129, 50, 56, 56
1861, 1, 147, 118, 56, 56
1861, 1, 127, 49, 56, 56
1862, 1, 147, 117, 56, 56
1863, 1, 148, 118, 56, 56
1863, 1, 130, 44, 56, 56
1864, 1, 135, 69, 56, 56
1864, 1, 151, 121, 56, 56
1865, 1, 151, 119, 56, 56
1865, 1, 133, 53, 56, 56
1866, 1, 132, 53, 56, 56
1866, 1, 153, 118, 56, 56
1867, 1, 159, 121, 56, 56
1867, 1, 135, 56, 56, 56
1868, 1, 162, 120, 56, 56
1868, 1, 135, 56, 56, 56
1869, 1, 164, 121, 56, 56
1869, 1, 140, 61, 56, 56
1870, 1, 135, 55, 56, 56
1871, 1, 165, 123, 56, 56
1871, 1, 134, 56, 56, 56
1872, 1, 169, 123, 56, 56
1872, 1, 133, 58, 56, 56
1873, 1, 133, 58, 56, 56
1873, 1, 171, 126, 56, 56
1874, 1, 140, 59, 56, 56
1874, 1, 169, 124, 56, 56
1875, 1, 138, 62, 56, 56
1875, 1, 177, 122, 56, 56
1876, 1, 179, 124, 56, 56
1876, 1, 132, 60, 56, 56
1877, 1, 176, 123, 56, 56
1877, 1, 132, 61, 56, 56
1878, 1, 181, 126, 56, 56
1878, 1, 132, 70, 56, 56
1879, 1, 182, 125, 56, 56
1879, 1, 132, 69, 56, 56
1880, 1, 183, 125, 56, 56
1880, 1, 130, 68, 56, 56
1881, 1, 184, 125, 56, 56
1882, 1, 186, 126, 56, 56
1883, 1, 189, 128, 56, 56
1883, 1, 122, 75, 56, 56
1884, 1, 188, 132, 56, 56
1884, 1, 124, 78, 56, 56
1884, 1, 149, 184, 56, 56
1885, 1, 190, 128, 56, 56
1885, 1, 124, 78, 56, 56
1886, 1, 196, 127, 56, 56
1887, 1, 121, 81, 56, 56
1887, 1, 169, 151, 56, 56
1888, 1, 122, 84, 56, 56
1888, 1, 171, 148, 56, 56
1889, 1, 116, 91, 56, 56
1890, 1, 198, 134, 56, 56
1890, 1, 116, 87, 56, 56
1891, 1, 138, 38, 56, 56
1891, 1, 118, 122, 56, 56
1892, 1, 111, 99, 56, 56
1892, 1, 143, 37, 56, 56
1893, 1, 112, 95, 56, 56
1894, 1, 114, 97, 56, 56
1894, 1, 136, 37, 56, 56
1895, 1, 172, 56, 56, 56
1895, 1, 113, 103, 56, 56
1895, 1, 210, 148, 56, 56
1896, 1, 169, 55, 56, 56
1897, 1, 172, 56, 56, 56
1898, 1, 208, 158, 56, 56
1898, 1, 111, 124, 56, 56
1899, 1, 114, 129, 56, 56
1900, 1, 214, 159, 56, 56
1901, 1, 223, 160, 56, 56
1902, 1, 108, 118, 56, 56
1903, 1, 107, 121, 56, 56
1904, 1, 107, 124, 56, 56
1905, 1, 107, 127, 56, 56
1906, 1, 101, 127, 56, 56
1907, 1, 107, 127, 56, 56
1908, 1, 107, 132, 56, 56
1909, 1, 107, 136, 56, 56
1910, 1, 232, 171, 56, 56
1911, 1, 234, 172, 56, 56
1912, 1, 166, 57, 56, 56
1913, 1, 165, 58, 56, 56
1914, 1, 167, 57, 56, 56
1915, 1, 102, 154, 56, 56
1916, 1, 247, 167, 56, 56
1917, 1, 249, 167, 56, 56
1918, 1, 250, 174, 56, 56
1919, 1, 250, 173, 56, 56
1920, 1, 247, 165, 56, 56
1921, 1, 225, 181, 56, 56
1922, 1, 258, 171, 56, 56
1923, 1, 252, 162, 56, 56
1924, 1, 254, 161, 56, 56
1937, 1, 131, 74, 56, 56
1939, 1, 131, 70, 56, 56
1941, 1, 129, 73, 56, 56
1942, 1, 125, 81, 56, 56
1943, 1, 124, 82, 56, 56
1944, 1, 123, 77, 56, 56
1945, 1, 123, 78, 56, 56
1946, 1, 128, 79, 56, 56
1947, 1, 122, 79, 56, 56
1948, 1, 128, 95, 56, 56
1949, 1, 127, 95, 56, 56
1950, 1, 126, 96, 56, 56
1954, 1, 126, 100, 56, 56
1955, 1, 127, 105, 56, 56
1961, 1, 124, 178, 56, 56
2099, 1, 129, 77, 56, 56
2100, 1, 129, 75, 56, 56
2101, 1, 130, 78, 56, 56
2102, 1, 129, 83, 56, 56
2103, 1, 129, 67, 56, 56
2104, 1, 128, 63, 56, 56
2106, 1, 77, 96, 56, 56
2109, 1, 137, 56, 56, 56
2110, 1, 138, 55, 56, 56
2111, 1, 138, 55, 56, 56
2112, 1, 84, 101, 56, 56
2113, 1, 84, 101, 56, 56
2114, 1, 84, 101, 56, 56
2115, 1, 84, 101, 56, 56
2116, 1, 85, 101, 56, 56
2117, 1, 84, 101, 56, 56
2118, 1, 84, 101, 56, 56
2119, 1, 85, 102, 56, 56
2120, 1, 85, 94, 56, 56
2121, 1, 85, 94, 56, 56
2122, 1, 85, 94, 56, 56
2123, 1, 85, 86, 56, 56
2127, 1, 85, 73, 56, 56
2128, 1, 86, 73, 56, 56
2129, 1, 87, 73, 56, 56
2131, 1, 79, 57, 56, 56
2138, 1, 79, 57, 56, 56
2139, 1, 80, 57, 56, 56
2140, 1, 80, 57, 56, 56
2141, 1, 80, 57, 56, 56
2143, 1, 80, 57, 56, 56
2144, 1, 80, 57, 56, 56
2156, 1, 76, 57, 56, 56
2157, 1, 77, 57, 56, 56
2206, 1, 129, 76, 56, 56
