111, 1, 46, 168, 56, 56
113, 1, 15, 183, 56, 56
114, 1, 237, 158, 56, 56
115, 1, 198, 182, 56, 56
116, 1, 240, 157, 56, 56
117, 1, 223, 140, 56, 56
118, 1, 237, 156, 56, 56
119, 1, 165, 169, 56, 56
120, 1, 243, 138, 56, 56
121, 1, 237, 170, 56, 56
122, 1, 225, 161, 56, 56
123, 1, 239, 168, 56, 56
124, 1, 229, 163, 56, 56
125, 1, 230, 159, 56, 56
126, 1, 230, 170, 56, 56
127, 1, 26, 171, 56, 56
128, 1, 223, 169, 56, 56
128, 1, 94, 177, 56, 56
129, 1, 166, 165, 56, 56
129, 1, 94, 176, 56, 56
129, 1, 223, 170, 56, 56
130, 1, 165, 164, 56, 56
130, 1, 94, 177, 56, 56
131, 1, 165, 163, 56, 56
131, 1, 94, 176, 56, 56
131, 1, 227, 155, 56, 56
132, 1, 94, 176, 56, 56
133, 1, 93, 174, 56, 56
134, 1, 157, 156, 56, 56
135, 1, 162, 150, 56, 56
136, 1, 164, 148, 56, 56
137, 1, 162, 153, 56, 56
139, 1, 160, 141, 56, 56
140, 1, 162, 143, 56, 56
141, 1, 156, 140, 56, 56
142, 1, 155, 140, 56, 56
143, 1, 16, 159, 56, 56
143, 1, 160, 137, 56, 56
144, 1, 158, 131, 56, 56
145, 1, 17, 159, 56, 56
145, 1, 156, 131, 56, 56
146, 1, 18, 164, 56, 56
146, 1, 156, 132, 56, 56
147, 1, 157, 126, 56, 56
148, 1, 154, 129, 56, 56
148, 1, 17, 159, 56, 56
148, 1, 83, 149, 56, 56
149, 1, 157, 128, 56, 56
149, 1, 80, 149, 56, 56
149, 1, 25, 159, 56, 56
150, 1, 25, 160, 56, 56
150, 1, 156, 127, 56, 56
151, 1, 19, 161, 56, 56
152, 1, 27, 161, 56, 56
152, 1, 151, 122, 56, 56
153, 1, 153, 123, 56, 56
153, 1, 83, 147, 56, 56
154, 1, 25, 158, 56, 56
154, 1, 152, 121, 56, 56
155, 1, 153, 121, 56, 56
156, 1, 153, 120, 56, 56
156, 1, 24, 156, 56, 56
156, 1, 85, 144, 56, 56
157, 1, 24, 157, 56, 56
158, 1, 85, 145, 56, 56
158, 1, 23, 154, 56, 56
159, 1, 22, 153, 56, 56
159, 1, 86, 145, 56, 56
159, 1, 152, 117, 56, 56
160, 1, 22, 152, 56, 56
160, 1, 88, 152, 56, 56
161, 1, 22, 151, 56, 56
162, 1, 22, 152, 56, 56
162, 1, 156, 123, 56, 56
163, 1, 23, 148, 56, 56
163, 1, 157, 124, 56, 56
164, 1, 23, 147, 56, 56
165, 1, 22, 147, 56, 56
166, 1, 21, 149, 56, 56
166, 1, 152, 116, 56, 56
166, 1, 100, 148, 56, 56
167, 1, 22, 144, 56, 56
167, 1, 98, 142, 56, 56
167, 1, 157, 160, 56, 56
168, 1, 97, 142, 56, 56
168, 1, 19, 147, 56, 56
168, 1, 157, 158, 56, 56
169, 1, 100, 139, 56, 56
170, 1, 100, 135, 56, 56
170, 1, 19, 139, 56, 56
170, 1, 158, 162, 56, 56
171, 1, 99, 142, 56, 56
171, 1, 158, 159, 56, 56
172, 1, 98, 139, 56, 56
172, 1, 114, 195, 56, 56
173, 1, 99, 138, 56, 56
173, 1, 115, 194, 56, 56
174, 1, 149, 123, 56, 56
174, 1, 20, 139, 56, 56
174, 1, 104, 134, 56, 56
175, 1, 147, 127, 56, 56
175, 1, 100, 137, 56, 56
176, 1, 154, 131, 56, 56
176, 1, 103, 131, 56, 56
176, 1, 24, 135, 56, 56
177, 1, 113, 187, 56, 56
177, 1, 154, 129, 56, 56
177, 1, 105, 131, 56, 56
178, 1, 145, 130, 56, 56
179, 1, 146, 128, 56, 56
179, 1, 131, 47, 56, 56
180, 1, 146, 133, 56, 56
181, 1, 144, 129, 56, 56
181, 1, 114, 182, 56, 56
182, 1, 153, 130, 56, 56
182, 1, 115, 184, 56, 56
182, 1, 99, 116, 56, 56
183, 1, 153, 130, 56, 56
183, 1, 99, 117, 56, 56
184, 1, 153, 131, 56, 56
184, 1, 95, 200, 56, 56
185, 1, 103, 114, 56, 56
185, 1, 155, 130, 56, 56
185, 1, 98, 204, 56, 56
186, 1, 153, 123, 56, 56
186, 1, 28, 137, 56, 56
186, 1, 102, 114, 56, 56
186, 1, 101, 196, 56, 56
187, 1, 149, 127, 56, 56
187, 1, 28, 138, 56, 56
187, 1, 96, 110, 56, 56
188, 1, 153, 125, 56, 56
188, 1, 29, 139, 56, 56
188, 1, 101, 108, 56, 56
188, 1, 102, 195, 56, 56
189, 1, 32, 143, 56, 56
189, 1, 102, 106, 56, 56
190, 1, 151, 120, 56, 56
190, 1, 32, 143, 56, 56
190, 1, 102, 105, 56, 56
191, 1, 151, 121, 56, 56
191, 1, 32, 146, 56, 56
192, 1, 35, 145, 56, 56
192, 1, 151, 122, 56, 56
192, 1, 92, 171, 56, 56
193, 1, 34, 144, 56, 56
193, 1, 153, 122, 56, 56
193, 1, 136, 179, 56, 56
193, 1, 97, 103, 56, 56
194, 1, 155, 119, 56, 56
194, 1, 97, 103, 56, 56
194, 1, 33, 147, 56, 56
195, 1, 154, 117, 56, 56
195, 1, 35, 145, 56, 56
195, 1, 99, 97, 56, 56
195, 1, 194, 93, 56, 56
196, 1, 100, 94, 56, 56
196, 1, 157, 112, 56, 56
197, 1, 154, 117, 56, 56
198, 1, 43, 149, 56, 56
198, 1, 158, 113, 56, 56
199, 1, 44, 144, 56, 56
199, 1, 152, 112, 56, 56
199, 1, 100, 85, 56, 56
200, 1, 43, 145, 56, 56
201, 1, 92, 109, 56, 56
201, 1, 45, 149, 56, 56
202, 1, 45, 151, 56, 56
203, 1, 46, 144, 56, 56
203, 1, 156, 110, 56, 56
204, 1, 148, 110, 56, 56
204, 1, 46, 148, 56, 56
205, 1, 148, 103, 56, 56
205, 1, 111, 72, 56, 56
205, 1, 47, 145, 56, 56
206, 1, 48, 144, 56, 56
206, 1, 148, 111, 56, 56
207, 1, 50, 138, 56, 56
207, 1, 149, 103, 56, 56
208, 1, 49, 140, 56, 56
209, 1, 121, 57, 56, 56
209, 1, 145, 105, 56, 56
209, 1, 49, 137, 56, 56
210, 1, 123, 54, 56, 56
210, 1, 49, 131, 56, 56
211, 1, 124, 51, 56, 56
211, 1, 53, 130, 56, 56
211, 1, 100, 123, 56, 56
212, 1, 122, 48, 56, 56
212, 1, 98, 120, 56, 56
212, 1, 50, 126, 56, 56
213, 1, 118, 150, 56, 56
213, 1, 122, 43, 56, 56
213, 1, 51, 130, 56, 56
213, 1, 138, 99, 56, 56
214, 1, 118, 150, 56, 56
214, 1, 121, 42, 56, 56
214, 1, 52, 123, 56, 56
215, 1, 121, 40, 56, 56
215, 1, 54, 123, 56, 56
215, 1, 136, 102, 56, 56
216, 1, 55, 123, 56, 56
217, 1, 108, 148, 56, 56
218, 1, 110, 149, 56, 56
218, 1, 140, 102, 56, 56
218, 1, 57, 121, 56, 56
219, 1, 57, 113, 56, 56
220, 1, 122, 42, 56, 56
220, 1, 62, 113, 56, 56
221, 1, 59, 118, 56, 56
221, 1, 127, 38, 56, 56
221, 1, 123, 105, 56, 56
221, 1, 155, 151, 56, 56
222, 1, 143, 95, 56, 56
222, 1, 62, 112, 56, 56
223, 1, 140, 95, 56, 56
223, 1, 63, 111, 56, 56
223, 1, 117, 146, 56, 56
224, 1, 119, 146, 56, 56
224, 1, 63, 111, 56, 56
224, 1, 142, 95, 56, 56
225, 1, 141, 93, 56, 56
225, 1, 64, 111, 56, 56
226, 1, 66, 110, 56, 56
226, 1, 144, 88, 56, 56
226, 1, 121, 146, 56, 56
227, 1, 151, 88, 56, 56
227, 1, 121, 145, 56, 56
228, 1, 151, 91, 56, 56
228, 1, 126, 147, 56, 56
228, 1, 68, 109, 56, 56
229, 1, 152, 93, 56, 56
229, 1, 129, 143, 56, 56
229, 1, 72, 110, 56, 56
230, 1, 149, 87, 56, 56
230, 1, 125, 144, 56, 56
231, 1, 150, 87, 56, 56
232, 1, 154, 86, 56, 56
233, 1, 157, 87, 56, 56
233, 1, 197, 135, 56, 56
234, 1, 157, 87, 56, 56
235, 1, 153, 86, 56, 56
235, 1, 85, 106, 56, 56
236, 1, 155, 85, 56, 56
236, 1, 88, 109, 56, 56
237, 1, 153, 84, 56, 56
237, 1, 89, 109, 56, 56
238, 1, 152, 83, 56, 56
238, 1, 83, 111, 56, 56
239, 1, 90, 109, 56, 56
239, 1, 131, 137, 56, 56
240, 1, 91, 110, 56, 56
241, 1, 152, 80, 56, 56
241, 1, 91, 110, 56, 56
242, 1, 92, 110, 56, 56
243, 1, 93, 110, 56, 56
244, 1, 94, 110, 56, 56
244, 1, 151, 137, 56, 56
245, 1, 150, 77, 56, 56
245, 1, 93, 102, 56, 56
246, 1, 143, 81, 56, 56
246, 1, 95, 109, 56, 56
246, 1, 59, 206, 56, 56
247, 1, 144, 76, 56, 56
247, 1, 167, 190, 56, 56
247, 1, 95, 108, 56, 56
248, 1, 144, 79, 56, 56
248, 1, 52, 150, 56, 56
248, 1, 169, 189, 56, 56
248, 1, 94, 107, 56, 56
249, 1, 145, 71, 56, 56
249, 1, 165, 197, 56, 56
249, 1, 28, 187, 56, 56
250, 1, 141, 74, 56, 56
250, 1, 28, 191, 56, 56
251, 1, 164, 197, 56, 56
251, 1, 145, 75, 56, 56
251, 1, 94, 104, 56, 56
252, 1, 163, 197, 56, 56
252, 1, 45, 148, 56, 56
253, 1, 163, 187, 56, 56
253, 1, 44, 145, 56, 56
253, 1, 94, 95, 56, 56
254, 1, 94, 102, 56, 56
254, 1, 45, 149, 56, 56
254, 1, 137, 70, 56, 56
255, 1, 94, 102, 56, 56
255, 1, 135, 66, 56, 56
255, 1, 195, 124, 56, 56
255, 1, 51, 144, 56, 56
255, 1, 139, 124, 56, 56
256, 1, 46, 149, 56, 56
256, 1, 90, 103, 56, 56
256, 1, 119, 35, 56, 56
256, 1, 159, 83, 56, 56
257, 1, 94, 95, 56, 56
257, 1, 47, 149, 56, 56
258, 1, 91, 96, 56, 56
258, 1, 49, 147, 56, 56
258, 1, 238, 174, 56, 56
258, 1, 192, 112, 56, 56
258, 1, 118, 145, 56, 56
258, 1, 159, 80, 56, 56
259, 1, 91, 96, 56, 56
259, 1, 49, 144, 56, 56
259, 1, 118, 145, 56, 56
259, 1, 141, 62, 56, 56
260, 1, 157, 191, 56, 56
260, 1, 91, 96, 56, 56
260, 1, 236, 171, 56, 56
260, 1, 51, 147, 56, 56
260, 1, 125, 140, 56, 56
260, 1, 137, 62, 56, 56
261, 1, 91, 95, 56, 56
261, 1, 140, 50, 56, 56
261, 1, 51, 151, 56, 56
261, 1, 125, 137, 56, 56
261, 1, 234, 173, 56, 56
262, 1, 91, 94, 56, 56
262, 1, 126, 137, 56, 56
262, 1, 52, 151, 56, 56
262, 1, 137, 51, 56, 56
262, 1, 234, 164, 56, 56
263, 1, 91, 94, 56, 56
263, 1, 126, 137, 56, 56
263, 1, 52, 151, 56, 56
263, 1, 215, 190, 56, 56
264, 1, 50, 149, 56, 56
264, 1, 126, 137, 56, 56
264, 1, 257, 182, 56, 56
264, 1, 140, 49, 56, 56
265, 1, 49, 146, 56, 56
265, 1, 128, 137, 56, 56
265, 1, 187, 101, 56, 56
265, 1, 243, 162, 56, 56
266, 1, 92, 92, 56, 56
266, 1, 126, 137, 56, 56
266, 1, 216, 180, 56, 56
266, 1, 58, 141, 56, 56
267, 1, 93, 93, 56, 56
267, 1, 52, 145, 56, 56
267, 1, 127, 140, 56, 56
267, 1, 151, 45, 56, 56
267, 1, 187, 103, 56, 56
268, 1, 92, 92, 56, 56
268, 1, 56, 147, 56, 56
268, 1, 241, 157, 56, 56
268, 1, 186, 103, 56, 56
268, 1, 146, 40, 56, 56
269, 1, 93, 93, 56, 56
269, 1, 241, 156, 56, 56
269, 1, 188, 104, 56, 56
269, 1, 148, 39, 56, 56
270, 1, 56, 145, 56, 56
270, 1, 265, 153, 56, 56
270, 1, 187, 104, 56, 56
270, 1, 117, 53, 56, 56
271, 1, 187, 102, 56, 56
271, 1, 240, 158, 56, 56
271, 1, 59, 142, 56, 56
272, 1, 234, 149, 56, 56
272, 1, 172, 56, 56, 56
272, 1, 97, 90, 56, 56
272, 1, 60, 143, 56, 56
272, 1, 120, 48, 56, 56
273, 1, 97, 91, 56, 56
273, 1, 58, 142, 56, 56
273, 1, 184, 98, 56, 56
274, 1, 64, 145, 56, 56
274, 1, 94, 90, 56, 56
274, 1, 234, 146, 56, 56
275, 1, 233, 150, 56, 56
275, 1, 101, 91, 56, 56
275, 1, 173, 52, 56, 56
276, 1, 235, 146, 56, 56
276, 1, 101, 93, 56, 56
276, 1, 142, 75, 56, 56
277, 1, 234, 142, 56, 56
277, 1, 162, 41, 56, 56
277, 1, 108, 88, 56, 56
278, 1, 235, 141, 56, 56
278, 1, 107, 86, 56, 56
278, 1, 161, 40, 56, 56
279, 1, 232, 147, 56, 56
279, 1, 140, 108, 56, 56
279, 1, 161, 40, 56, 56
280, 1, 236, 146, 56, 56
280, 1, 109, 84, 56, 56
281, 1, 235, 145, 56, 56
281, 1, 70, 143, 56, 56
281, 1, 136, 107, 56, 56
282, 1, 226, 143, 56, 56
282, 1, 75, 140, 56, 56
283, 1, 229, 140, 56, 56
284, 1, 163, 166, 56, 56
284, 1, 74, 142, 56, 56
284, 1, 226, 138, 56, 56
285, 1, 227, 139, 56, 56
285, 1, 163, 164, 56, 56
285, 1, 72, 141, 56, 56
286, 1, 77, 139, 56, 56
286, 1, 232, 137, 56, 56
286, 1, 163, 164, 56, 56
287, 1, 227, 136, 56, 56
287, 1, 171, 156, 56, 56
287, 1, 76, 138, 56, 56
287, 1, 116, 79, 56, 56
288, 1, 225, 136, 56, 56
288, 1, 164, 155, 56, 56
288, 1, 82, 137, 56, 56
288, 1, 146, 95, 56, 56
289, 1, 223, 135, 56, 56
289, 1, 82, 137, 56, 56
290, 1, 164, 160, 56, 56
290, 1, 220, 134, 56, 56
291, 1, 222, 134, 56, 56
291, 1, 162, 152, 56, 56
291, 1, 112, 86, 56, 56
291, 1, 130, 200, 56, 56
292, 1, 161, 151, 56, 56
292, 1, 221, 134, 56, 56
293, 1, 168, 152, 56, 56
293, 1, 217, 134, 56, 56
293, 1, 80, 138, 56, 56
293, 1, 111, 85, 56, 56
294, 1, 171, 152, 56, 56
294, 1, 218, 133, 56, 56
294, 1, 87, 133, 56, 56
294, 1, 55, 197, 56, 56
294, 1, 111, 85, 56, 56
295, 1, 160, 151, 56, 56
295, 1, 54, 199, 56, 56
295, 1, 86, 135, 56, 56
295, 1, 110, 85, 56, 56
295, 1, 218, 133, 56, 56
296, 1, 111, 85, 56, 56
296, 1, 56, 198, 56, 56
296, 1, 88, 134, 56, 56
296, 1, 162, 158, 56, 56
297, 1, 114, 84, 56, 56
297, 1, 80, 134, 56, 56
297, 1, 56, 190, 56, 56
298, 1, 114, 84, 56, 56
298, 1, 53, 188, 56, 56
298, 1, 109, 180, 56, 56
298, 1, 208, 131, 56, 56
298, 1, 85, 132, 56, 56
299, 1, 159, 147, 56, 56
299, 1, 110, 86, 56, 56
299, 1, 86, 134, 56, 56
299, 1, 52, 186, 56, 56
300, 1, 52, 194, 56, 56
300, 1, 84, 130, 56, 56
300, 1, 110, 79, 56, 56
300, 1, 108, 186, 56, 56
300, 1, 207, 130, 56, 56
301, 1, 54, 186, 56, 56
301, 1, 162, 204, 56, 56
301, 1, 86, 127, 56, 56
302, 1, 54, 186, 56, 56
302, 1, 237, 137, 56, 56
302, 1, 86, 130, 56, 56
303, 1, 52, 184, 56, 56
303, 1, 84, 128, 56, 56
303, 1, 114, 83, 56, 56
303, 1, 237, 136, 56, 56
304, 1, 53, 183, 56, 56
304, 1, 85, 127, 56, 56
304, 1, 106, 85, 56, 56
304, 1, 205, 128, 56, 56
304, 1, 130, 141, 56, 56
305, 1, 54, 190, 56, 56
305, 1, 86, 126, 56, 56
305, 1, 211, 126, 56, 56
306, 1, 50, 180, 56, 56
306, 1, 82, 124, 56, 56
307, 1, 50, 181, 56, 56
307, 1, 82, 125, 56, 56
308, 1, 51, 178, 56, 56
308, 1, 83, 122, 56, 56
309, 1, 49, 186, 56, 56
309, 1, 81, 122, 56, 56
310, 1, 51, 185, 56, 56
310, 1, 106, 116, 56, 56
310, 1, 204, 115, 56, 56
311, 1, 58, 177, 56, 56
311, 1, 82, 121, 56, 56
312, 1, 58, 184, 56, 56
312, 1, 82, 128, 56, 56
312, 1, 202, 113, 56, 56
313, 1, 58, 184, 56, 56
313, 1, 200, 111, 56, 56
313, 1, 82, 120, 56, 56
314, 1, 59, 184, 56, 56
314, 1, 199, 110, 56, 56
314, 1, 107, 112, 56, 56
315, 1, 58, 184, 56, 56
315, 1, 198, 107, 56, 56
315, 1, 106, 112, 56, 56
316, 1, 57, 184, 56, 56
316, 1, 198, 106, 56, 56
316, 1, 73, 120, 56, 56
317, 1, 59, 183, 56, 56
318, 1, 57, 183, 56, 56
318, 1, 203, 102, 56, 56
318, 1, 73, 119, 56, 56
319, 1, 66, 183, 56, 56
319, 1, 201, 100, 56, 56
320, 1, 66, 183, 56, 56
320, 1, 200, 97, 56, 56
320, 1, 74, 119, 56, 56
321, 1, 68, 175, 56, 56
321, 1, 76, 119, 56, 56
321, 1, 200, 97, 56, 56
322, 1, 65, 177, 56, 56
322, 1, 81, 121, 56, 56
322, 1, 198, 95, 56, 56
323, 1, 198, 95, 56, 56
323, 1, 69, 174, 56, 56
323, 1, 77, 125, 56, 56
323, 1, 29, 125, 56, 56
324, 1, 69, 174, 56, 56
324, 1, 193, 90, 56, 56
324, 1, 77, 118, 56, 56
324, 1, 29, 126, 56, 56
325, 1, 73, 174, 56, 56
325, 1, 196, 91, 56, 56
325, 1, 107, 86, 56, 56
326, 1, 71, 173, 56, 56
326, 1, 79, 117, 56, 56
326, 1, 31, 125, 56, 56
326, 1, 194, 89, 56, 56
327, 1, 73, 174, 56, 56
327, 1, 194, 88, 56, 56
327, 1, 81, 118, 56, 56
327, 1, 150, 140, 56, 56
328, 1, 193, 88, 56, 56
328, 1, 240, 142, 56, 56
328, 1, 150, 140, 56, 56
329, 1, 151, 139, 56, 56
329, 1, 240, 145, 56, 56
329, 1, 80, 117, 56, 56
329, 1, 119, 83, 56, 56
329, 1, 72, 165, 56, 56
330, 1, 195, 91, 56, 56
330, 1, 240, 145, 56, 56
330, 1, 76, 173, 56, 56
330, 1, 119, 89, 56, 56
330, 1, 76, 117, 56, 56
331, 1, 238, 146, 56, 56
331, 1, 84, 117, 56, 56
331, 1, 121, 88, 56, 56
331, 1, 195, 83, 56, 56
331, 1, 84, 165, 56, 56
332, 1, 145, 135, 56, 56
332, 1, 85, 118, 56, 56
332, 1, 230, 146, 56, 56
332, 1, 121, 87, 56, 56
332, 1, 194, 82, 56, 56
332, 1, 85, 166, 56, 56
333, 1, 144, 135, 56, 56
333, 1, 79, 120, 56, 56
333, 1, 227, 144, 56, 56
333, 1, 79, 168, 56, 56
334, 1, 143, 133, 56, 56
334, 1, 227, 144, 56, 56
334, 1, 154, 79, 56, 56
334, 1, 86, 120, 56, 56
334, 1, 86, 168, 56, 56
335, 1, 142, 133, 56, 56
335, 1, 79, 116, 56, 56
335, 1, 154, 78, 56, 56
335, 1, 227, 149, 56, 56
336, 1, 143, 133, 56, 56
336, 1, 79, 116, 56, 56
336, 1, 227, 150, 56, 56
336, 1, 191, 82, 56, 56
337, 1, 86, 115, 56, 56
337, 1, 142, 134, 56, 56
337, 1, 227, 148, 56, 56
337, 1, 189, 89, 56, 56
338, 1, 191, 87, 56, 56
338, 1, 141, 132, 56, 56
338, 1, 82, 166, 56, 56
338, 1, 82, 110, 56, 56
338, 1, 130, 85, 56, 56
339, 1, 141, 131, 56, 56
339, 1, 228, 149, 56, 56
339, 1, 188, 81, 56, 56
339, 1, 82, 116, 56, 56
340, 1, 140, 130, 56, 56
340, 1, 188, 81, 56, 56
340, 1, 88, 114, 56, 56
341, 1, 189, 88, 56, 56
341, 1, 141, 130, 56, 56
341, 1, 227, 149, 56, 56
341, 1, 90, 115, 56, 56
341, 1, 82, 163, 56, 56
342, 1, 187, 88, 56, 56
342, 1, 139, 124, 56, 56
342, 1, 89, 114, 56, 56
342, 1, 81, 162, 56, 56
343, 1, 140, 123, 56, 56
343, 1, 188, 88, 56, 56
343, 1, 84, 117, 56, 56
344, 1, 141, 123, 56, 56
344, 1, 186, 88, 56, 56
344, 1, 81, 169, 56, 56
344, 1, 89, 113, 56, 56
345, 1, 141, 122, 56, 56
345, 1, 185, 88, 56, 56
345, 1, 87, 113, 56, 56
346, 1, 140, 120, 56, 56
346, 1, 220, 151, 56, 56
347, 1, 180, 86, 56, 56
347, 1, 140, 119, 56, 56
347, 1, 80, 161, 56, 56
348, 1, 148, 117, 56, 56
348, 1, 96, 112, 56, 56
348, 1, 183, 88, 56, 56
349, 1, 178, 86, 56, 56
349, 1, 96, 112, 56, 56
349, 1, 80, 160, 56, 56
350, 1, 148, 112, 56, 56
350, 1, 96, 112, 56, 56
350, 1, 80, 160, 56, 56
351, 1, 148, 118, 56, 56
351, 1, 247, 86, 56, 56
351, 1, 132, 70, 56, 56
351, 1, 80, 160, 56, 56
351, 1, 100, 118, 56, 56
352, 1, 179, 86, 56, 56
352, 1, 81, 168, 56, 56
352, 1, 133, 63, 56, 56
353, 1, 177, 82, 56, 56
353, 1, 81, 168, 56, 56
353, 1, 129, 66, 56, 56
353, 1, 97, 114, 56, 56
354, 1, 176, 82, 56, 56
354, 1, 248, 84, 56, 56
354, 1, 81, 162, 56, 56
354, 1, 129, 64, 56, 56
355, 1, 175, 82, 56, 56
355, 1, 247, 88, 56, 56
355, 1, 128, 61, 56, 56
355, 1, 80, 170, 56, 56
355, 1, 104, 114, 56, 56
356, 1, 247, 88, 56, 56
356, 1, 174, 82, 56, 56
356, 1, 81, 170, 56, 56
356, 1, 130, 59, 56, 56
356, 1, 105, 114, 56, 56
357, 1, 246, 89, 56, 56
357, 1, 173, 82, 56, 56
357, 1, 81, 170, 56, 56
357, 1, 130, 57, 56, 56
357, 1, 105, 114, 56, 56
358, 1, 247, 88, 56, 56
358, 1, 170, 88, 56, 56
358, 1, 81, 170, 56, 56
359, 1, 245, 89, 56, 56
359, 1, 82, 169, 56, 56
359, 1, 169, 85, 56, 56
359, 1, 129, 53, 56, 56
360, 1, 245, 90, 56, 56
360, 1, 82, 168, 56, 56
360, 1, 169, 80, 56, 56
361, 1, 82, 168, 56, 56
361, 1, 172, 82, 56, 56
362, 1, 246, 89, 56, 56
362, 1, 82, 168, 56, 56
362, 1, 167, 79, 56, 56
363, 1, 82, 167, 56, 56
363, 1, 252, 92, 56, 56
363, 1, 132, 46, 56, 56
363, 1, 167, 78, 56, 56
363, 1, 106, 111, 56, 56
364, 1, 82, 165, 56, 56
364, 1, 244, 92, 56, 56
364, 1, 164, 76, 56, 56
364, 1, 106, 109, 56, 56
365, 1, 245, 89, 56, 56
365, 1, 168, 79, 56, 56
365, 1, 131, 42, 56, 56
365, 1, 102, 109, 56, 56
365, 1, 78, 165, 56, 56
366, 1, 243, 92, 56, 56
366, 1, 80, 165, 56, 56
366, 1, 169, 81, 56, 56
366, 1, 104, 109, 56, 56
367, 1, 243, 92, 56, 56
367, 1, 108, 105, 56, 56
367, 1, 156, 105, 56, 56
368, 1, 104, 100, 56, 56
368, 1, 243, 92, 56, 56
368, 1, 161, 74, 56, 56
368, 1, 137, 34, 56, 56
369, 1, 243, 92, 56, 56
369, 1, 82, 159, 56, 56
369, 1, 160, 71, 56, 56
370, 1, 103, 135, 56, 56
371, 1, 160, 93, 56, 56
372, 1, 161, 68, 56, 56
373, 1, 103, 101, 56, 56
373, 1, 165, 72, 56, 56
374, 1, 104, 100, 56, 56
374, 1, 165, 64, 56, 56
375, 1, 161, 65, 56, 56
375, 1, 104, 100, 56, 56
376, 1, 103, 98, 56, 56
377, 1, 168, 62, 56, 56
378, 1, 101, 96, 56, 56
379, 1, 101, 92, 56, 56
380, 1, 100, 92, 56, 56
380, 1, 167, 52, 56, 56
381, 1, 100, 93, 56, 56
381, 1, 166, 56, 56, 56
382, 1, 119, 64, 56, 56
382, 1, 238, 98, 56, 56
382, 1, 167, 56, 56, 56
383, 1, 238, 99, 56, 56
383, 1, 144, 40, 56, 56
383, 1, 101, 90, 56, 56
384, 1, 143, 40, 56, 56
385, 1, 144, 40, 56, 56
386, 1, 161, 48, 56, 56
387, 1, 162, 48, 56, 56
388, 1, 163, 48, 56, 56
389, 1, 164, 40, 56, 56
389, 1, 101, 90, 56, 56
390, 1, 166, 46, 56, 56
391, 1, 160, 39, 56, 56
392, 1, 166, 43, 56, 56
393, 1, 236, 105, 56, 56
394, 1, 160, 47, 56, 56
395, 1, 161, 42, 56, 56
396, 1, 224, 99, 56, 56
397, 1, 245, 191, 56, 56
398, 1, 228, 96, 56, 56
399, 1, 232, 101, 56, 56
400, 1, 172, 108, 56, 56
401, 1, 141, 73, 56, 56
402, 1, 234, 94, 56, 56
403, 1, 133, 69, 56, 56
404, 1, 116, 133, 56, 56
405, 1, 135, 66, 56, 56
406, 1, 111, 90, 56, 56
407, 1, 110, 95, 56, 56
408, 1, 110, 94, 56, 56
408, 1, 226, 85, 56, 56
409, 1, 109, 93, 56, 56
410, 1, 228, 85, 56, 56
410, 1, 115, 93, 56, 56
411, 1, 111, 92, 56, 56
412, 1, 110, 89, 56, 56
412, 1, 220, 85, 56, 56
413, 1, 133, 54, 56, 56
413, 1, 109, 94, 56, 56
414, 1, 220, 84, 56, 56
415, 1, 117, 94, 56, 56
415, 1, 219, 83, 56, 56
416, 1, 115, 92, 56, 56
416, 1, 225, 83, 56, 56
416, 1, 139, 52, 56, 56
417, 1, 116, 92, 56, 56
417, 1, 217, 82, 56, 56
418, 1, 112, 88, 56, 56
419, 1, 115, 89, 56, 56
419, 1, 139, 41, 56, 56
420, 1, 139, 47, 56, 56
420, 1, 119, 88, 56, 56
421, 1, 135, 43, 56, 56
421, 1, 119, 91, 56, 56
422, 1, 118, 87, 56, 56
422, 1, 134, 39, 56, 56
423, 1, 120, 88, 56, 56
423, 1, 132, 38, 56, 56
423, 1, 215, 83, 56, 56
424, 1, 130, 36, 56, 56
424, 1, 113, 80, 56, 56
425, 1, 116, 88, 56, 56
425, 1, 132, 32, 56, 56
425, 1, 214, 84, 56, 56
426, 1, 97, 146, 56, 56
426, 1, 113, 80, 56, 56
426, 1, 133, 33, 56, 56
427, 1, 93, 144, 56, 56
427, 1, 114, 81, 56, 56
428, 1, 114, 79, 56, 56
428, 1, 97, 144, 56, 56
428, 1, 129, 36, 56, 56
429, 1, 119, 81, 56, 56
429, 1, 99, 144, 56, 56
429, 1, 127, 33, 56, 56
430, 1, 94, 143, 56, 56
430, 1, 119, 78, 56, 56
431, 1, 94, 142, 56, 56
431, 1, 117, 82, 56, 56
432, 1, 95, 134, 56, 56
432, 1, 117, 72, 56, 56
432, 1, 209, 126, 56, 56
433, 1, 94, 140, 56, 56
433, 1, 114, 78, 56, 56
434, 1, 95, 138, 56, 56
434, 1, 115, 70, 56, 56
435, 1, 95, 136, 56, 56
435, 1, 117, 72, 56, 56
436, 1, 95, 135, 56, 56
436, 1, 119, 73, 56, 56
437, 1, 90, 134, 56, 56
437, 1, 205, 98, 56, 56
437, 1, 119, 68, 56, 56
438, 1, 92, 134, 56, 56
438, 1, 113, 69, 56, 56
439, 1, 92, 132, 56, 56
439, 1, 115, 69, 56, 56
440, 1, 92, 127, 56, 56
440, 1, 116, 63, 56, 56
441, 1, 92, 127, 56, 56
441, 1, 121, 64, 56, 56
442, 1, 92, 125, 56, 56
443, 1, 93, 125, 56, 56
443, 1, 119, 61, 56, 56
444, 1, 93, 128, 56, 56
445, 1, 96, 130, 56, 56
446, 1, 94, 129, 56, 56
447, 1, 93, 125, 56, 56
448, 1, 112, 148, 56, 56
449, 1, 96, 130, 56, 56
451, 1, 119, 138, 56, 56
452, 1, 139, 148, 56, 56
453, 1, 129, 42, 56, 56
454, 1, 128, 40, 56, 56
455, 1, 129, 34, 56, 56
456, 1, 129, 34, 56, 56
457, 1, 192, 112, 56, 56
458, 1, 120, 61, 56, 56
458, 1, 58, 103, 56, 56
459, 1, 119, 52, 56, 56
459, 1, 189, 81, 56, 56
460, 1, 192, 112, 56, 56
460, 1, 122, 50, 56, 56
461, 1, 115, 47, 56, 56
462, 1, 118, 53, 56, 56
463, 1, 120, 50, 56, 56
464, 1, 43, 185, 56, 56
465, 1, 76, 169, 56, 56
466, 1, 77, 169, 56, 56
467, 1, 123, 101, 56, 56
468, 1, 62, 116, 56, 56
470, 1, 63, 110, 56, 56
471, 1, 125, 99, 56, 56
471, 1, 45, 192, 56, 56
472, 1, 123, 97, 56, 56
472, 1, 44, 189, 56, 56
473, 1, 76, 199, 56, 56
474, 1, 46, 186, 56, 56
475, 1, 77, 175, 56, 56
476, 1, 45, 183, 56, 56
477, 1, 78, 172, 56, 56
477, 1, 72, 120, 56, 56
478, 1, 47, 185, 56, 56
479, 1, 47, 179, 56, 56
480, 1, 180, 121, 56, 56
481, 1, 180, 84, 56, 56
482, 1, 180, 85, 56, 56
483, 1, 172, 78, 56, 56
484, 1, 177, 86, 56, 56
485, 1, 151, 139, 56, 56
486, 1, 176, 85, 56, 56
487, 1, 170, 80, 56, 56
488, 1, 176, 85, 56, 56
489, 1, 176, 85, 56, 56
489, 1, 154, 141, 56, 56
489, 1, 121, 73, 56, 56
490, 1, 176, 86, 56, 56
490, 1, 126, 71, 56, 56
491, 1, 124, 63, 56, 56
491, 1, 176, 86, 56, 56
491, 1, 153, 133, 56, 56
492, 1, 130, 62, 56, 56
492, 1, 177, 85, 56, 56
493, 1, 136, 104, 56, 56
494, 1, 170, 77, 56, 56
495, 1, 149, 130, 56, 56
495, 1, 171, 77, 56, 56
496, 1, 147, 138, 56, 56
496, 1, 171, 76, 56, 56
497, 1, 128, 57, 56, 56
497, 1, 153, 135, 56, 56
498, 1, 147, 129, 56, 56
498, 1, 128, 56, 56, 56
499, 1, 151, 134, 56, 56
499, 1, 180, 80, 56, 56
500, 1, 172, 78, 56, 56
501, 1, 181, 78, 56, 56
501, 1, 150, 130, 56, 56
502, 1, 135, 54, 56, 56
503, 1, 132, 44, 56, 56
504, 1, 132, 43, 56, 56
505, 1, 118, 73, 56, 56
506, 1, 116, 71, 56, 56
507, 1, 125, 38, 56, 56
508, 1, 130, 39, 56, 56
509, 1, 185, 76, 56, 56
509, 1, 120, 38, 56, 56
510, 1, 184, 67, 56, 56
510, 1, 120, 40, 56, 56
511, 1, 183, 74, 56, 56
511, 1, 122, 39, 56, 56
512, 1, 183, 73, 56, 56
513, 1, 181, 72, 56, 56
513, 1, 117, 37, 56, 56
514, 1, 181, 72, 56, 56
514, 1, 114, 35, 56, 56
515, 1, 179, 64, 56, 56
515, 1, 115, 37, 56, 56
515, 1, 211, 179, 56, 56
516, 1, 181, 71, 56, 56
517, 1, 179, 63, 56, 56
517, 1, 210, 178, 56, 56
518, 1, 185, 179, 56, 56
519, 1, 40, 148, 56, 56
520, 1, 200, 179, 56, 56
521, 1, 120, 57, 56, 56
522, 1, 199, 179, 56, 56
523, 1, 199, 179, 56, 56
524, 1, 47, 151, 56, 56
525, 1, 198, 178, 56, 56
526, 1, 50, 151, 56, 56
526, 1, 198, 178, 56, 56
527, 1, 49, 150, 56, 56
528, 1, 50, 152, 56, 56
529, 1, 124, 49, 56, 56
530, 1, 196, 178, 56, 56
531, 1, 50, 154, 56, 56
532, 1, 175, 53, 56, 56
533, 1, 51, 148, 56, 56
534, 1, 177, 193, 56, 56
535, 1, 171, 52, 56, 56
536, 1, 53, 147, 56, 56
536, 1, 169, 51, 56, 56
537, 1, 62, 166, 56, 56
538, 1, 176, 193, 56, 56
539, 1, 159, 49, 56, 56
540, 1, 52, 142, 56, 56
540, 1, 157, 49, 56, 56
540, 1, 174, 184, 56, 56
541, 1, 51, 136, 56, 56
541, 1, 157, 49, 56, 56
541, 1, 174, 184, 56, 56
542, 1, 57, 133, 56, 56
543, 1, 174, 184, 56, 56
544, 1, 50, 131, 56, 56
544, 1, 174, 184, 56, 56
544, 1, 214, 152, 56, 56
545, 1, 174, 176, 56, 56
545, 1, 214, 152, 56, 56
545, 1, 57, 130, 56, 56
546, 1, 50, 129, 56, 56
547, 1, 51, 130, 56, 56
548, 1, 50, 129, 56, 56
549, 1, 58, 129, 56, 56
550, 1, 58, 133, 56, 56
550, 1, 162, 115, 56, 56
551, 1, 158, 95, 56, 56
552, 1, 153, 95, 56, 56
552, 1, 58, 128, 56, 56
553, 1, 58, 128, 56, 56
554, 1, 159, 93, 56, 56
554, 1, 58, 128, 56, 56
555, 1, 59, 128, 56, 56
555, 1, 151, 91, 56, 56
556, 1, 154, 92, 56, 56
556, 1, 212, 149, 56, 56
556, 1, 59, 127, 56, 56
557, 1, 60, 128, 56, 56
558, 1, 60, 128, 56, 56
559, 1, 211, 145, 56, 56
559, 1, 59, 128, 56, 56
560, 1, 59, 128, 56, 56
561, 1, 59, 128, 56, 56
562, 1, 61, 128, 56, 56
563, 1, 60, 128, 56, 56
564, 1, 60, 132, 56, 56
565, 1, 60, 130, 56, 56
566, 1, 62, 135, 56, 56
567, 1, 79, 151, 56, 56
568, 1, 54, 129, 56, 56
569, 1, 62, 134, 56, 56
570, 1, 73, 158, 56, 56
571, 1, 63, 136, 56, 56
572, 1, 24, 136, 56, 56
573, 1, 42, 185, 56, 56
574, 1, 183, 166, 56, 56
575, 1, 213, 131, 56, 56
576, 1, 61, 126, 56, 56
577, 1, 177, 164, 56, 56
578, 1, 72, 155, 56, 56
579, 1, 175, 164, 56, 56
579, 1, 215, 132, 56, 56
580, 1, 64, 123, 56, 56
580, 1, 113, 110, 56, 56
581, 1, 174, 166, 56, 56
582, 1, 67, 148, 56, 56
583, 1, 115, 103, 56, 56
583, 1, 74, 148, 56, 56
584, 1, 176, 159, 56, 56
585, 1, 170, 164, 56, 56
585, 1, 73, 146, 56, 56
585, 1, 210, 124, 56, 56
586, 1, 207, 126, 56, 56
586, 1, 74, 148, 56, 56
587, 1, 173, 159, 56, 56
587, 1, 72, 144, 56, 56
588, 1, 28, 109, 56, 56
589, 1, 29, 107, 56, 56
589, 1, 172, 164, 56, 56
590, 1, 75, 147, 56, 56
591, 1, 74, 147, 56, 56
592, 1, 26, 106, 56, 56
592, 1, 107, 161, 56, 56
592, 1, 173, 162, 56, 56
593, 1, 170, 164, 56, 56
593, 1, 210, 124, 56, 56
593, 1, 107, 160, 56, 56
594, 1, 24, 97, 56, 56
594, 1, 166, 159, 56, 56
594, 1, 69, 149, 56, 56
594, 1, 206, 127, 56, 56
595, 1, 168, 162, 56, 56
595, 1, 208, 122, 56, 56
595, 1, 67, 127, 56, 56
596, 1, 166, 159, 56, 56
596, 1, 68, 127, 56, 56
597, 1, 28, 102, 56, 56
597, 1, 166, 163, 56, 56
597, 1, 58, 184, 56, 56
597, 1, 212, 120, 56, 56
598, 1, 29, 102, 56, 56
598, 1, 59, 185, 56, 56
598, 1, 166, 158, 56, 56
599, 1, 58, 184, 56, 56
599, 1, 28, 101, 56, 56
599, 1, 166, 161, 56, 56
599, 1, 214, 121, 56, 56
600, 1, 166, 161, 56, 56
600, 1, 60, 187, 56, 56
600, 1, 26, 100, 56, 56
600, 1, 214, 121, 56, 56
601, 1, 26, 99, 56, 56
601, 1, 167, 159, 56, 56
602, 1, 26, 98, 56, 56
602, 1, 167, 158, 56, 56
602, 1, 59, 185, 56, 56
602, 1, 207, 126, 56, 56
603, 1, 168, 160, 56, 56
603, 1, 208, 120, 56, 56
604, 1, 168, 161, 56, 56
604, 1, 208, 121, 56, 56
605, 1, 167, 161, 56, 56
605, 1, 207, 121, 56, 56
606, 1, 167, 157, 56, 56
606, 1, 207, 125, 56, 56
607, 1, 27, 98, 56, 56
607, 1, 168, 158, 56, 56
608, 1, 69, 189, 56, 56
608, 1, 168, 158, 56, 56
608, 1, 208, 126, 56, 56
609, 1, 70, 188, 56, 56
609, 1, 170, 158, 56, 56
609, 1, 27, 98, 56, 56
610, 1, 72, 186, 56, 56
610, 1, 170, 158, 56, 56
611, 1, 74, 185, 56, 56
611, 1, 172, 158, 56, 56
611, 1, 26, 97, 56, 56
612, 1, 24, 96, 56, 56
612, 1, 172, 159, 56, 56
612, 1, 72, 183, 56, 56
613, 1, 74, 180, 56, 56
613, 1, 172, 151, 56, 56
614, 1, 173, 153, 56, 56
615, 1, 31, 95, 56, 56
615, 1, 77, 178, 56, 56
615, 1, 22, 169, 56, 56
616, 1, 80, 184, 56, 56
617, 1, 87, 183, 56, 56
618, 1, 24, 95, 56, 56
618, 1, 82, 177, 56, 56
619, 1, 24, 94, 56, 56
620, 1, 89, 175, 56, 56
621, 1, 24, 93, 56, 56
621, 1, 90, 176, 56, 56
622, 1, 90, 175, 56, 56
622, 1, 23, 85, 56, 56
623, 1, 82, 134, 56, 56
624, 1, 23, 92, 56, 56
624, 1, 90, 174, 56, 56
625, 1, 31, 92, 56, 56
625, 1, 82, 132, 56, 56
626, 1, 30, 92, 56, 56
626, 1, 84, 132, 56, 56
627, 1, 23, 92, 56, 56
628, 1, 30, 92, 56, 56
629, 1, 22, 92, 56, 56
630, 1, 22, 92, 56, 56
631, 1, 22, 92, 56, 56
632, 1, 164, 144, 56, 56
633, 1, 164, 144, 56, 56
634, 1, 161, 142, 56, 56
635, 1, 161, 149, 56, 56
635, 1, 109, 169, 56, 56
636, 1, 106, 169, 56, 56
636, 1, 160, 142, 56, 56
637, 1, 111, 163, 56, 56
637, 1, 161, 141, 56, 56
638, 1, 111, 170, 56, 56
639, 1, 23, 97, 56, 56
639, 1, 109, 165, 56, 56
640, 1, 59, 169, 56, 56
640, 1, 99, 142, 56, 56
641, 1, 92, 140, 56, 56
642, 1, 95, 133, 56, 56
643, 1, 103, 133, 56, 56
643, 1, 24, 95, 56, 56
643, 1, 178, 139, 56, 56
644, 1, 32, 104, 56, 56
644, 1, 99, 132, 56, 56
644, 1, 177, 139, 56, 56
645, 1, 33, 106, 56, 56
645, 1, 99, 135, 56, 56
645, 1, 184, 140, 56, 56
646, 1, 33, 107, 56, 56
646, 1, 116, 162, 56, 56
646, 1, 176, 140, 56, 56
647, 1, 34, 109, 56, 56
647, 1, 178, 132, 56, 56
648, 1, 28, 104, 56, 56
648, 1, 175, 141, 56, 56
649, 1, 181, 136, 56, 56
650, 1, 179, 132, 56, 56
650, 1, 113, 160, 56, 56
651, 1, 180, 133, 56, 56
651, 1, 114, 160, 56, 56
652, 1, 40, 116, 56, 56
652, 1, 181, 134, 56, 56
653, 1, 37, 115, 56, 56
653, 1, 173, 160, 56, 56
654, 1, 190, 97, 56, 56
655, 1, 39, 117, 56, 56
655, 1, 158, 98, 56, 56
656, 1, 182, 136, 56, 56
656, 1, 158, 96, 56, 56
657, 1, 40, 120, 56, 56
657, 1, 158, 98, 56, 56
658, 1, 39, 118, 56, 56
658, 1, 158, 96, 56, 56
659, 1, 39, 118, 56, 56
660, 1, 38, 118, 56, 56
661, 1, 41, 118, 56, 56
661, 1, 157, 96, 56, 56
662, 1, 115, 149, 56, 56
662, 1, 42, 127, 56, 56
663, 1, 115, 172, 56, 56
663, 1, 44, 126, 56, 56
664, 1, 44, 119, 56, 56
664, 1, 112, 148, 56, 56
665, 1, 112, 146, 56, 56
665, 1, 43, 127, 56, 56
666, 1, 112, 146, 56, 56
666, 1, 159, 140, 56, 56
666, 1, 51, 126, 56, 56
667, 1, 46, 119, 56, 56
667, 1, 114, 141, 56, 56
668, 1, 46, 119, 56, 56
668, 1, 112, 148, 56, 56
669, 1, 111, 144, 56, 56
669, 1, 46, 118, 56, 56
670, 1, 113, 139, 56, 56
670, 1, 48, 117, 56, 56
671, 1, 50, 116, 56, 56
671, 1, 114, 140, 56, 56
672, 1, 50, 115, 56, 56
672, 1, 112, 134, 56, 56
672, 1, 71, 179, 56, 56
673, 1, 52, 114, 56, 56
673, 1, 71, 179, 56, 56
673, 1, 114, 138, 56, 56
674, 1, 130, 80, 56, 56
674, 1, 55, 114, 56, 56
674, 1, 113, 136, 56, 56
675, 1, 54, 112, 56, 56
675, 1, 129, 77, 56, 56
675, 1, 115, 137, 56, 56
675, 1, 70, 178, 56, 56
676, 1, 129, 82, 56, 56
676, 1, 115, 134, 56, 56
676, 1, 56, 113, 56, 56
677, 1, 169, 133, 56, 56
677, 1, 51, 112, 56, 56
677, 1, 116, 133, 56, 56
677, 1, 124, 81, 56, 56
678, 1, 118, 161, 56, 56
678, 1, 50, 107, 56, 56
678, 1, 124, 79, 56, 56
678, 1, 66, 163, 56, 56
679, 1, 56, 106, 56, 56
679, 1, 125, 70, 56, 56
680, 1, 168, 130, 56, 56
680, 1, 118, 125, 56, 56
680, 1, 60, 106, 56, 56
680, 1, 124, 68, 56, 56
681, 1, 59, 105, 56, 56
681, 1, 119, 158, 56, 56
682, 1, 169, 130, 56, 56
682, 1, 57, 103, 56, 56
682, 1, 119, 154, 56, 56
683, 1, 52, 101, 56, 56
683, 1, 118, 153, 56, 56
684, 1, 55, 102, 56, 56
684, 1, 117, 127, 56, 56
684, 1, 135, 62, 56, 56
685, 1, 118, 129, 56, 56
685, 1, 58, 104, 56, 56
685, 1, 166, 132, 56, 56
685, 1, 135, 60, 56, 56
686, 1, 58, 102, 56, 56
686, 1, 166, 132, 56, 56
686, 1, 123, 151, 56, 56
687, 1, 58, 102, 56, 56
687, 1, 117, 128, 56, 56
688, 1, 163, 129, 56, 56
688, 1, 59, 101, 56, 56
688, 1, 116, 126, 56, 56
689, 1, 59, 100, 56, 56
689, 1, 160, 128, 56, 56
689, 1, 242, 97, 56, 56
690, 1, 125, 73, 56, 56
690, 1, 161, 129, 56, 56
690, 1, 59, 92, 56, 56
690, 1, 249, 73, 56, 56
691, 1, 61, 97, 56, 56
691, 1, 126, 81, 56, 56
691, 1, 265, 145, 56, 56
691, 1, 159, 127, 56, 56
691, 1, 233, 97, 56, 56
692, 1, 119, 145, 56, 56
692, 1, 143, 105, 56, 56
692, 1, 62, 95, 56, 56
692, 1, 233, 97, 56, 56
692, 1, 265, 145, 56, 56
693, 1, 59, 95, 56, 56
693, 1, 121, 137, 56, 56
693, 1, 238, 101, 56, 56
694, 1, 50, 194, 56, 56
694, 1, 155, 130, 56, 56
694, 1, 237, 99, 56, 56
694, 1, 59, 95, 56, 56
694, 1, 167, 58, 56, 56
695, 1, 236, 98, 56, 56
695, 1, 141, 55, 56, 56
695, 1, 121, 134, 56, 56
696, 1, 143, 55, 56, 56
696, 1, 237, 99, 56, 56
696, 1, 58, 95, 56, 56
697, 1, 136, 78, 56, 56
697, 1, 240, 99, 56, 56
697, 1, 56, 94, 56, 56
697, 1, 119, 137, 56, 56
697, 1, 173, 123, 56, 56
698, 1, 173, 123, 56, 56
698, 1, 138, 76, 56, 56
698, 1, 235, 101, 56, 56
698, 1, 267, 149, 56, 56
698, 1, 58, 95, 56, 56
699, 1, 119, 105, 56, 56
699, 1, 171, 120, 56, 56
699, 1, 235, 100, 56, 56
699, 1, 63, 95, 56, 56
700, 1, 140, 74, 56, 56
700, 1, 172, 121, 56, 56
700, 1, 63, 95, 56, 56
701, 1, 151, 133, 56, 56
701, 1, 142, 73, 56, 56
701, 1, 61, 95, 56, 56
701, 1, 233, 100, 56, 56
702, 1, 61, 94, 56, 56
702, 1, 138, 67, 56, 56
702, 1, 173, 118, 56, 56
702, 1, 236, 102, 56, 56
702, 1, 268, 150, 56, 56
703, 1, 172, 118, 56, 56
703, 1, 63, 94, 56, 56
703, 1, 236, 100, 56, 56
704, 1, 61, 94, 56, 56
704, 1, 172, 119, 56, 56
704, 1, 235, 100, 56, 56
704, 1, 141, 66, 56, 56
704, 1, 119, 107, 56, 56
705, 1, 61, 94, 56, 56
705, 1, 172, 119, 56, 56
705, 1, 146, 69, 56, 56
705, 1, 119, 106, 56, 56
705, 1, 249, 76, 56, 56
705, 1, 87, 173, 56, 56
706, 1, 171, 118, 56, 56
706, 1, 62, 94, 56, 56
706, 1, 119, 103, 56, 56
706, 1, 147, 67, 56, 56
707, 1, 148, 67, 56, 56
707, 1, 171, 118, 56, 56
707, 1, 63, 94, 56, 56
707, 1, 88, 173, 56, 56
707, 1, 119, 103, 56, 56
707, 1, 233, 101, 56, 56
708, 1, 65, 94, 56, 56
708, 1, 122, 81, 56, 56
708, 1, 171, 118, 56, 56
708, 1, 86, 171, 56, 56
708, 1, 158, 47, 56, 56
708, 1, 232, 101, 56, 56
709, 1, 122, 80, 56, 56
709, 1, 170, 118, 56, 56
709, 1, 59, 94, 56, 56
709, 1, 115, 181, 56, 56
709, 1, 233, 101, 56, 56
710, 1, 122, 80, 56, 56
710, 1, 248, 77, 56, 56
711, 1, 151, 63, 56, 56
711, 1, 217, 117, 56, 56
712, 1, 61, 94, 56, 56
712, 1, 120, 78, 56, 56
713, 1, 120, 77, 56, 56
713, 1, 61, 86, 56, 56
713, 1, 149, 121, 56, 56
713, 1, 246, 80, 56, 56
714, 1, 120, 76, 56, 56
714, 1, 101, 127, 56, 56
714, 1, 157, 119, 56, 56
714, 1, 246, 80, 56, 56
715, 1, 149, 57, 56, 56
715, 1, 246, 80, 56, 56
715, 1, 100, 128, 56, 56
716, 1, 65, 98, 56, 56
716, 1, 150, 59, 56, 56
716, 1, 246, 80, 56, 56
717, 1, 67, 94, 56, 56
717, 1, 124, 71, 56, 56
717, 1, 237, 102, 56, 56
718, 1, 70, 98, 56, 56
718, 1, 127, 72, 56, 56
719, 1, 65, 98, 56, 56
719, 1, 150, 55, 56, 56
719, 1, 249, 78, 56, 56
720, 1, 140, 50, 56, 56
720, 1, 73, 101, 56, 56
721, 1, 73, 99, 56, 56
721, 1, 140, 48, 56, 56
722, 1, 234, 102, 56, 56
722, 1, 140, 47, 56, 56
723, 1, 234, 106, 56, 56
723, 1, 139, 45, 56, 56
723, 1, 76, 100, 56, 56
724, 1, 78, 103, 56, 56
724, 1, 139, 44, 56, 56
724, 1, 232, 106, 56, 56
725, 1, 73, 109, 56, 56
725, 1, 234, 106, 56, 56
725, 1, 139, 43, 56, 56
726, 1, 73, 104, 56, 56
726, 1, 245, 82, 56, 56
727, 1, 249, 82, 56, 56
727, 1, 139, 41, 56, 56
727, 1, 74, 111, 56, 56
728, 1, 75, 112, 56, 56
728, 1, 139, 40, 56, 56
728, 1, 235, 107, 56, 56
729, 1, 78, 107, 56, 56
729, 1, 248, 82, 56, 56
730, 1, 161, 103, 56, 56
730, 1, 86, 114, 56, 56
730, 1, 249, 82, 56, 56
731, 1, 78, 113, 56, 56
731, 1, 161, 103, 56, 56
731, 1, 233, 107, 56, 56
732, 1, 161, 103, 56, 56
732, 1, 83, 116, 56, 56
732, 1, 233, 107, 56, 56
733, 1, 78, 114, 56, 56
733, 1, 163, 105, 56, 56
733, 1, 248, 83, 56, 56
734, 1, 161, 102, 56, 56
734, 1, 88, 116, 56, 56
734, 1, 248, 83, 56, 56
735, 1, 80, 116, 56, 56
735, 1, 160, 104, 56, 56
735, 1, 234, 107, 56, 56
736, 1, 85, 114, 56, 56
736, 1, 234, 107, 56, 56
737, 1, 163, 101, 56, 56
737, 1, 85, 114, 56, 56
738, 1, 91, 120, 56, 56
738, 1, 232, 107, 56, 56
739, 1, 89, 118, 56, 56
739, 1, 128, 68, 56, 56
739, 1, 232, 108, 56, 56
740, 1, 93, 122, 56, 56
740, 1, 232, 108, 56, 56
740, 1, 163, 100, 56, 56
741, 1, 89, 124, 56, 56
742, 1, 93, 122, 56, 56
742, 1, 162, 97, 56, 56
743, 1, 93, 123, 56, 56
743, 1, 250, 84, 56, 56
743, 1, 164, 102, 56, 56
744, 1, 92, 124, 56, 56
744, 1, 162, 100, 56, 56
744, 1, 134, 44, 56, 56
745, 1, 93, 129, 56, 56
745, 1, 158, 99, 56, 56
745, 1, 257, 93, 56, 56
746, 1, 94, 123, 56, 56
746, 1, 161, 99, 56, 56
747, 1, 91, 123, 56, 56
747, 1, 258, 93, 56, 56
747, 1, 160, 124, 56, 56
748, 1, 87, 124, 56, 56
748, 1, 228, 110, 56, 56
749, 1, 89, 126, 56, 56
749, 1, 252, 94, 56, 56
749, 1, 152, 89, 56, 56
750, 1, 93, 121, 56, 56
750, 1, 159, 115, 56, 56
750, 1, 250, 94, 56, 56
751, 1, 93, 126, 56, 56
751, 1, 227, 110, 56, 56
752, 1, 90, 119, 56, 56
752, 1, 226, 110, 56, 56
753, 1, 94, 126, 56, 56
753, 1, 152, 109, 56, 56
753, 1, 226, 110, 56, 56
754, 1, 94, 123, 56, 56
754, 1, 226, 111, 56, 56
754, 1, 151, 82, 56, 56
755, 1, 93, 124, 56, 56
755, 1, 225, 110, 56, 56
755, 1, 118, 85, 56, 56
756, 1, 94, 126, 56, 56
756, 1, 223, 109, 56, 56
756, 1, 141, 76, 56, 56
757, 1, 94, 125, 56, 56
757, 1, 151, 107, 56, 56
758, 1, 94, 118, 56, 56
758, 1, 144, 80, 56, 56
758, 1, 223, 110, 56, 56
759, 1, 95, 118, 56, 56
760, 1, 96, 119, 56, 56
760, 1, 223, 110, 56, 56
760, 1, 142, 82, 56, 56
761, 1, 97, 119, 56, 56
761, 1, 138, 76, 56, 56
761, 1, 223, 110, 56, 56
762, 1, 99, 116, 56, 56
762, 1, 222, 109, 56, 56
762, 1, 145, 101, 56, 56
763, 1, 90, 117, 56, 56
763, 1, 222, 109, 56, 56
763, 1, 144, 100, 56, 56
764, 1, 222, 109, 56, 56
764, 1, 99, 117, 56, 56
764, 1, 143, 99, 56, 56
765, 1, 220, 109, 56, 56
765, 1, 99, 116, 56, 56
765, 1, 144, 93, 56, 56
766, 1, 101, 110, 56, 56
766, 1, 218, 108, 56, 56
766, 1, 145, 98, 56, 56
767, 1, 94, 109, 56, 56
767, 1, 140, 71, 56, 56
767, 1, 219, 106, 56, 56
768, 1, 97, 108, 56, 56
768, 1, 218, 109, 56, 56
768, 1, 138, 88, 56, 56
769, 1, 97, 109, 56, 56
769, 1, 216, 106, 56, 56
770, 1, 98, 101, 56, 56
770, 1, 215, 106, 56, 56
771, 1, 97, 100, 56, 56
771, 1, 216, 105, 56, 56
772, 1, 145, 85, 56, 56
773, 1, 98, 102, 56, 56
774, 1, 137, 62, 56, 56
775, 1, 140, 82, 56, 56
776, 1, 140, 78, 56, 56
776, 1, 129, 165, 56, 56
777, 1, 101, 91, 56, 56
777, 1, 133, 45, 56, 56
777, 1, 150, 185, 56, 56
778, 1, 138, 73, 56, 56
778, 1, 147, 183, 56, 56
779, 1, 203, 87, 56, 56
780, 1, 129, 69, 56, 56
781, 1, 134, 40, 56, 56
781, 1, 104, 92, 56, 56
782, 1, 135, 41, 56, 56
783, 1, 100, 86, 56, 56
785, 1, 103, 83, 56, 56
786, 1, 109, 85, 56, 56
786, 1, 133, 37, 56, 56
787, 1, 113, 79, 56, 56
788, 1, 113, 78, 56, 56
788, 1, 194, 85, 56, 56
789, 1, 114, 76, 56, 56
789, 1, 194, 83, 56, 56
789, 1, 68, 169, 56, 56
790, 1, 121, 52, 56, 56
791, 1, 121, 76, 56, 56
792, 1, 115, 47, 56, 56
792, 1, 193, 82, 56, 56
793, 1, 120, 80, 56, 56
793, 1, 97, 186, 56, 56
793, 1, 185, 84, 56, 56
794, 1, 120, 72, 56, 56
794, 1, 78, 164, 56, 56
795, 1, 128, 72, 56, 56
796, 1, 126, 70, 56, 56
796, 1, 185, 84, 56, 56
796, 1, 81, 162, 56, 56
797, 1, 189, 84, 56, 56
797, 1, 132, 72, 56, 56
798, 1, 155, 40, 56, 56
799, 1, 155, 37, 56, 56
800, 1, 89, 156, 56, 56
800, 1, 189, 84, 56, 56
800, 1, 156, 37, 56, 56
801, 1, 89, 153, 56, 56
801, 1, 140, 61, 56, 56
802, 1, 91, 154, 56, 56
803, 1, 181, 78, 56, 56
804, 1, 127, 48, 56, 56
805, 1, 182, 87, 56, 56
806, 1, 126, 91, 56, 56
807, 1, 180, 84, 56, 56
808, 1, 181, 81, 56, 56
809, 1, 173, 81, 56, 56
810, 1, 153, 55, 56, 56
811, 1, 173, 60, 56, 56
812, 1, 153, 53, 56, 56
813, 1, 181, 86, 56, 56
814, 1, 146, 52, 56, 56
815, 1, 147, 53, 56, 56
816, 1, 182, 78, 56, 56
817, 1, 181, 75, 56, 56
818, 1, 181, 75, 56, 56
819, 1, 181, 75, 56, 56
819, 1, 146, 45, 56, 56
820, 1, 181, 75, 56, 56
821, 1, 189, 80, 56, 56
822, 1, 137, 66, 56, 56
823, 1, 143, 41, 56, 56
824, 1, 147, 43, 56, 56
825, 1, 119, 58, 56, 56
826, 1, 188, 81, 56, 56
827, 1, 140, 40, 56, 56
828, 1, 106, 127, 56, 56
829, 1, 140, 46, 56, 56
830, 1, 190, 81, 56, 56
831, 1, 140, 59, 56, 56
832, 1, 190, 81, 56, 56
833, 1, 115, 148, 56, 56
834, 1, 155, 82, 56, 56
835, 1, 186, 73, 56, 56
836, 1, 190, 79, 56, 56
837, 1, 184, 77, 56, 56
837, 1, 140, 40, 56, 56
838, 1, 186, 76, 56, 56
839, 1, 183, 71, 56, 56
840, 1, 139, 39, 56, 56
840, 1, 179, 71, 56, 56
841, 1, 179, 73, 56, 56
842, 1, 181, 69, 56, 56
843, 1, 175, 73, 56, 56
844, 1, 177, 73, 56, 56
845, 1, 176, 74, 56, 56
846, 1, 179, 67, 56, 56
847, 1, 178, 68, 56, 56
848, 1, 172, 68, 56, 56
849, 1, 173, 69, 56, 56
850, 1, 171, 67, 56, 56
851, 1, 172, 69, 56, 56
851, 1, 245, 107, 56, 56
852, 1, 169, 67, 56, 56
853, 1, 171, 68, 56, 56
854, 1, 169, 66, 56, 56
854, 1, 248, 104, 56, 56
855, 1, 170, 68, 56, 56
856, 1, 160, 72, 56, 56
857, 1, 167, 70, 56, 56
858, 1, 167, 69, 56, 56
859, 1, 164, 63, 56, 56
860, 1, 162, 71, 56, 56
861, 1, 154, 70, 56, 56
862, 1, 161, 70, 56, 56
863, 1, 162, 67, 56, 56
864, 1, 160, 68, 56, 56
865, 1, 162, 60, 56, 56
866, 1, 161, 64, 56, 56
867, 1, 157, 66, 56, 56
868, 1, 161, 65, 56, 56
869, 1, 156, 62, 56, 56
870, 1, 161, 66, 56, 56
871, 1, 160, 64, 56, 56
872, 1, 160, 64, 56, 56
873, 1, 160, 64, 56, 56
874, 1, 160, 64, 56, 56
875, 1, 161, 65, 56, 56
876, 1, 162, 64, 56, 56
877, 1, 158, 65, 56, 56
878, 1, 158, 66, 56, 56
879, 1, 242, 103, 56, 56
879, 1, 159, 62, 56, 56
880, 1, 157, 58, 56, 56
881, 1, 243, 104, 56, 56
882, 1, 153, 54, 56, 56
882, 1, 247, 105, 56, 56
883, 1, 161, 55, 56, 56
883, 1, 246, 105, 56, 56
884, 1, 156, 55, 56, 56
884, 1, 246, 104, 56, 56
885, 1, 160, 57, 56, 56
885, 1, 246, 104, 56, 56
886, 1, 155, 53, 56, 56
886, 1, 247, 103, 56, 56
887, 1, 154, 49, 56, 56
887, 1, 246, 103, 56, 56
888, 1, 154, 50, 56, 56
888, 1, 246, 103, 56, 56
889, 1, 156, 49, 56, 56
889, 1, 240, 103, 56, 56
890, 1, 246, 103, 56, 56
890, 1, 156, 45, 56, 56
891, 1, 246, 104, 56, 56
892, 1, 247, 104, 56, 56
893, 1, 246, 103, 56, 56
893, 1, 126, 79, 56, 56
894, 1, 127, 84, 56, 56
895, 1, 245, 97, 56, 56
896, 1, 244, 102, 56, 56
897, 1, 238, 98, 56, 56
898, 1, 133, 88, 56, 56
899, 1, 242, 102, 56, 56
901, 1, 114, 99, 56, 56
902, 1, 246, 102, 56, 56
903, 1, 139, 81, 56, 56
904, 1, 139, 74, 56, 56
905, 1, 236, 105, 56, 56
906, 1, 236, 107, 56, 56
907, 1, 237, 107, 56, 56
908, 1, 238, 109, 56, 56
909, 1, 236, 109, 56, 56
910, 1, 236, 109, 56, 56
911, 1, 239, 110, 56, 56
912, 1, 239, 112, 56, 56
913, 1, 237, 111, 56, 56
914, 1, 238, 118, 56, 56
915, 1, 233, 113, 56, 56
916, 1, 234, 114, 56, 56
917, 1, 239, 120, 56, 56
918, 1, 232, 120, 56, 56
919, 1, 232, 113, 56, 56
920, 1, 233, 119, 56, 56
920, 1, 147, 44, 56, 56
921, 1, 234, 115, 56, 56
921, 1, 147, 42, 56, 56
922, 1, 147, 42, 56, 56
923, 1, 230, 111, 56, 56
924, 1, 234, 118, 56, 56
925, 1, 228, 110, 56, 56
926, 1, 228, 108, 56, 56
926, 1, 157, 150, 56, 56
927, 1, 228, 111, 56, 56
928, 1, 226, 111, 56, 56
929, 1, 231, 112, 56, 56
929, 1, 136, 166, 56, 56
930, 1, 223, 104, 56, 56
931, 1, 222, 103, 56, 56
931, 1, 137, 166, 56, 56
932, 1, 222, 102, 56, 56
933, 1, 219, 108, 56, 56
934, 1, 221, 102, 56, 56
935, 1, 220, 99, 56, 56
936, 1, 222, 101, 56, 56
937, 1, 221, 104, 56, 56
938, 1, 217, 104, 56, 56
939, 1, 220, 100, 56, 56
940, 1, 213, 104, 56, 56
941, 1, 216, 101, 56, 56
942, 1, 216, 101, 56, 56
943, 1, 216, 102, 56, 56
944, 1, 223, 101, 56, 56
945, 1, 215, 101, 56, 56
946, 1, 216, 100, 56, 56
947, 1, 123, 101, 56, 56
947, 1, 216, 102, 56, 56
948, 1, 222, 102, 56, 56
949, 1, 214, 101, 56, 56
950, 1, 215, 99, 56, 56
951, 1, 213, 100, 56, 56
952, 1, 213, 100, 56, 56
953, 1, 221, 101, 56, 56
954, 1, 222, 101, 56, 56
955, 1, 215, 101, 56, 56
956, 1, 213, 100, 56, 56
957, 1, 206, 95, 56, 56
958, 1, 222, 103, 56, 56
959, 1, 221, 103, 56, 56
960, 1, 215, 124, 56, 56
961, 1, 206, 95, 56, 56
962, 1, 205, 95, 56, 56
963, 1, 206, 95, 56, 56
964, 1, 208, 95, 56, 56
965, 1, 207, 93, 56, 56
966, 1, 203, 93, 56, 56
967, 1, 206, 95, 56, 56
968, 1, 214, 121, 56, 56
970, 1, 207, 87, 56, 56
971, 1, 216, 103, 56, 56
972, 1, 214, 103, 56, 56
973, 1, 208, 88, 56, 56
974, 1, 220, 103, 56, 56
975, 1, 213, 96, 56, 56
976, 1, 214, 119, 56, 56
977, 1, 214, 103, 56, 56
978, 1, 214, 105, 56, 56
979, 1, 214, 105, 56, 56
980, 1, 214, 105, 56, 56
981, 1, 214, 98, 56, 56
984, 1, 221, 105, 56, 56
986, 1, 121, 205, 56, 56
987, 1, 122, 204, 56, 56
988, 1, 213, 98, 56, 56
990, 1, 212, 97, 56, 56
994, 1, 145, 181, 56, 56
995, 1, 145, 186, 56, 56
996, 1, 137, 176, 56, 56
997, 1, 132, 173, 56, 56
1000, 1, 138, 172, 56, 56
1001, 1, 162, 146, 56, 56
1002, 1, 241, 174, 56, 56
1002, 1, 159, 145, 56, 56
1003, 1, 239, 174, 56, 56
1004, 1, 153, 147, 56, 56
1004, 1, 237, 173, 56, 56
1006, 1, 236, 174, 56, 56
1007, 1, 145, 129, 56, 56
1007, 1, 236, 175, 56, 56
1008, 1, 235, 174, 56, 56
1008, 1, 142, 130, 56, 56
1009, 1, 234, 174, 56, 56
1009, 1, 141, 130, 56, 56
1009, 1, 140, 181, 56, 56
1010, 1, 139, 128, 56, 56
1010, 1, 234, 175, 56, 56
1010, 1, 134, 184, 56, 56
1011, 1, 137, 127, 56, 56
1011, 1, 229, 175, 56, 56
1011, 1, 131, 182, 56, 56
1012, 1, 130, 182, 56, 56
1012, 1, 135, 127, 56, 56
1013, 1, 159, 118, 56, 56
1014, 1, 226, 172, 56, 56
1014, 1, 128, 178, 56, 56
1014, 1, 133, 123, 56, 56
1014, 1, 154, 74, 56, 56
1015, 1, 226, 172, 56, 56
1015, 1, 134, 130, 56, 56
1015, 1, 126, 178, 56, 56
1016, 1, 132, 129, 56, 56
1016, 1, 124, 177, 56, 56
1016, 1, 165, 95, 56, 56
1017, 1, 124, 177, 56, 56
1017, 1, 132, 129, 56, 56
1018, 1, 163, 90, 56, 56
1018, 1, 123, 176, 56, 56
1018, 1, 131, 128, 56, 56
1019, 1, 164, 92, 56, 56
1019, 1, 122, 174, 56, 56
1020, 1, 132, 125, 56, 56
1020, 1, 124, 173, 56, 56
1021, 1, 132, 125, 56, 56
1021, 1, 124, 173, 56, 56
1022, 1, 128, 166, 56, 56
1023, 1, 130, 172, 56, 56
1024, 1, 131, 171, 56, 56
1025, 1, 134, 167, 56, 56
1026, 1, 129, 160, 56, 56
1027, 1, 215, 151, 56, 56
1027, 1, 133, 160, 56, 56
1027, 1, 141, 112, 56, 56
1028, 1, 214, 149, 56, 56
1028, 1, 133, 166, 56, 56
1028, 1, 141, 110, 56, 56
1029, 1, 213, 146, 56, 56
1029, 1, 141, 101, 56, 56
1029, 1, 133, 157, 56, 56
1030, 1, 141, 101, 56, 56
1030, 1, 133, 157, 56, 56
1030, 1, 214, 147, 56, 56
1031, 1, 210, 143, 56, 56
1031, 1, 137, 155, 56, 56
1031, 1, 145, 106, 56, 56
1032, 1, 136, 152, 56, 56
1032, 1, 211, 143, 56, 56
1032, 1, 143, 96, 56, 56
1033, 1, 139, 153, 56, 56
1033, 1, 128, 94, 56, 56
1034, 1, 151, 93, 56, 56
1034, 1, 135, 149, 56, 56
1035, 1, 144, 95, 56, 56
1035, 1, 136, 143, 56, 56
1036, 1, 151, 91, 56, 56
1036, 1, 207, 139, 56, 56
1037, 1, 204, 139, 56, 56
1038, 1, 154, 55, 56, 56
1038, 1, 204, 137, 56, 56
1039, 1, 136, 143, 56, 56
1039, 1, 144, 87, 56, 56
1039, 1, 207, 132, 56, 56
1040, 1, 134, 139, 56, 56
1040, 1, 142, 83, 56, 56
1041, 1, 132, 137, 56, 56
1041, 1, 140, 81, 56, 56
1041, 1, 197, 144, 56, 56
1042, 1, 198, 127, 56, 56
1043, 1, 198, 141, 56, 56
1044, 1, 144, 74, 56, 56
1044, 1, 195, 127, 56, 56
1044, 1, 128, 122, 56, 56
1045, 1, 191, 134, 56, 56
1045, 1, 140, 72, 56, 56
1045, 1, 124, 128, 56, 56
1046, 1, 191, 132, 56, 56
1046, 1, 126, 121, 56, 56
1047, 1, 186, 124, 56, 56
1047, 1, 125, 119, 56, 56
1047, 1, 141, 71, 56, 56
1048, 1, 185, 123, 56, 56
1048, 1, 128, 119, 56, 56
1048, 1, 136, 71, 56, 56
1049, 1, 184, 130, 56, 56
1049, 1, 123, 118, 56, 56
1050, 1, 181, 130, 56, 56
1050, 1, 123, 117, 56, 56
1051, 1, 178, 128, 56, 56
1051, 1, 125, 116, 56, 56
1052, 1, 125, 109, 56, 56
1052, 1, 179, 127, 56, 56
1053, 1, 178, 126, 56, 56
1053, 1, 125, 115, 56, 56
1054, 1, 177, 126, 56, 56
1054, 1, 128, 110, 56, 56
1055, 1, 176, 125, 56, 56
1055, 1, 128, 104, 56, 56
1056, 1, 128, 101, 56, 56
1056, 1, 167, 126, 56, 56
1057, 1, 175, 124, 56, 56
1057, 1, 134, 97, 56, 56
1058, 1, 129, 99, 56, 56
1058, 1, 173, 126, 56, 56
1059, 1, 173, 119, 56, 56
1059, 1, 132, 97, 56, 56
1060, 1, 134, 100, 56, 56
1061, 1, 169, 122, 56, 56
1062, 1, 171, 121, 56, 56
1063, 1, 174, 117, 56, 56
1064, 1, 167, 117, 56, 56
1065, 1, 167, 116, 56, 56
1066, 1, 170, 117, 56, 56
1067, 1, 172, 119, 56, 56
1068, 1, 166, 119, 56, 56
1069, 1, 174, 141, 56, 56
1070, 1, 147, 72, 56, 56
1071, 1, 171, 99, 56, 56
1072, 1, 153, 68, 56, 56
1074, 1, 169, 98, 56, 56
1076, 1, 171, 94, 56, 56
1077, 1, 164, 97, 56, 56
1078, 1, 168, 98, 56, 56
1079, 1, 170, 94, 56, 56
1081, 1, 161, 91, 56, 56
1086, 1, 158, 81, 56, 56
1087, 1, 157, 81, 56, 56
1088, 1, 158, 80, 56, 56
1088, 1, 252, 140, 56, 56
1089, 1, 156, 79, 56, 56
1089, 1, 123, 46, 56, 56
1090, 1, 123, 44, 56, 56
1091, 1, 147, 75, 56, 56
1092, 1, 151, 75, 56, 56
1093, 1, 146, 73, 56, 56
1094, 1, 148, 71, 56, 56
1094, 1, 158, 196, 56, 56
1095, 1, 247, 142, 56, 56
1095, 1, 143, 69, 56, 56
1096, 1, 143, 70, 56, 56
1096, 1, 246, 143, 56, 56
1097, 1, 247, 138, 56, 56
1097, 1, 141, 68, 56, 56
1098, 1, 245, 141, 56, 56
1099, 1, 242, 135, 56, 56
1100, 1, 246, 138, 56, 56
1100, 1, 127, 98, 56, 56
1101, 1, 240, 133, 56, 56
1101, 1, 141, 67, 56, 56
1102, 1, 238, 137, 56, 56
1102, 1, 141, 69, 56, 56
1103, 1, 236, 137, 56, 56
1103, 1, 142, 69, 56, 56
1104, 1, 140, 69, 56, 56
1104, 1, 235, 136, 56, 56
1105, 1, 236, 132, 56, 56
1106, 1, 230, 129, 56, 56
1107, 1, 230, 126, 56, 56
1108, 1, 193, 149, 56, 56
1109, 1, 224, 125, 56, 56
1110, 1, 227, 124, 56, 56
1111, 1, 224, 123, 56, 56
1112, 1, 226, 122, 56, 56
1113, 1, 224, 119, 56, 56
1114, 1, 221, 117, 56, 56
1116, 1, 179, 129, 56, 56
1117, 1, 177, 129, 56, 56
1118, 1, 214, 120, 56, 56
1118, 1, 116, 43, 56, 56
1119, 1, 117, 41, 56, 56
1120, 1, 205, 121, 56, 56
1121, 1, 142, 71, 56, 56
1122, 1, 143, 70, 56, 56
1123, 1, 149, 41, 56, 56
1124, 1, 148, 39, 56, 56
1125, 1, 149, 69, 56, 56
1126, 1, 147, 67, 56, 56
1127, 1, 147, 66, 56, 56
1128, 1, 145, 64, 56, 56
1129, 1, 146, 62, 56, 56
1130, 1, 144, 61, 56, 56
1131, 1, 138, 58, 56, 56
1132, 1, 140, 55, 56, 56
1133, 1, 140, 55, 56, 56
1134, 1, 139, 52, 56, 56
1135, 1, 136, 53, 56, 56
1136, 1, 136, 52, 56, 56
1137, 1, 134, 51, 56, 56
1138, 1, 133, 51, 56, 56
1139, 1, 160, 102, 56, 56
1140, 1, 159, 103, 56, 56
1142, 1, 158, 102, 56, 56
1143, 1, 158, 100, 56, 56
1144, 1, 157, 99, 56, 56
1145, 1, 117, 83, 56, 56
1146, 1, 155, 104, 56, 56
1147, 1, 124, 80, 56, 56
1149, 1, 123, 79, 56, 56
1150, 1, 149, 96, 56, 56
1151, 1, 155, 126, 56, 56
1152, 1, 151, 97, 56, 56
1153, 1, 123, 79, 56, 56
1154, 1, 147, 96, 56, 56
1155, 1, 147, 95, 56, 56
1156, 1, 146, 94, 56, 56
1157, 1, 153, 91, 56, 56
1158, 1, 153, 89, 56, 56
1159, 1, 159, 118, 56, 56
1160, 1, 145, 89, 56, 56
1161, 1, 159, 122, 56, 56
1162, 1, 151, 115, 56, 56
1163, 1, 146, 76, 56, 56
1164, 1, 147, 75, 56, 56
1165, 1, 124, 86, 56, 56
1166, 1, 155, 116, 56, 56
1167, 1, 147, 116, 56, 56
1168, 1, 147, 115, 56, 56
1169, 1, 148, 114, 56, 56
1170, 1, 147, 113, 56, 56
1176, 1, 153, 59, 56, 56
1182, 1, 117, 100, 56, 56
1183, 1, 142, 181, 56, 56
1184, 1, 147, 97, 56, 56
1185, 1, 114, 97, 56, 56
1186, 1, 174, 178, 56, 56
1187, 1, 113, 95, 56, 56
1188, 1, 113, 94, 56, 56
1189, 1, 168, 176, 56, 56
1190, 1, 153, 55, 56, 56
1191, 1, 160, 55, 56, 56
1192, 1, 160, 54, 56, 56
1193, 1, 112, 90, 56, 56
1194, 1, 159, 53, 56, 56
1195, 1, 157, 48, 56, 56
1196, 1, 157, 47, 56, 56
1197, 1, 120, 85, 56, 56
1198, 1, 121, 82, 56, 56
1199, 1, 157, 48, 56, 56
1200, 1, 156, 46, 56, 56
1201, 1, 157, 62, 56, 56
1202, 1, 156, 61, 56, 56
1203, 1, 126, 78, 56, 56
1204, 1, 128, 76, 56, 56
1205, 1, 154, 60, 56, 56
1206, 1, 150, 39, 56, 56
1207, 1, 150, 39, 56, 56
1208, 1, 150, 38, 56, 56
1209, 1, 149, 37, 56, 56
1219, 1, 150, 63, 56, 56
1220, 1, 151, 59, 56, 56
1222, 1, 151, 56, 56, 56
1223, 1, 153, 56, 56, 56
1224, 1, 150, 58, 56, 56
1225, 1, 144, 49, 56, 56
1282, 1, 157, 54, 56, 56
1323, 1, 126, 78, 56, 56
1324, 1, 125, 52, 56, 56
1325, 1, 126, 56, 56, 56
1326, 1, 128, 81, 56, 56
1329, 1, 127, 55, 56, 56
1330, 1, 127, 53, 56, 56
1331, 1, 127, 54, 56, 56
1332, 1, 135, 67, 56, 56
1333, 1, 136, 52, 56, 56
