head0, 0, 36, 28
head0, 1, 36, 28
head0, 2, 36, 28
head0, 3, 36, 28
head0, 4, 36, 28
head0, 5, 36, 28
head0, 6, 36, 28
head0, 7, 36, 28
head0, 8, 36, 28
head0, 9, 36, 28
head0, 10, 36, 28
head0, 11, 36, 28
head0, 12, 36, 28
head0, 13, 36, 28
head0, 14, 36, 28
head0, 15, 36, 28
head0, 16, 36, 28
head0, 17, 36, 28
head0, 18, 36, 28
head0, 19, 36, 28
head0, 20, 36, 28
head0, 21, 36, 28
head0, 22, 44, 28
head0, 25, 32, 28
head0, 26, 36, 28
head0, 27, 36, 28
head0, 28, 36, 28
head0, 29, 36, 28
head0, 30, 36, 28
head0, 31, 36, 28
head0, 32, 36, 28
head0, 33, 36, 28
head0, 34, 36, 28
head0, 35, 36, 28
head0, 36, 36, 28
head0, 37, 44, 28
head0, 38, 40, 28
head0, 39, 36, 28
head0, 40, 36, 28
head0, 41, 36, 28
head0, 42, 36, 28
head0, 43, 36, 28
head0, 44, 36, 28
head0, 45, 36, 28
head0, 46, 36, 28
head0, 47, 36, 28
head0, 48, 36, 28
head0, 49, 36, 28
head0, 50, 36, 28
head0, 51, 36, 28
head0, 52, 36, 28
head0, 53, 36, 28
head0, 54, 36, 28
head0, 55, 36, 28
head0, 56, 36, 28
head0, 57, 36, 28
head0, 58, 36, 28
head0, 59, 36, 28
head0, 60, 36, 28
head0, 61, 36, 28
head0, 62, 36, 28
head0, 63, 36, 28
head0, 64, 36, 28
head0, 65, 36, 28
head0, 66, 36, 28
head0, 67, 36, 28
head0, 68, 36, 28
head0, 69, 36, 28
head0, 70, 36, 28
head0, 71, 36, 28
head0, 72, 36, 28
head0, 73, 36, 28
head0, 74, 36, 28
head0, 75, 36, 28
head0, 76, 36, 28
head0, 77, 36, 28
head0, 78, 36, 28
head0, 79, 36, 28
head0, 80, 36, 28
head0, 81, 36, 28
head0, 82, 36, 28
head0, 83, 36, 28
head0, 84, 36, 28
head0, 85, 36, 28
head0, 86, 44, 28
head0, 87, 40, 28
head0, 88, 36, 28
head0, 89, 36, 28
head0, 90, 36, 28
head0, 91, 36, 28
head0, 92, 36, 28
head0, 93, 36, 28
head0, 94, 36, 28
head0, 95, 36, 28
head0, 96, 36, 28
head0, 97, 36, 28
head0, 98, 44, 28
head0, 99, 40, 28
head0, 101, 36, 28
head0, 102, 44, 28
head0, 103, 40, 28
head0, 105, 36, 28
head0, 106, 36, 28
head0, 107, 36, 28
head0, 108, 36, 28
head0, 109, 36, 28
head0, 111, 36, 28
head0, 112, 36, 28
head0, 114, 36, 28
head0, 115, 36, 28
head0, 119, 36, 28
head0, 122, 36, 28
head1, 180, 324, 28
head1, 181, 324, 28
head1, 183, 324, 28
head1, 185, 326, 28
head1, 187, 324, 28
head1, 188, 324, 28
head1, 190, 326, 28
head1, 191, 324, 28
head1, 192, 324, 28
head1, 193, 324, 28
head1, 194, 324, 28
head1, 195, 324, 28
head1, 197, 324, 28
head1, 198, 324, 28
head1, 199, 324, 28
head1, 200, 324, 28
head1, 201, 324, 28
head1, 202, 326, 28
head1, 203, 324, 28
head1, 204, 324, 28
head1, 206, 324, 28
head1, 207, 324, 28
head1, 212, 324, 28
head1, 214, 324, 28
head1, 215, 324, 28
head1, 216, 326, 28
head1, 219, 324, 28
head1, 220, 324, 28
head1, 221, 324, 28
head1, 224, 324, 28
head1, 225, 324, 28
head2, 226, 36, 28
head2, 229, 36, 28
head2, 230, 36, 28
head2, 231, 36, 28
head2, 232, 36, 28
head2, 233, 36, 28
head2, 234, 36, 28
head2, 238, 36, 28
head2, 240, 36, 28
head2, 241, 36, 28
head2, 242, 36, 28
head2, 243, 36, 28
head2, 245, 36, 28
head2, 246, 36, 28
head2, 247, 36, 28
head2, 249, 36, 28
head2, 251, 36, 28
head2, 253, 36, 28
head2, 254, 36, 28
head2, 255, 36, 28
head2, 256, 36, 28
head2, 257, 36, 28
head2, 258, 36, 28
head2, 259, 36, 28
head2, 260, 36, 28
head2, 261, 36, 28
head2, 262, 36, 28
head2, 263, 36, 28
head2, 264, 36, 28
head2, 265, 36, 28
head2, 266, 36, 28
head2, 268, 36, 28
head2, 269, 36, 28
head2, 270, 36, 28
head2, 271, 36, 28
head2, 272, 36, 28
head2, 273, 36, 28
head2, 274, 36, 28
head2, 275, 36, 28
head2, 276, 36, 28
head2, 277, 36, 28
head2, 278, 36, 28
head2, 279, 36, 28
head2, 280, 36, 28
head2, 281, 36, 28
head2, 282, 36, 28
head2, 283, 36, 28
head2, 284, 36, 28
head2, 285, 36, 28
head2, 286, 36, 28
head2, 287, 36, 28
head2, 288, 36, 28
head2, 289, 36, 28
head2, 290, 36, 28
head2, 291, 36, 28
head2, 292, 36, 28
head2, 293, 36, 28
head2, 294, 36, 28
head2, 295, 36, 28
head2, 296, 36, 28
head2, 297, 36, 28
head2, 298, 36, 28
head3, 411, 236, 100
head3, 412, 236, 100
head3, 413, 240, 96
head3, 414, 240, 96
head3, 415, 236, 100
head3, 416, 244, 100
head3, 417, 240, 96
head3, 418, 240, 96
head3, 419, 244, 100
head3, 420, 244, 100
head3, 421, 240, 96
head3, 422, 240, 96
head3, 423, 244, 100
head3, 424, 244, 100
head3, 425, 240, 96
head3, 426, 240, 96
head3, 427, 236, 100
head3, 428, 244, 100
head3, 429, 240, 96
head3, 430, 240, 96
head3, 431, 244, 100
head3, 432, 244, 100
head3, 433, 240, 96
head3, 434, 240, 96
head3, 435, 244, 100
head3, 436, 244, 100
head3, 439, 248, 96
head3, 440, 248, 96
head3, 444, 244, 100
head3, 445, 244, 100
head3, 446, 248, 96
head3, 447, 248, 96
head3, 448, 252, 100
head3, 449, 252, 100
head3, 450, 248, 96
head3, 451, 248, 96
head3, 456, 252, 100
head3, 458, 244, 100
head3, 459, 248, 96
head3, 460, 248, 96
head3, 461, 252, 100
head3, 462, 252, 100
head3, 463, 248, 96
head3, 464, 248, 96
head3, 465, 252, 100
head3, 466, 244, 100
head3, 467, 248, 96
head3, 468, 248, 96
head3, 470, 252, 100
head3, 475, 252, 100
head3, 476, 248, 96
head3, 477, 248, 96
head4, 437, 148, 108
head4, 438, 140, 108
head4, 439, 140, 116
head4, 440, 132, 116
head4, 441, 132, 124
head4, 442, 132, 124
head4, 443, 124, 124
head4, 444, 124, 132
head4, 445, 124, 132
head4, 446, 116, 132
head4, 447, 116, 140
head4, 448, 116, 148
head4, 449, 108, 148
head4, 450, 108, 156
head4, 451, 100, 156
head4, 452, 100, 164
head4, 453, 92, 164
head4, 454, 92, 172
head4, 455, 84, 172
head4, 456, 80, 176
head4, 457, 76, 180
head4, 458, 68, 180
head4, 459, 68, 188
head4, 460, 60, 188
head4, 461, 56, 192
head4, 462, 48, 192
head4, 463, 44, 196
head4, 464, 44, 196
head4, 465, 36, 200
head4, 467, 60, 224
head4, 468, 52, 228
head4, 469, 52, 212
head4, 470, 44, 212
head4, 471, 44, 216
head4, 472, 44, 232
head4, 473, 44, 236
head4, 474, 36, 228
head4, 475, 36, 236
head4, 476, 36, 236
head4, 477, 28, 232
head4, 478, 28, 236
head5, 469, 148, 124
head5, 472, 148, 108
head5, 473, 144, 88
head5, 474, 144, 88
head5, 475, 148, 108
head5, 476, 148, 108
head5, 477, 144, 88
head5, 478, 160, 64
head5, 479, 164, 68
head5, 480, 164, 68
head5, 481, 160, 72
head5, 482, 176, 64
head5, 483, 172, 68
head5, 484, 172, 68
head5, 485, 176, 64
head5, 486, 172, 68
head5, 487, 172, 68
head5, 488, 176, 72
head5, 489, 172, 68
head5, 490, 180, 76
head5, 491, 180, 84
head5, 492, 180, 84
head5, 493, 180, 84
head5, 494, 180, 84
head5, 495, 180, 84
head5, 496, 180, 92
head5, 497, 180, 92
head5, 498, 188, 84
head5, 499, 184, 96
head5, 500, 188, 100
head5, 501, 188, 108
head5, 502, 192, 112
head5, 503, 196, 108
head5, 504, 196, 116
head5, 505, 200, 120
head5, 506, 204, 124
head5, 507, 204, 124
head5, 508, 212, 124
head5, 509, 212, 132
head5, 510, 212, 132
head5, 511, 212, 140
head5, 512, 212, 140
head5, 513, 220, 148
head5, 514, 220, 148
head5, 515, 220, 156
head5, 516, 220, 156
head5, 517, 228, 164
head5, 518, 228, 172
head5, 519, 228, 172
head5, 520, 228, 180
head5, 521, 228, 180
head5, 522, 236, 188
head5, 523, 236, 188
head5, 524, 236, 196
head5, 525, 236, 196
head5, 526, 244, 204
head5, 527, 244, 204
head5, 528, 248, 208
head5, 529, 248, 216
head5, 530, 252, 220
head5, 531, 252, 220
head5, 533, 260, 228
head5, 534, 260, 236
head5, 535, 272, 240
head5, 536, 268, 244
head5, 537, 268, 244
head5, 539, 276, 252
head5, 540, 280, 256
head5, 541, 280, 262
head6, 524, 172, 100
head6, 526, 164, 108
head6, 527, 164, 108
head6, 528, 164, 108
head6, 529, 156, 108
head6, 530, 156, 116
head6, 531, 152, 120
head6, 533, 148, 124
head6, 534, 148, 124
head6, 535, 144, 128
head6, 536, 144, 136
head6, 537, 140, 140
head6, 538, 140, 140
head6, 539, 140, 148
head6, 540, 132, 148
head6, 541, 136, 152
head6, 542, 132, 156
head6, 543, 132, 164
head6, 544, 132, 164
head6, 545, 132, 172
head6, 546, 124, 172
head6, 547, 124, 180
head6, 548, 124, 180
head6, 549, 124, 188
head6, 550, 116, 188
head6, 551, 116, 188
head6, 552, 116, 196
head6, 553, 108, 196
head6, 554, 108, 196
head6, 555, 108, 204
head6, 556, 100, 204
head6, 557, 96, 208
head6, 558, 92, 212
head6, 559, 92, 212
head6, 560, 84, 220
head6, 561, 84, 220
head6, 562, 80, 224
head6, 563, 76, 228
head6, 564, 76, 228
head6, 565, 68, 236
head6, 566, 68, 236
head6, 567, 68, 236
head6, 568, 64, 240
head6, 569, 60, 244
head6, 570, 60, 252
head7, 535, 148, 76
head7, 536, 164, 76
head7, 537, 164, 76
head7, 538, 168, 80
head7, 539, 172, 76
head7, 540, 172, 76
head7, 541, 168, 96
head7, 542, 172, 84
head7, 543, 180, 76
head7, 544, 180, 84
head7, 546, 180, 84
head7, 547, 188, 84
head7, 548, 188, 92
head7, 549, 188, 92
head7, 550, 188, 92
head7, 551, 188, 100
head7, 552, 188, 100
head7, 553, 196, 100
head7, 554, 192, 104
head7, 555, 196, 108
head7, 556, 196, 116
head7, 557, 196, 116
head7, 558, 196, 124
head7, 559, 204, 124
head7, 560, 204, 124
head7, 561, 204, 132
head7, 562, 204, 132
head7, 563, 204, 140
head7, 564, 204, 140
head7, 565, 212, 140
head7, 566, 212, 148
head7, 567, 212, 148
head7, 568, 220, 148
head7, 569, 220, 156
head7, 570, 220, 156
head7, 571, 220, 164
head7, 572, 228, 164
head7, 573, 228, 164
head7, 574, 228, 172
head7, 575, 236, 172
head7, 576, 236, 180
head7, 577, 236, 180
head7, 578, 244, 180
head7, 579, 244, 188
head7, 580, 244, 188
head7, 581, 248, 192
head7, 582, 252, 196
head7, 583, 252, 196
head7, 584, 252, 204
head7, 585, 256, 208
head7, 586, 256, 216
head7, 587, 260, 220
head7, 588, 260, 220
head7, 589, 260, 228
head7, 590, 256, 232
head7, 591, 260, 236
head7, 592, 260, 244
head7, 593, 268, 244
head7, 594, 272, 248
head7, 595, 268, 252
head7, 596, 268, 252
head8, 565, 180, 84
head8, 566, 180, 84
head8, 567, 180, 92
head8, 568, 172, 92
head8, 569, 168, 96
head8, 570, 164, 100
head8, 571, 164, 100
head8, 572, 156, 108
head8, 573, 156, 108
head8, 574, 156, 116
head8, 575, 148, 116
head8, 576, 148, 116
head8, 577, 144, 120
head8, 578, 144, 128
head8, 579, 140, 132
head8, 580, 140, 132
head8, 581, 140, 132
head8, 582, 140, 140
head8, 583, 136, 144
head8, 584, 136, 144
head8, 585, 140, 148
head8, 586, 132, 148
head8, 587, 132, 156
head8, 588, 132, 156
head8, 589, 132, 156
head8, 590, 124, 156
head8, 591, 124, 164
head8, 592, 124, 164
head8, 593, 120, 168
head8, 594, 116, 172
head8, 595, 116, 172
head8, 596, 112, 176
head8, 597, 108, 180
head9, 579, 148, 76
head9, 580, 148, 76
head9, 581, 140, 76
head9, 582, 152, 96
head9, 583, 144, 96
head9, 584, 140, 84
head9, 585, 140, 84
head9, 586, 140, 84
head9, 587, 140, 84
head9, 588, 140, 84
head9, 589, 136, 88
head9, 590, 140, 92
head9, 592, 140, 100
head9, 593, 136, 104
head9, 594, 136, 104
head9, 595, 148, 116
head9, 596, 140, 108
head9, 597, 128, 112
head9, 599, 132, 116
head9, 600, 132, 116
head9, 601, 128, 120
head9, 602, 128, 120
head9, 603, 132, 124
head9, 604, 124, 124
head9, 605, 120, 120
head9, 606, 120, 128
head9, 607, 116, 132
head9, 608, 116, 132
head9, 609, 112, 128
head9, 612, 128, 144
head9, 614, 124, 140
head9, 615, 116, 148
head9, 616, 112, 144
head9, 617, 112, 144
head9, 618, 108, 148
head9, 621, 100, 148
head9, 623, 72, 152
head9, 624, 68, 152
head9, 625, 68, 156
head9, 626, 72, 156
head9, 627, 64, 160
head9, 628, 68, 168
head9, 629, 60, 172
head9, 630, 64, 172
head9, 631, 56, 184
head9, 632, 60, 184
head9, 633, 52, 188
head9, 634, 52, 188
head9, 635, 52, 188
head9, 636, 52, 196
head9, 637, 52, 196
head9, 638, 44, 204
head9, 639, 44, 204
head9, 640, 44, 212
head9, 641, 44, 212
head9, 642, 44, 216
head9, 643, 44, 200
head9, 644, 36, 204
head10, 607, 172, 68
head10, 608, 172, 68
head10, 609, 172, 68
head10, 610, 172, 68
head10, 611, 168, 72
head10, 612, 168, 72
head10, 613, 164, 76
head10, 614, 172, 84
head10, 615, 172, 84
head10, 616, 172, 84
head10, 617, 172, 84
head10, 618, 172, 84
head10, 619, 172, 92
head10, 620, 172, 92
head10, 621, 180, 100
head10, 622, 180, 100
head10, 623, 180, 108
head10, 624, 188, 108
head10, 625, 188, 108
head10, 626, 188, 116
head10, 627, 196, 116
head10, 628, 196, 116
head10, 629, 196, 124
head10, 630, 196, 124
head10, 631, 196, 124
head10, 632, 204, 132
head10, 633, 204, 132
head10, 634, 212, 140
head10, 635, 212, 140
head10, 636, 212, 140
head10, 637, 220, 148
head10, 638, 220, 148
head10, 639, 224, 152
head10, 640, 228, 156
head10, 641, 236, 172
head10, 642, 236, 164
head10, 643, 240, 168
head10, 644, 244, 164
head10, 646, 252, 172
head10, 647, 248, 168
head10, 648, 252, 172
head10, 649, 252, 172
head10, 650, 260, 172
head10, 651, 264, 176
head10, 652, 264, 176
head10, 653, 268, 180
head10, 654, 276, 180
head10, 655, 280, 184
head10, 656, 284, 180
head10, 657, 292, 180
head10, 658, 292, 180
head10, 659, 300, 180
head10, 660, 304, 184
head10, 661, 308, 180
head10, 662, 308, 180
head10, 663, 312, 184
head10, 664, 316, 180
head10, 665, 316, 180
head10, 666, 326, 184
head10, 667, 326, 184
head11, 687, 180, 188
head11, 688, 180, 196
head11, 689, 180, 204
head11, 690, 180, 204
head11, 691, 180, 212
head11, 692, 180, 212
head11, 693, 180, 220
head11, 694, 172, 220
head11, 695, 172, 228
head11, 696, 172, 228
head11, 697, 172, 228
head11, 698, 172, 236
head11, 699, 172, 236
head11, 700, 164, 236
head11, 701, 156, 244
head11, 702, 156, 244
head11, 703, 148, 244
head11, 704, 148, 244
head11, 705, 148, 252
head11, 706, 148, 252
head11, 707, 140, 252
head12, 651, 164, 68
head12, 652, 164, 68
head12, 653, 160, 72
head12, 654, 160, 72
head12, 655, 156, 76
head12, 656, 164, 76
head12, 657, 152, 64
head12, 658, 144, 64
head12, 659, 148, 60
head12, 660, 148, 60
head12, 661, 144, 64
head12, 662, 144, 64
head12, 663, 148, 68
head12, 664, 148, 68
head12, 665, 148, 68
head12, 666, 144, 72
head12, 667, 148, 76
head12, 668, 148, 76
head12, 669, 148, 76
head12, 670, 148, 76
head12, 671, 148, 76
head12, 672, 148, 84
head12, 673, 148, 84
head12, 674, 148, 84
head12, 675, 148, 84
head12, 676, 156, 84
head12, 677, 156, 92
head12, 678, 156, 92
head12, 679, 156, 92
head12, 680, 156, 92
head12, 681, 156, 92
head12, 682, 156, 92
head12, 683, 156, 92
head12, 684, 164, 100
head12, 685, 164, 100
head12, 686, 164, 100
head12, 687, 164, 100
head12, 688, 164, 108
head12, 689, 164, 108
head12, 690, 164, 108
head12, 691, 164, 116
head12, 692, 164, 116
head12, 693, 164, 116
head12, 694, 164, 124
head12, 695, 164, 124
head12, 696, 164, 124
head12, 697, 156, 124
head12, 698, 156, 132
head12, 699, 156, 132
head12, 700, 156, 132
head12, 701, 156, 140
head12, 702, 156, 140
head12, 703, 156, 140
head12, 704, 164, 148
head12, 705, 164, 148
head12, 706, 156, 148
head12, 707, 156, 156
head12, 708, 164, 156
head12, 709, 164, 156
head12, 710, 164, 164
head12, 711, 164, 164
head12, 712, 164, 172
head12, 713, 164, 172
head12, 714, 164, 172
head12, 715, 172, 180
head12, 716, 172, 180
head12, 717, 172, 188
head12, 718, 172, 188
head12, 719, 172, 196
head12, 720, 180, 196
head12, 721, 180, 196
head12, 722, 180, 204
head12, 723, 180, 204
head12, 724, 180, 212
head12, 725, 180, 212
head12, 726, 180, 212
head12, 727, 180, 220
head12, 728, 180, 220
head12, 729, 180, 228
head12, 730, 180, 228
head12, 731, 180, 236
head12, 732, 180, 244
head12, 733, 180, 244
head12, 734, 180, 252
head12, 735, 180, 252
head13, 643, 148, 108
head13, 647, 148, 108
head13, 648, 152, 112
head13, 649, 152, 112
head13, 650, 148, 116
head13, 651, 148, 116
head13, 652, 148, 116
head13, 653, 148, 116
head13, 654, 148, 116
head13, 655, 148, 116
head13, 656, 152, 120
head13, 657, 152, 120
head13, 658, 148, 124
head13, 659, 148, 124
head13, 660, 148, 124
head13, 661, 152, 128
head13, 662, 152, 128
head13, 666, 156, 116
head13, 667, 156, 92
head13, 669, 152, 80
head13, 670, 148, 76
head13, 671, 148, 76
head13, 672, 148, 84
head13, 673, 148, 84
head13, 674, 148, 84
head13, 675, 148, 84
head13, 676, 156, 84
head13, 677, 156, 92
head13, 678, 156, 92
head13, 679, 156, 92
head13, 680, 156, 92
head13, 681, 156, 92
head13, 682, 156, 92
head13, 683, 156, 92
head13, 684, 164, 100
head13, 685, 164, 100
head13, 686, 164, 100
head13, 687, 164, 100
head13, 688, 164, 108
head13, 689, 164, 108
head13, 690, 164, 108
head13, 691, 164, 116
head13, 692, 164, 116
head13, 693, 164, 116
head13, 694, 164, 124
head13, 695, 164, 124
head13, 696, 164, 124
head13, 697, 156, 124
head13, 698, 156, 132
head13, 699, 156, 132
head13, 700, 156, 132
head13, 701, 156, 140
head13, 702, 156, 140
head13, 703, 156, 140
head13, 704, 164, 148
head13, 705, 164, 148
head13, 706, 156, 148
head13, 707, 156, 156
head13, 708, 164, 156
head13, 709, 164, 156
head13, 710, 164, 164
head13, 711, 164, 164
head13, 712, 164, 172
head13, 713, 164, 172
head13, 714, 164, 172
head13, 715, 172, 180
head13, 716, 172, 180
head13, 717, 172, 188
head13, 718, 172, 188
head13, 719, 172, 196
head13, 720, 180, 196
head13, 721, 180, 196
head13, 722, 180, 204
head13, 723, 180, 204
head13, 724, 180, 212
head13, 725, 180, 212
head13, 726, 180, 212
head13, 727, 180, 220
head13, 728, 180, 220
head13, 729, 180, 228
head13, 730, 180, 228
head13, 731, 180, 236
head13, 732, 180, 244
head13, 733, 180, 244
head13, 734, 180, 252
head13, 735, 180, 252
head14, 744, 164, 140
head14, 746, 156, 132
head14, 747, 152, 128
head14, 748, 148, 132
head14, 749, 156, 140
head14, 750, 148, 140
head14, 751, 156, 148
head14, 752, 156, 148
head14, 753, 152, 152
head14, 754, 152, 160
head14, 755, 148, 164
head14, 756, 148, 164
head14, 757, 148, 172
head14, 758, 148, 172
head14, 759, 148, 180
head14, 760, 148, 180
head14, 761, 148, 188
head14, 762, 148, 188
head14, 763, 148, 196
head14, 764, 148, 196
head14, 765, 148, 204
head14, 766, 148, 204
head14, 767, 148, 212
head14, 768, 156, 220
head14, 769, 156, 220
head14, 770, 156, 228
head14, 771, 156, 228
head14, 772, 156, 236
head14, 773, 156, 244
head14, 774, 160, 248
head15, 741, 148, 116
head15, 743, 148, 100
head15, 744, 152, 72
head15, 745, 160, 68
head15, 746, 156, 76
head15, 747, 156, 76
head15, 748, 156, 84
head15, 749, 160, 88
head15, 750, 152, 80
head15, 751, 156, 84
head15, 752, 164, 68
head15, 753, 168, 64
head15, 754, 168, 64
head15, 755, 164, 76
head15, 756, 156, 92
head15, 757, 160, 88
head15, 758, 156, 76
head15, 759, 156, 92
head15, 760, 152, 88
head15, 761, 148, 92
head15, 762, 148, 92
head15, 763, 140, 100
head15, 764, 144, 96
head15, 765, 160, 96
head15, 766, 156, 92
head15, 767, 132, 100
head15, 768, 132, 100
head15, 769, 132, 100
head15, 770, 132, 108
head15, 771, 132, 108
head15, 772, 124, 108
head15, 773, 124, 108
head15, 774, 124, 108
head15, 775, 124, 108
head15, 776, 124, 116
head15, 777, 124, 116
head15, 778, 124, 116
head15, 779, 124, 116
head15, 780, 124, 124
head15, 781, 124, 124
head15, 782, 124, 124
head15, 783, 124, 124
head15, 784, 116, 132
head15, 785, 116, 132
head15, 786, 116, 132
head15, 787, 108, 132
head15, 788, 108, 132
head15, 789, 100, 140
head15, 790, 100, 140
head15, 791, 92, 140
head15, 792, 104, 144
head15, 793, 104, 160
head15, 794, 124, 164
head16, 721, 196, 76
head16, 722, 196, 76
head16, 723, 196, 76
head16, 724, 192, 80
head16, 725, 188, 76
head16, 726, 188, 76
head16, 727, 184, 96
head16, 728, 188, 84
head16, 729, 188, 84
head16, 730, 188, 84
head16, 731, 188, 84
head16, 732, 184, 88
head16, 733, 184, 88
head16, 734, 188, 100
head16, 735, 188, 100
head16, 736, 184, 96
head16, 739, 184, 96
head16, 740, 196, 76
head16, 741, 196, 68
head16, 742, 200, 72
head16, 743, 200, 72
head16, 744, 196, 76
head16, 745, 196, 100
head16, 746, 196, 108
head16, 747, 196, 108
head16, 748, 196, 108
head16, 749, 200, 104
head16, 750, 192, 120
head16, 751, 196, 116
head16, 752, 196, 124
head16, 753, 196, 124
head16, 754, 196, 124
head16, 755, 196, 132
head16, 756, 196, 132
head16, 757, 196, 132
head16, 758, 196, 132
head16, 759, 196, 140
head16, 760, 192, 136
head16, 761, 192, 136
head16, 762, 188, 140
head16, 763, 188, 140
head16, 764, 188, 140
head16, 765, 188, 148
head16, 766, 188, 148
head16, 767, 188, 148
head16, 768, 188, 148
head16, 769, 188, 148
head16, 770, 180, 148
head16, 771, 180, 156
head16, 772, 180, 156
head16, 773, 180, 156
head16, 774, 180, 164
head16, 775, 180, 156
head16, 776, 180, 164
head16, 777, 172, 164
head16, 778, 172, 164
head16, 779, 172, 172
head16, 780, 172, 172
head16, 781, 172, 172
head16, 782, 172, 172
head16, 783, 172, 180
head16, 784, 172, 180
head16, 785, 164, 188
head16, 786, 164, 188
head16, 787, 164, 188
head16, 788, 164, 196
head16, 789, 164, 196
head16, 790, 164, 196
head16, 791, 164, 204
head16, 792, 164, 204
head16, 793, 156, 204
head16, 794, 156, 212
head16, 795, 156, 212
head16, 796, 156, 212
head16, 797, 148, 220
head16, 798, 148, 220
head16, 799, 148, 220
head16, 800, 148, 220
head16, 801, 140, 220
head16, 802, 140, 220
head16, 803, 136, 224
head16, 804, 132, 228
head16, 805, 132, 220
head16, 806, 124, 228
head16, 807, 124, 228
head16, 808, 116, 228
head16, 809, 116, 228
head16, 810, 116, 228
head16, 811, 112, 232
head16, 812, 104, 232
head16, 813, 100, 236
head16, 814, 100, 236
head16, 815, 92, 236
head16, 816, 92, 236
head16, 817, 92, 236
head16, 819, 104, 240
head16, 820, 108, 244
head16, 821, 100, 244
head16, 822, 80, 248
head17, 655, 36, 28
head17, 656, 36, 28
head17, 657, 36, 28
head17, 658, 36, 28
head17, 659, 36, 28
head17, 660, 36, 28
head17, 663, 36, 28
head17, 664, 36, 28
head17, 665, 36, 28
head17, 666, 36, 28
head17, 667, 36, 28
head17, 668, 36, 28
head17, 669, 36, 28
head17, 670, 36, 28
head17, 672, 36, 28
head17, 673, 36, 28
head17, 674, 36, 28
head17, 675, 36, 28
head17, 676, 36, 28
head17, 677, 36, 28
head17, 678, 36, 28
head17, 679, 36, 28
head17, 680, 36, 28
head17, 681, 36, 28
head17, 683, 36, 28
head17, 684, 36, 28
head17, 685, 36, 28
head17, 686, 36, 28
head17, 687, 36, 28
head17, 688, 36, 28
head17, 689, 36, 28
head17, 690, 36, 28
head17, 691, 36, 28
head17, 692, 36, 28
head17, 694, 28, 28
head17, 695, 36, 28
head17, 698, 28, 28
head17, 699, 28, 28
head17, 700, 28, 28
head17, 701, 28, 28
head17, 702, 28, 28
head17, 703, 28, 28
head17, 704, 28, 28
head17, 705, 28, 28
head17, 706, 28, 28
head17, 707, 28, 28
head17, 708, 28, 28
head17, 709, 28, 28
head17, 710, 28, 28
head17, 711, 28, 28
head17, 712, 36, 28
head17, 713, 36, 28
head17, 714, 36, 28
head17, 715, 36, 28
head17, 716, 36, 28
head17, 717, 36, 28
head17, 718, 36, 28
head17, 719, 36, 28
head17, 720, 36, 28
head17, 721, 36, 28
head17, 722, 36, 28
head17, 723, 36, 28
head17, 724, 36, 28
head17, 725, 36, 28
head17, 726, 36, 28
head17, 727, 36, 28
head17, 728, 36, 28
head17, 729, 36, 28
head17, 730, 36, 28
head17, 731, 36, 28
head17, 732, 36, 28
head17, 733, 36, 28
head17, 734, 36, 28
head17, 735, 36, 28
head17, 736, 36, 28
head17, 737, 36, 28
head17, 738, 36, 28
head17, 739, 36, 28
head17, 740, 36, 28
head17, 741, 36, 28
head17, 742, 36, 28
head17, 743, 36, 28
head17, 744, 36, 28
head17, 745, 36, 28
head17, 746, 36, 28
head17, 747, 36, 28
head17, 748, 36, 28
head17, 749, 36, 28
head17, 750, 36, 28
head17, 751, 36, 28
head17, 752, 36, 28
head17, 753, 36, 28
head17, 754, 36, 28
head17, 755, 36, 28
head17, 756, 36, 28
head17, 757, 36, 28
head17, 758, 36, 28
head17, 759, 36, 28
head17, 760, 36, 28
head17, 761, 36, 28
head17, 762, 36, 28
head17, 763, 36, 28
head17, 764, 36, 28
head17, 765, 36, 28
head17, 766, 36, 28
head17, 767, 36, 28
head17, 768, 36, 28
head17, 769, 36, 28
head17, 770, 36, 28
head17, 771, 36, 28
head17, 772, 36, 28
head17, 773, 36, 28
head17, 774, 36, 28
head17, 775, 36, 28
head17, 776, 36, 28
head17, 777, 36, 28
head17, 778, 36, 28
head17, 779, 36, 28
head17, 780, 36, 28
head17, 781, 36, 28
head17, 782, 36, 28
head17, 786, 44, 28
head17, 788, 40, 28
head17, 789, 44, 28
head17, 790, 44, 28
head17, 791, 44, 28
head17, 792, 44, 28
head17, 793, 44, 28
head17, 794, 44, 28
head17, 795, 44, 28
head17, 797, 44, 28
head17, 798, 44, 28
head17, 799, 44, 28
head17, 801, 44, 28
head17, 802, 44, 28
head17, 803, 44, 28
head17, 804, 44, 28
head17, 806, 44, 28
head17, 807, 44, 28
head17, 808, 44, 28
head17, 809, 44, 28
head17, 810, 44, 28
head17, 811, 44, 28
head17, 812, 44, 28
head17, 813, 44, 28
head17, 814, 44, 28
head17, 815, 44, 28
head17, 817, 44, 28
head17, 818, 44, 28
head17, 819, 44, 28
head17, 820, 44, 28
head17, 821, 44, 28
head17, 822, 44, 28
head17, 823, 44, 28
head17, 824, 44, 28
head17, 825, 44, 28
head17, 826, 44, 28
head17, 827, 44, 28
head17, 828, 44, 28
head17, 829, 44, 28
head17, 830, 44, 28
head17, 832, 44, 28
head18, 786, 188, 108
head18, 787, 188, 108
head18, 788, 188, 108
head18, 789, 188, 108
head18, 790, 192, 112
head18, 791, 188, 116
head18, 792, 188, 116
head18, 793, 188, 116
head18, 794, 188, 116
head18, 795, 180, 116
head18, 796, 180, 116
head18, 797, 180, 124
head18, 798, 176, 120
head18, 799, 172, 124
head18, 800, 172, 124
head18, 801, 164, 124
head18, 802, 164, 124
head18, 803, 156, 124
head18, 804, 164, 132
head18, 805, 156, 132
head18, 806, 156, 132
head18, 807, 156, 132
head18, 808, 164, 140
head18, 809, 152, 136
head18, 810, 148, 132
head18, 811, 148, 140
head18, 812, 140, 140
head18, 813, 140, 140
head18, 814, 140, 148
head18, 815, 140, 148
head18, 816, 136, 152
head18, 817, 132, 148
head18, 818, 132, 156
head18, 819, 132, 156
head18, 820, 124, 156
head18, 821, 124, 156
head18, 822, 124, 164
head18, 823, 124, 164
head18, 824, 116, 164
head18, 825, 116, 164
head18, 826, 116, 172
head18, 827, 108, 172
head18, 828, 108, 172
head18, 829, 108, 172
head18, 830, 100, 172
head18, 831, 104, 176
head18, 832, 96, 176
head18, 833, 100, 180
head18, 835, 116, 196
head18, 836, 112, 200
head19, 834, 188, 172
head19, 835, 188, 172
head19, 836, 188, 180
head19, 837, 184, 184
head19, 838, 180, 188
head19, 839, 180, 196
head19, 840, 180, 204
head19, 841, 180, 204
head19, 842, 180, 212
head19, 843, 180, 212
head19, 844, 180, 220
head19, 845, 180, 220
head19, 846, 180, 228
head19, 847, 180, 228
head19, 848, 180, 236
head19, 849, 180, 236
head19, 850, 188, 244
head19, 851, 188, 244
head19, 852, 188, 252
head19, 853, 188, 252
head19, 856, 188, 244
head19, 857, 192, 248
head20, 811, 188, 76
head20, 812, 188, 76
head20, 813, 188, 76
head20, 814, 192, 80
head20, 815, 192, 80
head20, 816, 188, 84
head20, 817, 188, 84
head20, 818, 188, 84
head20, 819, 192, 88
head20, 820, 188, 84
head20, 821, 188, 92
head20, 822, 188, 92
head20, 823, 188, 92
head20, 824, 188, 92
head20, 825, 188, 92
head20, 826, 188, 92
head20, 827, 188, 92
head20, 828, 188, 92
head20, 829, 188, 100
head20, 830, 196, 100
head20, 831, 196, 100
head20, 832, 196, 108
head20, 833, 196, 108
head20, 834, 196, 108
head20, 835, 196, 116
head20, 836, 196, 116
head20, 837, 200, 120
head20, 838, 208, 128
head20, 839, 212, 132
head20, 840, 212, 132
head20, 841, 216, 136
head20, 842, 216, 144
head20, 843, 220, 148
head20, 844, 220, 148
head20, 845, 228, 148
head20, 846, 220, 148
head20, 847, 224, 160
head20, 848, 220, 164
head20, 849, 236, 164
head20, 850, 240, 168
head20, 851, 228, 172
head20, 852, 244, 172
head20, 853, 236, 180
head20, 854, 252, 180
head20, 855, 248, 192
head20, 856, 260, 188
head20, 857, 252, 196
head20, 858, 268, 196
head20, 859, 260, 204
head20, 860, 272, 200
head20, 861, 264, 208
head20, 863, 276, 212
head20, 864, 292, 212
head20, 865, 296, 216
head20, 866, 308, 220
head20, 867, 308, 220
head20, 869, 312, 224
head20, 870, 320, 232
head20, 871, 316, 228
head20, 872, 292, 244
head21, 852, 140, 116
head21, 853, 140, 116
head21, 854, 136, 120
head21, 855, 132, 124
head21, 856, 132, 124
head21, 857, 132, 124
head21, 858, 132, 132
head21, 859, 132, 132
head21, 860, 132, 132
head21, 861, 132, 140
head21, 862, 132, 140
head21, 863, 132, 148
head21, 864, 132, 148
head21, 865, 124, 148
head21, 866, 124, 156
head21, 867, 124, 156
head21, 868, 124, 164
head21, 869, 124, 164
head21, 870, 124, 164
head21, 871, 124, 172
head21, 872, 124, 172
head21, 873, 124, 180
head21, 874, 124, 180
head21, 875, 124, 188
head21, 876, 124, 188
head21, 877, 124, 196
head21, 878, 124, 196
head21, 879, 120, 200
head21, 880, 116, 204
head21, 881, 116, 212
head21, 882, 116, 212
head21, 883, 116, 220
head21, 884, 116, 220
head21, 885, 116, 228
head21, 886, 116, 228
head21, 887, 116, 236
head21, 888, 116, 236
head21, 889, 116, 244
head21, 890, 116, 244
head21, 891, 116, 252
head21, 892, 116, 252
head22, 893, 180, 180
head22, 894, 180, 188
head22, 895, 180, 188
head22, 896, 180, 196
head22, 897, 180, 196
head22, 898, 180, 204
head22, 899, 180, 204
head22, 900, 172, 204
head22, 901, 172, 212
head22, 902, 172, 212
head22, 903, 172, 220
head22, 904, 172, 220
head22, 905, 164, 220
head22, 906, 164, 220
head22, 907, 164, 228
head22, 908, 164, 228
head22, 909, 160, 232
head22, 910, 156, 236
head22, 911, 156, 236
head22, 912, 148, 236
head22, 913, 148, 244
head22, 914, 140, 244
head22, 915, 144, 248
head22, 916, 140, 252
head22, 917, 132, 252
head22, 918, 136, 256
head22, 919, 136, 262
head23, 959, 164, 164
head23, 960, 164, 164
head23, 961, 160, 168
head23, 962, 164, 172
head23, 963, 164, 172
head23, 964, 160, 176
head23, 965, 156, 180
head23, 966, 156, 180
head23, 967, 160, 184
head23, 968, 156, 188
head23, 969, 156, 188
head23, 970, 156, 188
head23, 971, 152, 192
head23, 972, 152, 200
head23, 973, 148, 204
head23, 974, 148, 204
head23, 975, 152, 208
head23, 976, 152, 208
head23, 977, 148, 212
head23, 978, 148, 212
head23, 979, 152, 216
head23, 980, 152, 216
head23, 981, 148, 220
head23, 982, 156, 220
head23, 983, 156, 228
head23, 984, 156, 228
head23, 985, 156, 228
head23, 986, 156, 236
head23, 987, 156, 236
head23, 988, 160, 240
head23, 989, 168, 232
head23, 990, 164, 244
head23, 991, 164, 244
head23, 992, 164, 244
head23, 993, 164, 244
head23, 994, 176, 248
head24, 865, 148, 68
head24, 866, 148, 68
head24, 867, 148, 68
head24, 868, 148, 68
head24, 869, 148, 68
head24, 870, 148, 68
head24, 871, 148, 76
head24, 872, 148, 76
head24, 873, 148, 76
head24, 874, 148, 76
head24, 875, 148, 84
head24, 876, 148, 84
head24, 877, 148, 84
head24, 878, 148, 84
head24, 879, 148, 84
head24, 880, 156, 92
head24, 881, 156, 92
head24, 882, 148, 92
head24, 883, 148, 92
head24, 884, 156, 100
head24, 885, 148, 100
head24, 886, 148, 100
head24, 887, 148, 100
head24, 888, 148, 108
head24, 889, 148, 108
head24, 890, 148, 108
head24, 891, 148, 116
head24, 892, 140, 116
head24, 893, 140, 116
head24, 894, 140, 116
head24, 895, 140, 124
head24, 896, 140, 124
head24, 897, 132, 124
head24, 898, 132, 124
head24, 899, 132, 132
head24, 900, 132, 132
head24, 901, 132, 132
head24, 902, 132, 140
head24, 903, 132, 140
head24, 904, 132, 140
head24, 905, 132, 148
head24, 906, 132, 148
head24, 907, 132, 148
head24, 908, 132, 156
head24, 909, 132, 156
head24, 910, 124, 156
head24, 911, 132, 164
head24, 912, 132, 164
head24, 913, 132, 164
head24, 914, 132, 164
head24, 915, 132, 164
head24, 916, 132, 172
head24, 917, 132, 172
head24, 918, 132, 172
head24, 919, 132, 180
head24, 920, 132, 180
head24, 921, 132, 180
head24, 922, 132, 180
head24, 923, 132, 180
head24, 924, 124, 188
head24, 925, 124, 188
head24, 926, 124, 188
head24, 927, 124, 188
head24, 928, 116, 196
head24, 929, 116, 196
head24, 930, 108, 196
head24, 931, 108, 196
head24, 932, 108, 204
head24, 933, 100, 204
head24, 934, 100, 204
head24, 935, 100, 212
head24, 936, 100, 212
head24, 937, 92, 212
head24, 938, 92, 212
head24, 939, 92, 212
head24, 940, 92, 212
head24, 941, 92, 212
head24, 942, 84, 212
head24, 943, 84, 212
head24, 944, 84, 212
head24, 945, 84, 212
head24, 946, 84, 212
head24, 947, 76, 212
head24, 948, 76, 212
head24, 949, 76, 212
head24, 950, 76, 212
head24, 951, 76, 204
head24, 952, 76, 204
head24, 953, 72, 208
head24, 954, 68, 204
head24, 955, 68, 204
head24, 956, 68, 204
head24, 957, 68, 204
head24, 958, 68, 204
head24, 959, 68, 204
head24, 960, 64, 208
head24, 961, 60, 204
head24, 962, 60, 204
head24, 963, 60, 212
head24, 964, 60, 212
head24, 965, 60, 212
head24, 966, 60, 212
head24, 967, 60, 212
head24, 968, 52, 212
head24, 969, 52, 212
head24, 970, 52, 212
head24, 971, 52, 220
head24, 972, 52, 220
head24, 973, 52, 220
head24, 974, 56, 216
head24, 975, 52, 228
head24, 976, 52, 228
head24, 977, 48, 232
head24, 979, 52, 236
head24, 982, 52, 236
head24, 983, 52, 244
head24, 987, 56, 240
head24, 988, 56, 240
head24, 989, 52, 244
head24, 990, 60, 244
head24, 991, 60, 244
head24, 992, 64, 248
head24, 993, 64, 248
head24, 994, 60, 252
head24, 995, 60, 252
head25, 962, 180, 108
head25, 963, 180, 108
head25, 964, 180, 108
head25, 965, 180, 108
head25, 966, 180, 116
head25, 967, 180, 116
head25, 968, 180, 116
head25, 969, 180, 116
head25, 970, 184, 120
head25, 971, 188, 124
head25, 972, 188, 132
head25, 973, 188, 132
head25, 974, 188, 132
head25, 975, 192, 136
head25, 976, 188, 140
head25, 977, 188, 140
head25, 978, 192, 144
head25, 979, 196, 148
head25, 980, 196, 148
head25, 981, 196, 156
head25, 982, 196, 156
head25, 983, 196, 164
head25, 984, 196, 164
head25, 985, 200, 168
head25, 986, 204, 172
head25, 987, 196, 172
head25, 988, 204, 180
head25, 989, 204, 180
head25, 990, 204, 188
head25, 991, 204, 188
head25, 992, 204, 188
head25, 993, 204, 196
head25, 994, 204, 196
head25, 995, 204, 196
head25, 996, 204, 204
head25, 997, 204, 204
head25, 998, 212, 204
head25, 999, 212, 212
head25, 1000, 212, 212
head25, 1001, 212, 220
head25, 1002, 212, 220
head25, 1003, 220, 220
head25, 1004, 220, 228
head25, 1005, 220, 228
head25, 1006, 220, 228
head25, 1007, 228, 236
head25, 1008, 228, 236
head25, 1009, 228, 236
head25, 1010, 228, 244
head25, 1011, 236, 244
head25, 1012, 236, 252
head25, 1013, 236, 252
head25, 1014, 236, 252
head26, 944, 188, 76
head26, 945, 188, 76
head26, 946, 188, 76
head26, 947, 184, 80
head26, 948, 184, 88
head26, 950, 180, 84
head26, 951, 172, 68
head26, 952, 152, 72
head26, 953, 144, 80
head26, 957, 140, 68
head26, 960, 140, 76
head26, 961, 144, 72
head26, 962, 144, 72
head26, 963, 164, 92
head26, 964, 180, 108
head26, 965, 180, 108
head26, 966, 180, 116
head26, 967, 180, 116
head26, 968, 180, 116
head26, 969, 180, 116
head26, 970, 184, 120
head26, 971, 188, 124
head26, 972, 188, 132
head26, 973, 188, 132
head26, 974, 188, 132
head26, 975, 192, 136
head26, 976, 188, 140
head26, 977, 188, 140
head26, 978, 192, 144
head26, 979, 196, 148
head26, 980, 196, 148
head26, 981, 196, 156
head26, 982, 196, 156
head26, 983, 196, 164
head26, 984, 196, 164
head26, 985, 200, 168
head26, 986, 204, 172
head26, 987, 196, 172
head26, 988, 204, 180
head26, 989, 204, 180
head26, 990, 204, 188
head26, 991, 204, 188
head26, 992, 204, 188
head26, 993, 204, 196
head26, 994, 204, 196
head26, 995, 204, 196
head26, 996, 204, 204
head26, 997, 204, 204
head26, 998, 212, 204
head26, 999, 212, 212
head26, 1000, 212, 212
head26, 1001, 212, 220
head26, 1002, 212, 220
head26, 1003, 220, 220
head26, 1004, 220, 228
head26, 1005, 220, 228
head26, 1006, 220, 228
head26, 1007, 228, 236
head26, 1008, 228, 236
head26, 1009, 228, 236
head26, 1010, 228, 244
head26, 1011, 236, 244
head26, 1012, 236, 252
head26, 1013, 236, 252
head26, 1014, 236, 252
head27, 998, 212, 124
head27, 999, 212, 124
head27, 1000, 212, 124
head27, 1001, 220, 124
head27, 1002, 220, 124
head27, 1003, 220, 124
head27, 1004, 224, 128
head27, 1005, 228, 124
head27, 1006, 236, 124
head27, 1007, 232, 128
head27, 1008, 240, 128
head27, 1009, 244, 124
head27, 1010, 252, 132
head27, 1011, 256, 128
head27, 1012, 256, 128
head27, 1013, 260, 132
head27, 1014, 260, 132
head27, 1015, 256, 136
head27, 1016, 264, 136
head27, 1017, 268, 132
head27, 1018, 268, 132
head27, 1019, 272, 136
head27, 1020, 276, 140
head27, 1021, 284, 140
head27, 1022, 280, 136
head27, 1023, 288, 144
head27, 1024, 284, 140
head27, 1025, 292, 140
head27, 1026, 296, 144
head27, 1027, 304, 144
head27, 1028, 300, 132
head27, 1029, 300, 124
head27, 1030, 304, 128
head27, 1031, 304, 128
head27, 1032, 308, 124
head27, 1033, 308, 124
head27, 1034, 308, 124
head27, 1035, 312, 128
head27, 1036, 316, 124
head27, 1037, 316, 124
head27, 1038, 320, 128
head28, 1030, 108, 124
head28, 1031, 108, 124
head28, 1032, 104, 120
head28, 1033, 104, 120
head28, 1034, 108, 124
head28, 1035, 108, 124
head28, 1036, 104, 120
head28, 1037, 104, 120
head28, 1038, 108, 124
head28, 1039, 108, 124
head28, 1040, 104, 120
head28, 1041, 104, 120
head28, 1042, 108, 124
head28, 1043, 108, 124
head28, 1044, 104, 120
head28, 1045, 104, 120
head28, 1046, 108, 124
head28, 1047, 108, 124
head28, 1048, 104, 120
head28, 1049, 104, 120
head28, 1050, 108, 124
head28, 1051, 108, 124
head28, 1052, 104, 120
head28, 1057, 104, 120
head29, 1061, 36, 28
head29, 1062, 36, 28
head29, 1063, 36, 28
head29, 1064, 36, 28
head29, 1065, 36, 28
head29, 1066, 36, 28
head29, 1067, 36, 28
head29, 1068, 36, 28
head29, 1069, 36, 28
head29, 1070, 36, 28
head29, 1071, 36, 28
head29, 1072, 36, 28
head29, 1073, 36, 28
head29, 1074, 36, 28
head29, 1075, 36, 28
head29, 1076, 36, 28
head29, 1077, 36, 28
head29, 1078, 36, 28
head29, 1079, 36, 28
head29, 1080, 36, 28
head29, 1081, 36, 28
head29, 1082, 36, 28
head29, 1083, 36, 28
head29, 1084, 36, 28
head29, 1085, 36, 28
head29, 1086, 36, 28
head29, 1087, 36, 28
head29, 1088, 36, 28
head29, 1089, 36, 28
head29, 1090, 36, 28
head29, 1091, 36, 28
head29, 1092, 36, 28
head29, 1093, 36, 28
head29, 1094, 36, 28
head29, 1095, 36, 28
head29, 1096, 36, 28
head29, 1097, 36, 28
head29, 1098, 36, 28
head29, 1099, 36, 28
head29, 1100, 36, 28
head29, 1101, 36, 28
head29, 1102, 36, 28
head29, 1103, 36, 28
head29, 1104, 36, 28
head29, 1105, 36, 28
head29, 1106, 36, 28
head29, 1107, 36, 28
head29, 1108, 36, 28
head29, 1109, 36, 28
head29, 1110, 36, 28
head30, 978, 180, 68
head30, 979, 180, 68
head30, 980, 184, 64
head30, 981, 184, 64
head30, 982, 180, 68
head30, 983, 180, 68
head30, 984, 184, 72
head30, 985, 184, 72
head30, 988, 180, 84
head30, 993, 188, 76
head30, 994, 176, 72
head30, 995, 176, 72
head30, 996, 188, 76
head30, 997, 180, 84
head30, 998, 152, 88
head30, 999, 144, 72
head30, 1000, 140, 76
head30, 1001, 148, 92
head30, 1002, 152, 96
head30, 1003, 152, 96
head30, 1004, 148, 100
head30, 1005, 148, 100
head30, 1006, 148, 100
head30, 1007, 148, 100
head30, 1008, 148, 100
head30, 1009, 148, 100
head30, 1010, 148, 108
head30, 1011, 148, 108
head30, 1012, 144, 96
head30, 1014, 148, 108
head30, 1015, 148, 116
head30, 1016, 152, 112
head30, 1017, 152, 96
head30, 1018, 140, 84
head30, 1019, 140, 84
head30, 1020, 140, 84
head30, 1021, 140, 84
head30, 1022, 140, 84
head30, 1023, 152, 104
head30, 1024, 152, 104
head30, 1025, 140, 84
head30, 1026, 140, 84
head30, 1027, 140, 84
head30, 1028, 144, 88
head30, 1029, 148, 92
head30, 1030, 148, 100
head30, 1031, 152, 96
head30, 1032, 148, 100
head30, 1033, 148, 100
head30, 1034, 156, 100
head30, 1035, 156, 100
head30, 1036, 156, 100
head30, 1037, 156, 100
head30, 1038, 152, 104
head30, 1039, 156, 108
head30, 1040, 156, 108
head30, 1041, 156, 108
head30, 1042, 156, 108
head30, 1043, 156, 108
head30, 1044, 156, 108
head30, 1045, 156, 108
head30, 1046, 156, 116
head30, 1047, 156, 116
head30, 1048, 156, 116
head30, 1049, 156, 116
head30, 1050, 156, 124
head30, 1051, 156, 124
head30, 1052, 156, 124
head30, 1053, 148, 124
head30, 1054, 148, 124
head30, 1055, 152, 128
head30, 1056, 148, 132
head30, 1057, 148, 132
head30, 1058, 148, 132
head30, 1059, 148, 140
head30, 1060, 148, 140
head30, 1061, 144, 144
head30, 1062, 144, 144
head30, 1063, 140, 148
head30, 1064, 140, 148
head30, 1065, 144, 152
head30, 1066, 144, 152
head30, 1067, 140, 156
head30, 1070, 148, 164
head30, 1071, 148, 164
head30, 1072, 148, 172
head30, 1073, 148, 172
head30, 1074, 148, 172
head30, 1075, 152, 176
head30, 1076, 156, 180
head30, 1077, 156, 180
head30, 1078, 164, 180
head30, 1079, 164, 180
head30, 1080, 168, 184
head30, 1081, 172, 188
head30, 1082, 172, 188
head30, 1083, 172, 196
head30, 1084, 180, 196
head30, 1085, 180, 196
head30, 1086, 180, 204
head30, 1087, 188, 204
head30, 1088, 188, 204
head30, 1089, 188, 204
head30, 1090, 188, 212
head30, 1091, 188, 212
head30, 1092, 188, 212
head30, 1093, 188, 212
head30, 1094, 188, 220
head30, 1095, 188, 220
head30, 1096, 196, 220
head30, 1097, 196, 220
head30, 1098, 196, 228
head30, 1099, 196, 228
head30, 1100, 196, 236
head30, 1101, 196, 236
head30, 1102, 196, 236
head30, 1103, 196, 244
head30, 1104, 196, 244
head30, 1105, 200, 248
head30, 1106, 204, 244
head30, 1107, 204, 252
head30, 1108, 204, 252
head30, 1111, 208, 256
head30, 1112, 216, 262
head30, 1113, 212, 260
head31, 1067, 180, 68
head31, 1068, 180, 68
head31, 1069, 180, 68
head31, 1070, 180, 76
head31, 1071, 180, 76
head31, 1072, 180, 76
head31, 1073, 180, 76
head31, 1074, 180, 76
head31, 1075, 180, 76
head31, 1076, 180, 84
head31, 1077, 180, 84
head31, 1078, 180, 84
head31, 1079, 180, 84
head31, 1080, 180, 84
head31, 1081, 188, 92
head31, 1082, 188, 92
head31, 1083, 188, 92
head31, 1084, 188, 92
head31, 1085, 188, 100
head31, 1086, 188, 100
head31, 1087, 188, 100
head31, 1088, 188, 100
head31, 1089, 188, 100
head31, 1090, 188, 108
head31, 1091, 192, 104
head31, 1092, 192, 104
head31, 1093, 196, 108
head31, 1094, 196, 108
head31, 1095, 192, 112
head31, 1096, 196, 108
head31, 1097, 196, 116
head31, 1098, 196, 124
head31, 1099, 196, 124
head31, 1100, 196, 124
head31, 1101, 200, 128
head31, 1102, 208, 128
head31, 1103, 212, 132
head31, 1104, 212, 132
head31, 1105, 212, 132
head31, 1106, 216, 136
head31, 1107, 220, 132
head31, 1108, 228, 140
head31, 1109, 228, 132
head31, 1110, 236, 140
head31, 1111, 236, 140
head31, 1112, 236, 140
head31, 1113, 244, 140
head31, 1114, 248, 144
head31, 1115, 248, 144
head31, 1116, 252, 148
head31, 1117, 260, 140
head31, 1118, 260, 148
head31, 1119, 268, 148
head31, 1120, 268, 148
head31, 1121, 276, 156
head31, 1122, 276, 156
head31, 1123, 280, 160
head31, 1124, 284, 164
head31, 1126, 292, 164
head31, 1127, 296, 168
head31, 1128, 300, 172
head31, 1129, 300, 172
head31, 1130, 304, 176
head31, 1131, 308, 180
head31, 1132, 308, 180
head31, 1133, 316, 188
head31, 1134, 316, 188
head31, 1135, 324, 188
head31, 1136, 324, 188
head31, 1137, 326, 200
head32, 1053, 188, 100
head32, 1054, 188, 100
head32, 1055, 188, 100
head32, 1056, 188, 100
head32, 1057, 188, 100
head32, 1058, 184, 104
head32, 1059, 184, 104
head32, 1060, 188, 108
head32, 1061, 180, 108
head32, 1062, 184, 112
head32, 1063, 184, 112
head32, 1064, 180, 108
head32, 1065, 180, 108
head32, 1066, 184, 112
head32, 1067, 188, 116
head32, 1068, 188, 116
head32, 1069, 188, 116
head32, 1070, 192, 120
head32, 1071, 192, 120
head32, 1072, 188, 124
head32, 1073, 196, 124
head32, 1074, 192, 128
head32, 1075, 196, 132
head32, 1076, 204, 132
head32, 1077, 204, 132
head32, 1078, 208, 136
head32, 1079, 212, 140
head32, 1080, 212, 140
head32, 1081, 216, 144
head32, 1082, 220, 148
head32, 1083, 220, 148
head32, 1084, 228, 148
head32, 1085, 228, 148
head32, 1086, 228, 156
head32, 1087, 228, 156
head32, 1088, 232, 160
head32, 1089, 236, 164
head32, 1090, 236, 164
head32, 1091, 232, 168
head32, 1092, 236, 172
head32, 1093, 236, 172
head32, 1094, 240, 176
head32, 1095, 240, 184
head32, 1096, 236, 188
head32, 1097, 236, 188
head32, 1098, 240, 192
head32, 1100, 240, 200
head32, 1101, 236, 204
head32, 1102, 236, 204
head32, 1103, 240, 208
head32, 1104, 240, 208
head32, 1106, 244, 212
head32, 1107, 244, 212
head32, 1108, 240, 216
head32, 1110, 248, 216
head32, 1111, 252, 220
head32, 1112, 252, 220
head32, 1113, 256, 224
head32, 1114, 256, 224
head32, 1115, 260, 228
head32, 1116, 260, 236
head32, 1117, 260, 236
head32, 1118, 264, 240
head32, 1119, 272, 240
head32, 1120, 268, 244
head32, 1121, 276, 244
head32, 1122, 280, 248
head32, 1123, 280, 248
head32, 1124, 276, 252
head32, 1125, 276, 252
head32, 1127, 276, 252
head32, 1128, 276, 252
head32, 1129, 276, 252
head32, 1131, 280, 256
head32, 1132, 280, 256
head32, 1133, 284, 260
head32, 1134, 276, 260
head32, 1135, 276, 260
head32, 1136, 276, 260
head32, 1137, 280, 256
head32, 1138, 280, 262
head32, 1140, 276, 260
head32, 1141, 268, 260
head32, 1142, 272, 262
head33, 1118, 164, 116
head33, 1119, 164, 116
head33, 1120, 164, 124
head33, 1121, 168, 120
head33, 1122, 172, 124
head33, 1123, 172, 124
head33, 1124, 172, 132
head33, 1125, 172, 132
head33, 1126, 180, 132
head33, 1127, 180, 140
head33, 1128, 180, 140
head33, 1129, 180, 140
head33, 1130, 180, 140
head33, 1131, 188, 148
head33, 1132, 188, 148
head33, 1133, 188, 148
head33, 1134, 188, 148
head33, 1135, 188, 156
head33, 1136, 188, 156
head33, 1137, 196, 164
head33, 1138, 188, 164
head33, 1139, 188, 164
head33, 1140, 188, 164
head33, 1141, 188, 164
head33, 1142, 196, 172
head33, 1143, 188, 172
head33, 1144, 196, 180
head33, 1145, 196, 180
head33, 1146, 188, 180
head33, 1147, 196, 188
head33, 1148, 188, 188
head33, 1149, 188, 188
head33, 1150, 188, 188
head33, 1151, 188, 196
head33, 1152, 188, 196
head33, 1153, 188, 196
head33, 1154, 196, 204
head33, 1155, 196, 204
head33, 1156, 196, 204
head33, 1157, 196, 204
head33, 1158, 196, 204
head33, 1159, 196, 212
head33, 1160, 196, 212
head33, 1161, 196, 212
head33, 1162, 196, 212
head33, 1163, 196, 220
head33, 1164, 196, 220
head33, 1165, 204, 220
head33, 1166, 204, 220
head33, 1167, 204, 220
head33, 1168, 204, 220
head33, 1169, 204, 228
head33, 1170, 204, 228
head33, 1171, 204, 228
head33, 1172, 204, 228
head33, 1173, 204, 228
head33, 1174, 204, 228
head33, 1175, 212, 228
head33, 1176, 212, 228
head33, 1177, 212, 236
head33, 1178, 212, 236
head33, 1179, 212, 236
head33, 1180, 212, 236
head33, 1181, 212, 236
head33, 1182, 212, 236
head33, 1183, 212, 236
head33, 1184, 212, 244
head33, 1185, 212, 244
head33, 1186, 212, 244
head33, 1187, 212, 244
head33, 1188, 212, 252
head33, 1189, 212, 252
head33, 1190, 212, 252
head33, 1191, 212, 252
head33, 1192, 212, 252
head33, 1193, 212, 252
head34, 1202, 148, 164
head34, 1203, 148, 164
head34, 1204, 148, 164
head34, 1205, 148, 172
head34, 1206, 148, 172
head34, 1207, 144, 176
head34, 1208, 148, 180
head34, 1209, 148, 180
head34, 1210, 140, 180
head34, 1211, 140, 188
head34, 1212, 140, 188
head34, 1213, 140, 196
head34, 1214, 140, 196
head34, 1215, 132, 196
head34, 1216, 132, 196
head34, 1217, 132, 204
head34, 1218, 132, 204
head34, 1219, 128, 208
head34, 1220, 124, 212
head34, 1221, 124, 212
head34, 1222, 124, 220
head34, 1223, 124, 220
head34, 1224, 116, 220
head34, 1225, 116, 228
head34, 1226, 116, 228
head34, 1227, 116, 228
head34, 1228, 116, 236
head34, 1229, 112, 240
head34, 1230, 108, 236
head34, 1231, 108, 244
head34, 1232, 108, 244
head34, 1233, 112, 248
head35, 1137, 188, 108
head35, 1138, 188, 108
head35, 1139, 188, 108
head35, 1141, 184, 112
head35, 1142, 192, 104
head35, 1143, 196, 108
head35, 1144, 196, 108
head35, 1145, 192, 104
head35, 1146, 188, 100
head35, 1147, 188, 100
head35, 1148, 188, 108
head35, 1149, 188, 108
head35, 1150, 188, 108
head35, 1151, 188, 108
head35, 1152, 184, 112
head35, 1153, 184, 112
head35, 1154, 180, 116
head35, 1155, 180, 116
head35, 1156, 180, 124
head35, 1157, 180, 124
head35, 1158, 180, 124
head35, 1159, 180, 124
head35, 1160, 180, 124
head35, 1161, 180, 124
head35, 1162, 180, 124
head35, 1163, 180, 124
head35, 1164, 180, 124
head35, 1165, 180, 132
head35, 1166, 180, 132
head35, 1167, 180, 132
head35, 1168, 180, 132
head35, 1169, 180, 132
head35, 1170, 188, 132
head35, 1171, 188, 132
head35, 1172, 188, 140
head35, 1173, 188, 132
head35, 1174, 196, 140
head35, 1175, 196, 140
head35, 1176, 196, 140
head35, 1177, 204, 140
head35, 1178, 204, 140
head35, 1179, 204, 140
head35, 1180, 204, 140
head35, 1181, 212, 140
head35, 1182, 212, 140
head35, 1183, 212, 140
head35, 1184, 212, 140
head35, 1185, 220, 140
head35, 1186, 220, 140
head35, 1187, 220, 140
head35, 1188, 220, 140
head35, 1189, 220, 140
head35, 1190, 228, 140
head35, 1191, 228, 140
head35, 1192, 228, 140
head35, 1193, 228, 140
head35, 1194, 232, 144
head35, 1195, 236, 148
head35, 1196, 236, 148
head35, 1197, 236, 148
head35, 1198, 244, 148
head35, 1199, 244, 148
head35, 1200, 244, 148
head35, 1201, 248, 152
head35, 1202, 252, 156
head35, 1203, 252, 156
head35, 1204, 252, 156
head35, 1205, 256, 160
head35, 1206, 260, 164
head35, 1207, 260, 164
head35, 1208, 260, 164
head35, 1209, 260, 164
head35, 1210, 264, 168
head35, 1211, 264, 168
head35, 1212, 268, 172
head35, 1213, 268, 172
head35, 1214, 268, 172
head35, 1215, 272, 168
head35, 1216, 276, 172
head35, 1217, 276, 172
head35, 1218, 276, 172
head35, 1219, 280, 176
head35, 1220, 284, 180
head35, 1221, 284, 180
head35, 1222, 284, 180
head35, 1223, 288, 184
head35, 1224, 292, 188
head35, 1225, 292, 188
head35, 1226, 292, 188
head35, 1227, 300, 188
head35, 1228, 300, 188
head35, 1229, 300, 196
head35, 1230, 300, 196
head35, 1231, 300, 196
head35, 1232, 300, 196
head35, 1233, 300, 204
head35, 1234, 308, 204
head35, 1235, 308, 204
head35, 1236, 308, 204
head35, 1237, 308, 212
head35, 1238, 308, 212
head35, 1239, 308, 212
head35, 1240, 300, 220
head35, 1241, 300, 220
head35, 1242, 300, 220
head35, 1243, 300, 220
head35, 1244, 300, 228
head35, 1245, 300, 228
head35, 1246, 300, 228
head35, 1247, 296, 232
head35, 1248, 300, 236
head35, 1249, 300, 236
head35, 1250, 300, 236
head35, 1251, 300, 244
head35, 1252, 300, 244
head35, 1253, 300, 244
head35, 1254, 300, 244
head35, 1255, 300, 244
head35, 1256, 300, 252
head35, 1257, 300, 252
head35, 1258, 300, 252
head35, 1259, 300, 252
head35, 1260, 300, 252
head36, 1227, 148, 92
head36, 1228, 148, 92
head36, 1229, 148, 92
head36, 1230, 148, 92
head36, 1231, 148, 92
head36, 1232, 148, 100
head36, 1233, 148, 100
head36, 1234, 148, 108
head36, 1235, 148, 108
head36, 1236, 148, 108
head36, 1237, 140, 108
head36, 1238, 140, 108
head36, 1239, 140, 108
head36, 1240, 140, 116
head36, 1241, 140, 116
head36, 1242, 140, 116
head36, 1243, 140, 124
head36, 1244, 140, 124
head36, 1245, 132, 124
head36, 1246, 132, 124
head36, 1247, 136, 128
head36, 1248, 132, 132
head36, 1249, 132, 132
head36, 1250, 132, 140
head36, 1251, 132, 140
head36, 1252, 132, 140
head36, 1253, 128, 144
head36, 1254, 132, 148
head36, 1255, 124, 148
head36, 1256, 124, 156
head36, 1257, 124, 156
head36, 1258, 120, 160
head36, 1259, 120, 160
head36, 1260, 116, 164
head36, 1261, 116, 164
head36, 1262, 120, 168
head36, 1263, 120, 168
head36, 1264, 108, 172
head36, 1265, 108, 172
head36, 1269, 96, 184
head36, 1270, 96, 184
head36, 1271, 100, 188
head36, 1273, 84, 188
head36, 1274, 80, 184
head36, 1275, 76, 188
head36, 1276, 76, 188
head36, 1277, 72, 192
head36, 1278, 68, 196
head36, 1279, 60, 196
head36, 1280, 60, 196
head36, 1281, 56, 200
head36, 1282, 56, 200
head36, 1283, 52, 204
head36, 1284, 52, 204
head36, 1285, 48, 208
head37, 1223, 212, 124
head37, 1224, 212, 124
head37, 1225, 212, 132
head37, 1226, 212, 132
head37, 1227, 220, 132
head37, 1228, 220, 132
head37, 1229, 220, 132
head37, 1230, 220, 140
head37, 1231, 224, 136
head37, 1232, 224, 136
head37, 1233, 228, 140
head37, 1234, 228, 140
head37, 1235, 224, 144
head37, 1236, 224, 144
head37, 1237, 228, 148
head37, 1238, 228, 148
head37, 1239, 228, 148
head37, 1240, 224, 152
head37, 1241, 228, 156
head37, 1242, 228, 156
head37, 1243, 224, 160
head37, 1244, 224, 160
head37, 1245, 220, 164
head37, 1246, 220, 172
head37, 1247, 220, 172
head37, 1248, 216, 176
head37, 1249, 208, 184
head37, 1250, 204, 204
head37, 1251, 196, 204
head37, 1252, 204, 196
head37, 1253, 204, 196
head37, 1254, 204, 196
head37, 1255, 204, 196
head37, 1256, 204, 204
head37, 1257, 196, 204
head37, 1258, 196, 204
head37, 1259, 196, 212
head37, 1260, 196, 212
head37, 1261, 196, 220
head37, 1262, 196, 220
head37, 1263, 196, 228
head37, 1264, 200, 232
head37, 1265, 196, 236
head37, 1266, 196, 236
head37, 1267, 196, 236
head37, 1268, 176, 216
head37, 1269, 180, 220
head37, 1270, 180, 220
head37, 1271, 180, 220
head37, 1272, 180, 220
head37, 1273, 184, 224
head37, 1274, 180, 228
head37, 1275, 180, 228
head37, 1276, 180, 228
head37, 1277, 176, 232
head37, 1278, 172, 236
head37, 1279, 172, 236
head37, 1280, 172, 236
head37, 1281, 168, 232
head37, 1282, 164, 236
head37, 1283, 164, 236
head37, 1284, 164, 236
head37, 1285, 160, 240
head37, 1286, 160, 240
head37, 1287, 156, 244
head37, 1288, 156, 244
head37, 1289, 152, 240
head37, 1292, 152, 248
head37, 1293, 148, 244
head37, 1295, 148, 244
head37, 1297, 152, 248
head38, 1246, 180, 76
head38, 1247, 180, 76
head38, 1248, 180, 76
head38, 1249, 184, 80
head38, 1250, 184, 80
head38, 1251, 188, 84
head38, 1252, 188, 84
head38, 1253, 188, 84
head38, 1254, 188, 84
head38, 1255, 188, 84
head38, 1256, 188, 84
head38, 1257, 188, 84
head38, 1258, 188, 84
head38, 1259, 188, 84
head38, 1260, 192, 88
head38, 1261, 188, 92
head38, 1262, 188, 92
head38, 1263, 188, 92
head38, 1264, 188, 92
head38, 1265, 188, 92
head38, 1266, 188, 100
head38, 1267, 188, 100
head38, 1268, 184, 104
head38, 1269, 184, 104
head38, 1272, 180, 108
head38, 1273, 180, 116
head38, 1274, 176, 112
head38, 1276, 176, 120
head38, 1277, 172, 124
head38, 1278, 172, 124
head38, 1279, 172, 124
head38, 1280, 168, 128
head38, 1281, 168, 128
head38, 1282, 164, 132
head38, 1283, 164, 132
head38, 1284, 160, 136
head38, 1285, 160, 144
head38, 1286, 164, 140
head38, 1288, 156, 148
head38, 1289, 156, 148
head38, 1290, 160, 152
head38, 1291, 156, 156
head38, 1292, 156, 156
head38, 1293, 156, 164
head38, 1294, 160, 160
head38, 1295, 152, 168
head38, 1296, 148, 172
head38, 1297, 148, 172
head38, 1298, 148, 172
head38, 1299, 144, 176
head38, 1300, 140, 180
head38, 1301, 132, 180
head38, 1302, 132, 180
head38, 1303, 124, 180
head38, 1304, 124, 180
head38, 1305, 124, 180
head38, 1306, 120, 184
head38, 1307, 120, 184
head38, 1308, 116, 188
head39, 1264, 148, 68
head39, 1266, 148, 76
head39, 1267, 148, 76
head39, 1268, 148, 76
head39, 1269, 148, 76
head39, 1270, 148, 76
head39, 1271, 148, 76
head39, 1272, 148, 84
head39, 1273, 148, 84
head39, 1274, 148, 84
head39, 1275, 148, 92
head39, 1276, 148, 92
head39, 1277, 148, 92
head39, 1278, 148, 92
head39, 1279, 144, 88
head39, 1280, 140, 92
head39, 1281, 140, 92
head39, 1284, 140, 100
head39, 1285, 140, 100
head39, 1287, 136, 104
head39, 1288, 136, 104
head39, 1290, 132, 108
head39, 1291, 132, 108
head39, 1293, 128, 112
head39, 1294, 132, 108
head39, 1295, 132, 116
head39, 1296, 132, 116
head39, 1297, 124, 116
head39, 1298, 124, 116
head39, 1299, 124, 116
head39, 1300, 124, 116
head39, 1301, 120, 120
head39, 1302, 120, 120
head39, 1303, 124, 124
head39, 1304, 124, 124
head39, 1305, 112, 120
head39, 1306, 116, 124
head39, 1307, 108, 124
head39, 1308, 108, 124
head39, 1309, 108, 124
head39, 1310, 108, 124
head39, 1311, 108, 124
head39, 1312, 100, 124
head39, 1313, 100, 124
head39, 1314, 92, 124
head39, 1315, 92, 124
head39, 1316, 92, 124
head39, 1317, 88, 128
head39, 1318, 88, 128
head39, 1319, 92, 132
head39, 1320, 84, 132
head39, 1321, 80, 128
head40, 1329, 76, 148
head40, 1330, 76, 148
head40, 1331, 72, 152
head40, 1332, 72, 152
head40, 1333, 68, 156
head40, 1334, 68, 156
head40, 1335, 72, 160
head40, 1336, 64, 160
head40, 1337, 68, 164
head40, 1338, 60, 164
head40, 1339, 64, 168
head40, 1340, 64, 168
head40, 1341, 60, 172
head40, 1342, 60, 172
head40, 1343, 52, 172
head40, 1344, 52, 172
head40, 1345, 52, 172
head40, 1346, 48, 176
head40, 1347, 52, 180
head40, 1348, 44, 180
head40, 1349, 44, 184
head40, 1350, 44, 184
head40, 1351, 36, 180
head40, 1352, 36, 180
head40, 1355, 28, 184
head40, 1357, 28, 184
head40, 1358, 28, 188
head40, 1360, 28, 196
head40, 1361, 28, 196
head40, 1363, 28, 200
head41, 1294, 172, 76
head41, 1297, 180, 76
head41, 1298, 180, 84
head41, 1299, 180, 84
head41, 1300, 180, 84
head41, 1301, 180, 84
head41, 1302, 180, 92
head41, 1303, 180, 92
head41, 1304, 180, 92
head41, 1305, 180, 92
head41, 1306, 180, 92
head41, 1307, 180, 92
head41, 1308, 180, 92
head41, 1309, 180, 100
head41, 1310, 188, 100
head41, 1311, 180, 108
head41, 1312, 188, 100
head41, 1313, 188, 100
head41, 1314, 188, 108
head41, 1315, 188, 108
head41, 1316, 188, 108
head41, 1317, 196, 108
head41, 1318, 196, 108
head41, 1319, 200, 112
head41, 1320, 200, 120
head41, 1321, 196, 132
head41, 1322, 204, 124
head41, 1323, 208, 128
head41, 1324, 212, 124
head41, 1325, 212, 124
head41, 1326, 212, 132
head41, 1327, 212, 132
head41, 1328, 216, 136
head41, 1329, 216, 136
head41, 1330, 220, 140
head41, 1331, 220, 140
head41, 1332, 220, 140
head41, 1333, 224, 144
head41, 1334, 208, 168
head41, 1335, 212, 172
head41, 1336, 212, 172
head41, 1337, 232, 160
head41, 1338, 236, 156
head41, 1339, 236, 164
head41, 1340, 240, 168
head41, 1341, 244, 172
head41, 1342, 244, 172
head41, 1343, 252, 172
head41, 1344, 252, 180
head41, 1345, 256, 176
head41, 1346, 260, 180
head41, 1347, 260, 180
head41, 1348, 264, 184
head41, 1349, 268, 188
head41, 1350, 276, 188
head41, 1351, 276, 188
head41, 1352, 276, 188
head41, 1353, 284, 188
head41, 1354, 288, 192
head41, 1355, 292, 188
head41, 1356, 292, 188
head41, 1357, 300, 188
head41, 1358, 304, 200
head41, 1359, 312, 192
head41, 1360, 308, 196
head41, 1361, 316, 196
head41, 1362, 316, 196
head41, 1363, 316, 196
head41, 1364, 326, 208
head41, 1365, 324, 204
head41, 1366, 324, 204
head41, 1367, 326, 208
head41, 1371, 312, 224
head41, 1372, 308, 220
head41, 1373, 308, 228
head41, 1374, 312, 232
head41, 1375, 312, 240
head41, 1376, 316, 236
head41, 1377, 324, 236
head41, 1378, 326, 240
head41, 1379, 326, 240
head42, 1323, 148, 124
head42, 1324, 148, 124
head42, 1325, 148, 124
head42, 1326, 152, 128
head42, 1327, 160, 128
head42, 1328, 148, 124
head42, 1333, 148, 132
head42, 1336, 152, 120
head42, 1337, 152, 112
head42, 1338, 148, 108
head42, 1339, 148, 116
head42, 1340, 152, 112
head42, 1341, 152, 112
head42, 1342, 148, 92
head42, 1343, 148, 92
head42, 1344, 160, 80
head42, 1345, 168, 80
head42, 1346, 180, 100
head42, 1347, 180, 100
head42, 1348, 180, 100
head42, 1349, 180, 100
head42, 1350, 188, 108
head42, 1351, 188, 116
head42, 1352, 188, 116
head42, 1353, 188, 116
head42, 1354, 188, 124
head42, 1355, 188, 124
head42, 1356, 188, 132
head42, 1357, 188, 132
head42, 1358, 188, 132
head42, 1359, 188, 140
head42, 1360, 188, 140
head42, 1361, 188, 148
head42, 1362, 188, 148
head42, 1363, 180, 148
head42, 1364, 180, 156
head42, 1365, 180, 156
head42, 1366, 180, 164
head42, 1367, 172, 164
head42, 1368, 172, 172
head42, 1369, 172, 172
head42, 1370, 164, 172
head42, 1371, 164, 172
head42, 1372, 156, 180
head42, 1373, 156, 180
head42, 1374, 148, 180
head42, 1375, 148, 180
head42, 1376, 148, 188
head42, 1377, 140, 188
head42, 1378, 140, 188
head42, 1379, 140, 196
head42, 1380, 140, 196
head42, 1381, 132, 196
head42, 1382, 132, 196
head42, 1383, 132, 204
head42, 1384, 132, 204
head42, 1385, 124, 204
head42, 1386, 124, 212
head42, 1387, 124, 212
head42, 1388, 124, 212
head42, 1389, 116, 220
head42, 1390, 116, 220
head42, 1391, 108, 228
head42, 1392, 108, 228
head42, 1393, 100, 228
head42, 1394, 100, 236
head42, 1395, 92, 236
head42, 1396, 92, 236
head42, 1397, 92, 236
head42, 1398, 84, 236
head42, 1399, 84, 236
head42, 1400, 76, 236
head42, 1401, 76, 236
head42, 1402, 76, 236
head42, 1403, 68, 236
head42, 1404, 68, 236
head42, 1405, 68, 228
head42, 1406, 60, 228
head42, 1407, 60, 228
head42, 1408, 60, 228
head42, 1409, 60, 220
head42, 1410, 60, 220
head42, 1411, 52, 212
head42, 1412, 52, 212
head42, 1413, 52, 204
head42, 1414, 52, 204
head42, 1415, 44, 204
head42, 1416, 44, 196
head42, 1417, 44, 196
head42, 1418, 44, 196
head42, 1419, 36, 196
head42, 1420, 36, 196
head42, 1421, 36, 196
head42, 1423, 28, 196
head42, 1424, 28, 192
head42, 1425, 28, 192
head42, 1426, 28, 188
head43, 1320, 196, 68
head43, 1321, 196, 68
head43, 1322, 196, 68
head43, 1323, 192, 72
head43, 1324, 196, 76
head43, 1325, 196, 76
head43, 1326, 196, 76
head43, 1327, 196, 76
head43, 1328, 196, 76
head43, 1330, 196, 68
head43, 1331, 196, 76
head43, 1332, 196, 76
head43, 1333, 196, 76
head43, 1334, 192, 80
head43, 1335, 188, 84
head43, 1336, 188, 84
head43, 1337, 188, 84
head43, 1338, 188, 84
head43, 1339, 188, 84
head43, 1340, 188, 84
head43, 1341, 184, 88
head43, 1342, 184, 88
head43, 1343, 180, 92
head43, 1344, 180, 92
head43, 1345, 184, 96
head43, 1346, 180, 100
head43, 1347, 180, 100
head43, 1348, 180, 100
head43, 1349, 180, 100
head43, 1350, 188, 108
head43, 1351, 188, 116
head43, 1352, 188, 116
head43, 1353, 188, 116
head43, 1354, 188, 124
head43, 1355, 188, 124
head43, 1356, 188, 132
head43, 1357, 188, 132
head43, 1358, 188, 132
head43, 1359, 188, 140
head43, 1360, 188, 140
head43, 1361, 188, 148
head43, 1362, 188, 148
head43, 1363, 180, 148
head43, 1364, 180, 156
head43, 1365, 180, 156
head43, 1366, 180, 164
head43, 1367, 172, 164
head43, 1368, 172, 172
head43, 1369, 172, 172
head43, 1370, 164, 172
head43, 1371, 164, 172
head43, 1372, 156, 180
head43, 1373, 156, 180
head43, 1374, 148, 180
head43, 1375, 148, 180
head43, 1376, 148, 188
head43, 1377, 140, 188
head43, 1378, 140, 188
head43, 1379, 140, 196
head43, 1380, 140, 196
head43, 1381, 132, 196
head43, 1382, 132, 196
head43, 1383, 132, 204
head43, 1384, 132, 204
head43, 1385, 124, 204
head43, 1386, 124, 212
head43, 1387, 124, 212
head43, 1388, 124, 212
head43, 1389, 116, 220
head43, 1390, 116, 220
head43, 1391, 108, 228
head43, 1392, 108, 228
head43, 1393, 100, 228
head43, 1394, 100, 236
head43, 1395, 92, 236
head43, 1396, 92, 236
head43, 1397, 92, 236
head43, 1398, 84, 236
head43, 1399, 84, 236
head43, 1400, 76, 236
head43, 1401, 76, 236
head43, 1402, 76, 236
head43, 1403, 68, 236
head43, 1404, 68, 236
head43, 1405, 68, 228
head43, 1406, 60, 228
head43, 1407, 60, 228
head43, 1408, 60, 228
head43, 1409, 60, 220
head43, 1410, 60, 220
head43, 1411, 52, 212
head43, 1412, 52, 212
head43, 1413, 52, 204
head43, 1414, 52, 204
head43, 1415, 44, 204
head43, 1416, 44, 196
head43, 1417, 44, 196
head43, 1418, 44, 196
head43, 1419, 36, 196
head43, 1420, 36, 196
head43, 1421, 36, 196
head43, 1423, 28, 196
head43, 1424, 28, 192
head43, 1425, 28, 192
head43, 1426, 28, 188
head44, 1419, 164, 132
head44, 1420, 164, 132
head44, 1421, 164, 132
head44, 1422, 160, 136
head44, 1423, 160, 136
head44, 1424, 156, 140
head44, 1425, 156, 148
head44, 1426, 152, 144
head44, 1427, 148, 148
head44, 1428, 148, 148
head44, 1433, 136, 160
head44, 1434, 136, 168
head44, 1435, 124, 164
head44, 1436, 116, 148
head44, 1437, 108, 148
head44, 1438, 108, 148
head44, 1439, 104, 152
head44, 1440, 104, 152
head44, 1441, 100, 156
head44, 1443, 92, 156
head44, 1444, 88, 160
head44, 1445, 84, 164
head45, 1388, 148, 92
head45, 1389, 148, 92
head45, 1390, 148, 100
head45, 1391, 148, 100
head45, 1392, 148, 100
head45, 1393, 144, 104
head45, 1394, 140, 108
head45, 1395, 140, 108
head45, 1396, 140, 116
head45, 1397, 140, 116
head45, 1398, 140, 124
head45, 1399, 140, 124
head45, 1400, 140, 124
head45, 1401, 132, 132
head45, 1402, 132, 132
head45, 1403, 132, 132
head45, 1404, 124, 132
head45, 1405, 124, 132
head45, 1406, 124, 140
head45, 1407, 124, 140
head45, 1408, 116, 140
head45, 1409, 112, 136
head45, 1410, 108, 140
head45, 1411, 108, 140
head45, 1412, 100, 140
head45, 1413, 96, 136
head45, 1414, 112, 120
head45, 1415, 108, 124
head45, 1416, 108, 124
head45, 1417, 108, 124
head45, 1418, 108, 124
head45, 1419, 108, 124
head45, 1420, 108, 124
head45, 1421, 120, 144
head45, 1422, 120, 152
head45, 1423, 116, 148
head45, 1424, 116, 148
head45, 1425, 136, 136
head45, 1428, 136, 128
head45, 1429, 132, 132
head45, 1430, 132, 132
head45, 1431, 128, 136
head45, 1432, 124, 132
head45, 1433, 124, 140
head45, 1434, 120, 136
head45, 1435, 116, 140
head45, 1436, 116, 148
head45, 1437, 108, 148
head45, 1438, 108, 148
head45, 1439, 104, 152
head45, 1440, 104, 152
head45, 1441, 100, 156
head45, 1443, 92, 156
head45, 1444, 88, 160
head45, 1445, 84, 164
head46, 1409, 244, 196
head46, 1410, 244, 196
head46, 1411, 252, 196
head46, 1412, 248, 200
head46, 1413, 252, 204
head46, 1414, 252, 204
head46, 1415, 260, 204
head46, 1416, 260, 204
head46, 1417, 260, 204
head46, 1418, 268, 204
head46, 1419, 268, 204
head46, 1421, 272, 208
head46, 1422, 276, 204
head46, 1423, 276, 204
head46, 1424, 280, 208
head46, 1425, 284, 204
head46, 1426, 284, 204
head46, 1427, 288, 200
head46, 1428, 292, 204
head46, 1429, 292, 204
head46, 1430, 292, 204
head46, 1431, 296, 208
head46, 1432, 300, 204
head46, 1433, 300, 204
head46, 1434, 300, 212
head46, 1435, 304, 208
head46, 1436, 300, 212
head46, 1437, 308, 212
head46, 1438, 308, 212
head46, 1440, 312, 224
head46, 1441, 308, 220
head46, 1442, 316, 220
head46, 1443, 316, 220
head46, 1444, 316, 228
head46, 1445, 316, 228
head46, 1446, 316, 228
head46, 1447, 320, 232
head46, 1448, 326, 232
head46, 1449, 324, 236
head46, 1450, 324, 236
head46, 1451, 324, 236
head46, 1452, 326, 240
head46, 1453, 326, 240
head46, 1454, 324, 244
head46, 1455, 308, 252
head46, 1456, 304, 248
head46, 1457, 304, 248
head46, 1458, 300, 252
head46, 1459, 300, 252
head46, 1460, 300, 252
head46, 1461, 300, 252
head46, 1462, 308, 252
head47, 1464, 212, 156
head47, 1466, 220, 156
head47, 1467, 224, 160
head47, 1468, 228, 156
head47, 1469, 228, 164
head47, 1470, 236, 164
head47, 1471, 236, 164
head47, 1472, 244, 172
head47, 1473, 244, 172
head47, 1474, 252, 172
head47, 1475, 256, 176
head47, 1476, 260, 180
head47, 1477, 260, 180
head47, 1478, 268, 180
head47, 1479, 272, 184
head47, 1480, 276, 188
head47, 1481, 284, 188
head47, 1482, 284, 188
head47, 1483, 292, 188
head47, 1484, 292, 188
head47, 1485, 296, 192
head47, 1486, 296, 192
head47, 1487, 300, 188
head47, 1489, 308, 188
head47, 1490, 312, 200
head47, 1494, 304, 208
head47, 1495, 308, 204
head47, 1496, 308, 204
head47, 1497, 312, 208
head47, 1499, 320, 200
head47, 1501, 324, 196
head47, 1502, 324, 196
head48, 1447, 156, 68
head48, 1448, 156, 68
head48, 1449, 152, 72
head48, 1450, 152, 72
head48, 1451, 156, 76
head48, 1452, 148, 76
head48, 1453, 156, 84
head48, 1454, 156, 84
head48, 1455, 148, 84
head48, 1456, 148, 84
head48, 1457, 148, 92
head48, 1458, 148, 92
head48, 1459, 148, 92
head48, 1460, 148, 92
head48, 1461, 144, 96
head48, 1462, 140, 100
head48, 1463, 140, 100
head48, 1464, 140, 100
head48, 1465, 144, 104
head48, 1466, 140, 100
head48, 1467, 140, 100
head48, 1468, 140, 108
head48, 1469, 140, 108
head48, 1470, 140, 108
head48, 1471, 136, 112
head48, 1472, 132, 116
head48, 1473, 132, 116
head48, 1474, 132, 124
head48, 1475, 132, 124
head48, 1476, 136, 128
head48, 1477, 140, 132
head48, 1478, 140, 132
head48, 1479, 140, 140
head48, 1480, 140, 140
head48, 1481, 136, 144
head48, 1482, 136, 152
head48, 1483, 140, 156
head48, 1484, 140, 156
head48, 1485, 136, 160
head48, 1486, 136, 160
head48, 1487, 140, 164
head48, 1488, 132, 172
head48, 1489, 136, 176
head48, 1490, 128, 176
head48, 1491, 132, 180
head48, 1492, 124, 180
head48, 1493, 124, 188
head48, 1494, 120, 192
head48, 1495, 120, 192
head48, 1496, 116, 196
head48, 1497, 108, 196
head48, 1498, 112, 200
head48, 1500, 120, 184
head48, 1501, 124, 180
head48, 1503, 108, 196
head48, 1504, 108, 196
head48, 1505, 108, 196
head48, 1506, 104, 200
head48, 1507, 104, 208
head48, 1508, 100, 212
head48, 1509, 100, 212
head48, 1510, 100, 220
head48, 1511, 100, 220
head48, 1512, 100, 220
head48, 1513, 96, 224
head48, 1514, 96, 232
head48, 1515, 100, 236
head48, 1516, 100, 236
head48, 1517, 96, 240
head48, 1518, 104, 248
head48, 1519, 100, 252
head48, 1520, 100, 252
head49, 1477, 180, 68
head49, 1480, 172, 68
head49, 1481, 172, 68
head49, 1482, 172, 76
head49, 1483, 172, 76
head49, 1484, 172, 84
head49, 1485, 172, 76
head49, 1486, 172, 84
head49, 1487, 172, 84
head49, 1488, 172, 84
head49, 1489, 172, 84
head49, 1490, 172, 84
head49, 1491, 172, 92
head49, 1492, 172, 92
head49, 1493, 172, 92
head49, 1494, 172, 92
head49, 1495, 172, 100
head49, 1496, 180, 100
head49, 1497, 180, 100
head49, 1498, 180, 108
head49, 1499, 180, 108
head49, 1500, 180, 108
head49, 1501, 180, 116
head49, 1502, 188, 116
head49, 1503, 188, 124
head49, 1504, 188, 124
head49, 1505, 188, 124
head49, 1506, 192, 128
head49, 1507, 196, 132
head49, 1508, 196, 132
head49, 1509, 196, 132
head49, 1510, 196, 140
head49, 1511, 196, 140
head49, 1512, 196, 148
head49, 1513, 196, 148
head49, 1514, 196, 148
head49, 1515, 204, 156
head49, 1516, 204, 156
head49, 1517, 204, 164
head49, 1518, 200, 168
head49, 1519, 204, 172
head49, 1520, 204, 172
head49, 1521, 212, 172
head49, 1522, 212, 180
head49, 1523, 212, 180
head49, 1524, 208, 184
head49, 1525, 212, 188
head49, 1526, 212, 188
head49, 1527, 216, 192
head49, 1528, 212, 196
head49, 1529, 220, 188
head49, 1530, 224, 192
head49, 1531, 228, 188
head49, 1532, 228, 188
head49, 1533, 228, 196
head49, 1534, 228, 196
head49, 1535, 236, 188
head49, 1536, 236, 188
head49, 1537, 236, 196
head49, 1538, 236, 196
head49, 1539, 244, 188
head49, 1540, 244, 188
head49, 1541, 244, 188
head49, 1542, 252, 188
head49, 1543, 252, 188
head49, 1544, 252, 188
head49, 1545, 260, 188
head49, 1546, 260, 188
head49, 1547, 260, 196
head49, 1548, 260, 196
head49, 1549, 268, 196
head49, 1550, 268, 196
head49, 1551, 272, 200
head49, 1552, 276, 204
head49, 1553, 276, 204
head49, 1554, 280, 208
head49, 1555, 284, 212
head49, 1556, 284, 212
head49, 1557, 292, 212
head49, 1558, 296, 216
head49, 1559, 300, 220
head49, 1560, 300, 220
head49, 1561, 300, 220
head49, 1562, 308, 220
head49, 1563, 308, 220
head49, 1564, 308, 228
head49, 1565, 312, 232
head49, 1566, 316, 228
head49, 1567, 316, 228
head49, 1568, 316, 228
head49, 1569, 316, 228
head49, 1570, 324, 228
head49, 1571, 324, 228
head49, 1572, 324, 220
head50, 1506, 164, 68
head50, 1507, 172, 68
head50, 1508, 172, 68
head50, 1509, 172, 68
head50, 1510, 172, 76
head50, 1511, 180, 76
head50, 1512, 180, 76
head50, 1513, 180, 76
head50, 1514, 180, 84
head50, 1515, 180, 84
head50, 1516, 188, 84
head50, 1517, 188, 84
head50, 1518, 188, 84
head50, 1519, 188, 92
head50, 1520, 188, 92
head50, 1521, 188, 92
head50, 1522, 188, 92
head50, 1523, 196, 92
head50, 1524, 196, 92
head50, 1525, 196, 92
head50, 1526, 196, 100
head50, 1527, 188, 108
head50, 1528, 188, 108
head50, 1529, 196, 108
head50, 1530, 196, 108
head50, 1531, 188, 116
head50, 1532, 196, 116
head50, 1533, 196, 116
head50, 1534, 196, 116
head50, 1535, 196, 124
head50, 1536, 196, 124
head50, 1537, 204, 124
head50, 1538, 204, 124
head50, 1539, 204, 132
head50, 1540, 212, 124
head50, 1541, 212, 132
head50, 1542, 220, 132
head50, 1543, 220, 132
head50, 1544, 220, 132
head50, 1545, 232, 128
head50, 1546, 232, 128
head50, 1547, 236, 124
head50, 1548, 244, 124
head50, 1549, 248, 128
head50, 1550, 252, 124
head50, 1551, 252, 124
head50, 1552, 260, 124
head50, 1553, 264, 128
head50, 1554, 264, 128
head50, 1555, 268, 124
head50, 1556, 268, 124
head50, 1557, 272, 128
head50, 1558, 280, 128
head50, 1559, 276, 132
head50, 1560, 284, 132
head50, 1561, 284, 132
head50, 1562, 288, 136
head50, 1563, 288, 136
head50, 1564, 292, 132
head50, 1565, 292, 140
head50, 1567, 280, 136
head50, 1570, 288, 136
head50, 1571, 292, 140
head50, 1572, 292, 140
head50, 1573, 296, 144
head50, 1574, 296, 144
head50, 1575, 300, 140
head50, 1576, 300, 140
head50, 1577, 304, 144
head50, 1578, 312, 144
head50, 1579, 308, 140
head50, 1580, 316, 140
head50, 1581, 316, 140
head50, 1582, 320, 144
head50, 1583, 326, 144
head50, 1584, 324, 140
head51, 1557, 244, 236
head51, 1558, 252, 236
head51, 1559, 252, 236
head51, 1560, 256, 240
head51, 1561, 260, 244
head51, 1562, 260, 244
head51, 1563, 260, 244
head51, 1564, 260, 244
head51, 1565, 260, 244
head51, 1566, 268, 244
head51, 1567, 268, 244
head51, 1568, 268, 244
head51, 1569, 268, 244
head51, 1570, 276, 244
head51, 1571, 276, 244
head51, 1572, 280, 248
head51, 1573, 288, 240
head51, 1574, 284, 244
head51, 1575, 284, 236
head51, 1576, 288, 240
head51, 1577, 292, 236
head51, 1578, 292, 236
head51, 1580, 300, 228
head51, 1581, 300, 228
head51, 1582, 304, 224
head51, 1583, 304, 232
head51, 1584, 308, 220
head51, 1585, 308, 220
head51, 1586, 312, 224
head51, 1587, 312, 232
head51, 1588, 316, 228
head51, 1589, 316, 228
head51, 1590, 320, 232
head51, 1591, 324, 228
head51, 1592, 324, 228
head52, 1543, 164, 68
head52, 1544, 164, 68
head52, 1545, 172, 68
head52, 1546, 172, 68
head52, 1547, 172, 68
head52, 1548, 172, 68
head52, 1549, 168, 80
head52, 1550, 180, 76
head52, 1551, 180, 76
head52, 1552, 172, 84
head52, 1553, 168, 88
head52, 1554, 180, 84
head52, 1555, 180, 92
head52, 1556, 180, 92
head52, 1557, 180, 92
head52, 1558, 184, 96
head52, 1559, 180, 100
head52, 1560, 180, 108
head52, 1561, 184, 104
head52, 1562, 180, 116
head52, 1563, 180, 116
head52, 1564, 188, 108
head52, 1565, 188, 108
head52, 1566, 188, 116
head52, 1567, 188, 116
head52, 1568, 196, 116
head52, 1569, 196, 116
head52, 1570, 196, 124
head52, 1571, 196, 124
head52, 1572, 204, 124
head52, 1573, 204, 124
head52, 1574, 208, 128
head52, 1575, 212, 132
head52, 1576, 212, 132
head52, 1577, 220, 132
head52, 1578, 220, 132
head52, 1579, 228, 132
head52, 1580, 228, 132
head52, 1581, 232, 136
head52, 1582, 236, 140
head52, 1583, 236, 140
head52, 1584, 244, 140
head52, 1585, 244, 140
head52, 1586, 252, 140
head52, 1587, 252, 140
head52, 1588, 252, 140
head52, 1589, 260, 148
head52, 1590, 260, 148
head52, 1591, 260, 148
head52, 1592, 268, 148
head52, 1593, 268, 148
head52, 1594, 268, 156
head52, 1595, 276, 156
head52, 1596, 276, 156
head52, 1597, 284, 156
head52, 1598, 284, 156
head52, 1599, 284, 164
head52, 1600, 292, 164
head52, 1601, 292, 164
head52, 1602, 300, 164
head52, 1603, 300, 164
head52, 1604, 300, 164
head52, 1605, 308, 164
head52, 1606, 312, 168
head52, 1607, 296, 192
head52, 1608, 276, 204
head53, 1579, 196, 84
head53, 1580, 196, 84
head53, 1581, 196, 84
head53, 1582, 196, 92
head53, 1583, 196, 92
head53, 1584, 196, 100
head53, 1585, 196, 92
head53, 1586, 196, 92
head53, 1587, 196, 100
head53, 1588, 196, 100
head53, 1589, 196, 100
head53, 1590, 200, 104
head53, 1591, 200, 104
head53, 1592, 204, 108
head53, 1593, 204, 108
head53, 1594, 204, 108
head53, 1595, 204, 116
head53, 1596, 204, 116
head53, 1597, 208, 120
head53, 1598, 208, 120
head53, 1599, 212, 124
head53, 1600, 212, 124
head53, 1601, 216, 128
head53, 1602, 216, 128
head53, 1603, 220, 132
head53, 1604, 228, 132
head53, 1605, 224, 136
head53, 1606, 224, 136
head53, 1607, 228, 140
head53, 1608, 244, 148
head53, 1609, 248, 152
head53, 1610, 248, 152
head53, 1611, 252, 156
head53, 1612, 244, 156
head53, 1613, 256, 160
head53, 1614, 264, 168
head53, 1615, 260, 172
head53, 1616, 268, 172
head53, 1617, 268, 172
head53, 1618, 272, 176
head53, 1619, 276, 180
head53, 1620, 276, 180
head53, 1621, 284, 180
head53, 1622, 284, 188
head53, 1623, 288, 184
head53, 1624, 292, 188
head53, 1625, 292, 188
head53, 1626, 300, 196
head53, 1627, 300, 196
head53, 1628, 308, 196
head53, 1629, 308, 196
head53, 1630, 308, 196
head53, 1631, 316, 196
head53, 1632, 316, 196
head53, 1633, 320, 200
head53, 1634, 326, 200
head53, 1635, 316, 196
head54, 1621, 172, 84
head54, 1622, 172, 92
head54, 1623, 172, 92
head54, 1624, 180, 92
head54, 1625, 176, 96
head54, 1626, 188, 100
head54, 1627, 188, 108
head54, 1628, 188, 108
head54, 1629, 192, 112
head54, 1630, 192, 120
head54, 1631, 188, 116
head54, 1633, 188, 124
head54, 1634, 192, 128
head54, 1635, 188, 132
head54, 1636, 188, 132
head54, 1637, 184, 136
head54, 1638, 188, 140
head54, 1639, 180, 148
head54, 1640, 180, 148
head54, 1641, 180, 156
head54, 1642, 172, 156
head54, 1643, 172, 164
head54, 1644, 172, 164
head54, 1645, 168, 168
head54, 1646, 168, 176
head54, 1647, 164, 180
head54, 1648, 164, 180
head54, 1649, 164, 188
head54, 1650, 164, 188
head54, 1651, 160, 192
head54, 1652, 160, 192
head54, 1653, 156, 196
head54, 1654, 156, 204
head54, 1655, 152, 208
head54, 1656, 152, 216
head54, 1657, 148, 220
head54, 1658, 148, 228
head54, 1659, 144, 232
head54, 1660, 144, 232
head54, 1661, 140, 244
head54, 1662, 140, 244
head54, 1663, 144, 256
head54, 1664, 136, 262
head54, 1665, 132, 260
head55, 1572, 148, 68
head55, 1573, 148, 68
head55, 1574, 140, 76
head55, 1575, 140, 76
head55, 1576, 140, 76
head55, 1577, 140, 76
head55, 1578, 140, 76
head55, 1579, 148, 84
head55, 1580, 148, 84
head55, 1581, 148, 84
head55, 1582, 148, 84
head55, 1583, 140, 84
head55, 1584, 140, 84
head55, 1585, 140, 84
head55, 1586, 148, 84
head55, 1587, 148, 84
head55, 1588, 148, 84
head55, 1589, 148, 92
head55, 1590, 148, 92
head55, 1591, 148, 92
head55, 1592, 148, 92
head55, 1593, 148, 92
head55, 1594, 148, 100
head55, 1595, 148, 100
head55, 1596, 148, 100
head55, 1597, 148, 100
head55, 1598, 148, 100
head55, 1599, 148, 100
head55, 1600, 148, 100
head55, 1601, 152, 104
head55, 1602, 148, 100
head55, 1603, 148, 108
head55, 1604, 148, 108
head55, 1605, 148, 108
head55, 1606, 148, 108
head55, 1607, 148, 108
head55, 1608, 148, 108
head55, 1609, 148, 108
head55, 1610, 148, 116
head55, 1611, 148, 116
head55, 1612, 148, 116
head55, 1613, 148, 116
head55, 1614, 148, 116
head55, 1615, 148, 116
head55, 1616, 144, 120
head55, 1617, 148, 124
head55, 1618, 148, 124
head55, 1619, 148, 132
head55, 1620, 148, 132
head55, 1621, 148, 132
head55, 1622, 148, 132
head55, 1623, 148, 132
head55, 1624, 140, 140
head55, 1625, 140, 140
head55, 1626, 140, 140
head55, 1627, 140, 148
head55, 1628, 140, 148
head55, 1629, 140, 156
head55, 1630, 136, 152
head55, 1631, 132, 156
head55, 1632, 132, 164
head55, 1633, 132, 164
head55, 1634, 132, 172
head55, 1635, 132, 172
head55, 1636, 124, 172
head55, 1637, 124, 180
head55, 1638, 124, 180
head55, 1639, 124, 180
head55, 1640, 124, 188
head55, 1641, 116, 188
head55, 1642, 116, 188
head55, 1643, 116, 196
head55, 1644, 108, 196
head55, 1645, 108, 196
head55, 1646, 108, 196
head55, 1647, 108, 204
head55, 1648, 100, 204
head55, 1649, 100, 204
head55, 1650, 96, 208
head55, 1651, 92, 212
head55, 1652, 92, 212
head55, 1653, 84, 212
head55, 1654, 84, 212
head55, 1655, 76, 212
head55, 1656, 76, 220
head55, 1657, 76, 220
head55, 1658, 68, 220
head55, 1659, 68, 220
head55, 1660, 68, 228
head55, 1661, 60, 228
head55, 1662, 60, 228
head55, 1663, 60, 236
head55, 1664, 52, 228
head55, 1665, 52, 232
head55, 1666, 48, 232
head55, 1667, 44, 236
head55, 1668, 44, 236
head55, 1669, 36, 240
head55, 1670, 36, 244
head55, 1671, 36, 252
head56, 1677, 164, 108
head56, 1680, 164, 92
head56, 1681, 152, 72
head56, 1682, 148, 76
head56, 1683, 148, 76
head56, 1684, 152, 72
head56, 1685, 152, 72
head56, 1686, 148, 76
head56, 1687, 148, 76
head56, 1688, 152, 80
head56, 1689, 148, 76
head56, 1690, 148, 84
head56, 1691, 148, 84
head56, 1692, 152, 104
head56, 1693, 152, 104
head56, 1694, 148, 84
head56, 1695, 148, 68
head56, 1696, 144, 72
head56, 1697, 144, 72
head56, 1698, 148, 92
head56, 1699, 148, 76
head56, 1700, 148, 76
head56, 1701, 144, 80
head56, 1702, 148, 84
head56, 1703, 148, 100
head56, 1704, 152, 120
head56, 1705, 148, 124
head56, 1706, 148, 124
head56, 1707, 152, 120
head56, 1708, 148, 124
head56, 1709, 148, 124
head56, 1710, 152, 128
head56, 1713, 152, 136
head56, 1714, 148, 132
head57, 1672, 316, 236
head57, 1673, 316, 236
head57, 1675, 320, 240
head57, 1677, 320, 224
head57, 1678, 316, 228
head57, 1679, 316, 244
head57, 1680, 326, 240
head57, 1681, 320, 248
head57, 1682, 324, 244
head57, 1683, 324, 244
head57, 1684, 326, 240
head57, 1685, 326, 248
head57, 1686, 324, 244
head57, 1687, 324, 244
head57, 1688, 326, 240
head57, 1689, 326, 248
head57, 1690, 324, 244
head57, 1691, 324, 244
head57, 1692, 324, 244
head57, 1693, 324, 244
head57, 1694, 326, 240
head57, 1695, 326, 240
head57, 1696, 324, 236
head57, 1697, 324, 236
head57, 1698, 326, 240
head57, 1699, 324, 236
head57, 1700, 324, 236
head57, 1701, 326, 240
head57, 1702, 326, 240
head57, 1703, 324, 236
head57, 1704, 324, 236
head57, 1705, 326, 240
head57, 1706, 326, 232
head57, 1707, 324, 236
head57, 1708, 324, 236
head57, 1709, 326, 240
head57, 1710, 326, 240
head57, 1711, 324, 236
head57, 1712, 324, 236
head57, 1713, 326, 240
head57, 1714, 326, 240
head57, 1715, 324, 236
head58, 1639, 156, 76
head58, 1640, 156, 76
head58, 1641, 156, 76
head58, 1642, 156, 76
head58, 1643, 156, 76
head58, 1644, 156, 76
head58, 1645, 164, 84
head58, 1646, 164, 84
head58, 1647, 164, 84
head58, 1648, 160, 88
head58, 1649, 164, 92
head58, 1650, 164, 92
head58, 1651, 164, 92
head58, 1652, 164, 92
head58, 1653, 156, 92
head58, 1654, 156, 92
head58, 1655, 156, 92
head58, 1656, 156, 100
head58, 1657, 156, 100
head58, 1658, 148, 100
head58, 1659, 148, 100
head58, 1660, 148, 100
head58, 1661, 140, 108
head58, 1662, 140, 108
head58, 1663, 140, 108
head58, 1664, 140, 108
head58, 1665, 132, 116
head58, 1666, 132, 116
head58, 1667, 132, 116
head58, 1668, 132, 124
head58, 1669, 124, 124
head58, 1670, 124, 124
head58, 1671, 132, 132
head58, 1672, 124, 124
head58, 1673, 120, 128
head58, 1674, 116, 132
head58, 1675, 116, 132
head58, 1676, 116, 132
head58, 1677, 112, 136
head58, 1678, 116, 140
head58, 1679, 116, 140
head58, 1680, 112, 144
head58, 1681, 108, 148
head58, 1682, 108, 148
head58, 1683, 108, 156
head58, 1684, 108, 156
head58, 1685, 104, 160
head58, 1686, 108, 164
head58, 1687, 100, 164
head58, 1688, 96, 168
head58, 1689, 96, 176
head58, 1690, 92, 172
head58, 1691, 92, 172
head58, 1692, 92, 180
head58, 1693, 88, 176
head58, 1694, 84, 180
head58, 1695, 100, 204
head58, 1697, 96, 208
head58, 1698, 96, 208
head58, 1699, 92, 212
head58, 1700, 92, 212
head58, 1702, 88, 216
head58, 1707, 64, 200
head58, 1708, 52, 204
head58, 1709, 52, 204
head58, 1710, 48, 208
head58, 1711, 68, 224
head58, 1713, 68, 228
head58, 1714, 64, 228
head58, 1715, 40, 216
head58, 1716, 44, 216
head58, 1717, 36, 220
head58, 1718, 36, 228
head58, 1719, 36, 224
head58, 1720, 36, 228
head58, 1721, 36, 228
head58, 1722, 36, 232
head58, 1723, 36, 232
head58, 1724, 36, 236
head58, 1725, 36, 236
head58, 1726, 36, 240
head59, 1689, 188, 108
head59, 1690, 188, 108
head59, 1691, 188, 116
head59, 1692, 188, 116
head59, 1693, 188, 116
head59, 1694, 196, 116
head59, 1695, 196, 116
head59, 1696, 196, 124
head59, 1697, 196, 124
head59, 1698, 204, 124
head59, 1700, 204, 132
head59, 1701, 204, 132
head59, 1702, 212, 132
head59, 1703, 212, 140
head59, 1704, 212, 148
head59, 1705, 220, 148
head59, 1706, 220, 148
head59, 1707, 224, 152
head59, 1708, 224, 160
head59, 1709, 228, 164
head59, 1710, 236, 172
head59, 1711, 236, 172
head59, 1712, 236, 172
head59, 1713, 240, 176
head59, 1714, 240, 176
head59, 1715, 244, 180
head59, 1716, 252, 180
head59, 1717, 252, 180
head59, 1718, 252, 180
head59, 1719, 256, 184
head59, 1720, 256, 184
head59, 1722, 260, 180
head59, 1723, 260, 180
head59, 1724, 264, 184
head59, 1725, 268, 180
head59, 1726, 268, 180
head59, 1727, 272, 176
head59, 1728, 276, 172
head59, 1729, 276, 172
head59, 1730, 280, 168
head59, 1731, 280, 168
head59, 1732, 284, 164
head59, 1733, 284, 164
head59, 1734, 292, 164
head59, 1735, 292, 164
head59, 1736, 292, 164
head59, 1737, 296, 160
head59, 1740, 300, 156
head59, 1741, 300, 156
head59, 1742, 300, 156
head59, 1744, 308, 156
head59, 1745, 308, 156
head59, 1746, 308, 156
head59, 1747, 308, 156
head59, 1748, 312, 160
head59, 1749, 312, 160
head59, 1750, 316, 164
head59, 1751, 316, 164
head59, 1752, 320, 168
head59, 1754, 324, 172
head59, 1755, 324, 172
head60, 1709, 180, 68
head60, 1710, 180, 68
head60, 1711, 176, 72
head60, 1712, 176, 72
head60, 1713, 172, 76
head60, 1714, 172, 76
head60, 1715, 172, 76
head60, 1716, 176, 80
head60, 1717, 180, 84
head60, 1718, 180, 84
head60, 1719, 180, 84
head60, 1720, 180, 84
head60, 1721, 180, 92
head60, 1722, 180, 92
head60, 1723, 188, 92
head60, 1724, 184, 96
head60, 1725, 188, 100
head60, 1726, 196, 100
head60, 1727, 196, 100
head60, 1728, 196, 84
head60, 1729, 200, 80
head60, 1730, 200, 88
head60, 1731, 204, 108
head60, 1732, 204, 116
head60, 1733, 212, 116
head60, 1734, 212, 116
head60, 1735, 212, 124
head60, 1736, 212, 124
head60, 1737, 212, 124
head60, 1738, 220, 124
head60, 1739, 220, 132
head60, 1740, 220, 132
head60, 1741, 224, 136
head60, 1742, 224, 144
head60, 1743, 220, 140
head60, 1744, 228, 148
head60, 1745, 232, 152
head60, 1746, 232, 160
head60, 1747, 228, 156
head60, 1748, 228, 156
head60, 1749, 232, 160
head60, 1750, 240, 176
head60, 1751, 244, 180
head60, 1752, 236, 172
head60, 1753, 248, 184
head60, 1754, 248, 192
head60, 1755, 252, 188
head60, 1757, 260, 196
head60, 1758, 256, 200
head60, 1759, 264, 200
head60, 1760, 268, 204
head60, 1761, 268, 204
head60, 1762, 272, 208
head60, 1763, 276, 212
head60, 1764, 276, 212
head60, 1767, 292, 212
head60, 1768, 292, 212
head60, 1769, 300, 212
head60, 1770, 300, 220
head60, 1771, 308, 220
head60, 1772, 308, 220
head60, 1773, 308, 220
head60, 1774, 312, 224
head60, 1775, 320, 224
head60, 1776, 316, 228
head60, 1777, 316, 228
head60, 1778, 324, 228
head60, 1779, 324, 228
head60, 1780, 324, 228
head60, 1781, 326, 240
head60, 1782, 326, 240
head60, 1783, 324, 236
head61, 1764, 148, 76
head61, 1765, 148, 76
head61, 1766, 148, 76
head61, 1767, 148, 76
head61, 1768, 148, 76
head61, 1769, 148, 76
head61, 1770, 152, 80
head61, 1771, 148, 76
head61, 1772, 148, 76
head61, 1773, 148, 76
head61, 1774, 148, 76
head61, 1775, 148, 76
head61, 1776, 148, 76
head61, 1777, 152, 80
head61, 1778, 148, 76
head61, 1779, 148, 76
head61, 1780, 148, 76
head61, 1781, 148, 76
head61, 1782, 148, 76
head61, 1783, 148, 76
head61, 1784, 148, 76
head61, 1785, 152, 80
head61, 1786, 160, 72
head62, 1742, 172, 68
head62, 1743, 172, 76
head62, 1744, 172, 76
head62, 1745, 172, 84
head62, 1746, 172, 84
head62, 1747, 172, 92
head62, 1748, 172, 92
head62, 1749, 172, 92
head62, 1750, 172, 92
head62, 1751, 164, 100
head62, 1752, 164, 100
head62, 1753, 160, 104
head62, 1754, 160, 104
head62, 1755, 156, 108
head62, 1756, 156, 108
head62, 1757, 160, 104
head62, 1758, 160, 104
head62, 1759, 156, 108
head62, 1760, 156, 108
head62, 1761, 160, 112
head62, 1762, 160, 112
head62, 1763, 156, 116
head62, 1764, 156, 124
head62, 1765, 160, 128
head62, 1766, 160, 128
head62, 1767, 164, 132
head62, 1768, 164, 132
head62, 1769, 168, 136
head62, 1770, 172, 140
head62, 1771, 172, 140
head62, 1773, 176, 144
head62, 1774, 176, 144
head62, 1775, 180, 148
head62, 1776, 180, 148
head62, 1777, 180, 148
head62, 1778, 180, 156
head62, 1779, 180, 156
head62, 1780, 180, 156
head62, 1781, 184, 160
head62, 1782, 188, 164
head62, 1783, 188, 164
head62, 1784, 188, 172
head62, 1785, 188, 172
head62, 1786, 196, 172
head62, 1787, 196, 180
head62, 1788, 196, 180
head62, 1789, 196, 188
head62, 1790, 196, 196
head62, 1791, 192, 200
head62, 1792, 196, 204
head62, 1793, 196, 204
head62, 1794, 196, 212
head62, 1795, 200, 216
head62, 1796, 200, 224
head62, 1797, 204, 228
head62, 1798, 204, 228
head62, 1799, 208, 232
head62, 1801, 212, 236
head62, 1802, 212, 236
head62, 1803, 216, 240
head62, 1804, 224, 248
head62, 1805, 220, 244
head62, 1806, 220, 244
head62, 1807, 228, 252
head62, 1808, 228, 252
head62, 1809, 236, 252
head62, 1810, 236, 252
head62, 1811, 248, 248
head62, 1812, 248, 248
head62, 1813, 252, 244
head62, 1814, 252, 252
head62, 1815, 252, 244
head62, 1816, 260, 244
head62, 1817, 264, 248
head62, 1818, 260, 244
head62, 1819, 260, 244
head62, 1820, 264, 248
head62, 1821, 264, 248
head62, 1822, 268, 252
head62, 1823, 268, 252
head62, 1824, 268, 252
