297,1,149,44,56,56,1.0
305,1,122,70,56,56,0.999918
306,1,122,78,56,56,0.858597
307,1,122,79,56,56,0.999955
310,1,114,86,56,56,0.985296
311,1,113,86,56,56,0.999999
312,1,114,86,56,56,0.999988
313,1,106,94,56,56,0.999922
314,1,105,94,56,56,1.0
315,1,106,86,56,56,1.0
316,1,98,86,56,56,1.0
323,1,146,59,56,56,0.999974
327,1,143,70,56,56,1.0
327,1,50,120,56,56,0.999935
328,1,144,70,56,56,1.0
328,1,48,120,56,56,0.999991
328,1,88,160,56,56,0.912442
329,1,42,120,56,56,1.0
329,1,144,76,56,56,1.0
330,1,144,78,56,56,1.0
330,1,42,124,56,56,0.999999
331,1,136,84,56,56,1.0
331,1,32,134,56,56,0.903734
332,1,135,92,56,56,1.0
332,1,36,134,56,56,0.998704
333,1,127,94,56,56,1.0
333,1,30,138,56,56,0.946333
334,1,26,143,56,56,0.988633
334,1,122,103,56,56,0.92524
335,1,122,103,56,56,1.0
336,1,122,111,56,56,1.0
336,1,51,176,56,56,0.986782
337,1,114,119,56,56,0.999996
338,1,114,127,56,56,0.999997
338,1,114,55,56,56,0.98899
339,1,114,120,56,56,1.0
339,1,18,164,56,56,0.999165
340,1,115,128,56,56,1.0
340,1,16,166,56,56,0.719008
344,1,99,142,56,56,1.0
344,1,43,201,56,56,0.995326
345,1,98,152,56,56,1.0
346,1,95,157,56,56,1.0
347,1,94,161,56,56,1.0
348,1,85,172,56,56,1.0
349,1,87,169,56,56,1.0
350,1,82,172,56,56,1.0
351,1,76,182,56,56,1.0
352,1,62,186,56,56,1.0
353,1,63,190,56,56,0.997714
354,1,60,193,56,56,0.868916
355,1,58,198,56,56,0.999999
356,1,52,210,56,56,1.0
357,1,55,213,56,56,1.0
358,1,41,212,56,56,0.999992
359,1,42,218,56,56,1.0
360,1,42,223,56,56,0.999998
361,1,28,235,56,56,1.0
361,1,162,94,56,56,0.999999
362,1,29,220,56,56,0.987976
363,1,54,229,56,56,0.747005
370,1,146,42,56,56,0.999956
371,1,154,50,56,56,0.999958
389,1,148,93,56,56,1.0
390,1,154,93,56,56,1.0
393,1,132,103,56,56,1.0
393,1,124,39,56,56,0.963607
394,1,133,104,56,56,1.0
394,1,173,40,56,56,0.925376
398,1,124,115,56,56,1.0
398,1,124,46,56,56,1.0
399,1,124,115,56,56,1.0
399,1,123,44,56,56,1.0
400,1,137,123,56,56,1.0
400,1,116,48,56,56,1.0
401,1,139,119,56,56,1.0
401,1,100,40,56,56,0.999859
401,1,164,40,56,56,0.998023
402,1,124,133,56,56,1.0
402,1,123,40,56,56,1.0
403,1,120,135,56,56,1.0
403,1,125,52,56,56,1.0
404,1,125,143,56,56,1.0
404,1,134,48,56,56,0.990692
405,1,123,144,56,56,1.0
405,1,126,47,56,56,0.999975
406,1,120,147,56,56,1.0
406,1,127,56,56,56,1.0
407,1,120,147,56,56,1.0
407,1,127,40,56,56,0.946479
408,1,141,160,56,56,0.999998
408,1,125,64,56,56,0.999996
409,1,126,64,56,56,0.99992
409,1,124,171,56,56,0.987327
410,1,123,163,56,56,0.99999
411,1,118,160,56,56,0.999996
411,1,134,72,56,56,0.999752
412,1,120,164,56,56,1.0
412,1,134,72,56,56,0.999998
413,1,118,166,56,56,1.0
414,1,117,171,56,56,1.0
415,1,114,172,56,56,1.0
416,1,113,175,56,56,1.0
417,1,119,185,56,56,1.0
418,1,109,189,56,56,1.0
419,1,100,184,56,56,1.0
420,1,113,195,56,56,1.0
421,1,95,190,56,56,1.0
421,1,123,37,56,56,0.999999
421,1,147,101,56,56,0.988162
422,1,101,201,56,56,1.0
422,1,143,102,56,56,0.999991
422,1,127,54,56,56,0.998534
423,1,100,196,56,56,1.0
423,1,147,112,56,56,1.0
423,1,124,54,56,56,0.999997
424,1,143,110,56,56,1.0
424,1,119,50,56,56,1.0
424,1,98,198,56,56,1.0
425,1,97,200,56,56,1.0
425,1,149,112,56,56,1.0
425,1,120,44,56,56,0.999778
426,1,103,210,56,56,1.0
426,1,150,118,56,56,1.0
426,1,126,54,56,56,1.0
427,1,102,204,56,56,1.0
427,1,155,121,56,56,1.0
427,1,123,49,56,56,0.994654
428,1,93,216,56,56,1.0
429,1,107,217,56,56,1.0
429,1,150,128,56,56,0.999999
429,1,118,51,56,56,0.996889
430,1,91,218,56,56,1.0
431,1,90,221,56,56,1.0
431,1,158,139,56,56,1.0
431,1,118,59,56,56,1.0
432,1,157,147,56,56,0.999995
432,1,90,224,56,56,0.999943
432,1,117,67,56,56,0.974459
433,1,89,220,56,56,0.998922
433,1,157,155,56,56,0.998541
433,1,125,67,56,56,0.946457
434,1,125,67,56,56,0.999999
434,1,89,223,56,56,0.999962
434,1,157,155,56,56,0.99987
435,1,165,159,56,56,1.0
435,1,117,71,56,56,0.999508
435,1,89,227,56,56,0.99249
436,1,165,161,56,56,0.999988
436,1,125,73,56,56,0.999713
436,1,88,231,56,56,0.99669
437,1,124,76,56,56,1.0
438,1,124,77,56,56,1.0
439,1,124,79,56,56,0.998957
440,1,124,87,56,56,1.0
441,1,124,91,56,56,1.0
442,1,121,86,56,56,1.0
442,1,161,38,56,56,0.908546
443,1,128,86,56,56,1.0
443,1,184,190,56,56,0.997635
444,1,121,94,56,56,1.0
444,1,145,182,56,56,0.630134
445,1,125,100,56,56,1.0
446,1,126,91,56,56,0.999994
447,1,126,99,56,56,1.0
448,1,123,100,56,56,1.0
448,1,153,43,56,56,0.99966
448,1,139,164,56,56,0.790062
449,1,124,115,56,56,0.999992
449,1,153,39,56,56,0.902935
450,1,119,115,56,56,1.0
450,1,154,39,56,56,0.87938
451,1,120,119,56,56,1.0
451,1,154,49,56,56,0.999667
452,1,120,120,56,56,1.0
452,1,146,33,56,56,0.999889
453,1,121,121,56,56,1.0
453,1,162,33,56,56,0.999983
454,1,121,123,56,56,1.0
454,1,154,33,56,56,0.999989
455,1,120,127,56,56,1.0
455,1,161,43,56,56,1.0
456,1,122,131,56,56,1.0
456,1,144,37,56,56,0.99999
457,1,120,130,56,56,1.0
457,1,145,34,56,56,0.99943
458,1,123,132,56,56,1.0
458,1,132,47,56,56,0.999612
459,1,123,136,56,56,1.0
459,1,148,33,56,56,1.0
460,1,124,146,56,56,1.0
460,1,139,47,56,56,0.999999
461,1,140,36,56,56,1.0
461,1,124,148,56,56,1.0
462,1,126,152,56,56,1.0
462,1,141,38,56,56,1.0
463,1,126,156,56,56,1.0
464,1,119,159,56,56,1.0
464,1,125,54,56,56,1.0
465,1,118,162,56,56,1.0
465,1,132,55,56,56,1.0
466,1,129,167,56,56,1.0
466,1,124,50,56,56,1.0
467,1,129,162,56,56,1.0
467,1,115,42,56,56,1.0
468,1,118,174,56,56,1.0
468,1,123,58,56,56,1.0
469,1,117,178,56,56,1.0
469,1,141,44,56,56,0.99355
470,1,125,182,56,56,1.0
470,1,123,50,56,56,1.0
471,1,133,186,56,56,1.0
471,1,114,50,56,56,1.0
472,1,131,197,56,56,1.0
472,1,116,60,56,56,1.0
473,1,131,193,56,56,1.0
473,1,116,52,56,56,0.999999
474,1,122,205,56,56,1.0
474,1,125,68,56,56,1.0
474,1,165,116,56,56,0.89051
475,1,123,208,56,56,1.0
475,1,117,54,56,56,0.999999
475,1,169,117,56,56,0.975232
476,1,123,211,56,56,1.0
476,1,118,68,56,56,1.0
476,1,174,116,56,56,0.999901
477,1,129,214,56,56,1.0
477,1,124,49,56,56,1.0
477,1,168,125,56,56,0.996646
478,1,128,217,56,56,1.0
478,1,124,64,56,56,1.0
478,1,168,127,56,56,0.999616
479,1,122,217,56,56,1.0
479,1,134,65,56,56,0.999908
480,1,119,222,56,56,1.0
480,1,132,65,56,56,0.997133
480,1,172,137,56,56,0.968334
481,1,118,225,56,56,1.0
481,1,157,79,56,56,0.998517
481,1,176,138,56,56,0.847982
482,1,121,228,56,56,1.0
482,1,131,90,56,56,0.999993
483,1,120,230,56,56,1.0
483,1,131,93,56,56,1.0
483,1,171,149,56,56,0.719297
484,1,120,233,56,56,1.0
484,1,132,68,56,56,0.999997
484,1,170,149,56,56,0.986779
485,1,123,64,56,56,1.0
485,1,179,152,56,56,0.999792
485,1,128,228,56,56,0.997644
486,1,139,70,56,56,1.0
486,1,180,152,56,56,0.998266
486,1,145,224,56,56,0.976973
487,1,123,67,56,56,1.0
487,1,179,155,56,56,0.624103
488,1,131,70,56,56,1.0
488,1,179,158,56,56,0.99915
488,1,144,239,56,56,0.702602
489,1,132,73,56,56,1.0
489,1,185,166,56,56,0.907819
490,1,139,78,56,56,0.999982
490,1,186,163,56,56,0.999939
491,1,136,79,56,56,1.0
491,1,188,168,56,56,0.999579
492,1,131,78,56,56,1.0
492,1,188,170,56,56,0.981327
493,1,129,78,56,56,1.0
493,1,193,166,56,56,0.99948
494,1,128,86,56,56,1.0
495,1,131,86,56,56,1.0
495,1,203,182,56,56,0.852246
496,1,123,86,56,56,1.0
496,1,203,182,56,56,0.999999
497,1,126,82,56,56,1.0
497,1,206,186,56,56,0.998868
498,1,130,90,56,56,1.0
499,1,130,83,56,56,1.0
499,1,146,155,56,56,0.616949
500,1,134,83,56,56,1.0
500,1,214,187,56,56,0.999984
500,1,159,31,56,56,0.903224
501,1,132,85,56,56,1.0
502,1,122,103,56,56,1.0
503,1,129,103,56,56,1.0
503,1,113,39,56,56,0.999684
504,1,129,98,56,56,1.0
504,1,161,34,56,56,0.999671
505,1,128,112,56,56,1.0
505,1,160,40,56,56,0.999999
505,1,112,40,56,56,0.999604
506,1,112,49,56,56,1.0
506,1,128,113,56,56,1.0
507,1,124,114,56,56,1.0
507,1,121,59,56,56,0.999966
508,1,123,112,56,56,1.0
509,1,123,121,56,56,1.0
510,1,116,121,56,56,1.0
511,1,122,121,56,56,1.0
512,1,122,123,56,56,1.0
513,1,117,126,56,56,1.0
514,1,113,129,56,56,1.0
515,1,114,128,56,56,1.0
516,1,114,136,56,56,1.0
517,1,118,136,56,56,1.0
517,1,154,54,56,56,0.999698
518,1,118,137,56,56,1.0
519,1,118,139,56,56,1.0
520,1,121,138,56,56,1.0
520,1,153,50,56,56,0.999996
521,1,117,147,56,56,1.0
521,1,154,51,56,56,1.0
522,1,128,149,56,56,1.0
523,1,120,152,56,56,1.0
524,1,128,154,56,56,1.0
524,1,151,55,56,56,0.999389
525,1,129,150,56,56,1.0
525,1,151,55,56,56,0.999997
526,1,130,151,56,56,1.0
526,1,151,55,56,56,1.0
527,1,124,154,56,56,1.0
527,1,153,56,56,56,0.999113
528,1,126,152,56,56,1.0
528,1,113,105,56,56,0.999964
528,1,153,65,56,56,0.999933
529,1,134,154,56,56,1.0
529,1,154,82,56,56,0.999999
530,1,128,156,56,56,1.0
530,1,154,69,56,56,0.999996
531,1,129,157,56,56,1.0
531,1,160,64,56,56,0.999938
532,1,145,158,56,56,1.0
532,1,158,69,56,56,0.986074
533,1,132,160,56,56,1.0
534,1,134,163,56,56,1.0
535,1,142,162,56,56,1.0
535,1,139,49,56,56,0.993669
536,1,144,166,56,56,1.0
536,1,104,109,56,56,0.999329
537,1,138,167,56,56,1.0
537,1,148,93,56,56,0.999878
537,1,138,41,56,56,0.681061
538,1,148,167,56,56,1.0
538,1,169,89,56,56,0.999591
538,1,100,123,56,56,0.999454
538,1,161,25,56,56,0.742476
539,1,148,169,56,56,1.0
539,1,170,96,56,56,0.9863
539,1,99,124,56,56,0.877054
540,1,141,171,56,56,1.0
540,1,170,96,56,56,0.996644
540,1,98,127,56,56,0.990685
540,1,138,56,56,56,0.973267
541,1,150,172,56,56,1.0
541,1,170,96,56,56,1.0
541,1,97,130,56,56,0.961939
541,1,154,24,56,56,0.889888
542,1,143,174,56,56,1.0
542,1,96,133,56,56,0.999995
542,1,160,109,56,56,0.922468
543,1,152,174,56,56,1.0
543,1,97,144,56,56,1.0
544,1,160,171,56,56,1.0
544,1,97,139,56,56,1.0
545,1,145,178,56,56,1.0
545,1,156,112,56,56,0.999974
545,1,132,48,56,56,0.999287
546,1,154,178,56,56,1.0
546,1,159,34,56,56,0.996419
546,1,151,114,56,56,0.99315
547,1,154,181,56,56,1.0
547,1,132,51,56,56,0.998774
547,1,156,115,56,56,0.993805
547,1,108,147,56,56,0.606334
548,1,153,185,56,56,1.0
548,1,172,102,56,56,0.999978
548,1,151,38,56,56,0.997769
549,1,162,194,56,56,1.0
549,1,164,126,56,56,1.0
549,1,159,39,56,56,0.999019
550,1,153,187,56,56,1.0
550,1,156,119,56,56,0.999089
550,1,92,163,56,56,0.998662
550,1,132,55,56,56,0.706827
551,1,161,198,56,56,1.0
551,1,162,130,56,56,0.999999
551,1,162,44,56,56,0.998746
551,1,82,155,56,56,0.975722
552,1,154,200,56,56,1.0
552,1,161,130,56,56,0.999996
552,1,84,171,56,56,0.641768
553,1,159,202,56,56,1.0
553,1,166,117,56,56,1.0
553,1,80,164,56,56,0.981452
553,1,165,55,56,56,0.820627
554,1,158,204,56,56,1.0
554,1,178,119,56,56,1.0
554,1,161,60,56,56,0.982138
554,1,82,174,56,56,0.859198
555,1,156,205,56,56,1.0
555,1,175,121,56,56,0.999998
555,1,84,177,56,56,0.997874
555,1,162,55,56,56,0.981585
556,1,163,208,56,56,1.0
556,1,168,128,56,56,1.0
556,1,82,180,56,56,0.997057
556,1,128,64,56,56,0.990351
557,1,154,210,56,56,1.0
557,1,167,138,56,56,0.999977
557,1,154,47,56,56,0.999295
557,1,78,184,56,56,0.995163
558,1,153,203,56,56,1.0
558,1,178,124,56,56,1.0
558,1,88,188,56,56,0.999792
558,1,127,64,56,56,0.999765
559,1,153,223,56,56,1.0
559,1,178,126,56,56,1.0
559,1,78,191,56,56,0.999988
559,1,127,64,56,56,0.999773
560,1,145,217,56,56,1.0
560,1,180,134,56,56,1.0
560,1,128,63,56,56,0.995994
560,1,77,195,56,56,0.872074
561,1,180,129,56,56,1.0
561,1,152,220,56,56,1.0
561,1,161,56,56,56,0.998855
561,1,77,199,56,56,0.958483
562,1,144,222,56,56,1.0
562,1,188,129,56,56,1.0
562,1,76,195,56,56,1.0
562,1,119,73,56,56,0.999999
563,1,152,217,56,56,1.0
563,1,183,133,56,56,1.0
563,1,137,97,56,56,0.998658
563,1,161,33,56,56,0.993341
564,1,143,219,56,56,1.0
564,1,183,135,56,56,1.0
564,1,136,71,56,56,0.999898
564,1,76,210,56,56,0.999299
565,1,151,220,56,56,1.0
565,1,185,144,56,56,0.999986
565,1,160,48,56,56,0.998928
565,1,129,103,56,56,0.995998
565,1,84,214,56,56,0.981543
566,1,77,218,56,56,0.999987
566,1,199,145,56,56,0.999975
566,1,155,62,56,56,0.988666
566,1,132,111,56,56,0.944218
567,1,201,139,56,56,1.0
567,1,155,39,56,56,0.999992
567,1,126,112,56,56,0.999938
567,1,78,221,56,56,0.999491
568,1,199,145,56,56,1.0
568,1,79,216,56,56,0.999477
568,1,159,39,56,56,0.993732
569,1,211,145,56,56,1.0
569,1,103,95,56,56,1.0
569,1,89,220,56,56,0.999996
569,1,159,51,56,56,0.999886
570,1,211,154,56,56,1.0
570,1,158,47,56,56,0.999999
570,1,82,231,56,56,0.995222
571,1,213,157,56,56,1.0
571,1,101,99,56,56,1.0
571,1,162,51,56,56,1.0
571,1,83,226,56,56,0.999985
572,1,157,55,56,56,1.0
572,1,101,103,56,56,0.999969
572,1,213,160,56,56,0.998292
572,1,85,238,56,56,0.968426
573,1,100,102,56,56,1.0
573,1,156,46,56,56,1.0
573,1,214,154,56,56,0.972483
574,1,163,56,56,56,1.0
574,1,99,110,56,56,0.988643
575,1,98,109,56,56,1.0
575,1,153,47,56,56,0.999995
575,1,213,158,56,56,0.990306
576,1,98,111,56,56,1.0
576,1,159,54,56,56,1.0
576,1,130,175,56,56,0.562811
577,1,158,56,56,56,1.0
577,1,97,115,56,56,1.0
577,1,169,195,56,56,0.614357
578,1,150,55,56,56,1.0
578,1,96,126,56,56,0.999999
579,1,158,56,56,56,1.0
579,1,96,122,56,56,1.0
580,1,96,125,56,56,1.0
580,1,155,64,56,56,1.0
581,1,96,128,56,56,1.0
581,1,157,55,56,56,0.999996
582,1,95,138,56,56,0.999997
582,1,157,80,56,56,0.99997
583,1,160,72,56,56,0.999986
583,1,102,141,56,56,0.999983
584,1,154,74,56,56,1.0
584,1,95,142,56,56,0.999915
584,1,214,197,56,56,0.852716
585,1,89,138,56,56,1.0
586,1,93,147,56,56,0.998841
587,1,158,68,56,56,1.0
587,1,84,149,56,56,0.985174
588,1,88,150,56,56,1.0
588,1,151,81,56,56,0.999994
589,1,88,160,56,56,0.999999
589,1,160,97,56,56,0.999999
590,1,84,162,56,56,1.0
590,1,152,90,56,56,0.999997
590,1,160,154,56,56,0.671842
591,1,151,85,56,56,1.0
591,1,82,164,56,56,0.999999
592,1,143,87,56,56,1.0
592,1,79,158,56,56,1.0
593,1,76,168,56,56,1.0
593,1,143,86,56,56,1.0
593,1,159,158,56,56,0.955502
594,1,81,163,56,56,0.999976
595,1,62,165,56,56,1.0
595,1,173,156,56,56,0.972748
596,1,66,168,56,56,1.0
597,1,63,171,56,56,0.999993
598,1,61,172,56,56,0.999542
598,1,117,212,56,56,0.956314
600,1,56,172,56,56,1.0
600,1,148,120,56,56,0.97589
601,1,55,173,56,56,0.999913
602,1,54,182,56,56,1.0
603,1,53,183,56,56,1.0
603,1,135,116,56,56,0.999999
604,1,52,184,56,56,0.791592
604,1,135,138,56,56,0.715105
605,1,52,178,56,56,0.999998
606,1,126,122,56,56,1.0
606,1,52,179,56,56,0.999509
607,1,124,120,56,56,1.0
607,1,43,188,56,56,0.999994
608,1,116,120,56,56,1.0
608,1,51,182,56,56,0.999992
609,1,117,128,56,56,1.0
609,1,49,192,56,56,0.999999
610,1,49,194,56,56,0.999897
610,1,119,126,56,56,0.999752
611,1,48,196,56,56,1.0
611,1,120,126,56,56,0.999987
612,1,113,127,56,56,1.0
612,1,47,199,56,56,0.999998
613,1,47,202,56,56,1.0
613,1,106,139,56,56,1.0
614,1,103,138,56,56,1.0
614,1,47,204,56,56,0.999998
614,1,116,67,56,56,0.919736
615,1,46,199,56,56,1.0
615,1,115,68,56,56,0.999997
615,1,107,140,56,56,0.99999
616,1,45,208,56,56,1.0
616,1,97,138,56,56,1.0
616,1,115,70,56,56,1.0
617,1,115,71,56,56,0.999997
617,1,99,151,56,56,0.999631
617,1,47,202,56,56,0.997896
618,1,46,211,56,56,1.0
618,1,143,51,56,56,0.999905
618,1,100,144,56,56,0.998621
619,1,100,152,56,56,0.999999
619,1,116,72,56,56,0.999983
619,1,38,215,56,56,0.999956
620,1,88,146,56,56,1.0
620,1,45,217,56,56,0.999999
621,1,44,218,56,56,1.0
621,1,84,156,56,56,1.0
622,1,44,221,56,56,1.0
622,1,79,149,56,56,1.0
622,1,124,62,56,56,0.999632
623,1,80,157,56,56,1.0
623,1,116,86,56,56,1.0
623,1,43,223,56,56,0.999973
624,1,117,86,56,56,1.0
624,1,43,216,56,56,0.999999
624,1,104,175,56,56,0.999976
625,1,43,225,56,56,1.0
625,1,116,86,56,56,0.999927
625,1,98,173,56,56,0.999888
626,1,113,89,56,56,1.0
626,1,103,170,56,56,0.999984
626,1,42,224,56,56,0.999971
627,1,42,218,56,56,1.0
627,1,116,89,56,56,0.999993
627,1,76,158,56,56,0.999921
628,1,96,172,56,56,0.999962
628,1,123,65,56,56,0.998462
628,1,58,221,56,56,0.987652
629,1,114,97,56,56,1.0
629,1,62,157,56,56,0.99988
629,1,46,221,56,56,0.999865
630,1,115,97,56,56,1.0
630,1,42,228,56,56,0.999842
630,1,60,157,56,56,0.999662
630,1,124,213,56,56,0.695167
631,1,42,228,56,56,1.0
631,1,114,97,56,56,1.0
631,1,82,173,56,56,0.999977
632,1,42,229,56,56,1.0
632,1,79,173,56,56,1.0
632,1,113,97,56,56,1.0
632,1,118,213,56,56,0.681798
633,1,114,101,56,56,1.0
633,1,79,173,56,56,0.999993
633,1,39,229,56,56,0.99999
633,1,168,66,56,56,0.999967
634,1,43,229,56,56,1.0
634,1,117,102,56,56,1.0
634,1,59,165,56,56,1.0
634,1,168,59,56,56,0.966682
635,1,108,107,56,56,1.0
635,1,58,165,56,56,0.999938
635,1,42,229,56,56,0.992707
635,1,122,205,56,56,0.706051
636,1,41,228,56,56,1.0
636,1,113,104,56,56,1.0
636,1,72,181,56,56,0.996708
636,1,167,53,56,56,0.613033
637,1,33,228,56,56,1.0
637,1,114,108,56,56,1.0
637,1,37,157,56,56,0.999963
637,1,167,72,56,56,0.998131
638,1,41,229,56,56,1.0
638,1,67,173,56,56,1.0
638,1,114,109,56,56,1.0
638,1,167,67,56,56,0.999774
638,1,107,213,56,56,0.945848
639,1,42,166,56,56,1.0
639,1,34,230,56,56,1.0
639,1,109,114,56,56,1.0
639,1,151,59,56,56,0.987774
639,1,106,214,56,56,0.815998
640,1,48,166,56,56,1.0
640,1,108,112,56,56,1.0
640,1,32,238,56,56,1.0
640,1,105,212,56,56,0.999641
641,1,41,226,56,56,1.0
641,1,37,165,56,56,1.0
641,1,106,113,56,56,1.0
641,1,105,218,56,56,0.999993
642,1,35,229,56,56,1.0
642,1,105,114,56,56,1.0
642,1,35,165,56,56,1.0
642,1,106,224,56,56,0.774162
643,1,25,165,56,56,1.0
643,1,106,115,56,56,1.0
643,1,33,229,56,56,0.999911
643,1,97,213,56,56,0.635156
644,1,39,157,56,56,1.0
644,1,102,115,56,56,1.0
644,1,32,232,56,56,0.999986
645,1,37,166,56,56,1.0
645,1,104,120,56,56,1.0
645,1,28,234,56,56,0.998934
646,1,27,158,56,56,1.0
646,1,27,238,56,56,1.0
646,1,99,116,56,56,1.0
647,1,28,234,56,56,1.0
647,1,26,166,56,56,1.0
647,1,93,117,56,56,1.0
648,1,24,158,56,56,1.0
648,1,94,117,56,56,1.0
648,1,158,93,56,56,0.967306
648,1,33,233,56,56,0.966153
649,1,25,230,56,56,1.0
649,1,87,116,56,56,1.0
649,1,158,94,56,56,0.999783
649,1,41,182,56,56,0.999329
650,1,31,230,56,56,1.0
650,1,88,116,56,56,1.0
651,1,85,115,56,56,1.0
651,1,27,167,56,56,1.0
651,1,167,104,56,56,0.999776
652,1,28,226,56,56,1.0
652,1,82,114,56,56,1.0
652,1,162,106,56,56,0.998143
653,1,19,226,56,56,1.0
653,1,76,114,56,56,1.0
653,1,24,169,56,56,0.999969
653,1,167,108,56,56,0.974875
654,1,76,114,56,56,1.0
654,1,26,226,56,56,0.972722
655,1,16,226,56,56,0.999995
655,1,72,113,56,56,0.999964
655,1,160,105,56,56,0.9865
656,1,13,224,56,56,1.0
656,1,70,113,56,56,1.0
656,1,167,107,56,56,0.999213
656,1,131,75,56,56,0.98789
657,1,75,114,56,56,1.0
657,1,20,225,56,56,0.999996
657,1,160,108,56,56,0.99995
657,1,128,75,56,56,0.997693
658,1,66,114,56,56,1.0
658,1,165,118,56,56,1.0
658,1,9,224,56,56,1.0
659,1,62,114,56,56,1.0
659,1,17,218,56,56,0.999995
659,1,125,74,56,56,0.997515
660,1,62,114,56,56,1.0
660,1,159,78,56,56,0.990758
661,1,58,115,56,56,1.0
661,1,119,68,56,56,0.999942
662,1,4,218,56,56,1.0
662,1,56,115,56,56,1.0
662,1,126,81,56,56,0.999995
663,1,3,226,56,56,1.0
663,1,54,116,56,56,1.0
663,1,164,111,56,56,0.961587
664,1,1,225,56,56,1.0
664,1,58,116,56,56,1.0
664,1,155,114,56,56,0.999865
664,1,1,169,56,56,0.959645
665,1,50,118,56,56,0.999789
665,1,130,118,56,56,0.533282
666,1,52,119,56,56,0.999991
666,1,150,125,56,56,0.997775
667,1,58,120,56,56,1.0
667,1,157,142,56,56,0.99952
667,1,157,94,56,56,0.995124
668,1,40,121,56,56,0.999972
668,1,141,127,56,56,0.997558
669,1,36,122,56,56,0.999942
669,1,149,129,56,56,0.913899
670,1,155,150,56,56,0.999226
670,1,50,123,56,56,0.998512
671,1,49,118,56,56,0.99949
671,1,124,134,56,56,0.981967
671,1,91,171,56,56,0.959269
672,1,130,142,56,56,0.999918
672,1,36,124,56,56,0.999334
673,1,34,124,56,56,0.990837
673,1,129,142,56,56,0.935248
673,1,10,180,56,56,0.908628
673,1,92,188,56,56,0.891613
674,1,124,74,56,56,1.0
674,1,126,142,56,56,0.999991
674,1,34,125,56,56,0.999959
674,1,10,181,56,56,0.967461
675,1,123,76,56,56,1.0
675,1,131,148,56,56,0.999993
675,1,41,124,56,56,0.996565
675,1,58,212,56,56,0.967227
676,1,2,173,56,56,0.999991
676,1,123,152,56,56,0.998726
676,1,42,125,56,56,0.996403
676,1,122,87,56,56,0.983725
677,1,123,79,56,56,0.999934
677,1,139,159,56,56,0.994465
677,1,44,153,56,56,0.885808
678,1,123,79,56,56,1.0
678,1,136,174,56,56,0.999529
678,1,44,153,56,56,0.996627
679,1,122,83,56,56,1.0
679,1,114,155,56,56,0.999994
679,1,32,151,56,56,0.974238
680,1,123,84,56,56,1.0
680,1,111,160,56,56,1.0
680,1,37,150,56,56,0.996796
681,1,124,85,56,56,1.0
681,1,36,150,56,56,0.966867
682,1,124,86,56,56,1.0
682,1,127,182,56,56,0.999997
683,1,121,75,56,56,1.0
683,1,121,155,56,56,0.972215
684,1,101,170,56,56,1.0
684,1,114,72,56,56,1.0
685,1,110,79,56,56,1.0
685,1,113,162,56,56,0.999966
686,1,104,178,56,56,1.0
686,1,120,80,56,56,1.0
686,1,48,154,56,56,0.972088
687,1,101,176,56,56,1.0
687,1,112,79,56,56,1.0
687,1,45,152,56,56,0.906012
688,1,158,81,56,56,1.0
688,1,90,179,56,56,1.0
688,1,102,81,56,56,0.99997
689,1,88,181,56,56,1.0
689,1,106,80,56,56,0.999999
689,1,162,24,56,56,0.978175
690,1,98,90,56,56,1.0
690,1,93,180,56,56,0.999959
691,1,98,80,56,56,1.0
691,1,21,147,56,56,0.999346
691,1,85,187,56,56,0.998255
692,1,86,190,56,56,1.0
692,1,98,110,56,56,1.0
693,1,82,189,56,56,1.0
693,1,97,87,56,56,0.999992
693,1,145,87,56,56,0.999974
693,1,169,31,56,56,0.999715
693,1,27,164,56,56,0.660156
694,1,99,80,56,56,0.999932
694,1,163,88,56,56,0.999909
694,1,163,40,56,56,0.999768
694,1,89,194,56,56,0.993224
695,1,76,204,56,56,1.0
695,1,102,118,56,56,1.0
695,1,169,32,56,56,1.0
695,1,24,173,56,56,0.976758
696,1,101,118,56,56,0.999998
696,1,69,204,56,56,0.999984
696,1,167,98,56,56,0.999093
696,1,170,39,56,56,0.994451
697,1,72,82,56,56,1.0
697,1,67,185,56,56,0.999998
697,1,162,39,56,56,0.998373
697,1,170,87,56,56,0.979295
697,1,27,161,56,56,0.931826
698,1,66,208,56,56,1.0
698,1,170,95,56,56,0.999998
698,1,24,168,56,56,0.999984
698,1,162,39,56,56,0.999944
699,1,172,108,56,56,1.0
699,1,154,40,56,56,0.999943
699,1,22,183,56,56,0.999746
699,1,70,199,56,56,0.772226
699,1,79,102,56,56,0.61934
700,1,181,109,56,56,1.0
700,1,59,211,56,56,0.999526
700,1,11,171,56,56,0.997195
700,1,161,40,56,56,0.996126
700,1,85,110,56,56,0.978859
701,1,180,114,56,56,0.999999
701,1,161,47,56,56,0.999861
701,1,121,87,56,56,0.999246
701,1,58,207,56,56,0.99284
701,1,2,167,56,56,0.976412
702,1,161,140,56,56,0.999971
702,1,76,230,56,56,0.999863
702,1,161,40,56,56,0.999387
703,1,177,112,56,56,1.0
703,1,161,48,56,56,0.999929
703,1,72,208,56,56,0.999493
703,1,121,88,56,56,0.998634
703,1,102,152,56,56,0.974884
704,1,178,116,56,56,1.0
704,1,162,55,56,56,0.99998
704,1,83,112,56,56,0.953417
705,1,178,111,56,56,1.0
705,1,98,144,56,56,0.999258
705,1,162,55,56,56,0.995161
706,1,188,112,56,56,1.0
706,1,161,40,56,56,0.999284
706,1,58,215,56,56,0.997446
706,1,67,122,56,56,0.978445
707,1,186,119,56,56,1.0
707,1,162,55,56,56,0.971273
707,1,73,120,56,56,0.88268
707,1,55,217,56,56,0.841005
708,1,194,120,56,56,1.0
708,1,162,72,56,56,0.997746
708,1,70,136,56,56,0.646156
709,1,67,138,56,56,0.992904
709,1,147,146,56,56,0.750989
710,1,64,122,56,56,0.864457
710,1,152,146,56,56,0.553351
711,1,65,142,56,56,0.986691
712,1,40,119,56,56,0.993829
713,1,36,118,56,56,0.999712
714,1,40,118,56,56,0.996592
715,1,29,119,56,56,1.0
715,1,195,154,56,56,0.999967
716,1,196,162,56,56,1.0
716,1,28,120,56,56,1.0
717,1,196,164,56,56,1.0
717,1,24,120,56,56,1.0
717,1,121,41,56,56,0.999974
717,1,153,105,56,56,0.999426
718,1,156,97,56,56,0.999995
718,1,21,120,56,56,0.999946
718,1,132,41,56,56,0.999868
719,1,18,120,56,56,1.0
719,1,125,41,56,56,1.0
719,1,149,89,56,56,0.999999
720,1,117,42,56,56,1.0
720,1,153,95,56,56,0.990455
721,1,124,41,56,56,1.0
721,1,148,89,56,56,0.999955
723,1,120,42,56,56,1.0
723,1,128,106,56,56,0.996187
724,1,120,52,56,56,1.0
724,1,144,116,56,56,0.928396
725,1,120,45,56,56,1.0
725,1,144,101,56,56,0.997245
726,1,130,46,56,56,1.0
726,1,146,110,56,56,1.0
727,1,128,47,56,56,1.0
727,1,144,119,56,56,0.999389
727,1,68,183,56,56,0.852008
728,1,151,40,56,56,1.0
728,1,151,120,56,56,1.0
728,1,74,184,56,56,0.537982
729,1,151,40,56,56,1.0
729,1,143,120,56,56,1.0
729,1,62,191,56,56,0.948757
730,1,154,42,56,56,1.0
730,1,138,122,56,56,0.99995
730,1,56,189,56,56,0.98122
731,1,114,54,56,56,1.0
731,1,138,126,56,56,0.999579
731,1,54,188,56,56,0.985625
732,1,119,49,56,56,1.0
732,1,135,137,56,56,1.0
732,1,59,187,56,56,0.941521
733,1,123,55,56,56,1.0
733,1,139,135,56,56,0.997264
733,1,57,187,56,56,0.733287
734,1,116,56,56,56,1.0
734,1,140,136,56,56,1.0
734,1,53,182,56,56,0.927394
735,1,118,58,56,56,1.0
735,1,134,146,56,56,1.0
735,1,51,182,56,56,0.921279
736,1,126,57,56,56,1.0
736,1,134,145,56,56,1.0
736,1,47,184,56,56,0.973039
737,1,137,149,56,56,1.0
737,1,124,72,56,56,0.999993
737,1,44,185,56,56,0.724255
738,1,127,62,56,56,1.0
738,1,135,158,56,56,1.0
739,1,132,72,56,56,1.0
739,1,139,160,56,56,1.0
740,1,127,75,56,56,1.0
740,1,139,162,56,56,0.959802
741,1,137,77,56,56,1.0
741,1,121,157,56,56,0.936593
742,1,138,71,56,56,1.0
743,1,147,80,56,56,1.0
744,1,149,78,56,56,1.0
745,1,152,42,56,56,0.999999
746,1,151,77,56,56,1.0
747,1,152,78,56,56,1.0
748,1,156,88,56,56,1.0
749,1,157,89,56,56,1.0
749,1,145,40,56,56,1.0
750,1,157,95,56,56,1.0
750,1,153,33,56,56,0.999953
751,1,102,202,56,56,1.0
751,1,145,36,56,56,1.0
751,1,161,92,56,56,1.0
752,1,166,96,56,56,1.0
753,1,168,94,56,56,1.0
753,1,159,157,56,56,0.969934
754,1,138,46,56,56,1.0
754,1,170,102,56,56,1.0
754,1,156,160,56,56,0.989396
755,1,174,100,56,56,1.0
755,1,145,58,56,56,1.0
756,1,138,49,56,56,1.0
757,1,175,95,56,56,1.0
757,1,139,49,56,56,1.0
758,1,167,106,56,56,1.0
758,1,141,51,56,56,1.0
759,1,141,50,56,56,1.0
759,1,181,106,56,56,1.0
760,1,175,104,56,56,1.0
760,1,134,49,56,56,1.0
761,1,169,117,56,56,1.0
761,1,132,56,56,56,0.999997
762,1,175,116,56,56,1.0
762,1,135,64,56,56,1.0
763,1,175,114,56,56,1.0
763,1,135,65,56,56,1.0
764,1,183,114,56,56,1.0
764,1,148,71,56,56,0.999466
765,1,184,125,56,56,1.0
765,1,141,79,56,56,1.0
766,1,183,123,56,56,1.0
766,1,153,81,56,56,0.999999
767,1,191,119,56,56,1.0
767,1,130,73,56,56,1.0
768,1,183,122,56,56,1.0
768,1,130,73,56,56,1.0
769,1,175,131,56,56,1.0
769,1,133,85,56,56,0.999992
770,1,192,136,56,56,1.0
770,1,120,80,56,56,1.0
771,1,192,139,56,56,1.0
771,1,120,80,56,56,0.999926
772,1,191,142,56,56,1.0
772,1,118,83,56,56,1.0
773,1,185,147,56,56,1.0
773,1,121,83,56,56,0.999999
774,1,115,88,56,56,0.999999
774,1,163,40,56,56,0.781953
775,1,115,90,56,56,1.0
775,1,186,150,56,56,0.999698
776,1,115,94,56,56,1.0
776,1,167,175,56,56,0.987404
777,1,107,89,56,56,1.0
777,1,156,45,56,56,0.999983
777,1,174,176,56,56,0.9797
778,1,111,94,56,56,1.0
778,1,172,177,56,56,0.543749
779,1,111,93,56,56,1.0
779,1,132,41,56,56,0.994653
779,1,178,180,56,56,0.948855
780,1,111,98,56,56,1.0
780,1,169,182,56,56,0.994384
781,1,107,100,56,56,1.0
781,1,163,36,56,56,0.998594
781,1,175,182,56,56,0.96808
782,1,218,169,56,56,1.0
782,1,97,103,56,56,1.0
782,1,138,46,56,56,0.99984
783,1,211,170,56,56,1.0
783,1,107,112,56,56,1.0
783,1,131,48,56,56,0.999998
784,1,220,169,56,56,1.0
784,1,97,114,56,56,1.0
784,1,140,47,56,56,0.999999
785,1,220,171,56,56,1.0
785,1,92,114,56,56,1.0
785,1,147,55,56,56,0.999928
786,1,222,177,56,56,1.0
786,1,94,116,56,56,0.999899
786,1,140,63,56,56,0.999378
787,1,86,119,56,56,1.0
787,1,160,39,56,56,0.999997
788,1,88,129,56,56,1.0
788,1,120,63,56,56,1.0
789,1,79,131,56,56,1.0
789,1,128,74,56,56,0.999968
789,1,162,39,56,56,0.999819
790,1,101,141,56,56,1.0
790,1,120,63,56,56,1.0
791,1,75,129,56,56,1.0
791,1,128,79,56,56,1.0
791,1,160,39,56,56,1.0
792,1,72,138,56,56,1.0
792,1,128,63,56,56,0.99998
793,1,127,71,56,56,1.0
793,1,78,142,56,56,0.999023
794,1,68,147,56,56,1.0
794,1,138,63,56,56,0.999435
794,1,215,210,56,56,0.99165
795,1,71,143,56,56,0.999993
795,1,126,71,56,56,0.999989
795,1,218,210,56,56,0.977901
796,1,130,81,56,56,0.999983
796,1,218,218,56,56,0.999577
797,1,129,91,56,56,0.999971
797,1,218,218,56,56,0.999749
798,1,127,77,56,56,0.999991
798,1,218,218,56,56,0.999033
799,1,130,87,56,56,0.999953
799,1,210,226,56,56,0.976694
800,1,61,158,56,56,0.99993
800,1,158,41,56,56,0.999749
800,1,128,89,56,56,0.998654
801,1,59,167,56,56,1.0
801,1,128,90,56,56,0.999987
801,1,216,234,56,56,0.999937
802,1,136,84,56,56,1.0
802,1,150,40,56,56,0.999959
802,1,59,172,56,56,0.997657
803,1,136,86,56,56,1.0
803,1,96,213,56,56,0.999625
803,1,56,173,56,56,0.95691
804,1,134,88,56,56,1.0
804,1,55,171,56,56,0.99999
804,1,151,41,56,56,0.9735
804,1,104,217,56,56,0.677298
805,1,133,89,56,56,0.999997
805,1,62,182,56,56,0.999995
805,1,204,214,56,56,0.999994
805,1,157,41,56,56,0.98333
806,1,53,185,56,56,1.0
806,1,124,97,56,56,0.999999
807,1,59,180,56,56,1.0
807,1,133,98,56,56,0.999996
807,1,157,34,56,56,0.947882
808,1,135,104,56,56,1.0
808,1,53,191,56,56,0.999951
808,1,156,37,56,56,0.994001
809,1,134,105,56,56,1.0
809,1,53,194,56,56,0.999982
809,1,155,30,56,56,0.998736
810,1,77,205,56,56,1.0
810,1,131,104,56,56,1.0
810,1,155,40,56,56,0.999685
811,1,46,201,56,56,1.0
811,1,133,105,56,56,0.999999
811,1,149,41,56,56,0.999746
811,1,150,156,56,56,0.537001
812,1,134,111,56,56,1.0
812,1,152,50,56,56,0.999991
812,1,43,201,56,56,0.999989
813,1,50,199,56,56,1.0
813,1,128,116,56,56,0.999973
813,1,144,44,56,56,0.992993
814,1,152,53,56,56,0.999994
814,1,128,117,56,56,0.999928
814,1,56,210,56,56,0.921991
815,1,130,119,56,56,1.0
815,1,150,54,56,56,0.999439
816,1,42,211,56,56,1.0
816,1,122,120,56,56,1.0
816,1,151,55,56,56,0.999559
817,1,125,121,56,56,1.0
817,1,40,213,56,56,0.999999
817,1,148,56,56,56,0.998595
818,1,149,48,56,56,1.0
818,1,147,128,56,56,0.999983
819,1,109,130,56,56,1.0
819,1,149,59,56,56,1.0
820,1,145,138,56,56,1.0
820,1,151,63,56,56,1.0
821,1,125,126,56,56,1.0
821,1,143,65,56,56,0.999999
822,1,114,137,56,56,1.0
822,1,143,67,56,56,0.998729
823,1,124,138,56,56,1.0
823,1,147,64,56,56,0.999986
824,1,143,143,56,56,1.0
824,1,146,65,56,56,1.0
825,1,135,152,56,56,1.0
825,1,143,67,56,56,0.999907
826,1,114,146,56,56,1.0
826,1,151,67,56,56,0.99999
827,1,134,149,56,56,1.0
827,1,143,67,56,56,1.0
828,1,118,143,56,56,0.999999
828,1,142,71,56,56,0.999994
829,1,132,157,56,56,1.0
829,1,133,72,56,56,0.999996
830,1,131,164,56,56,1.0
830,1,143,73,56,56,1.0
831,1,137,159,56,56,1.0
831,1,137,77,56,56,1.0
832,1,111,158,56,56,1.0
832,1,127,78,56,56,0.999991
833,1,128,165,56,56,1.0
833,1,162,32,56,56,0.999658
833,1,132,75,56,56,0.998022
834,1,136,176,56,56,1.0
834,1,131,79,56,56,1.0
835,1,118,172,56,56,1.0
835,1,131,55,56,56,0.999998
836,1,126,175,56,56,1.0
836,1,130,40,56,56,0.999993
837,1,133,186,56,56,1.0
837,1,120,87,56,56,0.999732
838,1,119,92,56,56,1.0
838,1,124,40,56,56,1.0
838,1,125,181,56,56,0.999925
839,1,109,86,56,56,1.0
840,1,109,86,56,56,1.0
840,1,131,188,56,56,0.976096
841,1,107,80,56,56,1.0
841,1,115,181,56,56,0.968702
842,1,106,80,56,56,1.0
842,1,114,181,56,56,0.993983
843,1,106,88,56,56,1.0
843,1,128,196,56,56,1.0
844,1,103,87,56,56,1.0
844,1,112,191,56,56,0.999991
845,1,127,208,56,56,1.0
845,1,101,86,56,56,1.0
845,1,166,40,56,56,0.999866
846,1,109,196,56,56,1.0
846,1,100,87,56,56,1.0
847,1,98,196,56,56,1.0
847,1,126,72,56,56,1.0
847,1,158,32,56,56,0.999985
848,1,107,207,56,56,1.0
848,1,160,40,56,56,1.0
849,1,121,214,56,56,1.0
849,1,158,42,56,56,1.0
849,1,106,97,56,56,1.0
850,1,112,211,56,56,1.0
850,1,104,98,56,56,1.0
851,1,117,212,56,56,1.0
851,1,102,98,56,56,0.999999
852,1,114,214,56,56,1.0
852,1,164,40,56,56,0.99952
853,1,89,208,56,56,1.0
853,1,86,102,56,56,0.999998
853,1,153,40,56,56,0.99999
854,1,101,217,56,56,1.0
854,1,161,47,56,56,0.999057
855,1,83,210,56,56,1.0
855,1,158,40,56,56,1.0
855,1,80,105,56,56,0.999776
856,1,91,219,56,56,1.0
856,1,81,107,56,56,1.0
856,1,156,40,56,56,0.999998
857,1,89,221,56,56,1.0
857,1,153,35,56,56,1.0
857,1,82,111,56,56,0.999978
858,1,86,223,56,56,1.0
858,1,79,109,56,56,1.0
858,1,153,39,56,56,1.0
859,1,86,223,56,56,1.0
859,1,80,109,56,56,1.0
859,1,143,47,56,56,1.0
860,1,73,217,56,56,1.0
860,1,148,40,56,56,1.0
860,1,127,86,56,56,0.999986
861,1,74,225,56,56,1.0
861,1,145,40,56,56,1.0
861,1,72,110,56,56,0.99999
862,1,70,219,56,56,1.0
862,1,145,47,56,56,1.0
862,1,70,110,56,56,0.999996
863,1,67,229,56,56,1.0
863,1,142,46,56,56,1.0
863,1,75,110,56,56,1.0
864,1,91,231,56,56,1.0
864,1,151,47,56,56,1.0
864,1,74,113,56,56,1.0
865,1,73,226,56,56,1.0
865,1,123,83,56,56,1.0
865,1,150,40,56,56,1.0
865,1,72,105,56,56,0.999963
866,1,123,78,56,56,1.0
866,1,91,236,56,56,1.0
866,1,69,105,56,56,0.99994
867,1,139,51,56,56,1.0
867,1,90,238,56,56,1.0
867,1,69,105,56,56,0.999999
868,1,124,87,56,56,1.0
868,1,68,109,56,56,0.999943
868,1,90,233,56,56,0.997012
869,1,119,89,56,56,1.0
869,1,96,236,56,56,0.985251
869,1,64,113,56,56,0.982165
870,1,126,104,56,56,1.0
870,1,144,50,56,56,1.0
870,1,96,238,56,56,0.713656
871,1,124,95,56,56,1.0
871,1,152,55,56,56,1.0
872,1,139,57,56,56,1.0
873,1,133,87,56,56,1.0
874,1,123,95,56,56,1.0
874,1,51,111,56,56,0.999962
875,1,120,95,56,56,1.0
875,1,56,103,56,56,1.0
876,1,129,96,56,56,1.0
876,1,46,102,56,56,0.999138
877,1,122,103,56,56,1.0
877,1,44,102,56,56,0.988354
878,1,124,108,56,56,1.0
878,1,157,63,56,56,1.0
878,1,42,102,56,56,0.999789
879,1,120,109,56,56,1.0
879,1,40,101,56,56,1.0
880,1,129,109,56,56,1.0
880,1,41,101,56,56,0.981684
881,1,167,92,56,56,1.0
881,1,120,117,56,56,1.0
881,1,48,101,56,56,0.999997
882,1,120,117,56,56,1.0
882,1,167,85,56,56,1.0
882,1,40,93,56,56,0.998122
883,1,127,115,56,56,1.0
883,1,164,78,56,56,1.0
883,1,39,99,56,56,0.999968
884,1,118,125,56,56,1.0
884,1,166,81,56,56,1.0
884,1,46,101,56,56,0.996185
885,1,125,118,56,56,1.0
885,1,173,92,56,56,1.0
885,1,61,110,56,56,0.999523
885,1,168,37,56,56,0.994447
886,1,116,130,56,56,1.0
886,1,166,98,56,56,1.0
886,1,166,40,56,56,0.999991
886,1,45,102,56,56,0.997502
887,1,116,133,56,56,1.0
887,1,176,88,56,56,1.0
887,1,160,40,56,56,0.999622
887,1,36,99,56,56,0.995938
888,1,132,124,56,56,1.0
888,1,176,89,56,56,1.0
888,1,35,104,56,56,0.999233
889,1,118,125,56,56,1.0
889,1,175,90,56,56,1.0
889,1,34,99,56,56,0.999726
889,1,167,42,56,56,0.993182
890,1,118,126,56,56,1.0
890,1,34,101,56,56,1.0
890,1,183,93,56,56,1.0
890,1,159,45,56,56,0.99728
891,1,126,125,56,56,1.0
891,1,183,100,56,56,1.0
891,1,167,44,56,56,1.0
891,1,33,102,56,56,0.999996
892,1,127,126,56,56,1.0
892,1,184,103,56,56,1.0
892,1,167,44,56,56,1.0
892,1,33,112,56,56,0.999918
893,1,32,105,56,56,1.0
893,1,158,48,56,56,1.0
893,1,182,104,56,56,1.0
893,1,134,128,56,56,1.0
894,1,31,104,56,56,1.0
894,1,190,108,56,56,1.0
894,1,134,132,56,56,1.0
894,1,165,48,56,56,1.0
895,1,191,99,56,56,1.0
895,1,158,51,56,56,1.0
895,1,133,132,56,56,1.0
895,1,42,112,56,56,0.999999
896,1,135,125,56,56,1.0
896,1,197,108,56,56,1.0
896,1,159,53,56,56,0.999997
896,1,37,104,56,56,0.999997
897,1,131,127,56,56,1.0
897,1,159,55,56,56,1.0
897,1,196,119,56,56,0.999999
897,1,33,105,56,56,0.999999
898,1,124,129,56,56,1.0
898,1,198,121,56,56,1.0
898,1,118,41,56,56,0.999997
898,1,32,112,56,56,0.999886
899,1,165,69,56,56,1.0
899,1,189,117,56,56,1.0
899,1,133,125,56,56,1.0
899,1,31,106,56,56,0.999992
900,1,192,119,56,56,1.0
900,1,136,127,56,56,1.0
900,1,152,71,56,56,0.999999
900,1,29,104,56,56,0.999574
901,1,135,124,56,56,1.0
901,1,207,132,56,56,1.0
901,1,151,68,56,56,0.999969
901,1,26,106,56,56,0.998536
902,1,136,125,56,56,1.0
902,1,144,77,56,56,1.0
902,1,216,133,56,56,0.999999
902,1,32,120,56,56,0.999685
903,1,133,129,56,56,1.0
903,1,144,77,56,56,1.0
903,1,200,133,56,56,1.0
903,1,28,120,56,56,0.985304
904,1,141,82,56,56,1.0
904,1,134,132,56,56,1.0
904,1,205,130,56,56,1.0
905,1,142,132,56,56,1.0
905,1,139,83,56,56,1.0
905,1,211,139,56,56,1.0
905,1,33,120,56,56,0.579348
906,1,136,130,56,56,1.0
906,1,207,132,56,56,1.0
906,1,130,85,56,56,1.0
907,1,138,132,56,56,1.0
907,1,128,87,56,56,1.0
907,1,208,135,56,56,1.0
908,1,139,139,56,56,1.0
908,1,133,88,56,56,1.0
908,1,213,136,56,56,0.979177
909,1,140,135,56,56,1.0
909,1,132,87,56,56,1.0
909,1,212,143,56,56,0.991949
910,1,131,92,56,56,1.0
910,1,156,205,56,56,0.999946
911,1,142,140,56,56,1.0
911,1,129,97,56,56,1.0
911,1,209,161,56,56,0.878344
912,1,126,86,56,56,1.0
912,1,205,163,56,56,0.715687
913,1,144,139,56,56,1.0
913,1,128,93,56,56,1.0
914,1,146,138,56,56,1.0
914,1,119,53,56,56,1.0
915,1,146,142,56,56,1.0
915,1,117,98,56,56,1.0
916,1,155,146,56,56,1.0
916,1,120,98,56,56,1.0
917,1,151,139,56,56,1.0
917,1,114,98,56,56,1.0
918,1,148,147,56,56,1.0
918,1,121,100,56,56,1.0
919,1,153,146,56,56,1.0
919,1,113,102,56,56,1.0
920,1,158,148,56,56,1.0
920,1,113,104,56,56,1.0
921,1,158,156,56,56,1.0
921,1,113,74,56,56,1.0
922,1,140,180,56,56,1.0
922,1,113,115,56,56,1.0
923,1,113,67,56,56,1.0
923,1,153,163,56,56,1.0
924,1,108,126,56,56,1.0
924,1,164,166,56,56,1.0
924,1,113,76,56,56,1.0
925,1,103,127,56,56,1.0
925,1,159,167,56,56,0.999989
926,1,158,167,56,56,1.0
926,1,100,127,56,56,1.0
927,1,159,177,56,56,1.0
927,1,100,126,56,56,1.0
928,1,93,129,56,56,1.0
928,1,157,177,56,56,1.0
928,1,106,80,56,56,1.0
928,1,5,114,56,56,0.85136
929,1,92,132,56,56,1.0
929,1,162,178,56,56,1.0
929,1,113,80,56,56,1.0
930,1,86,132,56,56,1.0
930,1,113,74,56,56,1.0
930,1,160,179,56,56,0.999994
931,1,90,129,56,56,1.0
931,1,162,177,56,56,1.0
931,1,111,76,56,56,1.0
932,1,85,134,56,56,1.0
932,1,157,182,56,56,1.0
932,1,104,82,56,56,1.0
933,1,85,141,56,56,1.0
933,1,157,181,56,56,1.0
933,1,104,83,56,56,1.0
934,1,90,139,56,56,1.0
934,1,162,181,56,56,1.0
934,1,104,80,56,56,1.0
935,1,84,133,56,56,1.0
935,1,164,181,56,56,1.0
935,1,104,82,56,56,1.0
936,1,87,137,56,56,1.0
936,1,112,84,56,56,1.0
936,1,159,177,56,56,0.999953
937,1,77,142,56,56,1.0
937,1,113,85,56,56,1.0
937,1,149,206,56,56,0.997582
938,1,76,150,56,56,1.0
938,1,113,87,56,56,1.0
938,1,161,159,56,56,0.999922
938,1,148,206,56,56,0.987736
939,1,75,150,56,56,1.0
939,1,113,94,56,56,1.0
939,1,166,52,56,56,0.999838
939,1,161,158,56,56,0.999821
940,1,73,150,56,56,1.0
940,1,111,93,56,56,1.0
940,1,166,54,56,56,1.0
940,1,159,165,56,56,0.988002
941,1,62,160,56,56,1.0
941,1,118,97,56,56,1.0
941,1,158,161,56,56,0.998653
942,1,67,163,56,56,1.0
942,1,119,103,56,56,1.0
943,1,62,156,56,56,1.0
943,1,119,105,56,56,0.9993
943,1,151,169,56,56,0.990024
944,1,62,172,56,56,1.0
945,1,54,171,56,56,1.0
946,1,55,171,56,56,1.0
947,1,130,119,56,56,0.998764
947,1,178,183,56,56,0.848415
948,1,47,179,56,56,1.0
949,1,32,180,56,56,1.0
949,1,127,125,56,56,0.999997
951,1,141,130,56,56,0.996622
951,1,165,210,56,56,0.942137
952,1,28,182,56,56,1.0
952,1,125,131,56,56,0.999921
952,1,165,203,56,56,0.925167
953,1,127,140,56,56,0.994468
953,1,32,177,56,56,0.925883
953,1,167,204,56,56,0.699533
954,1,30,195,56,56,1.0
954,1,135,133,56,56,0.996092
955,1,25,191,56,56,1.0
956,1,28,199,56,56,1.0
956,1,209,185,56,56,1.0
957,1,211,183,56,56,1.0
957,1,21,203,56,56,1.0
957,1,152,63,56,56,0.999996
957,1,136,135,56,56,0.999792
958,1,19,202,56,56,1.0
958,1,213,186,56,56,1.0
958,1,143,138,56,56,0.999998
958,1,183,82,56,56,0.999977
959,1,18,212,56,56,1.0
959,1,212,189,56,56,1.0
959,1,122,134,56,56,1.0
959,1,194,94,56,56,0.997517
959,1,122,62,56,56,0.862373
960,1,16,213,56,56,1.0
960,1,220,188,56,56,1.0
960,1,130,141,56,56,0.999999
960,1,122,61,56,56,0.977928
961,1,218,196,56,56,1.0
961,1,163,117,56,56,0.999995
961,1,15,219,56,56,0.865848
961,1,123,69,56,56,0.809493
962,1,220,192,56,56,1.0
962,1,129,149,56,56,1.0
962,1,199,85,56,56,1.0
962,1,121,69,56,56,0.987679
962,1,20,216,56,56,0.976843
963,1,11,222,56,56,1.0
963,1,228,190,56,56,1.0
963,1,156,134,56,56,0.999935
963,1,122,59,56,56,0.98464
964,1,225,194,56,56,1.0
964,1,169,122,56,56,0.999178
964,1,122,151,56,56,0.982439
964,1,159,54,56,56,0.788681
965,1,233,197,56,56,1.0
965,1,151,144,56,56,0.99903
965,1,199,88,56,56,0.857277
965,1,143,48,56,56,0.846812
966,1,226,196,56,56,1.0
966,1,154,148,56,56,0.999999
967,1,139,161,56,56,0.999876
967,1,143,51,56,56,0.750835
968,1,129,176,56,56,0.946485
970,1,117,189,56,56,0.519015
971,1,178,138,56,56,0.816868
972,1,110,184,56,56,0.988948
979,1,124,84,56,56,0.939849
980,1,156,60,56,56,0.950704
981,1,148,61,56,56,0.977212
982,1,140,61,56,56,0.910668
983,1,156,61,56,56,0.990891
984,1,156,85,56,56,0.952569
985,1,125,93,56,56,0.999894
985,1,120,187,56,56,0.985519
986,1,157,85,56,56,0.999888
986,1,143,189,56,56,0.999827
987,1,135,195,56,56,0.999857
988,1,135,188,56,56,0.999997
989,1,145,187,56,56,0.998205
990,1,146,187,56,56,0.979261
991,1,141,190,56,56,1.0
992,1,141,193,56,56,0.997634
993,1,149,193,56,56,1.0
994,1,154,186,56,56,0.999994
995,1,154,194,56,56,0.999988
995,1,140,40,56,56,0.999986
996,1,146,193,56,56,0.998941
997,1,146,194,56,56,1.0
997,1,132,39,56,56,0.999995
998,1,146,194,56,56,1.0
998,1,139,47,56,56,0.999999
999,1,154,194,56,56,1.0
999,1,129,48,56,56,1.0
1000,1,134,56,56,56,1.0
1000,1,154,194,56,56,0.999999
1001,1,154,194,56,56,1.0
1001,1,127,48,56,56,1.0
1002,1,157,198,56,56,1.0
1002,1,132,47,56,56,1.0
1003,1,163,202,56,56,1.0
1003,1,129,48,56,56,1.0
1004,1,153,197,56,56,1.0
1004,1,130,56,56,56,1.0
1005,1,159,197,56,56,1.0
1005,1,130,63,56,56,0.999999
1006,1,160,197,56,56,1.0
1006,1,137,56,56,56,1.0
1006,1,195,149,56,56,0.527245
1007,1,161,199,56,56,1.0
1007,1,137,56,56,56,1.0
1008,1,129,64,56,56,1.0
1009,1,137,63,56,56,1.0
1009,1,162,199,56,56,0.999997
1010,1,137,64,56,56,1.0
1010,1,148,208,56,56,0.997939
1011,1,128,71,56,56,1.0
1012,1,136,70,56,56,1.0
1013,1,154,208,56,56,1.0
1013,1,134,71,56,56,1.0
1014,1,158,216,56,56,1.0
1014,1,125,79,56,56,1.0
1015,1,157,216,56,56,1.0
1015,1,125,86,56,56,1.0
1016,1,155,217,56,56,1.0
1016,1,124,79,56,56,1.0
1017,1,158,218,56,56,1.0
1017,1,121,85,56,56,1.0
1018,1,161,226,56,56,1.0
1018,1,121,92,56,56,1.0
1018,1,123,154,56,56,0.998522
1018,1,161,52,56,56,0.98877
1019,1,162,226,56,56,1.0
1019,1,124,154,56,56,1.0
1019,1,128,95,56,56,1.0
1020,1,163,228,56,56,1.0
1020,1,160,79,56,56,0.999996
1021,1,162,231,56,56,1.0
1021,1,156,55,56,56,0.998123
1021,1,140,119,56,56,0.994076
1022,1,168,232,56,56,1.0
1022,1,119,102,56,56,1.0
1023,1,119,103,56,56,1.0
1023,1,166,232,56,56,0.999768
1023,1,167,39,56,56,0.999562
1023,1,127,159,56,56,0.899068
1024,1,113,110,56,56,0.999999
1024,1,150,55,56,56,0.999378
1024,1,166,240,56,56,0.98777
1025,1,114,112,56,56,1.0
1025,1,174,224,56,56,0.993915
1025,1,157,63,56,56,0.973089
1026,1,107,121,56,56,1.0
1026,1,157,39,56,56,0.99975
1026,1,169,232,56,56,0.994974
1027,1,105,124,56,56,1.0
1027,1,163,39,56,56,1.0
1027,1,166,228,56,56,0.987881
1028,1,111,124,56,56,1.0
1028,1,163,48,56,56,1.0
1028,1,170,233,56,56,0.999928
1029,1,111,124,56,56,1.0
1029,1,146,48,56,56,0.999851
1030,1,110,133,56,56,1.0
1030,1,171,47,56,56,1.0
1031,1,163,48,56,56,1.0
1031,1,107,136,56,56,1.0
1032,1,113,136,56,56,1.0
1032,1,155,80,56,56,0.999995
1033,1,109,140,56,56,1.0
1033,1,155,80,56,56,0.999973
1034,1,120,141,56,56,1.0
1034,1,155,77,56,56,0.999714
1035,1,116,148,56,56,1.0
1035,1,147,77,56,56,0.988219
1036,1,117,147,56,56,1.0
1036,1,163,53,56,56,0.997178
1036,1,127,86,56,56,0.865203
1037,1,120,156,56,56,0.999999
1037,1,161,45,56,56,0.993556
1037,1,160,204,56,56,0.851613
1037,1,129,93,56,56,0.682347
1038,1,128,157,56,56,1.0
1038,1,162,31,56,56,0.99098
1038,1,146,95,56,56,0.962354
1039,1,131,149,56,56,1.0
1039,1,162,68,56,56,0.992973
1040,1,134,166,56,56,1.0
1040,1,147,98,56,56,0.99706
1041,1,133,159,56,56,1.0
1041,1,131,95,56,56,0.995271
1042,1,137,157,56,56,1.0
1042,1,162,62,56,56,0.998124
1043,1,139,160,56,56,1.0
1043,1,163,62,56,56,0.999977
1044,1,140,162,56,56,1.0
1044,1,156,64,56,56,1.0
1045,1,132,165,56,56,1.0
1045,1,156,71,56,56,1.0
1045,1,108,39,56,56,0.779955
1046,1,149,160,56,56,1.0
1046,1,156,71,56,56,1.0
1047,1,150,163,56,56,1.0
1047,1,149,71,56,56,1.0
1047,1,109,31,56,56,0.879139
1048,1,142,166,56,56,1.0
1048,1,157,78,56,56,0.999998
1048,1,109,38,56,56,0.999991
1049,1,151,169,56,56,1.0
1049,1,155,88,56,56,0.999905
1049,1,117,38,56,56,0.999794
1050,1,143,180,56,56,1.0
1050,1,157,78,56,56,1.0
1050,1,117,38,56,56,0.999469
1051,1,143,184,56,56,1.0
1052,1,143,179,56,56,1.0
1053,1,151,175,56,56,1.0
1053,1,125,84,56,56,0.745262
1054,1,143,194,56,56,1.0
1054,1,125,84,56,56,0.999999
1055,1,150,197,56,56,1.0
1056,1,150,192,56,56,1.0
1056,1,125,84,56,56,0.982402
1057,1,150,195,56,56,1.0
1057,1,125,92,56,56,1.0
1058,1,142,198,56,56,1.0
1058,1,117,92,56,56,1.0
1059,1,151,200,56,56,1.0
1059,1,116,92,56,56,1.0
1060,1,151,194,56,56,1.0
1061,1,152,196,56,56,1.0
1062,1,146,205,56,56,1.0
1063,1,155,199,56,56,1.0
1064,1,149,200,56,56,1.0
1065,1,151,201,56,56,1.0
1066,1,153,211,56,56,1.0
1067,1,156,213,56,56,1.0
1068,1,159,214,56,56,1.0
1069,1,162,224,56,56,1.0
1070,1,166,217,56,56,1.0
1070,1,99,111,56,56,1.0
1071,1,170,218,56,56,1.0
1071,1,112,64,56,56,1.0
1071,1,118,137,56,56,0.999942
1071,1,156,31,56,56,0.995877
1072,1,175,219,56,56,1.0
1072,1,112,66,56,56,1.0
1072,1,155,39,56,56,0.999995
1072,1,119,144,56,56,0.999993
1073,1,90,120,56,56,1.0
1073,1,105,74,56,56,1.0
1074,1,93,124,56,56,1.0
1074,1,104,68,56,56,1.0
1074,1,163,40,56,56,0.999995
1075,1,83,128,56,56,1.0
1075,1,103,69,56,56,1.0
1075,1,163,34,56,56,0.995796
1075,1,187,219,56,56,0.986599
1076,1,79,130,56,56,1.0
1076,1,104,70,56,56,1.0
1076,1,186,218,56,56,0.999336
1076,1,158,50,56,56,0.998199
1077,1,85,140,56,56,1.0
1077,1,103,70,56,56,1.0
1077,1,158,43,56,56,0.999966
1077,1,200,219,56,56,0.998663
1078,1,199,228,56,56,1.0
1078,1,102,70,56,56,1.0
1078,1,115,168,56,56,1.0
1078,1,158,52,56,56,0.997499
1079,1,208,230,56,56,0.999999
1079,1,101,78,56,56,0.999943
1079,1,101,150,56,56,0.999884
1079,1,166,30,56,56,0.966363
1080,1,210,231,56,56,1.0
1080,1,106,78,56,56,1.0
1080,1,93,166,56,56,0.999231
1080,1,157,55,56,56,0.996952
1081,1,209,231,56,56,1.0
1081,1,157,55,56,56,0.999909
1081,1,108,79,56,56,0.999432
1081,1,74,153,56,56,0.999109
1082,1,73,153,56,56,1.0
1082,1,210,226,56,56,0.999999
1082,1,99,81,56,56,0.998413
1082,1,156,58,56,56,0.995997
1083,1,219,235,56,56,1.0
1083,1,72,149,56,56,1.0
1083,1,106,82,56,56,1.0
1083,1,162,35,56,56,0.99969
1084,1,215,227,56,56,1.0
1084,1,66,149,56,56,1.0
1084,1,98,83,56,56,1.0
1084,1,162,37,56,56,1.0
1085,1,66,149,56,56,1.0
1085,1,107,80,56,56,1.0
1085,1,163,72,56,56,0.979318
1086,1,71,150,56,56,1.0
1086,1,107,81,56,56,1.0
1086,1,160,41,56,56,0.999848
1087,1,59,157,56,56,1.0
1087,1,105,82,56,56,1.0
1087,1,161,42,56,56,1.0
1087,1,199,216,56,56,0.994313
1088,1,105,87,56,56,1.0
1088,1,223,234,56,56,1.0
1088,1,153,43,56,56,0.999996
1088,1,63,157,56,56,0.998746
1088,1,119,157,56,56,0.942651
1089,1,60,157,56,56,1.0
1089,1,103,95,56,56,1.0
1089,1,160,45,56,56,1.0
1089,1,223,234,56,56,0.999983
1090,1,56,158,56,56,1.0
1090,1,104,99,56,56,1.0
1090,1,160,46,56,56,0.999854
1091,1,102,93,56,56,1.0
1091,1,158,51,56,56,1.0
1091,1,221,240,56,56,0.997795
1091,1,79,177,56,56,0.996321
1092,1,102,96,56,56,1.0
1092,1,158,68,56,56,0.999997
1092,1,50,155,56,56,0.999965
1093,1,102,98,56,56,1.0
1093,1,42,156,56,56,1.0
1093,1,159,53,56,56,0.999952
1094,1,111,100,56,56,1.0
1094,1,68,185,56,56,0.999996
1094,1,159,71,56,56,0.999819
1095,1,108,106,56,56,1.0
1095,1,33,161,56,56,0.999997
1095,1,159,73,56,56,0.997853
1095,1,99,172,56,56,0.996727
1096,1,112,106,56,56,1.0
1096,1,157,74,56,56,0.999895
1096,1,31,159,56,56,0.9997
1097,1,110,105,56,56,1.0
1097,1,57,188,56,56,0.999331
1097,1,128,183,56,56,0.864356
1097,1,168,99,56,56,0.758643
1098,1,107,109,56,56,1.0
1098,1,34,161,56,56,0.999596
1098,1,159,69,56,56,0.932126
1099,1,103,121,56,56,1.0
1099,1,33,161,56,56,0.999948
1099,1,159,61,56,56,0.992001
1100,1,102,118,56,56,1.0
1100,1,56,191,56,56,0.999998
1100,1,161,62,56,56,0.927846
1101,1,161,63,56,56,0.995509
1101,1,47,188,56,56,0.993906
1102,1,161,60,56,56,0.999827
1102,1,44,185,56,56,0.997379
1103,1,108,124,56,56,1.0
1103,1,159,66,56,56,0.999642
1103,1,25,160,56,56,0.998235
1103,1,132,180,56,56,0.502879
1104,1,106,124,56,56,1.0
1104,1,161,67,56,56,0.999918
1104,1,38,184,56,56,0.998983
1105,1,106,131,56,56,1.0
1105,1,42,185,56,56,0.999996
1105,1,159,68,56,56,0.99999
1106,1,98,133,56,56,1.0
1106,1,33,191,56,56,1.0
1107,1,101,138,56,56,1.0
1107,1,39,191,56,56,0.992
1108,1,104,141,56,56,1.0
1108,1,44,190,56,56,0.985428
1108,1,144,197,56,56,0.63304
1108,1,176,133,56,56,0.580143
1109,1,105,133,56,56,1.0
1109,1,25,183,56,56,0.999913
1110,1,106,135,56,56,1.0
1110,1,29,184,56,56,0.999553
1111,1,101,146,56,56,1.0
1111,1,12,194,56,56,0.98891
1111,1,165,210,56,56,0.698716
1113,1,103,146,56,56,1.0
1114,1,103,154,56,56,1.0
1115,1,102,156,56,56,1.0
1116,1,101,158,56,56,1.0
1116,1,165,142,56,56,0.573792
1117,1,101,159,56,56,1.0
1118,1,101,167,56,56,1.0
1119,1,106,170,56,56,1.0
1120,1,95,172,56,56,0.999995
1120,1,186,87,56,56,0.999945
1121,1,94,172,56,56,1.0
1121,1,185,96,56,56,0.999859
1121,1,182,157,56,56,0.846182
1122,1,102,175,56,56,1.0
1122,1,174,159,56,56,0.717341
1123,1,97,179,56,56,1.0
1123,1,130,96,56,56,0.966068
1124,1,95,181,56,56,1.0
1124,1,182,99,56,56,1.0
1124,1,130,91,56,56,0.998613
1125,1,95,182,56,56,1.0
1125,1,131,92,56,56,0.99975
1126,1,93,183,56,56,1.0
1126,1,130,68,56,56,0.773033
1127,1,93,192,56,56,1.0
1127,1,123,68,56,56,0.99757
1128,1,89,185,56,56,1.0
1128,1,123,68,56,56,0.915693
1129,1,89,186,56,56,1.0
1129,1,123,108,56,56,0.679969
1130,1,90,188,56,56,1.0
1130,1,123,67,56,56,0.907475
1131,1,88,189,56,56,1.0
1132,1,93,191,56,56,1.0
1132,1,123,67,56,56,0.641198
1133,1,89,193,56,56,1.0
1134,1,89,203,56,56,1.0
1134,1,123,67,56,56,0.913756
1135,1,90,206,56,56,1.0
1135,1,123,64,56,56,0.828409
1136,1,92,201,56,56,1.0
1137,1,90,211,56,56,0.999999
1138,1,94,215,56,56,1.0
1138,1,123,71,56,56,0.765515
1139,1,93,217,56,56,0.999986
1139,1,123,71,56,56,0.55018
1140,1,95,221,56,56,0.999782
1141,1,94,215,56,56,1.0
1142,1,94,218,56,56,1.0
1142,1,129,62,56,56,0.533625
1143,1,95,221,56,56,1.0
1143,1,122,62,56,56,0.969476
1144,1,96,226,56,56,1.0
1145,1,92,229,56,56,1.0
1146,1,96,238,56,56,0.999982
1147,1,97,232,56,56,0.999966
1147,1,129,62,56,56,0.749668
1148,1,98,232,56,56,0.999549
1148,1,123,62,56,56,0.73772
1149,1,98,234,56,56,0.950713
1149,1,129,68,56,56,0.580363
1150,1,99,229,56,56,0.995171
1150,1,113,60,56,56,0.580774
1151,1,129,62,56,56,0.639088
1151,1,102,232,56,56,0.632497
1152,1,104,226,56,56,0.610854
1153,1,129,60,56,56,0.54338
1155,1,129,63,56,56,0.671581
1156,1,121,79,56,56,0.578278
1158,1,122,87,56,56,0.988876
1159,1,129,79,56,56,0.992318
1160,1,122,63,56,56,0.898706
1161,1,122,63,56,56,0.998668
1162,1,122,63,56,56,0.893752
1164,1,172,141,56,56,0.999992
1165,1,180,140,56,56,1.0
1166,1,173,143,56,56,1.0
1166,1,161,80,56,56,0.999991
1167,1,177,153,56,56,0.999994
1167,1,161,81,56,56,0.999986
1168,1,176,153,56,56,0.999999
1168,1,168,81,56,56,0.999923
1169,1,175,154,56,56,0.999126
1169,1,167,82,56,56,0.996079
1170,1,168,85,56,56,1.0
1171,1,167,79,56,56,0.999999
1171,1,175,151,56,56,0.997651
1172,1,175,77,56,56,0.999996
1173,1,150,66,56,56,0.997337
1173,1,150,114,56,56,0.996979
1174,1,166,89,56,56,0.999996
1174,1,182,161,56,56,0.982647
1174,1,54,154,56,56,0.845202
1175,1,133,70,56,56,0.99812
1176,1,141,116,56,56,0.999992
1177,1,164,94,56,56,0.974883
1178,1,121,78,56,56,0.805665
1179,1,169,93,56,56,0.999955
1180,1,173,96,56,56,1.0
1182,1,121,57,56,56,0.978979
1183,1,112,65,56,56,0.999999
1184,1,181,106,56,56,1.0
1184,1,120,62,56,56,1.0
1185,1,179,105,56,56,1.0
1186,1,112,70,56,56,1.0
1186,1,177,107,56,56,0.999997
1187,1,168,108,56,56,1.0
1187,1,112,71,56,56,0.999988
1188,1,112,78,56,56,1.0
1188,1,176,110,56,56,0.999996
1189,1,145,96,56,56,0.999997
1190,1,118,83,56,56,1.0
1190,1,158,139,56,56,0.999999
1191,1,190,109,56,56,1.0
1191,1,136,85,56,56,1.0
1192,1,141,104,56,56,1.0
1192,1,165,144,56,56,1.0
1193,1,106,85,56,56,1.0
1193,1,164,147,56,56,0.995036
1194,1,106,95,56,56,0.99997
1194,1,162,151,56,56,0.992611
1195,1,117,102,56,56,0.999998
1195,1,163,160,56,56,0.858857
1196,1,101,102,56,56,0.999999
1196,1,170,151,56,56,0.971459
1197,1,101,102,56,56,1.0
1197,1,140,163,56,56,0.696872
1198,1,125,94,56,56,1.0
1199,1,120,129,56,56,1.0
1200,1,116,135,56,56,0.999958
1201,1,112,135,56,56,0.999999
1202,1,116,138,56,56,1.0
1203,1,110,148,56,56,1.0
1203,1,150,108,56,56,0.999547
1204,1,98,145,56,56,0.999997
1205,1,71,126,56,56,0.999872
1205,1,127,78,56,56,0.967757
1206,1,127,70,56,56,0.99998
1206,1,70,134,56,56,0.999893
1207,1,127,54,56,56,0.983612
1207,1,63,134,56,56,0.980779
1208,1,68,137,56,56,1.0
1208,1,215,148,56,56,0.999967
1208,1,151,100,56,56,0.999891
1209,1,81,155,56,56,0.999977
1209,1,123,70,56,56,0.997017
1210,1,70,142,56,56,0.999939
1210,1,123,78,56,56,0.969829
1211,1,78,166,56,56,1.0
1211,1,125,76,56,56,0.997093
1212,1,166,100,56,56,0.999989
1212,1,73,168,56,56,0.999905
1212,1,123,69,56,56,0.995632
1213,1,59,149,56,56,0.99999
1214,1,67,163,56,56,0.999833
1214,1,130,61,56,56,0.932841
1215,1,46,155,56,56,0.999693
1216,1,225,168,56,56,0.999999
1216,1,90,182,56,56,0.999992
1216,1,161,128,56,56,0.99265
1217,1,28,166,56,56,1.0
1217,1,162,126,56,56,1.0
1217,1,226,166,56,56,0.988789
1217,1,119,42,56,56,0.948013
1218,1,31,162,56,56,1.0
1218,1,173,126,56,56,1.0
1218,1,127,80,56,56,0.761932
1219,1,175,132,56,56,0.999999
1219,1,31,165,56,56,0.998533
1219,1,126,92,56,56,0.990329
1220,1,16,172,56,56,1.0
1220,1,177,133,56,56,0.999996
1220,1,159,56,56,56,0.981474
1220,1,123,93,56,56,0.96929
1221,1,22,170,56,56,1.0
1221,1,174,142,56,56,0.999999
1221,1,157,57,56,56,0.595753
1222,1,182,139,56,56,0.99998
1222,1,23,173,56,56,0.999771
1223,1,28,186,56,56,1.0
1223,1,175,145,56,56,0.999796
1223,1,131,58,56,56,0.999561
1224,1,183,154,56,56,1.0
1224,1,132,58,56,56,1.0
1225,1,41,199,56,56,1.0
1225,1,184,164,56,56,0.999308
1225,1,138,41,56,56,0.995765
1226,1,183,162,56,56,0.999995
1226,1,128,50,56,56,0.999933
1227,1,21,188,56,56,1.0
1227,1,136,58,56,56,0.999954
1227,1,191,162,56,56,0.999056
1228,1,194,175,56,56,0.999871
1228,1,125,45,56,56,0.996667
1229,1,125,55,56,56,0.999999
1229,1,193,174,56,56,0.830062
1230,1,8,200,56,56,1.0
1230,1,137,42,56,56,0.999592
1231,1,130,41,56,56,1.0
1231,1,11,202,56,56,0.999902
1232,1,129,54,56,56,0.999958
1232,1,3,202,56,56,0.994542
1233,1,122,48,56,56,0.999993
1234,1,130,50,56,56,1.0
1235,1,130,58,56,56,1.0
1236,1,122,57,56,56,0.999554
1237,1,130,84,56,56,0.996391
1238,1,142,51,56,56,0.99839
1239,1,129,77,56,56,0.997269
1240,1,133,57,56,56,0.99464
1241,1,130,66,56,56,0.999997
1242,1,133,62,56,56,0.999996
1243,1,126,59,56,56,0.999946
1244,1,126,69,56,56,1.0
1245,1,133,72,56,56,0.999998
1246,1,132,73,56,56,1.0
1247,1,132,65,56,56,1.0
1248,1,140,74,56,56,1.0
1251,1,121,56,56,56,0.851628
1252,1,157,95,56,56,1.0
1253,1,120,75,56,56,0.902364
1256,1,122,54,56,56,0.999524
1257,1,122,52,56,56,0.768174
1258,1,121,52,56,56,0.999896
1259,1,155,95,56,56,1.0
1262,1,152,104,56,56,1.0
1263,1,153,96,56,56,1.0
1264,1,151,105,56,56,1.0
1265,1,151,105,56,56,0.999278
1266,1,151,109,56,56,1.0
1267,1,151,116,56,56,0.99998
1267,1,126,38,56,56,0.828968
1268,1,158,119,56,56,0.999967
1269,1,157,110,56,56,1.0
1269,1,156,40,56,56,0.986851
1270,1,159,119,56,56,0.999937
1271,1,167,121,56,56,1.0
1271,1,151,41,56,56,0.503974
1272,1,158,129,56,56,0.998363
1273,1,159,128,56,56,0.993414
1273,1,151,48,56,56,0.878051
1274,1,166,136,56,56,0.996576
1274,1,146,56,56,56,0.717904
1275,1,151,142,56,56,0.999999
1275,1,159,32,56,56,0.642651
1276,1,158,141,56,56,1.0
1276,1,167,40,56,56,0.56783
1277,1,162,140,56,56,1.0
1277,1,157,40,56,56,0.990721
1278,1,166,147,56,56,0.999998
1278,1,142,43,56,56,0.995192
1279,1,158,148,56,56,1.0
1279,1,152,70,56,56,0.995793
1280,1,158,149,56,56,0.999744
1280,1,142,45,56,56,0.892908
1281,1,166,149,56,56,1.0
1281,1,142,56,56,56,0.980533
1282,1,166,153,56,56,0.999944
1282,1,158,73,56,56,0.955805
1283,1,141,75,56,56,0.999999
1283,1,175,151,56,56,0.999997
1284,1,132,60,56,56,0.999999
1284,1,164,148,56,56,0.999985
1285,1,172,154,56,56,0.999984
1285,1,143,75,56,56,0.983779
1286,1,140,58,56,56,0.999999
1286,1,172,154,56,56,0.998571
1287,1,132,72,56,56,0.999619
1287,1,167,156,56,56,0.998222
1288,1,175,157,56,56,0.999844
1288,1,132,71,56,56,0.778925
1289,1,180,160,56,56,1.0
1289,1,132,64,56,56,0.999169
1290,1,180,161,56,56,0.999635
1290,1,132,65,56,56,0.995933
1291,1,190,158,56,56,0.999999
1291,1,130,66,56,56,0.99996
1292,1,191,158,56,56,1.0
1292,1,131,67,56,56,0.999978
1293,1,130,69,56,56,1.0
1294,1,128,70,56,56,0.999939
1294,1,199,158,56,56,0.999909
1295,1,126,71,56,56,1.0
1296,1,127,74,56,56,0.999436
1297,1,128,82,56,56,0.999505
1298,1,127,88,56,56,0.994538
1299,1,126,73,56,56,0.999836
1300,1,125,83,56,56,0.993552
1301,1,123,83,56,56,0.999453
1302,1,119,84,56,56,0.985996
1303,1,119,85,56,56,0.994092
1304,1,118,96,56,56,0.997971
1305,1,124,86,56,56,0.99555
1305,1,100,142,56,56,0.831739
1306,1,115,99,56,56,1.0
1306,1,168,56,56,56,0.999818
1306,1,144,164,56,56,0.906949
1307,1,122,96,56,56,0.999957
1307,1,138,152,56,56,0.502921
1308,1,111,97,56,56,1.0
1309,1,114,98,56,56,1.0
1310,1,106,97,56,56,1.0
1310,1,162,37,56,56,0.99999
1310,1,52,103,56,56,0.698896
1311,1,106,98,56,56,1.0
1312,1,108,103,56,56,1.0
1313,1,100,103,56,56,1.0
1313,1,151,48,56,56,0.999814
1314,1,110,118,56,56,0.999991
1315,1,108,103,56,56,1.0
1316,1,99,120,56,56,0.95046
1317,1,162,72,56,56,0.99235
1317,1,98,118,56,56,0.955743
1318,1,99,115,56,56,0.984671
1319,1,137,108,56,56,0.789529
1320,1,154,72,56,56,0.999997
1320,1,88,119,56,56,0.996054
1321,1,160,74,56,56,1.0
1321,1,86,113,56,56,0.99908
1322,1,83,112,56,56,1.0
1322,1,160,75,56,56,0.999969
1323,1,152,76,56,56,0.999945
1323,1,88,118,56,56,0.9988
1324,1,84,116,56,56,0.999999
1324,1,160,78,56,56,0.966134
1325,1,82,116,56,56,1.0
1326,1,71,118,56,56,0.997605
1326,1,153,86,56,56,0.841599
1327,1,70,118,56,56,0.999997
1328,1,68,119,56,56,0.999999
1328,1,154,82,56,56,0.957764
1329,1,152,86,56,56,1.0
1329,1,70,120,56,56,0.999972
1330,1,62,121,56,56,0.999971
1330,1,154,94,56,56,0.992362
1331,1,65,122,56,56,1.0
1332,1,62,122,56,56,1.0
1333,1,59,122,56,56,1.0
1334,1,58,122,56,56,1.0
1335,1,56,132,56,56,0.99996
1336,1,156,98,56,56,1.0
1336,1,54,126,56,56,0.99998
1337,1,52,127,56,56,1.0
1337,1,156,99,56,56,0.999997
1338,1,50,128,56,56,1.0
1338,1,156,108,56,56,1.0
1339,1,49,129,56,56,1.0
1339,1,163,102,56,56,1.0
1340,1,45,130,56,56,1.0
1340,1,154,111,56,56,1.0
1341,1,154,106,56,56,1.0
1341,1,43,130,56,56,0.999981
1342,1,152,108,56,56,1.0
1342,1,41,131,56,56,1.0
1342,1,101,196,56,56,0.968274
1343,1,149,120,56,56,1.0
1343,1,58,163,56,56,0.999995
1344,1,149,121,56,56,1.0
1344,1,56,160,56,56,0.993112
1345,1,150,125,56,56,0.999997
1346,1,141,118,56,56,1.0
1346,1,76,177,56,56,0.999552
1347,1,141,120,56,56,1.0
1347,1,52,154,56,56,0.984829
1348,1,148,122,56,56,1.0
1348,1,51,162,56,56,0.558106
1349,1,138,125,56,56,1.0
1350,1,139,125,56,56,1.0
1350,1,43,164,56,56,0.90006
1350,1,50,110,56,56,0.830608
1351,1,138,126,56,56,1.0
1351,1,44,166,56,56,0.986927
1352,1,138,134,56,56,1.0
1352,1,68,192,56,56,0.955914
1353,1,137,126,56,56,1.0
1353,1,44,162,56,56,0.99829
1353,1,92,210,56,56,0.700725
1354,1,135,142,56,56,1.0
1354,1,36,163,56,56,0.999845
1355,1,136,138,56,56,1.0
1355,1,36,173,56,56,0.988513
1355,1,84,205,56,56,0.790319
1356,1,137,132,56,56,1.0
1356,1,71,213,56,56,0.572318
1357,1,132,141,56,56,0.999999
1357,1,156,43,56,56,0.999921
1357,1,37,165,56,56,0.995326
1358,1,126,143,56,56,1.0
1358,1,37,171,56,56,0.994367
1359,1,126,144,56,56,1.0
1360,1,125,145,56,56,1.0
1361,1,123,147,56,56,1.0
1361,1,130,90,56,56,1.0
1361,1,154,42,56,56,0.999999
1361,1,58,202,56,56,0.99595
1362,1,155,44,56,56,1.0
1362,1,123,92,56,56,1.0
1362,1,122,153,56,56,1.0
1362,1,56,208,56,56,0.999073
1363,1,124,150,56,56,1.0
1363,1,54,201,56,56,0.997838
1364,1,123,160,56,56,1.0
1364,1,53,204,56,56,0.998711
1365,1,115,162,56,56,1.0
1365,1,51,200,56,56,0.999717
1366,1,122,156,56,56,1.0
1366,1,44,206,56,56,0.999889
1367,1,115,159,56,56,1.0
1367,1,107,94,56,56,1.0
1367,1,162,55,56,56,1.0
1368,1,115,161,56,56,1.0
1368,1,107,102,56,56,1.0
1368,1,152,56,56,56,0.999983
1368,1,50,207,56,56,0.993397
1369,1,114,164,56,56,1.0
1369,1,160,65,56,56,1.0
1369,1,99,102,56,56,0.999998
1370,1,107,176,56,56,1.0
1370,1,99,102,56,56,1.0
1370,1,45,205,56,56,0.950303
1371,1,105,179,56,56,0.999999
1371,1,99,110,56,56,0.999745
1371,1,42,204,56,56,0.703827
1372,1,102,174,56,56,1.0
1372,1,91,102,56,56,1.0
1372,1,154,58,56,56,1.0
1373,1,110,178,56,56,1.0
1373,1,91,102,56,56,1.0
1373,1,171,76,56,56,0.999999
1374,1,100,180,56,56,1.0
1374,1,91,102,56,56,1.0
1374,1,167,78,56,56,1.0
1375,1,98,190,56,56,1.0
1375,1,183,72,56,56,1.0
1375,1,91,102,56,56,1.0
1376,1,106,186,56,56,1.0
1376,1,174,74,56,56,1.0
1376,1,83,102,56,56,1.0
1376,1,162,186,56,56,0.854888
1377,1,84,102,56,56,1.0
1377,1,103,196,56,56,1.0
1377,1,180,77,56,56,0.999901
1378,1,183,81,56,56,1.0
1378,1,101,198,56,56,1.0
1378,1,91,110,56,56,1.0
1379,1,94,199,56,56,1.0
1379,1,83,110,56,56,1.0
1379,1,182,83,56,56,1.0
1380,1,96,201,56,56,1.0
1380,1,178,86,56,56,1.0
1380,1,83,118,56,56,0.999999
1381,1,147,86,56,56,1.0
1381,1,98,196,56,56,0.999999
1381,1,87,143,56,56,0.840348
1382,1,94,210,56,56,1.0
1382,1,178,89,56,56,1.0
1382,1,90,134,56,56,0.999749
1383,1,86,210,56,56,1.0
1383,1,184,87,56,56,1.0
1383,1,152,39,56,56,0.999998
1383,1,90,138,56,56,0.992313
1384,1,85,213,56,56,1.0
1384,1,186,97,56,56,0.999735
1384,1,77,116,56,56,0.990755
1384,1,154,49,56,56,0.98417
1385,1,83,216,56,56,1.0
1385,1,77,119,56,56,1.0
1385,1,179,98,56,56,1.0
1385,1,155,50,56,56,1.0
1386,1,68,118,56,56,1.0
1386,1,85,212,56,56,1.0
1386,1,195,97,56,56,0.999997
1386,1,155,57,56,56,0.999464
1387,1,83,212,56,56,1.0
1387,1,194,83,56,56,1.0
1387,1,74,122,56,56,1.0
1388,1,75,220,56,56,1.0
1388,1,194,95,56,56,1.0
1388,1,63,128,56,56,0.999996
1388,1,154,39,56,56,0.999924
1389,1,80,215,56,56,1.0
1389,1,164,52,56,56,1.0
1389,1,196,92,56,56,1.0
1389,1,66,134,56,56,1.0
1390,1,70,221,56,56,1.0
1390,1,59,134,56,56,1.0
1390,1,193,95,56,56,1.0
1390,1,162,47,56,56,0.999948
1390,1,134,213,56,56,0.906131
1391,1,201,95,56,56,1.0
1391,1,70,222,56,56,1.0
1391,1,161,55,56,56,0.999942
1391,1,62,150,56,56,0.999918
1391,1,126,206,56,56,0.998468
1392,1,76,222,56,56,1.0
1392,1,124,206,56,56,0.999358
1392,1,59,134,56,56,0.990667
1392,1,178,133,56,56,0.68811
1393,1,72,222,56,56,0.999998
1393,1,161,53,56,56,0.999884
1393,1,209,101,56,56,0.999769
1394,1,62,230,56,56,1.0
1394,1,208,94,56,56,0.999998
1394,1,160,62,56,56,0.99999
1394,1,102,166,56,56,0.997579
1395,1,60,230,56,56,1.0
1395,1,54,150,56,56,0.999777
1396,1,58,230,56,56,1.0
1396,1,168,40,56,56,1.0
1396,1,216,96,56,56,1.0
1396,1,68,167,56,56,0.99917
1397,1,56,226,56,56,1.0
1397,1,68,167,56,56,0.999994
1397,1,149,56,56,56,0.999967
1397,1,218,96,56,56,0.996978
1398,1,53,230,56,56,1.0
1398,1,158,49,56,56,1.0
1398,1,42,153,56,56,0.999995
1398,1,217,96,56,56,0.884513
1399,1,45,239,56,56,1.0
1399,1,159,56,56,56,0.999996
1399,1,68,181,56,56,0.997894
1399,1,101,215,56,56,0.989454
1399,1,198,111,56,56,0.970318
1400,1,49,240,56,56,1.0
1400,1,52,158,56,56,0.999999
1400,1,100,214,56,56,0.998219
1400,1,159,56,56,56,0.998086
1400,1,198,122,56,56,0.984031
1401,1,42,240,56,56,1.0
1401,1,158,76,56,56,1.0
1401,1,95,217,56,56,0.999999
1401,1,42,160,56,56,0.999998
1402,1,39,161,56,56,1.0
1402,1,47,234,56,56,1.0
1402,1,158,84,56,56,0.996572
1402,1,198,148,56,56,0.980906
1402,1,95,218,56,56,0.955105
1403,1,37,162,56,56,1.0
1403,1,45,235,56,56,1.0
1403,1,157,68,56,56,0.999988
1403,1,197,116,56,56,0.999746
1403,1,93,218,56,56,0.999498
1404,1,27,162,56,56,1.0
1404,1,156,55,56,56,0.996132
1404,1,43,234,56,56,0.919286
1404,1,106,227,56,56,0.573063
1405,1,33,170,56,56,1.0
1405,1,41,234,56,56,0.999613
1405,1,164,62,56,56,0.999313
1406,1,31,164,56,56,1.0
1406,1,155,66,56,56,1.0
1406,1,55,228,56,56,0.872605
1406,1,211,122,56,56,0.589643
1407,1,29,173,56,56,1.0
1407,1,153,88,56,56,0.999715
1408,1,26,174,56,56,1.0
1408,1,157,80,56,56,0.999998
1409,1,160,85,56,56,1.0
1409,1,24,167,56,56,0.999991
1410,1,14,168,56,56,1.0
1410,1,160,70,56,56,1.0
1410,1,87,220,56,56,0.962211
1411,1,20,168,56,56,1.0
1411,1,159,70,56,56,1.0
1411,1,215,118,56,56,0.996429
1412,1,10,176,56,56,1.0
1412,1,160,79,56,56,0.999387
1412,1,116,49,56,56,0.998468
1412,1,82,216,56,56,0.994804
1416,1,121,49,56,56,0.995303
1416,1,161,89,56,56,0.986107
1417,1,165,108,56,56,1.0
1418,1,165,94,56,56,1.0
1418,1,115,44,56,56,1.0
1418,1,189,150,56,56,0.986137
1419,1,174,91,56,56,1.0
1419,1,190,146,56,56,0.863838
1420,1,167,96,56,56,1.0
1420,1,111,40,56,56,1.0
1421,1,167,93,56,56,0.99991
1421,1,199,157,56,56,0.992246
1422,1,175,96,56,56,0.99999
1422,1,119,48,56,56,0.99998
1423,1,168,136,56,56,1.0
1424,1,164,88,56,56,0.999999
1425,1,171,96,56,56,1.0
1426,1,187,104,56,56,1.0
1427,1,179,148,56,56,0.999955
1427,1,120,48,56,56,0.996163
1427,1,223,181,56,56,0.991133
1428,1,176,107,56,56,0.99964
1428,1,114,48,56,56,0.615202
1429,1,176,123,56,56,0.99998
1429,1,122,48,56,56,0.999249
1430,1,176,132,56,56,0.999769
1430,1,121,64,56,56,0.99593
1431,1,117,56,56,56,0.999484
1431,1,176,134,56,56,0.993252
1432,1,176,130,56,56,0.996249
1432,1,127,64,56,56,0.741818
1433,1,125,56,56,56,0.999945
1433,1,176,148,56,56,0.713399
1434,1,126,56,56,56,0.999997
1435,1,125,56,56,56,1.0
1436,1,124,71,56,56,1.0
1437,1,129,64,56,56,0.999999
1438,1,123,72,56,56,1.0
1439,1,131,68,56,56,1.0
1440,1,128,78,56,56,1.0
1447,1,117,81,56,56,1.0
1448,1,118,89,56,56,0.999992
1448,1,156,39,56,56,0.913239
1453,1,108,94,56,56,0.999999
1453,1,152,39,56,56,0.99672
1454,1,136,33,56,56,0.999932
1455,1,108,95,56,56,0.999999
1456,1,104,105,56,56,0.998939
1456,1,160,97,56,56,0.996557
1456,1,152,41,56,56,0.967417
1457,1,152,42,56,56,0.96989
1457,1,120,82,56,56,0.964799
1458,1,151,50,56,56,1.0
1458,1,108,98,56,56,0.945555
1459,1,153,58,56,56,0.999997
1459,1,109,91,56,56,0.994954
1460,1,157,60,56,56,1.0
1460,1,109,100,56,56,1.0
1461,1,109,93,56,56,0.999202
1461,1,155,51,56,56,0.998941
1462,1,160,50,56,56,0.999992
1462,1,112,98,56,56,0.999649
1463,1,156,63,56,56,1.0
1463,1,111,107,56,56,0.998096
1464,1,166,57,56,56,1.0
1464,1,112,102,56,56,0.997239
1465,1,162,70,56,56,0.999999
1465,1,96,102,56,56,0.999978
1466,1,158,66,56,56,1.0
1466,1,115,100,56,56,0.966324
1467,1,166,67,56,56,1.0
1467,1,111,102,56,56,1.0
1468,1,158,78,56,56,1.0
1469,1,166,72,56,56,1.0
1469,1,118,104,56,56,1.0
1470,1,159,83,56,56,1.0
1470,1,90,113,56,56,0.999984
1471,1,162,86,56,56,1.0
1471,1,80,116,56,56,0.999865
1472,1,168,85,56,56,1.0
1472,1,95,113,56,56,0.999942
1473,1,174,88,56,56,1.0
1473,1,78,129,56,56,0.998633
1474,1,170,97,56,56,1.0
1474,1,90,121,56,56,0.997603
1475,1,174,105,56,56,1.0
1475,1,97,122,56,56,1.0
1476,1,85,122,56,56,1.0
1476,1,175,106,56,56,1.0
1477,1,172,108,56,56,1.0
1477,1,90,122,56,56,0.999995
1478,1,175,107,56,56,1.0
1478,1,74,134,56,56,0.999664
1479,1,183,129,56,56,1.0
1479,1,81,120,56,56,0.999934
1479,1,169,47,56,56,0.725675
1480,1,176,118,56,56,1.0
1480,1,80,121,56,56,0.999997
1480,1,130,42,56,56,0.995231
1481,1,78,122,56,56,0.999988
1481,1,179,122,56,56,0.999625
1481,1,130,49,56,56,0.667993
1482,1,79,130,56,56,0.999998
1482,1,201,133,56,56,0.996483
1482,1,162,33,56,56,0.962084
1483,1,203,133,56,56,1.0
1483,1,71,124,56,56,0.999996
1484,1,69,116,56,56,0.999998
1485,1,61,150,56,56,0.984398
1485,1,116,217,56,56,0.678346
1486,1,60,150,56,56,0.999824
1486,1,114,205,56,56,0.776515
1487,1,61,150,56,56,0.999998
1488,1,64,123,56,56,0.999957
1488,1,133,64,56,56,0.988926
1489,1,57,149,56,56,0.999794
1489,1,138,60,56,56,0.986305
1490,1,129,52,56,56,0.996925
1490,1,56,149,56,56,0.967579
1491,1,84,156,56,56,0.77618
1492,1,84,157,56,56,0.991718
1492,1,139,62,56,56,0.973768
1493,1,55,156,56,56,0.982324
1493,1,137,71,56,56,0.980377
1494,1,53,155,56,56,0.998795
1495,1,139,75,56,56,0.999337
1495,1,75,163,56,56,0.996506
1496,1,75,164,56,56,0.9975
1496,1,117,67,56,56,0.981367
1497,1,128,66,56,56,0.999996
1497,1,39,156,56,56,0.87367
1498,1,129,67,56,56,0.999895
1499,1,43,156,56,56,1.0
1499,1,139,73,56,56,0.903284
1500,1,40,164,56,56,0.999997
1500,1,124,74,56,56,0.539144
1501,1,123,70,56,56,0.99979
1501,1,39,165,56,56,0.996997
1501,1,171,70,56,56,0.958326
1502,1,123,70,56,56,0.999703
1502,1,30,158,56,56,0.946155
1503,1,36,160,56,56,0.998046
1503,1,122,76,56,56,0.996268
1504,1,123,76,56,56,0.999998
1504,1,35,160,56,56,0.825549
1505,1,118,78,56,56,0.998929
1505,1,27,161,56,56,0.98879
1506,1,29,157,56,56,0.998928
1506,1,122,79,56,56,0.947752
1507,1,122,80,56,56,0.999996
1507,1,25,165,56,56,0.999528
1508,1,27,164,56,56,0.999792
1508,1,115,82,56,56,0.994246
1509,1,26,156,56,56,0.999826
1509,1,122,82,56,56,0.999674
1510,1,26,163,56,56,0.999548
1511,1,108,89,56,56,1.0
1511,1,25,156,56,56,0.999158
1511,1,172,89,56,56,0.763692
1512,1,131,114,56,56,0.998277
1512,1,179,90,56,56,0.979051
1512,1,22,158,56,56,0.902474
1513,1,110,93,56,56,1.0
1513,1,20,167,56,56,0.998108
1513,1,174,93,56,56,0.979122
1514,1,108,103,56,56,1.0
1514,1,18,170,56,56,0.998119
1514,1,164,95,56,56,0.539386
1515,1,116,97,56,56,1.0
1515,1,18,179,56,56,0.965013
1516,1,22,165,56,56,0.999997
1516,1,129,126,56,56,0.999152
1517,1,27,163,56,56,1.0
1517,1,127,133,56,56,0.942103
1518,1,126,134,56,56,0.997764
1518,1,63,183,56,56,0.806227
1519,1,29,172,56,56,1.0
1520,1,108,116,56,56,1.0
1520,1,40,179,56,56,0.975837
1521,1,26,178,56,56,1.0
1521,1,113,112,56,56,1.0
1521,1,177,104,56,56,0.628106
1522,1,23,172,56,56,1.0
1522,1,112,114,56,56,0.999999
1522,1,164,90,56,56,0.963314
1523,1,104,118,56,56,1.0
1523,1,23,180,56,56,1.0
1523,1,188,91,56,56,0.999961
1524,1,103,128,56,56,1.0
1524,1,8,188,56,56,0.999999
1524,1,189,91,56,56,0.998936
1525,1,103,125,56,56,1.0
1525,1,23,190,56,56,0.999888
1525,1,173,100,56,56,0.892611
1526,1,4,190,56,56,1.0
1526,1,102,134,56,56,1.0
1526,1,180,102,56,56,0.999951
1527,1,5,190,56,56,1.0
1527,1,98,131,56,56,1.0
1528,1,98,133,56,56,1.0
1528,1,9,191,56,56,0.999946
1528,1,204,89,56,56,0.871094
1529,1,1,191,56,56,0.999989
1529,1,97,159,56,56,0.688041
1530,1,10,189,56,56,1.0
1530,1,105,139,56,56,1.0
1530,1,129,83,56,56,0.997767
1531,1,97,152,56,56,1.0
1531,1,0,190,56,56,0.999987
1532,1,97,153,56,56,1.0
1533,1,88,145,56,56,1.0
1533,1,137,88,56,56,0.999982
1534,1,95,154,56,56,1.0
1535,1,93,147,56,56,1.0
1536,1,93,148,56,56,1.0
1536,1,129,91,56,56,0.991056
1537,1,84,152,56,56,1.0
1537,1,121,92,56,56,0.996008
1538,1,82,153,56,56,1.0
1538,1,167,40,56,56,0.688399
1539,1,81,156,56,56,1.0
1539,1,46,207,56,56,0.998512
1539,1,167,40,56,56,0.994775
1540,1,86,157,56,56,1.0
1540,1,167,40,56,56,0.995017
1540,1,44,207,56,56,0.974048
1541,1,84,157,56,56,1.0
1541,1,40,207,56,56,0.989459
1541,1,168,40,56,56,0.966757
1541,1,136,96,56,56,0.903408
1542,1,82,156,56,56,1.0
1542,1,165,49,56,56,0.992124
1542,1,43,214,56,56,0.76265
1543,1,79,156,56,56,1.0
1543,1,173,40,56,56,0.992746
1544,1,76,156,56,56,1.0
1544,1,166,40,56,56,0.993657
1545,1,74,158,56,56,1.0
1545,1,167,40,56,56,0.875415
1545,1,143,80,56,56,0.863169
1545,1,130,206,56,56,0.528473
1546,1,72,159,56,56,1.0
1546,1,167,40,56,56,0.510373
1547,1,69,168,56,56,0.998969
1547,1,136,111,56,56,0.988451
1548,1,67,161,56,56,0.999723
1548,1,172,31,56,56,0.937031
1548,1,132,111,56,56,0.909436
1549,1,65,163,56,56,1.0
1549,1,135,112,56,56,0.640549
1550,1,63,172,56,56,1.0
1550,1,174,33,56,56,0.999708
1550,1,134,105,56,56,0.967723
1551,1,62,164,56,56,1.0
1551,1,133,104,56,56,0.999812
1551,1,173,40,56,56,0.872519
1552,1,61,172,56,56,1.0
1552,1,132,105,56,56,0.988076
1552,1,132,41,56,56,0.893833
1553,1,60,172,56,56,1.0
1553,1,131,110,56,56,0.971567
1553,1,171,46,56,56,0.913307
1554,1,51,180,56,56,1.0
1554,1,171,40,56,56,1.0
1554,1,131,104,56,56,0.994513
1555,1,58,188,56,56,0.999985
1555,1,171,40,56,56,0.981097
1556,1,53,188,56,56,0.999999
1556,1,170,48,56,56,0.998858
1556,1,130,112,56,56,0.959975
1557,1,170,48,56,56,1.0
1557,1,52,182,56,56,1.0
1557,1,108,166,56,56,0.983736
1558,1,51,188,56,56,1.0
1558,1,89,122,56,56,1.0
1558,1,169,48,56,56,0.999999
1559,1,88,125,56,56,1.0
1559,1,41,193,56,56,0.999908
1559,1,168,48,56,56,0.845539
1560,1,47,193,56,56,0.999812
1560,1,167,56,56,56,0.999716
1560,1,135,104,56,56,0.87356
1561,1,41,194,56,56,1.0
1561,1,167,56,56,56,0.999937
1562,1,159,56,56,56,1.0
1562,1,38,204,56,56,0.987012
1563,1,159,56,56,56,1.0
1564,1,102,155,56,56,1.0
1564,1,159,65,56,56,0.998598
1565,1,159,61,56,56,1.0
1566,1,89,156,56,56,1.0
1566,1,165,67,56,56,0.99806
1566,1,37,207,56,56,0.980938
1567,1,95,156,56,56,1.0
1567,1,161,70,56,56,0.999834
1567,1,52,203,56,56,0.999572
1568,1,64,151,56,56,1.0
1568,1,159,66,56,56,0.999969
1569,1,29,201,56,56,1.0
1569,1,60,152,56,56,1.0
1569,1,159,67,56,56,1.0
1570,1,45,201,56,56,1.0
1570,1,81,167,56,56,1.0
1570,1,160,62,56,56,1.0
1571,1,26,201,56,56,1.0
1571,1,157,66,56,56,0.99998
1572,1,26,195,56,56,1.0
1572,1,77,156,56,56,1.0
1572,1,164,59,56,56,0.998541
1573,1,24,195,56,56,1.0
1573,1,75,164,56,56,1.0
1573,1,159,66,56,56,0.999973
1574,1,26,203,56,56,1.0
1574,1,74,172,56,56,1.0
1574,1,163,67,56,56,0.999999
1575,1,25,196,56,56,1.0
1575,1,53,148,56,56,1.0
1575,1,164,59,56,56,0.999999
1576,1,32,204,56,56,1.0
1576,1,61,169,56,56,1.0
1576,1,165,68,56,56,0.99968
1577,1,32,201,56,56,1.0
1577,1,165,68,56,56,0.999779
1578,1,168,79,56,56,0.999999
1578,1,29,210,56,56,0.999992
1579,1,22,206,56,56,1.0
1579,1,167,84,56,56,1.0
1580,1,160,83,56,56,0.999956
1581,1,167,84,56,56,0.999996
1582,1,19,208,56,56,1.0
1582,1,167,86,56,56,1.0
1582,1,55,167,56,56,1.0
1583,1,20,203,56,56,1.0
1583,1,176,99,56,56,0.999727
1584,1,20,205,56,56,1.0
1584,1,35,156,56,56,0.996989
1584,1,174,100,56,56,0.827833
1585,1,18,206,56,56,1.0
1585,1,48,162,56,56,0.99838
1586,1,19,214,56,56,1.0
1586,1,39,155,56,56,0.999969
1586,1,162,74,56,56,0.990547
1587,1,19,207,56,56,1.0
1587,1,45,161,56,56,0.999613
1587,1,175,115,56,56,0.998262
1587,1,174,161,56,56,0.984024
1587,1,93,209,56,56,0.748729
1588,1,27,208,56,56,1.0
1588,1,36,160,56,56,1.0
1588,1,182,106,56,56,0.990815
1588,1,162,45,56,56,0.984989
1588,1,175,158,56,56,0.519128
1589,1,11,208,56,56,1.0
1589,1,35,161,56,56,1.0
1589,1,173,157,56,56,0.999605
1589,1,161,39,56,56,0.871789
1590,1,19,210,56,56,1.0
1590,1,19,160,56,56,0.999999
1590,1,136,32,56,56,0.919104
1590,1,174,161,56,56,0.916037
1591,1,19,211,56,56,1.0
1591,1,190,112,56,56,0.999527
1591,1,152,41,56,56,0.9851
1592,1,19,212,56,56,1.0
1592,1,32,160,56,56,1.0
1592,1,175,136,56,56,0.993481
1592,1,137,35,56,56,0.735153
1593,1,19,212,56,56,1.0
1593,1,16,166,56,56,1.0
1593,1,138,36,56,56,0.973603
1594,1,12,211,56,56,1.0
1594,1,130,37,56,56,0.936705
1594,1,167,122,56,56,0.779761
1595,1,12,213,56,56,1.0
1595,1,199,111,56,56,0.9459
1595,1,167,159,56,56,0.921261
1595,1,138,39,56,56,0.919593
1596,1,12,213,56,56,1.0
1596,1,122,81,56,56,0.792198
1597,1,13,211,56,56,1.0
1597,1,29,163,56,56,1.0
1597,1,192,121,56,56,0.997644
1597,1,152,89,56,56,0.987675
1597,1,139,42,56,56,0.971922
1598,1,13,164,56,56,1.0
1598,1,13,220,56,56,1.0
1598,1,155,44,56,56,0.994909
1598,1,178,189,56,56,0.857116
1599,1,19,164,56,56,1.0
1599,1,148,46,56,56,0.953393
1600,1,11,165,56,56,1.0
1600,1,11,221,56,56,1.0
1600,1,131,49,56,56,0.945378
1601,1,18,214,56,56,1.0
1601,1,204,133,56,56,1.0
1601,1,18,166,56,56,1.0
1602,1,17,166,56,56,1.0
1602,1,17,222,56,56,1.0
1602,1,206,132,56,56,1.0
1602,1,132,53,56,56,0.935282
1603,1,16,216,56,56,1.0
1603,1,16,168,56,56,1.0
1603,1,207,131,56,56,1.0
1604,1,18,221,56,56,1.0
1604,1,11,168,56,56,1.0
1604,1,209,144,56,56,0.995908
1604,1,133,98,56,56,0.621976
1605,1,9,169,56,56,1.0
1605,1,17,217,56,56,1.0
1605,1,171,157,56,56,0.665266
1606,1,10,223,56,56,1.0
1606,1,17,169,56,56,1.0
1606,1,213,153,56,56,0.998762
1606,1,134,63,56,56,0.96004
1607,1,17,224,56,56,1.0
1607,1,215,157,56,56,0.928883
1607,1,144,109,56,56,0.753853
1607,1,135,65,56,56,0.672983
1608,1,21,168,56,56,1.0
1608,1,17,223,56,56,1.0
1608,1,176,148,56,56,0.69658
1609,1,29,183,56,56,1.0
1610,1,14,221,56,56,0.999999
1611,1,7,172,56,56,1.0
1611,1,143,72,56,56,0.745695
1612,1,7,215,56,56,1.0
1613,1,15,175,56,56,1.0
1614,1,15,175,56,56,1.0
1615,1,13,170,56,56,1.0
1616,1,11,168,56,56,1.0
1617,1,8,176,56,56,1.0
1617,1,142,84,56,56,0.976487
1618,1,151,86,56,56,0.994345
1619,1,151,88,56,56,0.996818
1620,1,151,91,56,56,0.977858
1621,1,159,92,56,56,0.975366
1623,1,161,83,56,56,0.998481
1624,1,161,83,56,56,0.999855
1625,1,154,101,56,56,0.994574
1625,1,129,39,56,56,0.814915
1626,1,163,99,56,56,0.544724
1627,1,129,40,56,56,0.907407
1628,1,163,115,56,56,0.552515
1628,1,130,48,56,56,0.53251
1631,1,122,47,56,56,0.937317
1631,1,171,99,56,56,0.87772
1632,1,163,101,56,56,0.80148
1632,1,162,47,56,56,0.639714
1633,1,171,108,56,56,0.992174
1633,1,130,47,56,56,0.923072
1637,1,121,48,56,56,0.991942
1638,1,163,48,56,56,0.630986
1639,1,123,74,56,56,0.960681
1640,1,121,50,56,56,0.697685
1641,1,121,50,56,56,0.876702
1642,1,164,48,56,56,0.954471
1643,1,123,48,56,56,0.551499
1644,1,137,74,56,56,0.517282
1646,1,128,64,56,56,0.863173
1647,1,119,80,56,56,0.715389
1649,1,141,32,56,56,0.822231
1650,1,149,32,56,56,0.898708
1651,1,125,80,56,56,0.999882
1652,1,125,80,56,56,0.982003
1652,1,149,40,56,56,0.980483
1653,1,126,80,56,56,0.98873
1653,1,150,40,56,56,0.982047
1654,1,118,88,56,56,0.998603
1654,1,158,40,56,56,0.872117
1655,1,213,112,56,56,0.999993
1655,1,157,40,56,56,0.996722
1655,1,125,88,56,56,0.900293
1656,1,222,112,56,56,1.0
1656,1,126,88,56,56,0.994194
1657,1,206,112,56,56,0.999966
1657,1,142,40,56,56,0.99996
1657,1,126,88,56,56,0.999589
1658,1,222,120,56,56,0.996386
1658,1,142,40,56,56,0.963907
1658,1,150,88,56,56,0.516853
1659,1,206,120,56,56,0.999918
1659,1,134,40,56,56,0.998948
1660,1,207,112,56,56,0.999938
1660,1,135,96,56,56,0.618619
1660,1,135,40,56,56,0.589223
1661,1,207,120,56,56,0.999401
1661,1,135,40,56,56,0.962563
1661,1,143,96,56,56,0.628997
1662,1,144,40,56,56,0.999991
1662,1,224,120,56,56,0.768805
1663,1,137,40,56,56,0.998658
1663,1,129,104,56,56,0.884003
1664,1,209,120,56,56,0.999963
1664,1,145,40,56,56,0.999955
1665,1,138,40,56,56,0.999999
1665,1,218,120,56,56,0.99602
1666,1,218,119,56,56,0.987597
1666,1,138,39,56,56,0.959572
1666,1,130,103,56,56,0.668279
1667,1,219,120,56,56,0.995994
1667,1,147,48,56,56,0.993427
1667,1,139,104,56,56,0.945735
1668,1,226,120,56,56,0.999791
1668,1,146,40,56,56,0.999723
1668,1,130,104,56,56,0.981926
1669,1,146,48,56,56,0.783344
1679,1,141,65,56,56,0.999967
1680,1,150,64,56,56,1.0
1681,1,147,60,56,56,1.0
1682,1,142,64,56,56,0.999996
1683,1,147,61,56,56,0.999994
1684,1,149,69,56,56,0.999997
1684,1,197,157,56,56,0.595369
1685,1,149,69,56,56,1.0
1685,1,213,157,56,56,0.888462
1687,1,146,70,56,56,1.0
1688,1,146,78,56,56,1.0
1689,1,138,77,56,56,1.0
1690,1,138,75,56,56,1.0
1691,1,145,75,56,56,1.0
1692,1,136,78,56,56,1.0
1693,1,135,87,56,56,1.0
1694,1,142,87,56,56,1.0
1695,1,134,87,56,56,1.0
1696,1,133,88,56,56,0.999994
1697,1,133,97,56,56,0.999995
1698,1,149,96,56,56,1.0
1699,1,149,93,56,56,0.999999
1700,1,141,93,56,56,1.0
1701,1,133,94,56,56,1.0
1702,1,134,103,56,56,1.0
1703,1,134,100,56,56,1.0
1703,1,118,52,56,56,0.999901
1704,1,143,103,56,56,0.999999
1705,1,144,103,56,56,0.999998
1705,1,128,55,56,56,0.999854
1706,1,143,105,56,56,1.0
1707,1,146,108,56,56,1.0
1707,1,122,60,56,56,0.999993
1708,1,147,110,56,56,1.0
1709,1,146,114,56,56,1.0
1709,1,132,65,56,56,1.0
1710,1,148,113,56,56,1.0
1710,1,163,49,56,56,0.982218
1711,1,155,106,56,56,1.0
1711,1,143,56,56,56,0.999968
1712,1,155,109,56,56,1.0
1713,1,164,118,56,56,1.0
1713,1,143,64,56,56,0.997617
1714,1,159,113,56,56,1.0
1714,1,143,56,56,56,0.999999
1715,1,167,118,56,56,1.0
1716,1,167,122,56,56,1.0
1716,1,143,64,56,56,0.999983
1717,1,167,114,56,56,1.0
1717,1,143,65,56,56,0.996502
1718,1,143,64,56,56,0.999999
1719,1,167,120,56,56,1.0
1719,1,144,64,56,56,1.0
1720,1,175,122,56,56,1.0
1720,1,146,65,56,56,0.999999
1721,1,177,129,56,56,0.999992
1722,1,178,129,56,56,0.999998
1723,1,179,129,56,56,0.998783
1726,1,182,130,56,56,0.999929
1743,1,181,157,56,56,0.999199
1744,1,183,173,56,56,0.999576
1744,1,127,133,56,56,0.965768
1751,1,153,49,56,56,0.999976
1754,1,153,48,56,56,0.999866
1755,1,90,158,56,56,0.985206
1756,1,154,55,56,56,0.999849
1757,1,146,55,56,56,0.999994
1758,1,154,55,56,56,0.999627
1759,1,154,55,56,56,1.0
1760,1,153,55,56,56,1.0
1761,1,122,55,56,56,0.999955
1762,1,154,55,56,56,1.0
1763,1,162,56,56,56,0.999766
1764,1,161,63,56,56,0.997848
1765,1,158,40,56,56,0.979491
1766,1,154,55,56,56,0.997611
1766,1,90,158,56,56,0.993034
1767,1,154,55,56,56,0.99678
1768,1,80,150,56,56,1.0
1768,1,162,72,56,56,0.998172
1769,1,73,150,56,56,0.999963
1769,1,156,55,56,56,0.999794
1770,1,156,79,56,56,0.99784
1771,1,95,159,56,56,0.999788
1771,1,148,87,56,56,0.997423
1772,1,156,71,56,56,0.999995
1772,1,65,151,56,56,0.934424
1773,1,164,63,56,56,0.999979
1774,1,134,95,56,56,0.999491
1774,1,126,47,56,56,0.999411
1775,1,156,47,56,56,0.99967
1775,1,132,87,56,56,0.998843
1776,1,158,80,56,56,1.0
1777,1,157,79,56,56,0.999979
1778,1,141,80,56,56,1.0
1779,1,157,87,56,56,1.0
1780,1,157,79,56,56,1.0
1780,1,78,163,56,56,0.991653
1781,1,157,80,56,56,1.0
1781,1,70,161,56,56,0.999999
1782,1,141,79,56,56,1.0
1782,1,69,163,56,56,0.999956
1783,1,149,79,56,56,1.0
1783,1,61,154,56,56,0.999003
1784,1,149,80,56,56,1.0
1784,1,61,153,56,56,0.999932
1785,1,149,87,56,56,1.0
1785,1,69,153,56,56,0.999819
1786,1,149,80,56,56,1.0
1786,1,60,153,56,56,0.996076
1787,1,150,89,56,56,1.0
1788,1,143,86,56,56,1.0
1788,1,66,153,56,56,0.999972
1789,1,150,89,56,56,1.0
1789,1,55,161,56,56,0.998265
1790,1,157,81,56,56,1.0
1791,1,151,89,56,56,1.0
1791,1,69,153,56,56,0.997638
1792,1,155,89,56,56,1.0
1792,1,65,153,56,56,0.999885
1793,1,162,97,56,56,1.0
1793,1,57,161,56,56,0.978714
1794,1,162,89,56,56,0.997701
1794,1,73,161,56,56,0.953365
1795,1,162,97,56,56,1.0
1795,1,68,153,56,56,0.656028
1796,1,157,89,56,56,0.878262
1796,1,20,121,56,56,0.872236
1797,1,61,161,56,56,0.998795
1798,1,19,121,56,56,0.935477
1798,1,59,153,56,56,0.888866
1799,1,52,161,56,56,0.925674
1800,1,44,161,56,56,0.999039
1801,1,68,169,56,56,0.957142
1802,1,76,169,56,56,0.99976
1805,1,44,153,56,56,0.59332
1808,1,44,158,56,56,0.995815
1810,1,144,129,56,56,0.997784
1811,1,181,125,56,56,0.999852
1812,1,151,141,56,56,0.997601
1812,1,52,162,56,56,0.969925
1813,1,151,141,56,56,0.968594
1815,1,50,162,56,56,0.998295
1815,1,151,147,56,56,0.743746
1817,1,48,164,56,56,0.901499
1818,1,159,153,56,56,0.999791
1818,1,71,181,56,56,0.967717
1819,1,160,160,56,56,1.0
1819,1,202,118,56,56,0.999539
1820,1,170,142,56,56,0.999997
1821,1,190,118,56,56,0.998923
1822,1,166,142,56,56,0.999989
1823,1,178,141,56,56,0.999993
1824,1,162,149,56,56,0.999955
1825,1,202,134,56,56,0.997727
1826,1,210,139,56,56,0.999999
1827,1,202,143,56,56,0.999827
1828,1,178,156,56,56,0.999926
1829,1,202,144,56,56,0.999991
1830,1,202,146,56,56,0.999973
1831,1,202,144,56,56,0.999999
1832,1,202,144,56,56,0.999998
1833,1,202,144,56,56,1.0
1834,1,194,144,56,56,0.999999
1835,1,202,136,56,56,0.999966
1836,1,201,144,56,56,0.994918
1837,1,201,151,56,56,0.966789
1838,1,202,151,56,56,0.912858
1839,1,202,153,56,56,0.799181
1840,1,202,151,56,56,0.628881
1841,1,73,179,56,56,0.831278
1841,1,200,144,56,56,0.814351
1842,1,202,144,56,56,0.891587
1843,1,200,136,56,56,0.792074
1845,1,199,144,56,56,0.909321
1846,1,207,160,56,56,0.999983
1907,1,65,170,56,56,0.983487
1907,1,1,218,56,56,0.704302
1910,1,49,154,56,56,0.987943
1910,1,1,210,56,56,0.663977
1911,1,66,162,56,56,0.964937
1913,1,57,161,56,56,0.998525
1913,1,1,209,56,56,0.773917
1924,1,144,39,56,56,0.597098
2013,1,74,122,56,56,0.999969
2016,1,90,162,56,56,0.968643
2017,1,93,135,56,56,0.990576
2018,1,89,133,56,56,0.960276
2019,1,90,156,56,56,0.994239
2020,1,81,113,56,56,0.996912
2021,1,93,159,56,56,0.999735
2022,1,90,158,56,56,0.861678
2031,1,152,187,56,56,1.0
2031,1,120,139,56,56,0.997776
2032,1,156,182,56,56,1.0
2032,1,140,126,56,56,0.784346
