6,1,87,206,56,56,1.0
6,1,54,117,56,56,1.0
6,1,196,227,56,56,0.999816
7,1,58,117,56,56,1.0
7,1,234,217,56,56,1.0
7,1,186,225,56,56,0.999237
8,1,57,116,56,56,1.0
8,1,226,215,56,56,0.992529
8,1,178,223,56,56,0.939174
9,1,32,224,56,56,0.966872
9,1,223,226,56,56,0.889919
9,1,167,202,56,56,0.710135
10,1,223,228,56,56,0.839341
10,1,167,204,56,56,0.758049
11,1,71,118,56,56,1.0
11,1,82,199,56,56,1.0
11,1,222,210,56,56,0.999918
11,1,134,194,56,56,0.96726
12,1,83,198,56,56,1.0
12,1,70,111,56,56,1.0
12,1,217,210,56,56,0.999088
12,1,27,230,56,56,0.849335
13,1,92,190,56,56,1.0
13,1,80,115,56,56,1.0
13,1,219,234,56,56,0.986708
14,1,92,182,56,56,1.0
14,1,156,222,56,56,0.998516
15,1,79,116,56,56,0.999987
15,1,135,156,56,56,0.995655
16,1,81,113,56,56,0.999991
17,1,98,178,56,56,1.0
17,1,154,218,56,56,1.0
17,1,80,110,56,56,1.0
18,1,82,111,56,56,1.0
18,1,90,167,56,56,0.905415
19,1,80,104,56,56,1.0
19,1,95,167,56,56,0.999979
20,1,126,167,56,56,0.999955
20,1,92,103,56,56,0.998749
21,1,17,143,56,56,1.0
21,1,9,223,56,56,0.999997
21,1,92,102,56,56,0.99999
21,1,100,166,56,56,0.999645
22,1,98,164,56,56,1.0
22,1,92,109,56,56,1.0
22,1,19,144,56,56,0.999999
22,1,27,208,56,56,0.999964
23,1,98,156,56,56,1.0
23,1,28,139,56,56,1.0
23,1,4,219,56,56,1.0
23,1,93,108,56,56,1.0
23,1,60,219,56,56,0.999824
24,1,98,156,56,56,1.0
24,1,30,139,56,56,1.0
24,1,96,108,56,56,1.0
24,1,6,219,56,56,0.999996
25,1,25,140,56,56,1.0
25,1,9,220,56,56,1.0
25,1,98,108,56,56,1.0
25,1,98,156,56,56,1.0
26,1,99,149,56,56,1.0
26,1,25,142,56,56,1.0
26,1,9,214,56,56,1.0
27,1,100,148,56,56,1.0
27,1,34,135,56,56,1.0
27,1,100,99,56,56,1.0
27,1,18,215,56,56,0.999969
27,1,209,96,56,56,0.981645
28,1,108,147,56,56,1.0
28,1,31,143,56,56,1.0
28,1,13,217,56,56,1.0
28,1,209,96,56,56,0.996838
28,1,77,217,56,56,0.996139
29,1,17,215,56,56,1.0
29,1,105,144,56,56,1.0
29,1,161,192,56,56,1.0
29,1,211,96,56,56,1.0
29,1,41,135,56,56,0.999978
30,1,102,144,56,56,1.0
30,1,34,142,56,56,1.0
30,1,165,184,56,56,1.0
30,1,211,96,56,56,1.0
30,1,86,208,56,56,0.983272
31,1,100,143,56,56,1.0
31,1,205,88,56,56,1.0
31,1,166,191,56,56,0.999999
31,1,19,222,56,56,0.999981
31,1,44,135,56,56,0.999207
32,1,113,133,56,56,1.0
32,1,206,88,56,56,1.0
32,1,47,138,56,56,0.999998
32,1,19,221,56,56,0.829438
33,1,47,138,56,56,1.0
33,1,114,134,56,56,1.0
33,1,206,96,56,56,1.0
33,1,162,182,56,56,0.999999
33,1,48,229,56,56,0.999441
33,1,98,206,56,56,0.696878
34,1,106,141,56,56,1.0
34,1,42,133,56,56,1.0
34,1,206,98,56,56,1.0
34,1,161,183,56,56,0.999992
34,1,214,170,56,56,0.997228
34,1,27,219,56,56,0.987981
35,1,115,127,56,56,1.0
35,1,155,175,56,56,1.0
35,1,204,93,56,56,1.0
35,1,50,136,56,56,1.0
36,1,117,125,56,56,1.0
36,1,197,205,56,56,0.963061
37,1,30,216,56,56,1.0
37,1,118,127,56,56,1.0
37,1,203,89,56,56,1.0
37,1,211,169,56,56,0.998526
38,1,33,217,56,56,1.0
38,1,119,127,56,56,1.0
38,1,196,88,56,56,1.0
39,1,27,217,56,56,1.0
39,1,120,122,56,56,1.0
39,1,152,178,56,56,1.0
39,1,194,101,56,56,1.0
40,1,114,125,56,56,1.0
40,1,162,181,56,56,1.0
40,1,196,88,56,56,1.0
40,1,30,217,56,56,0.999999
41,1,121,125,56,56,1.0
41,1,161,181,56,56,1.0
41,1,198,88,56,56,1.0
42,1,124,119,56,56,1.0
42,1,156,175,56,56,1.0
42,1,193,102,56,56,1.0
42,1,217,182,56,56,0.999711
43,1,117,118,56,56,1.0
43,1,192,95,56,56,1.0
43,1,208,175,56,56,1.0
44,1,128,114,56,56,1.0
44,1,152,178,56,56,1.0
44,1,190,101,56,56,1.0
44,1,32,210,56,56,0.999994
44,1,104,226,56,56,0.594324
45,1,38,203,56,56,1.0
45,1,127,128,56,56,1.0
45,1,192,94,56,56,1.0
45,1,122,82,56,56,1.0
45,1,151,176,56,56,1.0
45,1,110,227,56,56,0.991316
46,1,121,123,56,56,1.0
46,1,193,92,56,56,1.0
46,1,32,202,56,56,1.0
46,1,153,179,56,56,1.0
46,1,104,226,56,56,0.972592
47,1,128,125,56,56,1.0
47,1,124,77,56,56,1.0
47,1,194,96,56,56,1.0
47,1,48,200,56,56,0.999994
48,1,134,112,56,56,1.0
48,1,194,96,56,56,1.0
48,1,198,176,56,56,0.999998
48,1,150,176,56,56,0.999964
48,1,40,200,56,56,0.999923
48,1,88,216,56,56,0.594541
49,1,118,84,56,56,1.0
49,1,195,96,56,56,1.0
49,1,41,197,56,56,0.999996
49,1,113,229,56,56,0.998268
50,1,41,194,56,56,1.0
50,1,122,83,56,56,1.0
50,1,195,88,56,56,1.0
50,1,105,234,56,56,0.890074
51,1,121,83,56,56,1.0
51,1,196,96,56,56,1.0
51,1,41,196,56,56,0.999998
51,1,97,212,56,56,0.904941
52,1,41,188,56,56,1.0
52,1,121,116,56,56,1.0
52,1,197,88,56,56,1.0
52,1,113,228,56,56,0.99996
52,1,201,172,56,56,0.989915
53,1,44,187,56,56,1.0
53,1,109,106,56,56,1.0
53,1,193,88,56,56,1.0
53,1,108,227,56,56,1.0
54,1,108,226,56,56,1.0
54,1,122,108,56,56,1.0
54,1,146,164,56,56,0.999999
54,1,44,186,56,56,0.999991
54,1,194,124,56,56,0.526377
55,1,106,231,56,56,1.0
55,1,123,101,56,56,1.0
55,1,195,88,56,56,1.0
55,1,42,184,56,56,1.0
55,1,203,173,56,56,0.798103
56,1,115,226,56,56,1.0
56,1,42,179,56,56,1.0
56,1,121,112,56,56,1.0
56,1,209,176,56,56,0.996121
56,1,145,168,56,56,0.994114
57,1,120,224,56,56,1.0
57,1,42,179,56,56,1.0
57,1,121,112,56,56,1.0
57,1,196,88,56,56,1.0
57,1,201,168,56,56,0.999991
57,1,184,224,56,56,0.991574
58,1,108,223,56,56,1.0
58,1,129,110,56,56,1.0
58,1,194,88,56,56,1.0
58,1,44,184,56,56,0.999965
58,1,201,166,56,56,0.877805
59,1,114,219,56,56,1.0
59,1,119,109,56,56,1.0
59,1,192,88,56,56,1.0
59,1,186,211,56,56,0.999997
59,1,145,161,56,56,0.999318
59,1,39,184,56,56,0.999155
60,1,106,219,56,56,1.0
60,1,115,107,56,56,1.0
60,1,45,182,56,56,0.999171
60,1,187,91,56,56,0.992866
60,1,186,219,56,56,0.980913
61,1,106,219,56,56,1.0
61,1,125,109,56,56,1.0
61,1,38,173,56,56,0.99994
61,1,173,157,56,56,0.992144
62,1,106,218,56,56,1.0
62,1,40,177,56,56,1.0
62,1,119,106,56,56,1.0
62,1,191,90,56,56,1.0
62,1,186,210,56,56,0.999546
62,1,143,162,56,56,0.999317
63,1,108,217,56,56,1.0
63,1,135,72,56,56,1.0
63,1,40,176,56,56,1.0
63,1,151,160,56,56,1.0
63,1,180,209,56,56,0.999977
63,1,191,88,56,56,0.973508
64,1,107,217,56,56,1.0
64,1,133,71,56,56,1.0
64,1,197,87,56,56,1.0
64,1,187,209,56,56,0.999788
64,1,39,176,56,56,0.998037
64,1,149,159,56,56,0.985425
65,1,117,105,56,56,1.0
65,1,108,217,56,56,1.0
65,1,197,88,56,56,1.0
65,1,180,209,56,56,0.999966
65,1,157,161,56,56,0.999681
65,1,41,179,56,56,0.996837
66,1,119,98,56,56,1.0
66,1,198,88,56,56,1.0
66,1,114,224,56,56,1.0
66,1,151,154,56,56,0.999999
66,1,40,170,56,56,0.999986
66,1,186,208,56,56,0.999931
67,1,118,98,56,56,1.0
67,1,197,96,56,56,1.0
67,1,106,215,56,56,0.999718
67,1,186,215,56,56,0.998112
68,1,106,215,56,56,1.0
68,1,115,98,56,56,1.0
68,1,155,154,56,56,1.0
68,1,198,88,56,56,1.0
68,1,186,207,56,56,0.999583
68,1,46,177,56,56,0.995537
69,1,105,214,56,56,1.0
69,1,112,97,56,56,1.0
69,1,192,89,56,56,0.999999
69,1,39,177,56,56,0.999328
69,1,185,214,56,56,0.993632
70,1,119,98,56,56,1.0
70,1,199,90,56,56,1.0
70,1,106,222,56,56,1.0
70,1,159,154,56,56,0.998691
70,1,178,206,56,56,0.955696
71,1,107,206,56,56,1.0
71,1,112,97,56,56,1.0
71,1,152,145,56,56,1.0
71,1,200,97,56,56,0.99995
71,1,179,214,56,56,0.984779
72,1,106,212,56,56,1.0
72,1,122,101,56,56,1.0
72,1,178,212,56,56,0.999319
72,1,194,93,56,56,0.972625
72,1,43,171,56,56,0.886091
73,1,105,212,56,56,1.0
73,1,195,85,56,56,1.0
73,1,123,101,56,56,1.0
73,1,139,53,56,56,1.0
73,1,177,212,56,56,0.999989
73,1,161,152,56,56,0.999298
74,1,104,211,56,56,1.0
74,1,124,95,56,56,1.0
74,1,177,212,56,56,0.999999
74,1,156,143,56,56,0.999989
74,1,140,47,56,56,0.999987
74,1,196,87,56,56,0.999983
74,1,43,163,56,56,0.993129
75,1,126,94,56,56,1.0
75,1,198,86,56,56,1.0
75,1,177,211,56,56,0.999997
75,1,107,216,56,56,0.996968
75,1,150,46,56,56,0.995167
75,1,43,168,56,56,0.97542
76,1,105,210,56,56,1.0
76,1,44,170,56,56,1.0
76,1,177,210,56,56,0.999995
76,1,128,107,56,56,0.999951
76,1,200,91,56,56,0.998774
76,1,200,163,56,56,0.98176
77,1,129,110,56,56,1.0
77,1,201,90,56,56,1.0
77,1,104,210,56,56,0.999999
77,1,45,167,56,56,0.999995
77,1,176,210,56,56,0.999965
77,1,145,42,56,56,0.89381
78,1,129,94,56,56,1.0
78,1,201,87,56,56,0.999529
78,1,177,201,56,56,0.995579
78,1,105,209,56,56,0.707278
79,1,106,208,56,56,1.0
79,1,201,87,56,56,1.0
79,1,129,87,56,56,0.999996
79,1,45,170,56,56,0.999716
79,1,178,208,56,56,0.997405
79,1,153,31,56,56,0.801581
80,1,98,208,56,56,1.0
80,1,202,87,56,56,1.0
80,1,130,103,56,56,1.0
80,1,22,170,56,56,0.997658
80,1,178,208,56,56,0.990481
81,1,105,215,56,56,1.0
81,1,203,87,56,56,0.999997
81,1,163,143,56,56,0.99996
81,1,131,103,56,56,0.999922
81,1,38,170,56,56,0.99989
81,1,177,215,56,56,0.963381
82,1,100,207,56,56,1.0
82,1,203,87,56,56,1.0
82,1,131,111,56,56,0.999985
82,1,180,207,56,56,0.999975
82,1,46,167,56,56,0.999494
83,1,108,206,56,56,1.0
83,1,204,87,56,56,1.0
83,1,134,109,56,56,0.999996
83,1,158,149,56,56,0.998238
83,1,164,206,56,56,0.996193
84,1,110,204,56,56,1.0
84,1,133,104,56,56,1.0
84,1,182,212,56,56,0.999999
84,1,39,168,56,56,0.999999
84,1,205,88,56,56,0.999984
85,1,111,204,56,56,1.0
85,1,198,79,56,56,1.0
85,1,134,103,56,56,1.0
85,1,183,212,56,56,1.0
85,1,45,166,56,56,0.999998
85,1,93,150,56,56,0.948405
86,1,102,204,56,56,1.0
86,1,142,79,56,56,1.0
86,1,198,79,56,56,0.999874
86,1,39,157,56,56,0.990292
87,1,109,204,56,56,1.0
87,1,137,95,56,56,1.0
87,1,199,79,56,56,1.0
87,1,181,212,56,56,1.0
87,1,39,161,56,56,0.999736
88,1,105,204,56,56,1.0
88,1,185,204,56,56,1.0
88,1,136,96,56,56,1.0
88,1,47,161,56,56,1.0
88,1,200,88,56,56,0.999999
89,1,114,203,56,56,1.0
89,1,186,211,56,56,1.0
89,1,137,96,56,56,0.999968
89,1,41,157,56,56,0.999809
89,1,201,80,56,56,0.999566
90,1,112,203,56,56,1.0
90,1,138,78,56,56,1.0
90,1,184,203,56,56,0.999994
90,1,41,158,56,56,0.999991
90,1,202,78,56,56,0.998107
91,1,108,203,56,56,1.0
91,1,49,158,56,56,1.0
91,1,139,71,56,56,1.0
91,1,195,79,56,56,1.0
91,1,188,211,56,56,0.999996
92,1,119,202,56,56,1.0
92,1,145,62,56,56,1.0
92,1,202,79,56,56,1.0
92,1,49,157,56,56,0.999652
92,1,183,202,56,56,0.999304
93,1,187,210,56,56,1.0
93,1,139,210,56,56,0.999999
93,1,138,77,56,56,0.999998
93,1,49,165,56,56,0.999928
93,1,197,78,56,56,0.999915
93,1,162,141,56,56,0.765058
94,1,116,201,56,56,1.0
94,1,145,64,56,56,1.0
94,1,188,209,56,56,0.999924
94,1,201,80,56,56,0.998395
94,1,48,150,56,56,0.996632
94,1,72,230,56,56,0.751907
95,1,48,157,56,56,1.0
95,1,200,80,56,56,1.0
95,1,120,205,56,56,0.999985
95,1,189,209,56,56,0.999985
95,1,144,64,56,56,0.999774
96,1,203,80,56,56,1.0
96,1,118,200,56,56,0.999992
96,1,190,208,56,56,0.999971
96,1,56,158,56,56,0.998478
96,1,147,72,56,56,0.510126
97,1,117,199,56,56,1.0
97,1,56,158,56,56,1.0
97,1,196,80,56,56,0.999996
97,1,190,200,56,56,0.999996
97,1,148,56,56,56,0.62244
98,1,191,199,56,56,1.0
98,1,56,150,56,56,1.0
98,1,120,198,56,56,1.0
98,1,139,56,56,56,1.0
98,1,159,134,56,56,0.999293
98,1,195,80,56,56,0.999288
99,1,190,199,56,56,1.0
99,1,56,156,56,56,1.0
99,1,120,196,56,56,1.0
99,1,139,48,56,56,1.0
99,1,195,80,56,56,0.976538
100,1,192,190,56,56,1.0
100,1,120,198,56,56,1.0
100,1,142,54,56,56,1.0
100,1,195,80,56,56,1.0
100,1,56,157,56,56,0.999682
101,1,191,198,56,56,1.0
101,1,66,157,56,56,1.0
101,1,135,70,56,56,1.0
101,1,200,80,56,56,1.0
101,1,122,197,56,56,1.0
101,1,159,126,56,56,0.998623
102,1,189,198,56,56,1.0
102,1,103,85,56,56,1.0
102,1,195,79,56,56,1.0
102,1,58,157,56,56,1.0
102,1,122,197,56,56,0.999998
103,1,126,197,56,56,1.0
103,1,66,156,56,56,1.0
103,1,190,197,56,56,0.999999
103,1,110,82,56,56,0.999946
103,1,190,74,56,56,0.998819
104,1,66,156,56,56,1.0
104,1,152,128,56,56,1.0
104,1,136,48,56,56,0.999993
104,1,194,197,56,56,0.999981
104,1,122,197,56,56,0.999866
105,1,66,157,56,56,1.0
105,1,158,127,56,56,1.0
105,1,110,79,56,56,0.999994
105,1,191,197,56,56,0.999955
105,1,127,197,56,56,0.999849
105,1,190,79,56,56,0.999469
106,1,66,154,56,56,1.0
106,1,194,197,56,56,0.999995
106,1,131,61,56,56,0.999995
106,1,130,194,56,56,0.999446
106,1,98,104,56,56,0.999349
106,1,147,133,56,56,0.997064
107,1,195,76,56,56,1.0
107,1,66,154,56,56,0.999998
107,1,191,189,56,56,0.999993
107,1,127,189,56,56,0.999986
107,1,139,44,56,56,0.999904
107,1,26,189,56,56,0.997698
108,1,127,189,56,56,1.0
108,1,66,155,56,56,1.0
108,1,142,41,56,56,0.999979
108,1,190,81,56,56,0.999964
108,1,191,197,56,56,0.999748
108,1,150,129,56,56,0.996893
109,1,128,189,56,56,1.0
109,1,142,38,56,56,1.0
109,1,190,78,56,56,0.999994
109,1,192,197,56,56,0.999992
109,1,74,146,56,56,0.999133
110,1,144,36,56,56,1.0
110,1,184,84,56,56,1.0
110,1,75,145,56,56,1.0
110,1,192,197,56,56,0.999948
110,1,128,189,56,56,0.999533
110,1,144,124,56,56,0.932362
111,1,128,189,56,56,1.0
111,1,75,143,56,56,1.0
111,1,146,34,56,56,1.0
111,1,146,122,56,56,1.0
111,1,35,191,56,56,0.993545
112,1,127,188,56,56,1.0
112,1,75,149,56,56,1.0
112,1,191,188,56,56,1.0
112,1,140,39,56,56,0.999935
113,1,121,188,56,56,1.0
113,1,74,145,56,56,1.0
113,1,182,77,56,56,1.0
113,1,193,188,56,56,0.999289
114,1,72,141,56,56,1.0
114,1,203,157,56,56,1.0
114,1,131,189,56,56,1.0
114,1,137,120,56,56,0.99999
114,1,142,40,56,56,0.999547
115,1,79,140,56,56,1.0
115,1,145,126,56,56,1.0
115,1,191,80,56,56,0.999999
115,1,198,171,56,56,0.999757
115,1,122,201,56,56,0.999555
115,1,121,70,56,56,0.999436
116,1,72,140,56,56,1.0
116,1,128,188,56,56,1.0
116,1,206,188,56,56,0.999999
116,1,143,117,56,56,0.999999
116,1,135,61,56,56,0.999981
117,1,75,139,56,56,1.0
117,1,197,157,56,56,1.0
117,1,138,118,56,56,1.0
117,1,129,188,56,56,0.999999
117,1,143,30,56,56,0.986969
117,1,166,75,56,56,0.946127
118,1,129,188,56,56,1.0
118,1,142,121,56,56,0.999952
118,1,143,52,56,56,0.999947
118,1,80,138,56,56,0.999205
118,1,197,156,56,56,0.998307
119,1,124,188,56,56,1.0
119,1,142,123,56,56,1.0
119,1,206,188,56,56,0.999616
119,1,72,139,56,56,0.999527
119,1,151,59,56,56,0.999141
120,1,134,188,56,56,1.0
120,1,126,87,56,56,0.999998
120,1,80,130,56,56,0.999995
120,1,190,156,56,56,0.999987
120,1,187,76,56,56,0.986916
120,1,219,116,56,56,0.732272
121,1,201,187,56,56,1.0
121,1,136,54,56,56,1.0
121,1,146,118,56,56,0.999966
121,1,127,187,56,56,0.998638
122,1,127,187,56,56,1.0
122,1,79,125,56,56,1.0
122,1,140,118,56,56,1.0
122,1,202,171,56,56,0.999942
123,1,194,162,56,56,1.0
123,1,146,114,56,56,1.0
123,1,79,123,56,56,0.999994
123,1,127,187,56,56,0.998769
123,1,43,189,56,56,0.99786
123,1,170,48,56,56,0.919349
124,1,127,188,56,56,1.0
124,1,146,113,56,56,1.0
124,1,79,124,56,56,0.999999
124,1,202,171,56,56,0.999998
124,1,138,49,56,56,0.999653
124,1,186,81,56,56,0.999116
124,1,220,115,56,56,0.997764
125,1,126,186,56,56,1.0
125,1,142,113,56,56,0.999998
125,1,80,122,56,56,0.999994
125,1,194,186,56,56,0.999993
125,1,137,46,56,56,0.999928
126,1,133,185,56,56,1.0
126,1,189,185,56,56,1.0
126,1,84,120,56,56,0.999993
126,1,144,117,56,56,0.99999
127,1,49,158,56,56,1.0
127,1,134,39,56,56,1.0
127,1,124,184,56,56,1.0
127,1,194,171,56,56,0.999999
127,1,97,118,56,56,0.999824
127,1,150,111,56,56,0.999713
128,1,123,183,56,56,1.0
128,1,186,171,56,56,0.999999
128,1,181,73,56,56,0.999689
128,1,141,113,56,56,0.999618
128,1,133,41,56,56,0.999179
129,1,122,190,56,56,1.0
129,1,180,186,56,56,0.999995
129,1,142,38,56,56,0.999978
129,1,226,104,56,56,0.998359
129,1,102,110,56,56,0.997006
130,1,122,181,56,56,1.0
130,1,133,36,56,56,1.0
130,1,187,167,56,56,0.999986
130,1,227,111,56,56,0.999977
130,1,101,108,56,56,0.999728
130,1,149,116,56,56,0.984451
131,1,122,180,56,56,1.0
131,1,226,110,56,56,1.0
131,1,186,196,56,56,0.999999
131,1,134,33,56,56,0.999882
131,1,102,105,56,56,0.735485
132,1,126,178,56,56,1.0
132,1,226,110,56,56,1.0
132,1,150,112,56,56,1.0
132,1,182,186,56,56,0.999999
132,1,166,32,56,56,0.99962
133,1,226,109,56,56,1.0
133,1,126,177,56,56,1.0
133,1,174,177,56,56,0.999997
133,1,178,93,56,56,0.995588
133,1,134,56,56,56,0.994398
134,1,120,176,56,56,1.0
134,1,178,176,56,56,0.999983
135,1,120,175,56,56,1.0
135,1,178,167,56,56,0.999677
136,1,119,174,56,56,1.0
136,1,175,174,56,56,0.999776
137,1,175,190,56,56,1.0
137,1,119,174,56,56,1.0
138,1,119,173,56,56,0.999977
139,1,174,196,56,56,0.999996
140,1,107,187,56,56,0.999995
140,1,171,195,56,56,0.999336
141,1,148,170,56,56,0.999972
142,1,171,185,56,56,0.999989
142,1,115,169,56,56,0.999446
142,1,120,223,56,56,0.784114
143,1,73,209,56,56,0.999987
143,1,146,177,56,56,0.999022
144,1,95,229,56,56,0.999999
144,1,116,168,56,56,0.998711
144,1,52,175,56,56,0.975502
144,1,36,223,56,56,0.876969
144,1,164,184,56,56,0.853821
145,1,95,229,56,56,0.999965
145,1,146,167,56,56,0.994676
145,1,178,239,56,56,0.629935
146,1,108,167,56,56,1.0
146,1,96,229,56,56,0.999992
146,1,145,117,56,56,0.999984
146,1,185,157,56,56,0.999835
146,1,153,53,56,56,0.996052
146,1,35,225,56,56,0.683303
147,1,145,108,56,56,1.0
147,1,153,52,56,56,0.999997
147,1,99,238,56,56,0.999996
147,1,115,166,56,56,0.999989
147,1,193,156,56,56,0.999553
148,1,172,182,56,56,0.998523
148,1,108,166,56,56,0.970456
148,1,88,229,56,56,0.956138
148,1,35,221,56,56,0.885352
148,1,180,238,56,56,0.562926
149,1,88,229,56,56,1.0
149,1,110,165,56,56,0.99999
149,1,174,181,56,56,0.999698
150,1,118,165,56,56,1.0
150,1,102,229,56,56,0.999902
150,1,182,165,56,56,0.956086
151,1,223,103,56,56,1.0
151,1,191,151,56,56,0.999967
151,1,108,164,56,56,0.999956
151,1,143,111,56,56,0.999894
151,1,159,47,56,56,0.999821
151,1,100,236,56,56,0.986733
151,1,33,168,56,56,0.673293
151,1,33,224,56,56,0.515292
152,1,88,229,56,56,1.0
152,1,225,103,56,56,1.0
152,1,185,143,56,56,0.999834
152,1,64,167,56,56,0.997104
152,1,32,223,56,56,0.749958
152,1,161,47,56,56,0.653053
153,1,136,101,56,56,1.0
153,1,138,180,56,56,0.999999
153,1,184,149,56,56,0.999998
153,1,224,101,56,56,0.999891
154,1,86,223,56,56,1.0
154,1,137,102,56,56,1.0
154,1,145,163,56,56,0.999624
154,1,193,142,56,56,0.994848
154,1,169,235,56,56,0.97892
155,1,86,224,56,56,1.0
155,1,137,108,56,56,1.0
155,1,185,140,56,56,0.999706
155,1,170,186,56,56,0.996713
156,1,85,222,56,56,1.0
156,1,170,186,56,56,0.999973
156,1,178,234,56,56,0.999754
156,1,186,138,56,56,0.998915
156,1,130,162,56,56,0.992939
156,1,138,98,56,56,0.975742
157,1,146,94,56,56,1.0
157,1,94,221,56,56,0.999999
157,1,131,162,56,56,0.999651
157,1,171,186,56,56,0.995101
157,1,186,134,56,56,0.975566
158,1,170,186,56,56,1.0
158,1,88,221,56,56,0.999994
158,1,226,95,56,56,0.999949
159,1,78,221,56,56,1.0
159,1,147,156,56,56,0.999999
159,1,140,98,56,56,0.929246
159,1,164,58,56,56,0.643183
160,1,229,89,56,56,1.0
160,1,141,97,56,56,1.0
160,1,110,238,56,56,1.0
160,1,128,166,56,56,0.999996
160,1,189,137,56,56,0.951499
160,1,16,110,56,56,0.774401
161,1,86,221,56,56,1.0
161,1,229,95,56,56,0.999999
161,1,141,95,56,56,0.999999
161,1,179,185,56,56,0.999998
161,1,131,161,56,56,0.978068
161,1,149,23,56,56,0.968644
162,1,86,213,56,56,1.0
162,1,170,184,56,56,1.0
162,1,147,89,56,56,1.0
162,1,130,160,56,56,0.999976
162,1,227,89,56,56,0.999724
162,1,195,129,56,56,0.934363
163,1,86,214,56,56,1.0
163,1,149,93,56,56,1.0
163,1,171,184,56,56,0.999999
163,1,114,156,56,56,0.999999
163,1,229,85,56,56,0.999979
163,1,167,239,56,56,0.869201
163,1,11,108,56,56,0.607502
164,1,192,142,56,56,1.0
164,1,98,101,56,56,1.0
164,1,171,184,56,56,0.999998
164,1,150,93,56,56,0.999997
164,1,87,222,56,56,0.999997
164,1,128,158,56,56,0.999934
164,1,230,93,56,56,0.997299
165,1,89,214,56,56,1.0
165,1,231,85,56,56,1.0
165,1,172,184,56,56,0.999985
165,1,100,102,56,56,0.999961
165,1,151,85,56,56,0.999842
165,1,24,110,56,56,0.962335
166,1,100,94,56,56,1.0
166,1,132,158,56,56,1.0
166,1,235,88,56,56,0.999999
166,1,89,215,56,56,0.999999
166,1,185,132,56,56,0.999991
166,1,76,166,56,56,0.999988
166,1,16,111,56,56,0.995628
166,1,165,232,56,56,0.978195
167,1,133,160,56,56,1.0
167,1,101,98,56,56,1.0
167,1,231,80,56,56,1.0
167,1,155,85,56,56,1.0
167,1,93,223,56,56,1.0
167,1,193,138,56,56,0.999867
168,1,84,215,56,56,1.0
168,1,102,97,56,56,1.0
168,1,130,158,56,56,1.0
168,1,229,89,56,56,0.999999
168,1,189,129,56,56,0.999929
168,1,165,49,56,56,0.968861
169,1,91,216,56,56,1.0
169,1,143,175,56,56,0.999997
169,1,103,98,56,56,0.999996
169,1,184,138,56,56,0.987978
170,1,91,208,56,56,1.0
170,1,178,184,56,56,1.0
170,1,100,98,56,56,1.0
170,1,132,154,56,56,0.999999
170,1,224,80,56,56,0.983227
170,1,76,162,56,56,0.969702
170,1,160,104,56,56,0.947065
170,1,160,48,56,56,0.873997
171,1,91,217,56,56,1.0
171,1,135,154,56,56,1.0
171,1,103,98,56,56,0.999937
171,1,166,233,56,56,0.997968
172,1,92,210,56,56,1.0
172,1,96,98,56,56,1.0
172,1,170,184,56,56,0.999993
172,1,80,162,56,56,0.917687
173,1,92,210,56,56,1.0
173,1,145,74,56,56,0.999998
173,1,139,162,56,56,0.999992
173,1,233,82,56,56,0.999798
173,1,83,162,56,56,0.959106
174,1,101,210,56,56,1.0
174,1,105,98,56,56,1.0
174,1,172,184,56,56,1.0
175,1,86,218,56,56,1.0
175,1,226,82,56,56,1.0
175,1,106,90,56,56,1.0
175,1,170,183,56,56,0.99999
176,1,92,213,56,56,1.0
176,1,171,182,56,56,1.0
176,1,109,94,56,56,1.0
176,1,148,68,56,56,1.0
176,1,133,150,56,56,0.999999
176,1,234,88,56,56,0.999413
177,1,100,212,56,56,1.0
177,1,175,182,56,56,1.0
177,1,109,94,56,56,1.0
177,1,133,150,56,56,1.0
178,1,92,215,56,56,1.0
178,1,108,94,56,56,1.0
178,1,162,189,56,56,0.999999
179,1,92,214,56,56,1.0
179,1,111,88,56,56,1.0
179,1,149,62,56,56,0.999971
179,1,139,156,56,56,0.999968
179,1,221,78,56,56,0.999966
180,1,101,212,56,56,1.0
180,1,111,89,56,56,1.0
180,1,220,79,56,56,1.0
180,1,165,179,56,56,0.998842
181,1,101,214,56,56,1.0
181,1,165,186,56,56,0.999989
181,1,153,80,56,56,0.99958
182,1,105,220,56,56,1.0
182,1,164,186,56,56,1.0
182,1,109,89,56,56,0.999993
182,1,151,64,56,56,0.996216
183,1,105,210,56,56,1.0
183,1,124,153,56,56,1.0
183,1,108,89,56,56,1.0
183,1,164,185,56,56,0.999999
184,1,106,210,56,56,1.0
184,1,110,89,56,56,1.0
184,1,164,184,56,56,0.999999
184,1,126,145,56,56,0.997827
185,1,104,220,56,56,1.0
185,1,109,81,56,56,1.0
185,1,130,151,56,56,1.0
186,1,106,210,56,56,1.0
186,1,136,142,56,56,0.999935
186,1,161,182,56,56,0.999931
186,1,112,86,56,56,0.999926
187,1,106,210,56,56,1.0
187,1,110,88,56,56,1.0
187,1,162,189,56,56,0.999602
188,1,106,206,56,56,1.0
188,1,168,189,56,56,0.999979
188,1,102,85,56,56,0.999903
188,1,126,141,56,56,0.999084
188,1,158,85,56,56,0.996007
189,1,105,210,56,56,1.0
189,1,168,190,56,56,1.0
189,1,160,100,56,56,0.999817
190,1,105,210,56,56,1.0
190,1,176,236,56,56,0.673848
191,1,105,210,56,56,1.0
191,1,162,178,56,56,0.999536
191,1,161,100,56,56,0.997897
191,1,129,140,56,56,0.996642
192,1,114,203,56,56,1.0
192,1,108,81,56,56,1.0
192,1,124,137,56,56,1.0
192,1,162,179,56,56,1.0
192,1,164,97,56,56,0.999928
193,1,105,204,56,56,1.0
193,1,157,178,56,56,1.0
193,1,125,138,56,56,1.0
194,1,108,210,56,56,1.0
194,1,114,144,56,56,1.0
194,1,165,117,56,56,0.999809
194,1,178,184,56,56,0.994976
194,1,117,77,56,56,0.992327
194,1,181,239,56,56,0.953439
195,1,117,144,56,56,1.0
195,1,165,176,56,56,1.0
195,1,109,200,56,56,1.0
195,1,118,79,56,56,0.999982
195,1,166,111,56,56,0.999946
195,1,175,234,56,56,0.994932
196,1,113,208,56,56,1.0
196,1,107,144,56,56,1.0
196,1,167,95,56,56,0.999998
196,1,111,79,56,56,0.993087
197,1,113,208,56,56,1.0
197,1,160,176,56,56,0.999999
197,1,168,103,56,56,0.999976
197,1,112,143,56,56,0.999974
197,1,187,224,56,56,0.966704
198,1,114,208,56,56,1.0
198,1,166,172,56,56,1.0
198,1,167,107,56,56,0.999994
198,1,119,75,56,56,0.999986
199,1,98,206,56,56,1.0
199,1,163,166,56,56,0.999999
199,1,169,112,56,56,0.999919
199,1,113,144,56,56,0.999877
199,1,113,80,56,56,0.999709
200,1,98,212,56,56,1.0
200,1,168,174,56,56,0.999999
200,1,32,116,56,56,0.999998
200,1,123,128,56,56,0.999974
201,1,101,206,56,56,1.0
201,1,163,172,56,56,1.0
201,1,123,133,56,56,0.999986
201,1,163,109,56,56,0.99981
202,1,100,196,56,56,1.0
202,1,72,99,56,56,1.0
202,1,172,172,56,56,0.999987
202,1,163,109,56,56,0.998012
202,1,115,77,56,56,0.99545
202,1,186,235,56,56,0.995055
202,1,0,171,56,56,0.98823
203,1,98,212,56,56,1.0
203,1,72,107,56,56,1.0
203,1,161,156,56,56,1.0
203,1,202,225,56,56,0.995469
203,1,0,171,56,56,0.709758
204,1,99,212,56,56,1.0
204,1,165,162,56,56,1.0
204,1,116,140,56,56,1.0
204,1,32,115,56,56,0.999975
204,1,0,171,56,56,0.999367
204,1,124,76,56,56,0.99716
204,1,210,219,56,56,0.692738
205,1,99,185,56,56,1.0
205,1,117,136,56,56,1.0
205,1,32,114,56,56,1.0
205,1,171,161,56,56,1.0
205,1,165,80,56,56,0.999471
205,1,210,216,56,56,0.588565
206,1,101,212,56,56,1.0
206,1,124,136,56,56,1.0
206,1,126,80,56,56,0.999981
207,1,100,212,56,56,1.0
207,1,164,158,56,56,0.999969
207,1,185,233,56,56,0.773433
208,1,127,135,56,56,1.0
208,1,72,106,56,56,1.0
208,1,111,191,56,56,1.0
208,1,0,170,56,56,0.999232
208,1,208,215,56,56,0.873394
209,1,158,80,56,56,1.0
209,1,134,128,56,56,0.99999
209,1,114,188,56,56,0.999749
210,1,138,128,56,56,1.0
210,1,80,98,56,56,1.0
210,1,100,212,56,56,0.999983
210,1,0,162,56,56,0.999447
211,1,135,128,56,56,1.0
211,1,93,212,56,56,0.999998
212,1,144,130,56,56,1.0
212,1,101,212,56,56,0.999179
213,1,159,140,56,56,1.0
213,1,91,212,56,56,0.999271
214,1,94,203,56,56,1.0
214,1,32,120,56,56,1.0
214,1,154,141,56,56,0.999671
214,1,197,210,56,56,0.820845
215,1,170,147,56,56,1.0
215,1,80,96,56,56,1.0
215,1,40,128,56,56,1.0
215,1,114,187,56,56,0.999512
216,1,102,189,56,56,1.0
216,1,162,140,56,56,1.0
216,1,80,104,56,56,1.0
217,1,40,128,56,56,1.0
217,1,159,138,56,56,0.999999
217,1,80,96,56,56,0.999999
217,1,98,194,56,56,0.999903
218,1,92,194,56,56,1.0
218,1,40,128,56,56,0.999999
218,1,154,180,56,56,0.999999
219,1,82,98,56,56,1.0
219,1,34,122,56,56,1.0
219,1,89,194,56,56,1.0
219,1,153,177,56,56,0.999906
220,1,99,194,56,56,1.0
220,1,162,138,56,56,1.0
220,1,34,120,56,56,1.0
220,1,82,96,56,56,0.999998
221,1,34,118,56,56,1.0
221,1,153,126,56,56,0.999995
221,1,82,204,56,56,0.999886
221,1,2,212,56,56,0.693694
222,1,86,188,56,56,1.0
222,1,153,136,56,56,1.0
222,1,34,124,56,56,1.0
222,1,90,92,56,56,1.0
222,1,3,219,56,56,0.72314
223,1,94,187,56,56,1.0
223,1,146,128,56,56,1.0
223,1,34,124,56,56,1.0
223,1,90,100,56,56,0.999998
224,1,89,183,56,56,1.0
224,1,154,135,56,56,1.0
224,1,90,95,56,56,1.0
224,1,42,127,56,56,0.999999
225,1,146,134,56,56,1.0
225,1,42,120,56,56,1.0
226,1,146,125,56,56,1.0
226,1,42,125,56,56,1.0
226,1,68,222,56,56,0.617348
227,1,148,128,56,56,1.0
227,1,82,94,56,56,1.0
227,1,34,126,56,56,1.0
227,1,147,214,56,56,0.995395
228,1,150,134,56,56,1.0
228,1,42,126,56,56,1.0
228,1,90,94,56,56,0.999979
228,1,166,57,56,56,0.999429
228,1,91,206,56,56,0.943226
229,1,42,127,56,56,0.999997
229,1,90,95,56,56,0.999383
229,1,158,65,56,56,0.98804
230,1,89,185,56,56,1.0
230,1,90,93,56,56,1.0
230,1,42,125,56,56,0.999999
231,1,90,93,56,56,1.0
231,1,90,173,56,56,0.99999
231,1,183,212,56,56,0.953353
231,1,231,212,56,56,0.908786
232,1,90,94,56,56,1.0
232,1,42,126,56,56,1.0
232,1,91,205,56,56,0.509838
233,1,90,99,56,56,1.0
233,1,148,95,56,56,0.99994
233,1,164,47,56,56,0.999917
233,1,42,131,56,56,0.999838
234,1,42,126,56,56,1.0
234,1,90,94,56,56,0.999998
234,1,78,203,56,56,0.972299
235,1,90,94,56,56,1.0
235,1,42,134,56,56,1.0
235,1,79,203,56,56,0.991464
236,1,44,128,56,56,1.0
236,1,87,203,56,56,0.995382
236,1,185,232,56,56,0.986439
237,1,44,130,56,56,1.0
237,1,95,186,56,56,0.99999
238,1,44,128,56,56,0.99999
238,1,137,132,56,56,0.999986
238,1,87,206,56,56,0.999964
238,1,201,100,56,56,0.91665
239,1,45,152,56,56,1.0
239,1,199,139,56,56,0.999993
239,1,127,131,56,56,0.999989
240,1,88,190,56,56,1.0
240,1,37,136,56,56,0.999995
240,1,93,96,56,56,0.92902
241,1,179,75,56,56,1.0
241,1,136,91,56,56,0.999998
241,1,88,196,56,56,0.999903
241,1,57,151,56,56,0.997245
241,1,144,212,56,56,0.996564
242,1,41,134,56,56,0.999999
242,1,136,90,56,56,0.999991
242,1,92,188,56,56,0.999499
242,1,184,226,56,56,0.997902
242,1,140,212,56,56,0.916437
243,1,41,135,56,56,1.0
243,1,177,68,56,56,1.0
243,1,112,89,56,56,0.999798
243,1,183,233,56,56,0.997965
244,1,41,126,56,56,1.0
244,1,112,152,56,56,0.999978
244,1,81,188,56,56,0.999954
245,1,167,68,56,56,1.0
245,1,41,132,56,56,1.0
245,1,119,126,56,56,0.999767
245,1,182,224,56,56,0.998527
246,1,185,83,56,56,1.0
246,1,41,139,56,56,1.0
246,1,113,91,56,56,0.999971
246,1,158,239,56,56,0.999808
247,1,41,132,56,56,1.0
247,1,177,82,56,56,1.0
247,1,121,122,56,56,0.999918
247,1,181,231,56,56,0.999462
248,1,41,132,56,56,1.0
248,1,167,77,56,56,1.0
248,1,97,187,56,56,0.999996
248,1,127,125,56,56,0.999969
248,1,181,223,56,56,0.99988
249,1,41,134,56,56,1.0
249,1,172,68,56,56,1.0
249,1,181,222,56,56,0.999999
249,1,97,95,56,56,0.999214
250,1,41,126,56,56,1.0
250,1,165,68,56,56,1.0
250,1,105,150,56,56,0.999907
250,1,97,86,56,56,0.999843
250,1,179,215,56,56,0.993372
250,1,93,205,56,56,0.958106
251,1,41,128,56,56,1.0
251,1,173,76,56,56,1.0
251,1,171,223,56,56,0.991971
251,1,105,128,56,56,0.982583
251,1,105,80,56,56,0.917589
252,1,90,180,56,56,1.0
252,1,167,68,56,56,1.0
252,1,41,133,56,56,1.0
252,1,127,124,56,56,1.0
252,1,171,230,56,56,0.999969
253,1,89,188,56,56,1.0
253,1,41,138,56,56,1.0
253,1,175,72,56,56,1.0
253,1,127,120,56,56,0.999988
253,1,178,222,56,56,0.999715
254,1,41,130,56,56,1.0
254,1,160,70,56,56,1.0
254,1,128,126,56,56,0.999992
254,1,139,214,56,56,0.953913
255,1,94,186,56,56,1.0
255,1,43,128,56,56,1.0
255,1,172,76,56,56,1.0
255,1,196,116,56,56,1.0
255,1,128,116,56,56,0.999992
255,1,140,223,56,56,0.628722
256,1,96,187,56,56,1.0
256,1,44,134,56,56,1.0
256,1,163,74,56,56,1.0
256,1,195,114,56,56,1.0
256,1,127,114,56,56,0.999998
256,1,149,237,56,56,0.985415
257,1,159,73,56,56,1.0
257,1,44,128,56,56,1.0
257,1,120,130,56,56,0.999994
257,1,96,186,56,56,0.999978
257,1,172,228,56,56,0.999821
258,1,44,128,56,56,1.0
258,1,158,70,56,56,1.0
258,1,96,186,56,56,1.0
258,1,134,118,56,56,0.999999
258,1,200,120,56,56,0.999994
258,1,0,223,56,56,0.880939
259,1,95,186,56,56,1.0
259,1,44,130,56,56,1.0
259,1,159,70,56,56,1.0
259,1,135,130,56,56,1.0
260,1,44,128,56,56,1.0
260,1,162,69,56,56,1.0
260,1,170,220,56,56,1.0
260,1,89,204,56,56,0.846456
261,1,97,184,56,56,1.0
261,1,163,74,56,56,1.0
261,1,131,114,56,56,1.0
261,1,44,135,56,56,1.0
261,1,165,225,56,56,0.999991
262,1,44,127,56,56,1.0
262,1,163,66,56,56,1.0
262,1,145,220,56,56,0.998937
263,1,44,127,56,56,1.0
263,1,93,192,56,56,1.0
263,1,108,111,56,56,0.97693
263,1,141,224,56,56,0.936548
264,1,93,194,56,56,1.0
264,1,52,118,56,56,1.0
264,1,157,63,56,56,1.0
265,1,98,185,56,56,1.0
265,1,154,70,56,56,1.0
265,1,44,126,56,56,0.999999
265,1,168,218,56,56,0.999147
266,1,161,68,56,56,1.0
266,1,137,116,56,56,1.0
266,1,170,217,56,56,0.999999
266,1,92,155,56,56,0.999592
267,1,161,66,56,56,1.0
267,1,48,115,56,56,1.0
268,1,44,123,56,56,1.0
268,1,161,64,56,56,1.0
268,1,170,216,56,56,1.0
268,1,106,192,56,56,0.999903
269,1,48,114,56,56,1.0
269,1,161,63,56,56,1.0
269,1,102,186,56,56,1.0
270,1,160,69,56,56,1.0
270,1,46,113,56,56,1.0
271,1,104,179,56,56,1.0
271,1,162,222,56,56,0.999964
271,1,78,130,56,56,0.99482
272,1,160,66,56,56,1.0
272,1,46,122,56,56,1.0
272,1,163,230,56,56,0.999827
272,1,107,198,56,56,0.997903
273,1,181,114,56,56,1.0
273,1,159,63,56,56,1.0
273,1,54,120,56,56,0.999966
273,1,111,201,56,56,0.998451
273,1,159,217,56,56,0.974115
274,1,54,118,56,56,1.0
274,1,160,60,56,56,1.0
274,1,160,222,56,56,0.999972
275,1,162,215,56,56,1.0
275,1,103,180,56,56,1.0
275,1,159,60,56,56,1.0
275,1,54,110,56,56,1.0
275,1,187,114,56,56,1.0
276,1,112,177,56,56,1.0
276,1,54,114,56,56,1.0
276,1,173,64,56,56,1.0
276,1,161,220,56,56,0.999999
277,1,114,170,56,56,1.0
277,1,54,110,56,56,1.0
277,1,165,72,56,56,1.0
277,1,162,226,56,56,0.999999
277,1,180,154,56,56,0.999999
277,1,228,106,56,56,0.999998
277,1,14,166,56,56,0.973727
278,1,115,170,56,56,1.0
278,1,54,104,56,56,1.0
278,1,164,57,56,56,1.0
278,1,163,226,56,56,0.999989
278,1,187,115,56,56,0.999193
278,1,14,168,56,56,0.998299
279,1,124,167,56,56,1.0
279,1,164,223,56,56,1.0
279,1,186,108,56,56,1.0
279,1,54,103,56,56,1.0
279,1,165,56,56,56,1.0
279,1,14,159,56,56,0.999219
279,1,141,96,56,56,0.997274
280,1,117,167,56,56,1.0
280,1,62,150,56,56,1.0
280,1,165,223,56,56,0.999996
280,1,165,56,56,56,0.999984
281,1,117,174,56,56,1.0
281,1,165,48,56,56,1.0
281,1,186,115,56,56,1.0
281,1,54,106,56,56,0.999996
281,1,165,222,56,56,0.999995
282,1,126,165,56,56,1.0
282,1,166,221,56,56,1.0
282,1,186,115,56,56,1.0
282,1,163,48,56,56,1.0
283,1,164,223,56,56,1.0
283,1,127,165,56,56,1.0
283,1,183,117,56,56,1.0
283,1,161,47,56,56,1.0
284,1,128,165,56,56,1.0
284,1,184,113,56,56,1.0
284,1,161,40,56,56,1.0
284,1,52,98,56,56,0.999999
284,1,12,162,56,56,0.998895
285,1,121,163,56,56,1.0
285,1,184,113,56,56,1.0
285,1,136,101,56,56,1.0
285,1,169,227,56,56,1.0
285,1,167,47,56,56,0.999997
285,1,12,161,56,56,0.999919
286,1,129,162,56,56,1.0
286,1,182,112,56,56,1.0
286,1,167,40,56,56,1.0
286,1,169,226,56,56,0.999949
286,1,20,168,56,56,0.994257
286,1,52,96,56,56,0.989051
287,1,182,116,56,56,1.0
287,1,12,159,56,56,1.0
287,1,124,159,56,56,1.0
287,1,124,103,56,56,0.999266
287,1,68,143,56,56,0.9791
287,1,169,40,56,56,0.967897
288,1,138,160,56,56,1.0
288,1,171,40,56,56,1.0
288,1,220,116,56,56,1.0
288,1,56,102,56,56,0.99987
288,1,16,158,56,56,0.999711
288,1,170,216,56,56,0.998757
289,1,137,162,56,56,1.0
289,1,164,40,56,56,1.0
289,1,172,228,56,56,0.999999
289,1,56,102,56,56,0.999999
289,1,179,114,56,56,0.999996
289,1,16,158,56,56,0.998304
289,1,113,234,56,56,0.996646
290,1,178,114,56,56,1.0
290,1,130,154,56,56,1.0
290,1,14,158,56,56,1.0
290,1,54,94,56,56,1.0
290,1,164,228,56,56,0.999994
291,1,136,154,56,56,1.0
291,1,178,106,56,56,1.0
291,1,56,92,56,56,0.999992
291,1,168,226,56,56,0.99999
291,1,16,164,56,56,0.998731
292,1,176,111,56,56,1.0
292,1,168,40,56,56,1.0
292,1,144,151,56,56,1.0
292,1,128,103,56,56,0.999999
292,1,15,154,56,56,0.999998
292,1,162,224,56,56,0.999701
292,1,63,98,56,56,0.999461
293,1,174,112,56,56,1.0
293,1,111,164,56,56,0.999999
293,1,164,219,56,56,0.999987
293,1,15,156,56,56,0.999984
293,1,126,104,56,56,0.999685
293,1,55,92,56,56,0.99886
294,1,226,199,56,56,1.0
294,1,162,215,56,56,1.0
294,1,178,111,56,56,1.0
294,1,130,151,56,56,1.0
294,1,14,159,56,56,0.999994
294,1,62,95,56,56,0.99998
295,1,175,104,56,56,1.0
295,1,143,152,56,56,1.0
295,1,57,96,56,56,0.999981
295,1,164,218,56,56,0.999978
295,1,17,160,56,56,0.831733
296,1,135,143,56,56,1.0
296,1,211,120,56,56,1.0
296,1,167,213,56,56,0.999999
296,1,17,158,56,56,0.999997
296,1,95,221,56,56,0.998808
297,1,226,202,56,56,1.0
297,1,175,104,56,56,1.0
297,1,162,226,56,56,0.999998
297,1,57,98,56,56,0.999968
298,1,175,104,56,56,1.0
298,1,143,144,56,56,1.0
298,1,171,219,56,56,1.0
298,1,57,100,56,56,0.999999
298,1,113,92,56,56,0.999989
298,1,49,180,56,56,0.918426
299,1,107,162,56,56,1.0
299,1,175,104,56,56,1.0
299,1,65,95,56,56,0.999998
299,1,163,210,56,56,0.999893
300,1,107,162,56,56,1.0
300,1,175,104,56,56,1.0
300,1,163,213,56,56,1.0
300,1,65,103,56,56,0.997868
300,1,227,213,56,56,0.938916
301,1,142,144,56,56,1.0
301,1,168,101,56,56,0.999993
301,1,166,224,56,56,0.999983
301,1,216,133,56,56,0.990366
301,1,94,224,56,56,0.654237
302,1,174,102,56,56,1.0
302,1,142,142,56,56,1.0
302,1,215,132,56,56,0.999994
302,1,167,216,56,56,0.999859
302,1,216,202,56,56,0.997243
303,1,174,103,56,56,1.0
303,1,134,143,56,56,1.0
303,1,224,203,56,56,1.0
303,1,168,224,56,56,0.999998
303,1,218,130,56,56,0.999975
304,1,134,143,56,56,1.0
304,1,174,98,56,56,1.0
304,1,168,224,56,56,0.998563
304,1,104,224,56,56,0.601205
305,1,231,203,56,56,1.0
305,1,142,135,56,56,1.0
305,1,161,221,56,56,0.999998
305,1,215,135,56,56,0.999995
306,1,161,219,56,56,1.0
306,1,134,143,56,56,1.0
306,1,225,203,56,56,0.999998
306,1,214,126,56,56,0.99909
307,1,227,188,56,56,1.0
307,1,161,217,56,56,1.0
307,1,175,92,56,56,1.0
307,1,150,151,56,56,0.999991
307,1,105,161,56,56,0.999973
308,1,160,214,56,56,1.0
308,1,143,143,56,56,1.0
308,1,171,91,56,56,1.0
308,1,224,188,56,56,0.999998
308,1,211,131,56,56,0.999552
309,1,145,135,56,56,1.0
309,1,159,212,56,56,1.0
309,1,231,196,56,56,1.0
309,1,211,129,56,56,0.999982
309,1,171,89,56,56,0.995438
310,1,161,204,56,56,1.0
310,1,142,135,56,56,1.0
310,1,211,128,56,56,0.999997
310,1,171,88,56,56,0.99955
310,1,225,188,56,56,0.93863
311,1,153,219,56,56,1.0
311,1,135,135,56,56,1.0
311,1,212,126,56,56,0.999507
311,1,172,86,56,56,0.999217
311,1,225,187,56,56,0.997045
312,1,134,135,56,56,1.0
312,1,153,211,56,56,0.999999
312,1,203,125,56,56,0.997106
312,1,225,187,56,56,0.987207
313,1,203,125,56,56,1.0
313,1,121,166,56,56,1.0
313,1,158,211,56,56,0.999795
313,1,171,85,56,56,0.999422
313,1,230,187,56,56,0.864576
314,1,157,210,56,56,1.0
314,1,137,141,56,56,1.0
314,1,203,124,56,56,0.999996
314,1,229,186,56,56,0.999931
315,1,157,207,56,56,1.0
315,1,124,168,56,56,1.0
315,1,66,109,56,56,1.0
315,1,211,124,56,56,0.999925
315,1,18,133,56,56,0.99976
315,1,229,183,56,56,0.99735
316,1,156,206,56,56,1.0
316,1,142,141,56,56,0.999999
316,1,74,107,56,56,0.999998
316,1,122,91,56,56,0.99999
316,1,18,139,56,56,0.959476
316,1,18,203,56,56,0.841557
317,1,158,201,56,56,1.0
317,1,203,121,56,56,1.0
317,1,155,137,56,56,1.0
317,1,230,193,56,56,0.980984
318,1,147,136,56,56,1.0
318,1,157,209,56,56,0.999999
318,1,171,75,56,56,0.999993
318,1,203,115,56,56,0.999991
319,1,148,143,56,56,1.0
320,1,148,142,56,56,0.999989
320,1,124,94,56,56,0.992765
321,1,148,139,56,56,1.0
321,1,124,91,56,56,0.998845
322,1,150,139,56,56,1.0
322,1,126,91,56,56,0.99973
322,1,77,212,56,56,0.788068
323,1,151,138,56,56,1.0
324,1,152,137,56,56,1.0
324,1,128,89,56,56,0.999999
324,1,69,219,56,56,0.99923
325,1,153,136,56,56,1.0
325,1,121,88,56,56,0.949581
326,1,76,218,56,56,1.0
326,1,153,141,56,56,1.0
327,1,148,135,56,56,1.0
327,1,77,218,56,56,0.999996
328,1,156,136,56,56,1.0
328,1,158,208,56,56,1.0
328,1,85,226,56,56,0.99976
328,1,132,88,56,56,0.995893
328,1,210,203,56,56,0.988056
329,1,156,142,56,56,1.0
329,1,157,211,56,56,0.999999
329,1,132,86,56,56,0.999996
329,1,93,218,56,56,0.999958
330,1,158,200,56,56,1.0
330,1,154,133,56,56,1.0
331,1,157,132,56,56,1.0
331,1,133,84,56,56,0.999974
332,1,109,226,56,56,0.999674
333,1,93,226,56,56,0.999974
334,1,157,138,56,56,1.0
334,1,101,226,56,56,0.999859
334,1,133,82,56,56,0.815263
335,1,108,226,56,56,0.999999
336,1,159,206,56,56,1.0
336,1,89,115,56,56,1.0
336,1,33,139,56,56,1.0
336,1,156,137,56,56,1.0
336,1,110,226,56,56,0.999424
336,1,140,81,56,56,0.998621
337,1,156,136,56,56,1.0
337,1,77,226,56,56,0.999974
337,1,148,80,56,56,0.998387
338,1,83,226,56,56,1.0
338,1,150,136,56,56,1.0
338,1,158,80,56,56,0.999662
339,1,81,115,56,56,1.0
339,1,33,139,56,56,0.999181
339,1,105,226,56,56,0.99915
339,1,145,139,56,56,0.996048
340,1,86,123,56,56,1.0
340,1,142,131,56,56,1.0
340,1,33,139,56,56,0.999999
340,1,142,211,56,56,0.999995
340,1,86,226,56,56,0.999993
340,1,186,104,56,56,0.999992
340,1,154,40,56,56,0.99713
341,1,188,102,56,56,1.0
341,1,78,222,56,56,0.999945
341,1,148,70,56,56,0.999626
342,1,81,222,56,56,1.0
342,1,90,115,56,56,1.0
342,1,34,139,56,56,0.999998
342,1,146,131,56,56,0.999995
342,1,138,211,56,56,0.999929
342,1,26,195,56,56,0.990347
343,1,142,209,56,56,1.0
343,1,89,116,56,56,1.0
343,1,41,148,56,56,0.999882
343,1,182,98,56,56,0.999662
343,1,79,221,56,56,0.990227
343,1,142,66,56,56,0.988997
344,1,90,108,56,56,1.0
344,1,146,132,56,56,1.0
344,1,183,97,56,56,1.0
344,1,26,196,56,56,0.999989
344,1,86,222,56,56,0.999987
344,1,34,140,56,56,0.999899
344,1,159,41,56,56,0.993578
345,1,87,222,56,56,1.0
345,1,90,115,56,56,1.0
345,1,146,131,56,56,1.0
345,1,26,195,56,56,1.0
345,1,34,139,56,56,1.0
345,1,162,40,56,56,0.99999
346,1,144,129,56,56,1.0
346,1,83,114,56,56,1.0
346,1,162,71,56,56,1.0
346,1,35,138,56,56,0.999999
346,1,79,223,56,56,0.999883
347,1,90,114,56,56,1.0
347,1,144,137,56,56,0.999992
347,1,42,146,56,56,0.99999
347,1,154,71,56,56,0.999876
347,1,87,223,56,56,0.999875
348,1,90,114,56,56,1.0
348,1,146,138,56,56,1.0
348,1,85,223,56,56,0.999998
348,1,42,138,56,56,0.99999
348,1,26,194,56,56,0.986129
349,1,162,191,56,56,1.0
349,1,90,105,56,56,1.0
349,1,146,137,56,56,1.0
349,1,42,137,56,56,1.0
349,1,103,223,56,56,0.999818
349,1,26,193,56,56,0.996941
350,1,90,103,56,56,1.0
350,1,146,135,56,56,1.0
350,1,34,135,56,56,1.0
350,1,85,223,56,56,0.999907
350,1,26,191,56,56,0.97154
351,1,143,133,56,56,1.0
351,1,90,105,56,56,1.0
351,1,34,129,56,56,1.0
351,1,86,223,56,56,0.963539
352,1,89,109,56,56,1.0
352,1,145,133,56,56,1.0
352,1,87,223,56,56,0.999933
352,1,34,136,56,56,0.999911
352,1,157,192,56,56,0.999429
353,1,142,136,56,56,1.0
353,1,90,106,56,56,1.0
353,1,34,130,56,56,0.999999
353,1,95,223,56,56,0.999997
353,1,18,186,56,56,0.967527
354,1,1,182,56,56,1.0
354,1,144,133,56,56,1.0
354,1,90,105,56,56,1.0
354,1,34,129,56,56,1.0
354,1,87,224,56,56,0.998939
355,1,9,184,56,56,1.0
355,1,215,178,56,56,1.0
355,1,159,186,56,56,1.0
355,1,79,223,56,56,0.999999
355,1,144,131,56,56,0.999998
355,1,34,128,56,56,0.999995
355,1,90,96,56,56,0.999898
355,1,183,106,56,56,0.98473
356,1,11,184,56,56,1.0
356,1,144,136,56,56,1.0
356,1,160,192,56,56,1.0
356,1,90,105,56,56,1.0
356,1,34,129,56,56,1.0
356,1,87,223,56,56,0.999936
357,1,142,136,56,56,1.0
357,1,90,97,56,56,1.0
357,1,34,129,56,56,1.0
357,1,26,185,56,56,1.0
358,1,145,141,56,56,1.0
358,1,89,101,56,56,0.999984
358,1,34,129,56,56,0.999981
361,1,13,184,56,56,1.0
361,1,137,133,56,56,1.0
361,1,153,197,56,56,1.0
361,1,33,125,56,56,0.999988
362,1,13,184,56,56,1.0
363,1,145,138,56,56,1.0
363,1,34,121,56,56,0.999992
363,1,153,194,56,56,0.999943
364,1,143,132,56,56,1.0
364,1,34,122,56,56,0.999818
364,1,159,196,56,56,0.999611
365,1,34,117,56,56,1.0
365,1,145,132,56,56,1.0
365,1,153,196,56,56,0.999997
365,1,81,188,56,56,0.620146
366,1,142,133,56,56,1.0
366,1,34,118,56,56,0.999999
366,1,150,197,56,56,0.999995
366,1,102,189,56,56,0.999734
367,1,109,133,56,56,1.0
367,1,34,116,56,56,1.0
367,1,149,197,56,56,1.0
368,1,101,131,56,56,1.0
368,1,34,114,56,56,0.999996
368,1,157,195,56,56,0.999985
368,1,101,187,56,56,0.737963
369,1,142,134,56,56,1.0
369,1,150,198,56,56,1.0
369,1,35,114,56,56,1.0
370,1,35,119,56,56,1.0
370,1,204,175,56,56,1.0
370,1,154,197,56,56,1.0
370,1,114,133,56,56,0.999999
371,1,138,134,56,56,1.0
371,1,154,198,56,56,1.0
371,1,35,121,56,56,0.999995
372,1,138,134,56,56,1.0
372,1,146,198,56,56,1.0
372,1,35,121,56,56,0.97559
373,1,19,184,56,56,1.0
373,1,138,133,56,56,1.0
373,1,146,197,56,56,0.999994
373,1,34,116,56,56,0.77678
374,1,138,133,56,56,1.0
374,1,204,175,56,56,1.0
374,1,156,199,56,56,0.999047
374,1,43,141,56,56,0.971348
375,1,138,132,56,56,1.0
375,1,203,174,56,56,1.0
375,1,35,109,56,56,0.943136
375,1,98,188,56,56,0.687282
376,1,140,137,56,56,1.0
376,1,202,175,56,56,1.0
376,1,36,119,56,56,0.999769
377,1,21,184,56,56,1.0
377,1,141,136,56,56,1.0
377,1,206,174,56,56,1.0
377,1,158,190,56,56,0.999947
377,1,36,111,56,56,0.968321
377,1,174,86,56,56,0.808229
378,1,141,137,56,56,1.0
378,1,208,174,56,56,1.0
378,1,13,184,56,56,1.0
378,1,37,118,56,56,0.999979
379,1,152,190,56,56,1.0
379,1,141,137,56,56,1.0
379,1,207,173,56,56,1.0
379,1,15,186,56,56,0.999981
379,1,41,109,56,56,0.999816
379,1,175,85,56,56,0.927001
379,1,232,238,56,56,0.512216
380,1,208,182,56,56,1.0
380,1,152,190,56,56,1.0
380,1,140,137,56,56,1.0
380,1,7,178,56,56,0.999711
380,1,38,115,56,56,0.992071
380,1,174,76,56,56,0.923953
380,1,79,210,56,56,0.599293
381,1,152,197,56,56,1.0
381,1,15,178,56,56,1.0
381,1,203,171,56,56,1.0
381,1,143,138,56,56,1.0
381,1,46,115,56,56,0.999994
381,1,171,75,56,56,0.999207
382,1,203,169,56,56,1.0
382,1,145,133,56,56,0.999998
382,1,47,115,56,56,0.999995
382,1,171,73,56,56,0.999981
382,1,31,186,56,56,0.803605
383,1,147,137,56,56,1.0
383,1,195,169,56,56,1.0
383,1,83,222,56,56,1.0
383,1,15,186,56,56,0.999949
383,1,49,115,56,56,0.999636
383,1,171,73,56,56,0.998778
384,1,146,137,56,56,1.0
384,1,202,169,56,56,1.0
384,1,15,180,56,56,0.999999
384,1,118,85,56,56,0.999859
384,1,94,157,56,56,0.999549
384,1,49,126,56,56,0.997386
384,1,162,73,56,56,0.900344
385,1,113,83,56,56,1.0
385,1,145,139,56,56,1.0
385,1,49,118,56,56,1.0
385,1,200,168,56,56,1.0
385,1,17,174,56,56,0.99722
386,1,145,138,56,56,1.0
386,1,121,82,56,56,1.0
386,1,201,168,56,56,1.0
386,1,49,121,56,56,0.999999
387,1,49,121,56,56,1.0
387,1,112,80,56,56,1.0
387,1,144,136,56,56,1.0
387,1,200,172,56,56,1.0
387,1,85,230,56,56,0.999992
387,1,37,198,56,56,0.639257
388,1,50,122,56,56,1.0
388,1,122,81,56,56,1.0
388,1,153,130,56,56,1.0
388,1,209,170,56,56,1.0
389,1,205,171,56,56,1.0
389,1,149,195,56,56,1.0
389,1,115,78,56,56,1.0
389,1,147,134,56,56,1.0
389,1,51,119,56,56,1.0
390,1,206,171,56,56,1.0
390,1,150,195,56,56,1.0
390,1,115,78,56,56,1.0
390,1,146,136,56,56,1.0
390,1,52,118,56,56,1.0
391,1,205,163,56,56,1.0
391,1,149,203,56,56,1.0
391,1,124,76,56,56,1.0
391,1,153,136,56,56,1.0
391,1,57,119,56,56,1.0
392,1,60,118,56,56,1.0
393,1,205,163,56,56,1.0
393,1,149,203,56,56,1.0
393,1,125,77,56,56,1.0
393,1,149,141,56,56,1.0
393,1,57,119,56,56,0.999971
394,1,206,163,56,56,1.0
394,1,150,203,56,56,1.0
394,1,152,136,56,56,1.0
394,1,58,120,56,56,1.0
394,1,128,72,56,56,0.999995
395,1,60,126,56,56,1.0
396,1,59,120,56,56,0.999987
397,1,214,161,56,56,1.0
397,1,153,121,56,56,1.0
397,1,129,73,56,56,1.0
397,1,67,126,56,56,1.0
397,1,142,201,56,56,0.999931
398,1,213,160,56,56,1.0
398,1,60,120,56,56,1.0
398,1,154,127,56,56,1.0
398,1,149,200,56,56,0.999995
398,1,130,71,56,56,0.99994
399,1,148,160,56,56,0.999996
399,1,212,160,56,56,0.999975
399,1,68,120,56,56,0.999935
400,1,60,122,56,56,1.0
400,1,136,74,56,56,1.0
400,1,148,197,56,56,0.999965
401,1,161,121,56,56,1.0
401,1,60,119,56,56,0.999999
401,1,145,201,56,56,0.999351
401,1,130,69,56,56,0.998479
402,1,68,126,56,56,1.0
402,1,156,122,56,56,1.0
402,1,125,68,56,56,0.999771
403,1,151,162,56,56,1.0
403,1,155,114,56,56,1.0
403,1,125,67,56,56,1.0
403,1,68,126,56,56,0.999998
403,1,215,154,56,56,0.999971
404,1,72,221,56,56,1.0
404,1,153,144,56,56,1.0
404,1,68,126,56,56,1.0
404,1,168,44,56,56,0.999995
404,1,146,198,56,56,0.999987
404,1,209,152,56,56,0.999583
404,1,194,222,56,56,0.588985
405,1,156,142,56,56,1.0
405,1,217,152,56,56,0.999963
405,1,84,222,56,56,0.999718
405,1,132,70,56,56,0.999628
406,1,217,151,56,56,1.0
406,1,161,127,56,56,1.0
406,1,84,222,56,56,1.0
406,1,145,191,56,56,0.999986
407,1,143,203,56,56,1.0
407,1,158,112,56,56,1.0
408,1,153,146,56,56,0.999999
408,1,215,145,56,56,0.999997
408,1,83,229,56,56,0.995828
409,1,165,110,56,56,1.0
409,1,145,201,56,56,0.999995
409,1,114,73,56,56,0.939318
409,1,75,221,56,56,0.915158
409,1,201,233,56,56,0.571206
410,1,145,184,56,56,1.0
410,1,165,119,56,56,1.0
410,1,122,74,56,56,0.999734
411,1,145,202,56,56,1.0
411,1,70,115,56,56,1.0
411,1,201,234,56,56,0.999582
412,1,164,118,56,56,1.0
412,1,140,190,56,56,1.0
412,1,70,110,56,56,1.0
413,1,141,181,56,56,1.0
414,1,78,110,56,56,1.0
414,1,162,108,56,56,1.0
414,1,144,202,56,56,0.999975
414,1,200,234,56,56,0.868047
415,1,165,116,56,56,1.0
415,1,74,109,56,56,1.0
415,1,127,73,56,56,0.998707
415,1,200,234,56,56,0.980502
416,1,158,140,56,56,1.0
416,1,74,107,56,56,1.0
416,1,168,201,56,56,0.996525
416,1,158,32,56,56,0.870404
417,1,167,116,56,56,1.0
417,1,120,57,56,56,1.0
417,1,78,106,56,56,0.999994
418,1,168,110,56,56,1.0
418,1,120,78,56,56,0.999998
418,1,76,105,56,56,0.999993
419,1,156,146,56,56,1.0
419,1,120,56,56,56,1.0
419,1,75,120,56,56,0.750649
420,1,140,188,56,56,1.0
420,1,204,236,56,56,0.9999
420,1,171,114,56,56,0.999176
420,1,84,95,56,56,0.787907
421,1,145,189,56,56,1.0
421,1,76,103,56,56,0.999951
421,1,201,237,56,56,0.993532
422,1,143,180,56,56,1.0
422,1,76,102,56,56,0.999994
422,1,199,228,56,56,0.975298
423,1,137,178,56,56,1.0
423,1,167,101,56,56,1.0
423,1,111,53,56,56,0.999999
423,1,78,95,56,56,0.999996
423,1,209,210,56,56,0.998532
424,1,143,168,56,56,1.0
424,1,160,101,56,56,1.0
424,1,77,103,56,56,0.999998
424,1,112,61,56,56,0.999996
424,1,199,240,56,56,0.999981
425,1,145,168,56,56,1.0
425,1,78,95,56,56,1.0
425,1,168,97,56,56,1.0
425,1,201,232,56,56,1.0
425,1,112,57,56,56,0.999998
426,1,146,168,56,56,1.0
426,1,168,99,56,56,0.999997
426,1,112,51,56,56,0.999711
427,1,144,163,56,56,1.0
427,1,120,49,56,56,0.999994
427,1,202,238,56,56,0.997277
428,1,146,172,56,56,1.0
428,1,112,48,56,56,1.0
428,1,200,170,56,56,0.999264
428,1,202,236,56,56,0.998176
429,1,143,172,56,56,1.0
429,1,112,48,56,56,1.0
429,1,168,96,56,56,0.999982
429,1,199,228,56,56,0.999392
430,1,146,179,56,56,1.0
430,1,160,96,56,56,1.0
430,1,211,202,56,56,0.999985
430,1,112,48,56,56,0.999909
430,1,216,120,56,56,0.944909
431,1,78,100,56,56,1.0
431,1,168,127,56,56,1.0
431,1,112,47,56,56,0.998282
432,1,160,88,56,56,1.0
432,1,152,178,56,56,1.0
432,1,216,120,56,56,0.999972
432,1,200,234,56,56,0.996311
432,1,112,40,56,56,0.992483
432,1,104,104,56,56,0.841306
433,1,144,169,56,56,1.0
433,1,200,233,56,56,1.0
433,1,160,88,56,56,1.0
433,1,128,40,56,56,0.800685
434,1,144,169,56,56,1.0
434,1,162,125,56,56,1.0
434,1,118,48,56,56,0.999996
434,1,202,205,56,56,0.999991
434,1,94,100,56,56,0.99629
435,1,146,168,56,56,1.0
435,1,202,224,56,56,1.0
435,1,155,119,56,56,1.0
435,1,94,100,56,56,1.0
435,1,118,40,56,56,1.0
435,1,38,164,56,56,0.667424
436,1,150,156,56,56,1.0
436,1,94,100,56,56,1.0
436,1,159,87,56,56,1.0
436,1,135,47,56,56,0.999909
436,1,215,111,56,56,0.947139
437,1,145,167,56,56,1.0
437,1,159,79,56,56,1.0
437,1,86,105,56,56,0.999996
437,1,201,223,56,56,0.999843
437,1,38,169,56,56,0.998991
437,1,119,39,56,56,0.98409
438,1,159,79,56,56,1.0
438,1,94,105,56,56,1.0
438,1,150,176,56,56,0.999999
438,1,38,169,56,56,0.997885
438,1,119,23,56,56,0.965445
439,1,94,105,56,56,1.0
439,1,201,222,56,56,1.0
439,1,37,164,56,56,0.999993
439,1,157,80,56,56,0.999985
439,1,145,182,56,56,0.998435
439,1,93,228,56,56,0.966692
440,1,37,172,56,56,1.0
440,1,85,220,56,56,0.999979
440,1,160,79,56,56,0.999848
440,1,94,99,56,56,0.998589
440,1,136,39,56,56,0.983657
440,1,216,103,56,56,0.756754
441,1,37,165,56,56,1.0
441,1,100,103,56,56,1.0
441,1,85,221,56,56,0.999996
441,1,148,103,56,56,0.999951
441,1,116,31,56,56,0.958686
442,1,102,107,56,56,1.0
442,1,89,218,56,56,0.999424
442,1,38,163,56,56,0.987457
442,1,193,165,56,56,0.578217
443,1,37,168,56,56,1.0
443,1,102,99,56,56,1.0
443,1,153,72,56,56,1.0
443,1,86,216,56,56,1.0
443,1,142,184,56,56,0.999542
443,1,211,116,56,56,0.995018
443,1,211,188,56,56,0.949762
444,1,102,107,56,56,1.0
444,1,38,163,56,56,1.0
444,1,142,162,56,56,0.999999
444,1,86,210,56,56,0.703288
445,1,87,221,56,56,1.0
445,1,102,99,56,56,1.0
445,1,38,163,56,56,1.0
445,1,142,177,56,56,1.0
445,1,159,111,56,56,0.999997
446,1,142,159,56,56,1.0
446,1,102,99,56,56,1.0
446,1,38,163,56,56,1.0
446,1,94,215,56,56,0.999999
447,1,134,174,56,56,1.0
447,1,102,101,56,56,1.0
447,1,38,165,56,56,1.0
447,1,86,214,56,56,0.999972
448,1,142,151,56,56,1.0
448,1,102,98,56,56,1.0
448,1,38,162,56,56,1.0
448,1,208,208,56,56,1.0
448,1,86,215,56,56,0.999156
449,1,102,99,56,56,1.0
449,1,38,163,56,56,1.0
449,1,134,156,56,56,0.999991
449,1,94,220,56,56,0.99999
450,1,136,166,56,56,1.0
450,1,200,198,56,56,1.0
450,1,110,102,56,56,1.0
450,1,38,158,56,56,0.999999
450,1,128,230,56,56,0.999996
451,1,200,198,56,56,1.0
451,1,134,164,56,56,1.0
451,1,38,158,56,56,1.0
451,1,110,102,56,56,0.999998
451,1,94,220,56,56,0.999997
452,1,136,165,56,56,1.0
452,1,39,158,56,56,1.0
452,1,102,218,56,56,1.0
452,1,208,197,56,56,0.999982
452,1,111,102,56,56,0.999868
453,1,128,164,56,56,1.0
453,1,103,102,56,56,1.0
453,1,39,158,56,56,1.0
453,1,98,222,56,56,0.999999
453,1,200,196,56,56,0.999998
454,1,128,164,56,56,1.0
454,1,200,204,56,56,1.0
454,1,103,101,56,56,1.0
454,1,39,157,56,56,1.0
454,1,94,218,56,56,0.99982
455,1,201,195,56,56,1.0
455,1,126,162,56,56,1.0
455,1,40,155,56,56,0.999975
455,1,98,221,56,56,0.999943
455,1,112,99,56,56,0.966672
456,1,99,221,56,56,1.0
456,1,41,158,56,56,1.0
456,1,201,195,56,56,1.0
456,1,105,102,56,56,0.999999
456,1,153,171,56,56,0.999944
457,1,201,195,56,56,1.0
457,1,153,171,56,56,1.0
457,1,41,157,56,56,1.0
457,1,105,101,56,56,0.979786
457,1,108,228,56,56,0.97222
458,1,201,189,56,56,1.0
458,1,118,79,56,56,1.0
458,1,42,156,56,56,1.0
458,1,129,155,56,56,0.999733
458,1,129,227,56,56,0.999716
459,1,209,188,56,56,1.0
459,1,128,164,56,56,1.0
459,1,151,70,56,56,1.0
459,1,42,156,56,56,0.999861
459,1,96,212,56,56,0.996565
460,1,202,194,56,56,1.0
460,1,42,150,56,56,1.0
460,1,146,162,56,56,1.0
460,1,97,219,56,56,0.999578
461,1,32,233,56,56,1.0
461,1,202,191,56,56,1.0
461,1,42,148,56,56,1.0
461,1,130,159,56,56,1.0
461,1,119,76,56,56,0.999991
461,1,104,217,56,56,0.999913
462,1,32,237,56,56,1.0
462,1,202,188,56,56,1.0
462,1,119,83,56,56,1.0
462,1,42,149,56,56,1.0
462,1,130,156,56,56,0.999983
462,1,104,213,56,56,0.993297
463,1,32,237,56,56,1.0
463,1,50,149,56,56,1.0
463,1,202,188,56,56,1.0
463,1,130,156,56,56,0.999994
463,1,130,228,56,56,0.999981
463,1,119,75,56,56,0.999963
464,1,40,151,56,56,1.0
464,1,202,187,56,56,1.0
464,1,119,74,56,56,1.0
464,1,130,155,56,56,1.0
464,1,98,218,56,56,1.0
464,1,32,223,56,56,0.999999
465,1,130,154,56,56,1.0
465,1,202,186,56,56,1.0
465,1,120,81,56,56,1.0
465,1,130,226,56,56,0.999997
466,1,130,152,56,56,1.0
466,1,194,137,56,56,1.0
466,1,202,185,56,56,1.0
466,1,42,148,56,56,1.0
466,1,161,65,56,56,0.999996
466,1,106,216,56,56,0.999965
467,1,194,134,56,56,1.0
467,1,130,150,56,56,1.0
467,1,117,80,56,56,1.0
467,1,194,190,56,56,1.0
467,1,32,239,56,56,0.999998
467,1,96,215,56,56,0.999991
467,1,48,151,56,56,0.999968
468,1,194,130,56,56,1.0
468,1,194,186,56,56,1.0
468,1,161,64,56,56,1.0
468,1,130,218,56,56,0.998871
469,1,195,187,56,56,1.0
469,1,45,219,56,56,1.0
469,1,187,131,56,56,0.999985
469,1,131,155,56,56,0.999978
469,1,129,71,56,56,0.999694
469,1,131,211,56,56,0.518781
470,1,104,207,56,56,1.0
470,1,32,223,56,56,1.0
470,1,187,130,56,56,1.0
470,1,50,149,56,56,1.0
470,1,195,186,56,56,1.0
470,1,153,61,56,56,0.999898
470,1,131,138,56,56,0.999117
471,1,41,222,56,56,1.0
471,1,187,131,56,56,1.0
471,1,133,150,56,56,1.0
471,1,129,76,56,56,0.999998
471,1,195,187,56,56,0.999989
471,1,96,197,56,56,0.999986
471,1,58,141,56,56,0.999971
472,1,45,221,56,56,1.0
472,1,131,225,56,56,1.0
472,1,187,130,56,56,1.0
472,1,131,154,56,56,1.0
472,1,153,59,56,56,0.999994
472,1,195,186,56,56,0.999989
472,1,49,149,56,56,0.988197
473,1,123,215,56,56,1.0
473,1,195,187,56,56,1.0
473,1,136,74,56,56,1.0
473,1,139,147,56,56,1.0
473,1,192,130,56,56,0.99934
474,1,100,207,56,56,1.0
474,1,44,215,56,56,1.0
474,1,187,131,56,56,1.0
474,1,131,147,56,56,1.0
474,1,137,73,56,56,0.999998
474,1,187,187,56,56,0.999998
474,1,48,141,56,56,0.999858
475,1,99,199,56,56,1.0
475,1,43,215,56,56,1.0
475,1,59,143,56,56,1.0
475,1,186,120,56,56,1.0
475,1,187,185,56,56,1.0
475,1,131,145,56,56,0.999996
475,1,136,71,56,56,0.999614
476,1,96,199,56,56,1.0
476,1,49,220,56,56,1.0
476,1,133,70,56,56,1.0
476,1,133,142,56,56,1.0
476,1,49,148,56,56,0.999992
476,1,187,118,56,56,0.999907
476,1,187,184,56,56,0.991911
477,1,102,199,56,56,1.0
477,1,46,215,56,56,1.0
477,1,189,122,56,56,1.0
477,1,187,184,56,56,1.0
477,1,141,122,56,56,0.999997
477,1,154,52,56,56,0.999965
478,1,131,143,56,56,1.0
478,1,189,119,56,56,0.999998
478,1,159,66,56,56,0.999984
478,1,187,183,56,56,0.986816
478,1,131,207,56,56,0.818528
479,1,49,217,56,56,1.0
479,1,139,127,56,56,1.0
479,1,187,183,56,56,1.0
479,1,189,119,56,56,1.0
479,1,145,73,56,56,1.0
479,1,102,198,56,56,0.999999
480,1,50,217,56,56,1.0
480,1,187,183,56,56,1.0
480,1,189,111,56,56,1.0
480,1,141,119,56,56,1.0
480,1,93,194,56,56,0.999999
480,1,156,46,56,56,0.999999
481,1,50,209,56,56,1.0
481,1,156,45,56,56,1.0
481,1,188,117,56,56,1.0
481,1,178,182,56,56,1.0
481,1,138,142,56,56,1.0
481,1,106,193,56,56,0.999999
482,1,50,209,56,56,1.0
482,1,126,212,56,56,1.0
482,1,153,44,56,56,1.0
482,1,137,132,56,56,0.999999
482,1,186,114,56,56,0.999918
483,1,50,217,56,56,1.0
483,1,148,44,56,56,0.999997
483,1,134,129,56,56,0.999974
483,1,194,113,56,56,0.999278
484,1,52,209,56,56,1.0
484,1,152,43,56,56,1.0
484,1,103,194,56,56,0.999996
484,1,136,115,56,56,0.999993
484,1,192,107,56,56,0.999721
485,1,52,217,56,56,1.0
485,1,173,180,56,56,1.0
485,1,153,43,56,56,1.0
485,1,193,107,56,56,1.0
485,1,100,185,56,56,0.999998
485,1,137,115,56,56,0.999994
486,1,52,209,56,56,1.0
486,1,180,179,56,56,1.0
486,1,136,114,56,56,1.0
486,1,192,114,56,56,1.0
486,1,152,42,56,56,0.999997
486,1,128,216,56,56,0.99996
487,1,52,209,56,56,1.0
487,1,132,130,56,56,1.0
487,1,180,178,56,56,1.0
487,1,153,42,56,56,0.999997
487,1,124,214,56,56,0.999736
488,1,47,202,56,56,1.0
488,1,138,121,56,56,1.0
488,1,186,177,56,56,1.0
488,1,153,42,56,56,1.0
488,1,125,214,56,56,0.999923
489,1,130,134,56,56,1.0
489,1,178,174,56,56,1.0
489,1,190,105,56,56,1.0
489,1,158,41,56,56,1.0
489,1,71,226,56,56,1.0
490,1,53,212,56,56,1.0
490,1,150,57,56,56,1.0
490,1,126,121,56,56,1.0
490,1,186,173,56,56,0.999999
490,1,190,113,56,56,0.990315
491,1,47,204,56,56,1.0
491,1,138,116,56,56,1.0
491,1,178,180,56,56,1.0
491,1,150,40,56,56,0.999997
491,1,104,180,56,56,0.999517
492,1,47,202,56,56,1.0
492,1,188,170,56,56,1.0
492,1,150,54,56,56,1.0
492,1,126,126,56,56,1.0
493,1,47,202,56,56,1.0
493,1,137,113,56,56,1.0
493,1,185,169,56,56,1.0
493,1,196,99,56,56,1.0
493,1,148,43,56,56,1.0
494,1,47,210,56,56,1.0
494,1,137,112,56,56,1.0
494,1,185,168,56,56,1.0
494,1,135,41,56,56,0.999978
495,1,47,194,56,56,1.0
495,1,130,99,56,56,1.0
495,1,138,43,56,56,0.999999
496,1,46,206,56,56,1.0
496,1,146,36,56,56,1.0
496,1,138,124,56,56,1.0
496,1,134,206,56,56,0.996459
497,1,47,194,56,56,1.0
497,1,137,42,56,56,1.0
497,1,129,98,56,56,1.0
497,1,193,90,56,56,1.0
497,1,111,191,56,56,0.999998
498,1,45,204,56,56,1.0
498,1,121,97,56,56,1.0
498,1,129,41,56,56,1.0
498,1,193,89,56,56,1.0
498,1,114,184,56,56,0.999985
499,1,46,202,56,56,1.0
499,1,192,89,56,56,1.0
499,1,120,105,56,56,1.0
499,1,120,33,56,56,0.999999
499,1,138,208,56,56,0.99685
500,1,127,113,56,56,1.0
500,1,191,89,56,56,1.0
500,1,143,33,56,56,0.999998
500,1,58,192,56,56,0.999996
500,1,133,209,56,56,0.999931
501,1,130,115,56,56,1.0
501,1,178,171,56,56,1.0
501,1,77,216,56,56,1.0
501,1,116,184,56,56,0.999361
501,1,159,33,56,56,0.994996
502,1,45,198,56,56,1.0
502,1,184,168,56,56,1.0
502,1,128,123,56,56,1.0
502,1,191,89,56,56,1.0
502,1,151,33,56,56,0.999992
502,1,133,200,56,56,0.988088
503,1,69,213,56,56,1.0
503,1,183,170,56,56,1.0
503,1,191,89,56,56,1.0
503,1,119,97,56,56,1.0
503,1,151,33,56,56,0.999965
503,1,133,198,56,56,0.999808
504,1,69,213,56,56,1.0
504,1,176,170,56,56,1.0
504,1,143,89,56,56,1.0
504,1,191,89,56,56,1.0
504,1,151,33,56,56,0.999897
504,1,117,174,56,56,0.999301
505,1,61,212,56,56,1.0
505,1,142,206,56,56,1.0
505,1,185,165,56,56,1.0
505,1,126,111,56,56,1.0
505,1,192,89,56,56,0.999932
506,1,69,209,56,56,1.0
506,1,183,168,56,56,1.0
506,1,126,111,56,56,1.0
506,1,126,183,56,56,0.999995
506,1,192,88,56,56,0.999979
507,1,69,208,56,56,1.0
507,1,184,164,56,56,1.0
507,1,192,80,56,56,1.0
507,1,128,88,56,56,1.0
507,1,118,175,56,56,0.999785
507,1,152,32,56,56,0.994843
508,1,69,216,56,56,1.0
508,1,192,80,56,56,1.0
508,1,128,88,56,56,1.0
508,1,124,175,56,56,0.991175
508,1,152,24,56,56,0.985598
509,1,186,170,56,56,1.0
509,1,128,89,56,56,1.0
509,1,184,89,56,56,1.0
509,1,69,215,56,56,0.999993
510,1,45,184,56,56,1.0
510,1,186,163,56,56,1.0
510,1,130,89,56,56,1.0
510,1,125,184,56,56,0.852777
510,1,154,25,56,56,0.793631
511,1,69,208,56,56,1.0
511,1,185,162,56,56,1.0
511,1,129,81,56,56,0.999998
511,1,185,89,56,56,0.999997
511,1,119,167,56,56,0.959824
512,1,45,187,56,56,1.0
512,1,184,161,56,56,1.0
512,1,123,81,56,56,1.0
512,1,179,81,56,56,1.0
512,1,120,167,56,56,0.999986
513,1,53,187,56,56,1.0
513,1,183,161,56,56,1.0
513,1,179,81,56,56,1.0
513,1,131,89,56,56,1.0
514,1,186,155,56,56,1.0
514,1,125,81,56,56,1.0
514,1,173,89,56,56,1.0
514,1,47,187,56,56,0.999878
514,1,123,184,56,56,0.993668
515,1,48,186,56,56,1.0
515,1,134,81,56,56,1.0
515,1,134,25,56,56,0.999947
515,1,124,167,56,56,0.999373
516,1,48,186,56,56,1.0
516,1,186,159,56,56,1.0
516,1,135,80,56,56,1.0
516,1,125,175,56,56,0.999811
516,1,159,24,56,56,0.987454
517,1,127,88,56,56,1.0
517,1,72,209,56,56,0.99997
517,1,141,203,56,56,0.998028
518,1,56,181,56,56,1.0
518,1,136,97,56,56,1.0
518,1,188,156,56,56,0.999998
518,1,70,116,56,56,0.999383
518,1,140,196,56,56,0.995708
518,1,236,156,56,56,0.990348
519,1,70,116,56,56,1.0
519,1,54,172,56,56,1.0
519,1,144,73,56,56,1.0
519,1,189,162,56,56,0.999995
519,1,184,105,56,56,0.999135
519,1,141,194,56,56,0.938691
520,1,58,182,56,56,1.0
520,1,136,71,56,56,1.0
520,1,184,151,56,56,0.999267
520,1,130,198,56,56,0.811364
521,1,136,81,56,56,1.0
521,1,191,159,56,56,0.999999
521,1,82,205,56,56,0.999942
521,1,143,175,56,56,0.99277
522,1,58,181,56,56,1.0
522,1,70,110,56,56,1.0
522,1,136,73,56,56,1.0
522,1,191,157,56,56,1.0
522,1,118,158,56,56,0.999998
523,1,82,205,56,56,1.0
523,1,181,150,56,56,1.0
523,1,136,80,56,56,1.0
523,1,141,190,56,56,0.997735
524,1,82,198,56,56,1.0
524,1,165,83,56,56,1.0
524,1,181,147,56,56,1.0
524,1,133,189,56,56,0.999996
524,1,77,117,56,56,0.99891
525,1,58,181,56,56,1.0
525,1,193,152,56,56,1.0
525,1,169,81,56,56,1.0
525,1,138,184,56,56,0.999273
526,1,65,182,56,56,1.0
526,1,184,143,56,56,1.0
526,1,137,72,56,56,1.0
527,1,182,149,56,56,1.0
527,1,134,72,56,56,1.0
527,1,83,197,56,56,0.999999
528,1,135,76,56,56,1.0
528,1,183,148,56,56,1.0
528,1,60,181,56,56,0.999999
528,1,135,164,56,56,0.998888
529,1,61,182,56,56,1.0
529,1,159,81,56,56,1.0
529,1,133,182,56,56,0.998754
530,1,61,181,56,56,1.0
530,1,143,72,56,56,1.0
531,1,61,176,56,56,1.0
531,1,134,89,56,56,1.0
532,1,62,176,56,56,1.0
532,1,136,80,56,56,1.0
532,1,141,182,56,56,0.896461
533,1,70,176,56,56,1.0
533,1,177,134,56,56,1.0
533,1,128,80,56,56,1.0
534,1,69,181,56,56,1.0
534,1,74,94,56,56,1.0
534,1,175,141,56,56,1.0
535,1,69,181,56,56,1.0
535,1,74,93,56,56,1.0
535,1,174,134,56,56,1.0
536,1,69,181,56,56,1.0
536,1,83,93,56,56,1.0
536,1,174,135,56,56,1.0
536,1,123,141,56,56,0.999964
537,1,94,200,56,56,1.0
537,1,83,93,56,56,1.0
537,1,115,141,56,56,1.0
537,1,136,56,56,56,1.0
538,1,75,182,56,56,1.0
538,1,84,92,56,56,1.0
539,1,69,181,56,56,1.0
539,1,85,92,56,56,1.0
539,1,129,64,56,56,1.0
540,1,69,181,56,56,1.0
540,1,85,93,56,56,1.0
541,1,86,94,56,56,1.0
541,1,163,73,56,56,0.999999
541,1,171,129,56,56,0.999994
541,1,131,169,56,56,0.999899
541,1,219,153,56,56,0.998992
542,1,72,168,56,56,1.0
542,1,131,64,56,56,0.999992
543,1,68,167,56,56,1.0
543,1,178,130,56,56,0.999999
543,1,162,74,56,56,0.999962
543,1,96,97,56,56,0.999955
544,1,76,167,56,56,1.0
544,1,163,64,56,56,0.999996
544,1,90,101,56,56,0.999599
545,1,70,174,56,56,1.0
545,1,91,99,56,56,1.0
545,1,131,40,56,56,1.0
546,1,69,167,56,56,1.0
546,1,92,98,56,56,1.0
546,1,133,48,56,56,0.999999
546,1,141,183,56,56,0.999993
547,1,68,167,56,56,1.0
547,1,102,98,56,56,1.0
547,1,175,121,56,56,1.0
547,1,126,138,56,56,1.0
547,1,167,65,56,56,0.999952
548,1,76,167,56,56,1.0
548,1,94,95,56,56,1.0
548,1,137,40,56,56,0.999999
548,1,178,122,56,56,0.999991
549,1,93,189,56,56,1.0
549,1,95,95,56,56,1.0
549,1,176,121,56,56,0.999712
549,1,160,65,56,56,0.997351
550,1,72,159,56,56,1.0
550,1,96,95,56,56,1.0
550,1,168,62,56,56,0.999974
550,1,192,134,56,56,0.999904
551,1,175,116,56,56,1.0
551,1,72,161,56,56,0.999998
551,1,167,60,56,56,0.999983
551,1,141,177,56,56,0.999944
551,1,104,97,56,56,0.999891
552,1,96,95,56,56,0.999986
552,1,184,114,56,56,0.999973
552,1,72,159,56,56,0.999837
552,1,160,58,56,56,0.984438
553,1,74,160,56,56,1.0
553,1,98,96,56,56,0.999918
553,1,176,113,56,56,0.999913
553,1,144,161,56,56,0.997609
553,1,152,65,56,56,0.996567
553,1,216,137,56,56,0.992783
554,1,74,158,56,56,1.0
554,1,106,94,56,56,0.999981
554,1,177,112,56,56,0.999976
554,1,217,144,56,56,0.999658
554,1,169,48,56,56,0.999558
555,1,74,158,56,56,1.0
555,1,170,55,56,56,0.999939
555,1,178,111,56,56,0.999871
555,1,218,143,56,56,0.992826
556,1,74,160,56,56,1.0
556,1,106,96,56,56,0.999914
556,1,218,141,56,56,0.993468
556,1,154,77,56,56,0.982719
557,1,74,163,56,56,1.0
557,1,106,91,56,56,0.999992
557,1,122,139,56,56,0.999074
557,1,218,141,56,56,0.990349
557,1,186,101,56,56,0.973889
558,1,74,163,56,56,1.0
558,1,186,101,56,56,0.999717
558,1,138,171,56,56,0.999403
558,1,218,141,56,56,0.997353
558,1,96,95,56,56,0.969854
559,1,74,151,56,56,1.0
559,1,106,95,56,56,0.999799
559,1,218,141,56,56,0.96479
559,1,162,77,56,56,0.913075
560,1,74,149,56,56,1.0
560,1,190,101,56,56,0.999917
561,1,72,149,56,56,1.0
561,1,128,141,56,56,0.999996
561,1,226,108,56,56,0.944789
562,1,73,165,56,56,1.0
562,1,194,100,56,56,0.999925
562,1,218,148,56,56,0.919593
563,1,74,148,56,56,1.0
563,1,186,100,56,56,0.990911
563,1,98,92,56,56,0.811275
564,1,90,171,56,56,1.0
564,1,191,94,56,56,1.0
564,1,147,51,56,56,1.0
564,1,144,173,56,56,0.999893
565,1,89,173,56,56,1.0
565,1,187,97,56,56,1.0
565,1,155,49,56,56,0.999999
565,1,131,137,56,56,0.999988
565,1,107,81,56,56,0.999942
566,1,74,162,56,56,1.0
566,1,155,48,56,56,1.0
566,1,153,155,56,56,0.999998
566,1,107,88,56,56,0.999987
566,1,187,96,56,56,0.999982
567,1,82,169,56,56,1.0
567,1,108,79,56,56,1.0
567,1,156,47,56,56,1.0
568,1,89,169,56,56,1.0
568,1,154,45,56,56,1.0
568,1,130,136,56,56,0.966829
569,1,88,169,56,56,1.0
569,1,154,44,56,56,1.0
569,1,130,132,56,56,0.999756
570,1,74,147,56,56,1.0
570,1,152,42,56,56,1.0
571,1,88,169,56,56,1.0
571,1,152,41,56,56,1.0
571,1,104,81,56,56,0.999996
571,1,192,89,56,56,0.997929
572,1,88,169,56,56,1.0
572,1,107,83,56,56,1.0
572,1,183,89,56,56,0.999994
572,1,131,131,56,56,0.999927
573,1,80,169,56,56,1.0
573,1,207,146,56,56,1.0
573,1,185,91,56,56,1.0
573,1,103,81,56,56,1.0
574,1,88,169,56,56,1.0
574,1,224,187,56,56,1.0
574,1,117,41,56,56,1.0
575,1,80,169,56,56,1.0
575,1,102,81,56,56,0.999999
575,1,118,33,56,56,0.999968
575,1,182,89,56,56,0.99839
575,1,166,41,56,56,0.989966
575,1,130,123,56,56,0.964901
576,1,88,168,56,56,1.0
576,1,107,83,56,56,0.999997
576,1,118,33,56,56,0.999423
576,1,182,89,56,56,0.997202
577,1,79,167,56,56,1.0
577,1,126,33,56,56,0.999998
577,1,176,86,56,56,0.999938
578,1,78,167,56,56,1.0
578,1,108,83,56,56,0.999998
578,1,124,131,56,56,0.999997
578,1,174,90,56,56,0.986765
579,1,86,169,56,56,1.0
579,1,203,146,56,56,1.0
579,1,110,74,56,56,1.0
579,1,173,83,56,56,0.997606
580,1,104,82,56,56,1.0
580,1,86,169,56,56,1.0
580,1,119,33,56,56,1.0
580,1,167,25,56,56,0.999427
580,1,210,153,56,56,0.997301
580,1,120,130,56,56,0.904012
581,1,70,159,56,56,1.0
581,1,160,49,56,56,0.999973
581,1,201,152,56,56,0.999971
581,1,105,82,56,56,0.999927
582,1,122,122,56,56,1.0
582,1,160,49,56,56,1.0
582,1,86,168,56,56,1.0
582,1,200,143,56,56,0.998461
583,1,112,80,56,56,1.0
583,1,85,174,56,56,1.0
583,1,152,159,56,56,0.999986
583,1,200,151,56,56,0.999985
583,1,120,32,56,56,0.998854
583,1,165,86,56,56,0.996858
584,1,77,165,56,56,1.0
584,1,207,157,56,56,0.999863
584,1,119,130,56,56,0.999843
584,1,166,48,56,56,0.999242
585,1,83,167,56,56,1.0
585,1,198,147,56,56,1.0
585,1,163,50,56,56,0.999939
585,1,144,153,56,56,0.999678
586,1,84,165,56,56,1.0
586,1,198,151,56,56,1.0
586,1,121,120,56,56,0.999969
586,1,161,48,56,56,0.998755
587,1,84,165,56,56,1.0
587,1,121,118,56,56,0.999997
587,1,162,40,56,56,0.999963
587,1,198,146,56,56,0.999879
588,1,68,153,56,56,1.0
588,1,161,40,56,56,0.999998
588,1,113,117,56,56,0.999904
588,1,155,152,56,56,0.992372
589,1,66,153,56,56,1.0
589,1,114,117,56,56,0.999832
589,1,195,144,56,56,0.99972
589,1,166,42,56,56,0.998171
590,1,74,153,56,56,1.0
590,1,116,120,56,56,1.0
590,1,195,143,56,56,0.999947
590,1,166,80,56,56,0.960104
591,1,83,161,56,56,1.0
591,1,122,65,56,56,0.999904
591,1,197,142,56,56,0.998958
592,1,76,168,56,56,1.0
592,1,161,72,56,56,0.999953
592,1,189,150,56,56,0.999765
593,1,68,152,56,56,1.0
593,1,147,142,56,56,0.997706
593,1,195,150,56,56,0.985176
593,1,169,40,56,56,0.974688
594,1,83,168,56,56,1.0
594,1,158,71,56,56,1.0
594,1,139,152,56,56,0.999591
595,1,76,152,56,56,1.0
595,1,150,146,56,56,0.999774
595,1,166,64,56,56,0.997508
596,1,82,152,56,56,1.0
596,1,158,72,56,56,1.0
596,1,152,146,56,56,0.96629
597,1,84,168,56,56,1.0
597,1,191,138,56,56,0.987818
597,1,229,194,56,56,0.837547
598,1,90,168,56,56,1.0
598,1,186,138,56,56,0.999655
598,1,170,90,56,56,0.538465
599,1,78,160,56,56,1.0
599,1,187,138,56,56,0.999872
599,1,122,56,56,56,0.999518
600,1,84,168,56,56,1.0
600,1,227,193,56,56,0.999998
601,1,83,161,56,56,0.999999
601,1,165,56,56,56,0.999643
602,1,80,160,56,56,1.0
603,1,85,168,56,56,1.0
604,1,69,152,56,56,0.99906
605,1,84,168,56,56,0.999738
606,1,85,168,56,56,1.0
606,1,141,160,56,56,0.999731
607,1,80,160,56,56,0.999995
608,1,90,160,56,56,0.998408
609,1,84,168,56,56,1.0
610,1,94,163,56,56,1.0
610,1,119,101,56,56,0.999962
611,1,89,163,56,56,1.0
611,1,127,100,56,56,0.999911
612,1,97,163,56,56,0.997343
612,1,145,163,56,56,0.996176
613,1,79,134,56,56,1.0
613,1,143,126,56,56,0.985464
614,1,79,134,56,56,1.0
615,1,85,134,56,56,1.0
615,1,165,50,56,56,0.969909
615,1,148,156,56,56,0.948554
616,1,100,162,56,56,1.0
616,1,167,49,56,56,0.999524
616,1,127,89,56,56,0.929386
617,1,84,138,56,56,1.0
617,1,205,183,56,56,1.0
617,1,237,127,56,56,0.999972
618,1,189,134,56,56,1.0
618,1,86,134,56,56,1.0
618,1,160,54,56,56,0.99999
618,1,237,126,56,56,0.993015
619,1,86,137,56,56,1.0
619,1,136,93,56,56,1.0
619,1,120,37,56,56,1.0
620,1,102,165,56,56,1.0
621,1,106,137,56,56,1.0
621,1,160,51,56,56,1.0
621,1,142,188,56,56,0.999999
622,1,94,128,56,56,1.0
623,1,94,120,56,56,1.0
623,1,134,80,56,56,0.999998
624,1,88,129,56,56,1.0
625,1,93,128,56,56,1.0
625,1,133,88,56,56,0.999991
626,1,94,118,56,56,1.0
626,1,129,47,56,56,0.999977
627,1,134,86,56,56,0.999999
627,1,94,126,56,56,0.999986
627,1,121,29,56,56,0.999956
628,1,137,84,56,56,1.0
628,1,110,151,56,56,1.0
629,1,94,126,56,56,1.0
629,1,137,82,56,56,1.0
630,1,127,87,56,56,1.0
631,1,94,118,56,56,1.0
632,1,127,78,56,56,1.0
633,1,103,111,56,56,1.0
634,1,154,106,56,56,0.988391
635,1,159,109,56,56,0.999964
635,1,167,37,56,56,0.976068
636,1,154,104,56,56,0.993846
637,1,129,106,56,56,0.999982
637,1,162,37,56,56,0.602444
638,1,140,141,56,56,0.996627
639,1,147,106,56,56,1.0
640,1,148,97,56,56,0.999132
640,1,148,33,56,56,0.899405
642,1,118,139,56,56,1.0
643,1,113,133,56,56,0.999875
644,1,108,133,56,56,0.978229
644,1,164,133,56,56,0.954553
645,1,116,130,56,56,0.999986
645,1,164,138,56,56,0.999255
645,1,149,89,56,56,0.997674
645,1,157,25,56,56,0.550034
646,1,149,89,56,56,0.999704
646,1,116,133,56,56,0.981601
647,1,156,139,56,56,0.999924
648,1,164,139,56,56,1.0
648,1,207,159,56,56,0.945946
649,1,156,133,56,56,0.999987
650,1,155,132,56,56,1.0
652,1,204,229,56,56,0.998197
653,1,206,229,56,56,0.999999
654,1,198,236,56,56,0.999575
655,1,206,228,56,56,1.0
663,1,194,227,56,56,1.0
663,1,202,171,56,56,0.999585
664,1,194,227,56,56,1.0
665,1,193,227,56,56,1.0
666,1,192,225,56,56,1.0
666,1,192,169,56,56,0.652579
667,1,192,218,56,56,1.0
667,1,184,170,56,56,0.990968
668,1,183,226,56,56,1.0
669,1,188,223,56,56,1.0
670,1,191,222,56,56,1.0
671,1,180,217,56,56,1.0
671,1,196,169,56,56,0.999605
672,1,176,227,56,56,1.0
673,1,196,165,56,56,1.0
673,1,172,229,56,56,0.999955
674,1,181,220,56,56,1.0
674,1,197,164,56,56,0.996787
675,1,172,222,56,56,1.0
675,1,194,163,56,56,0.995423
676,1,176,220,56,56,1.0
677,1,170,221,56,56,1.0
678,1,164,221,56,56,1.0
678,1,200,159,56,56,0.999169
679,1,169,215,56,56,1.0
679,1,201,159,56,56,0.999984
680,1,168,219,56,56,1.0
680,1,200,156,56,56,0.98944
681,1,169,219,56,56,1.0
681,1,188,150,56,56,0.982655
681,1,129,155,56,56,0.854916
681,1,204,102,56,56,0.770037
682,1,168,218,56,56,1.0
682,1,196,150,56,56,0.999997
682,1,204,102,56,56,0.999996
683,1,168,217,56,56,1.0
683,1,200,153,56,56,0.999999
684,1,175,217,56,56,1.0
684,1,200,153,56,56,0.999998
685,1,162,224,56,56,1.0
685,1,202,152,56,56,0.999998
686,1,170,215,56,56,1.0
686,1,194,151,56,56,1.0
687,1,162,222,56,56,1.0
687,1,200,152,56,56,0.999413
688,1,172,224,56,56,1.0
688,1,200,152,56,56,1.0
688,1,160,96,56,56,0.987403
689,1,171,210,56,56,1.0
689,1,202,149,56,56,1.0
689,1,135,116,56,56,0.998756
690,1,172,207,56,56,1.0
690,1,190,152,56,56,1.0
690,1,126,84,56,56,0.999998
691,1,172,214,56,56,1.0
691,1,194,149,56,56,1.0
691,1,119,91,56,56,0.999868
691,1,135,147,56,56,0.993944
692,1,172,214,56,56,1.0
692,1,193,149,56,56,1.0
693,1,172,222,56,56,1.0
693,1,193,149,56,56,1.0
693,1,118,80,56,56,0.999904
693,1,142,144,56,56,0.999082
694,1,177,212,56,56,1.0
694,1,193,148,56,56,1.0
694,1,117,80,56,56,0.997844
695,1,177,220,56,56,1.0
695,1,134,104,56,56,0.999995
695,1,185,148,56,56,0.999988
696,1,180,212,56,56,1.0
696,1,127,83,56,56,0.999974
697,1,180,212,56,56,1.0
697,1,127,83,56,56,0.976786
698,1,175,221,56,56,1.0
698,1,183,149,56,56,0.999595
698,1,127,81,56,56,0.980347
699,1,181,213,56,56,1.0
699,1,150,107,56,56,0.999892
700,1,180,213,56,56,1.0
700,1,180,149,56,56,0.999315
700,1,144,105,56,56,0.997584
701,1,182,212,56,56,1.0
701,1,182,148,56,56,1.0
701,1,127,81,56,56,0.999886
702,1,187,213,56,56,0.999995
702,1,143,105,56,56,0.996638
703,1,186,214,56,56,0.999999
703,1,128,81,56,56,0.997333
703,1,178,150,56,56,0.917617
704,1,186,206,56,56,1.0
704,1,178,150,56,56,0.999987
704,1,150,97,56,56,0.850253
705,1,186,206,56,56,1.0
705,1,178,150,56,56,0.999995
705,1,142,105,56,56,0.998279
706,1,150,145,56,56,0.977941
707,1,151,137,56,56,0.988803
708,1,143,97,56,56,0.972921
710,1,186,208,56,56,0.999997
710,1,170,152,56,56,0.984231
710,1,143,96,56,56,0.938411
711,1,145,97,56,56,0.703008
712,1,178,201,56,56,1.0
712,1,127,131,56,56,0.970748
712,1,170,153,56,56,0.966534
713,1,178,201,56,56,1.0
713,1,126,133,56,56,1.0
714,1,185,197,56,56,1.0
714,1,127,129,56,56,0.977943
715,1,186,196,56,56,1.0
715,1,123,129,56,56,0.997772
716,1,185,202,56,56,1.0
716,1,123,129,56,56,0.999902
717,1,186,204,56,56,1.0
717,1,123,129,56,56,0.948253
718,1,178,205,56,56,1.0
718,1,124,129,56,56,0.995625
718,1,127,53,56,56,0.954076
719,1,179,196,56,56,1.0
719,1,124,132,56,56,0.972674
720,1,177,197,56,56,0.999999
720,1,170,151,56,56,0.993068
720,1,124,129,56,56,0.915229
721,1,178,195,56,56,1.0
721,1,140,79,56,56,0.71903
722,1,172,202,56,56,1.0
722,1,140,89,56,56,0.571029
723,1,180,197,56,56,1.0
723,1,143,113,56,56,0.999692
724,1,171,192,56,56,1.0
725,1,173,194,56,56,1.0
725,1,135,81,56,56,0.99413
726,1,165,202,56,56,1.0
726,1,175,138,56,56,1.0
726,1,127,113,56,56,0.985621
727,1,172,200,56,56,1.0
727,1,172,144,56,56,0.999835
727,1,143,105,56,56,0.999562
728,1,173,190,56,56,1.0
728,1,135,105,56,56,0.999169
729,1,164,198,56,56,1.0
729,1,175,139,56,56,0.999999
730,1,164,196,56,56,1.0
730,1,143,105,56,56,0.999888
731,1,164,196,56,56,1.0
731,1,172,140,56,56,0.983574
732,1,164,203,56,56,1.0
732,1,172,139,56,56,0.999958
733,1,163,202,56,56,1.0
734,1,163,201,56,56,1.0
734,1,171,137,56,56,0.992046
735,1,162,199,56,56,1.0
736,1,163,201,56,56,1.0
736,1,179,137,56,56,0.930833
737,1,187,105,56,56,0.999984
737,1,162,200,56,56,0.999691
738,1,162,192,56,56,0.999999
739,1,153,199,56,56,0.999996
739,1,171,128,56,56,0.999826
740,1,156,191,56,56,1.0
740,1,187,104,56,56,1.0
741,1,160,199,56,56,1.0
741,1,180,103,56,56,1.0
742,1,152,198,56,56,1.0
742,1,179,103,56,56,1.0
743,1,179,102,56,56,1.0
743,1,153,191,56,56,0.999997
743,1,121,239,56,56,0.870652
744,1,154,190,56,56,1.0
744,1,166,134,56,56,0.964957
745,1,156,198,56,56,1.0
745,1,164,134,56,56,0.991686
746,1,162,198,56,56,0.999977
746,1,162,134,56,56,0.941976
747,1,160,130,56,56,1.0
747,1,154,193,56,56,1.0
748,1,158,197,56,56,0.999993
748,1,158,133,56,56,0.998761
749,1,162,191,56,56,1.0
749,1,156,133,56,56,0.993137
750,1,154,189,56,56,0.999907
750,1,146,133,56,56,0.950237
751,1,131,95,56,56,0.999829
751,1,164,191,56,56,0.999338
752,1,139,124,56,56,0.999988
752,1,164,191,56,56,0.999939
753,1,164,189,56,56,1.0
753,1,139,127,56,56,0.999924
754,1,163,100,56,56,0.999995
755,1,165,180,56,56,1.0
755,1,149,124,56,56,0.955331
756,1,172,182,56,56,1.0
757,1,161,107,56,56,0.999947
757,1,174,185,56,56,0.99084
758,1,180,187,56,56,1.0
759,1,172,178,56,56,1.0
759,1,160,101,56,56,1.0
760,1,180,186,56,56,1.0
760,1,167,100,56,56,0.999816
761,1,181,183,56,56,1.0
762,1,178,185,56,56,1.0
762,1,133,124,56,56,1.0
763,1,178,176,56,56,1.0
763,1,166,106,56,56,0.999803
764,1,179,179,56,56,1.0
764,1,139,123,56,56,0.999583
765,1,141,122,56,56,1.0
765,1,181,178,56,56,1.0
766,1,188,168,56,56,1.0
766,1,141,130,56,56,0.999998
767,1,188,172,56,56,1.0
767,1,141,118,56,56,0.999231
768,1,188,181,56,56,1.0
768,1,156,127,56,56,0.999524
769,1,132,112,56,56,1.0
769,1,191,180,56,56,0.999998
770,1,138,119,56,56,0.999997
770,1,192,165,56,56,0.999995
771,1,188,171,56,56,1.0
771,1,159,89,56,56,0.999851
772,1,188,171,56,56,1.0
772,1,160,89,56,56,0.999928
773,1,188,178,56,56,1.0
773,1,144,113,56,56,0.999968
774,1,183,170,56,56,1.0
774,1,146,106,56,56,0.999486
775,1,183,169,56,56,1.0
775,1,132,107,56,56,1.0
776,1,185,168,56,56,1.0
776,1,132,107,56,56,1.0
777,1,180,167,56,56,1.0
777,1,144,104,56,56,1.0
778,1,181,166,56,56,1.0
778,1,132,107,56,56,0.999993
779,1,183,173,56,56,1.0
779,1,140,107,56,56,0.999989
780,1,175,172,56,56,1.0
780,1,140,104,56,56,0.999923
781,1,175,171,56,56,1.0
781,1,146,103,56,56,0.999996
781,1,127,227,56,56,0.660187
782,1,178,159,56,56,1.0
782,1,140,99,56,56,0.999989
783,1,168,159,56,56,1.0
783,1,133,107,56,56,1.0
784,1,175,170,56,56,1.0
784,1,127,226,56,56,0.99998
784,1,146,102,56,56,0.998951
785,1,172,167,56,56,1.0
785,1,127,234,56,56,0.999986
785,1,140,103,56,56,0.991072
786,1,164,158,56,56,1.0
786,1,133,102,56,56,0.999358
787,1,167,165,56,56,1.0
787,1,127,229,56,56,1.0
787,1,138,102,56,56,0.999956
788,1,167,165,56,56,1.0
788,1,127,229,56,56,0.999715
789,1,167,165,56,56,1.0
789,1,127,229,56,56,1.0
790,1,165,164,56,56,1.0
790,1,128,224,56,56,0.999586
790,1,133,100,56,56,0.94247
791,1,162,156,56,56,1.0
791,1,130,100,56,56,0.999566
792,1,162,155,56,56,1.0
792,1,130,99,56,56,0.99996
793,1,170,153,56,56,0.999938
793,1,158,75,56,56,0.995128
794,1,162,152,56,56,1.0
794,1,158,72,56,56,0.999982
794,1,128,236,56,56,0.99594
795,1,162,144,56,56,1.0
795,1,127,235,56,56,0.997087
796,1,162,144,56,56,1.0
796,1,127,234,56,56,0.99864
797,1,160,161,56,56,1.0
797,1,128,233,56,56,1.0
797,1,161,79,56,56,0.985762
798,1,162,142,56,56,1.0
799,1,169,144,56,56,1.0
799,1,128,238,56,56,0.915266
800,1,170,144,56,56,1.0
801,1,169,142,56,56,1.0
801,1,129,94,56,56,0.972972
802,1,169,134,56,56,1.0
802,1,184,195,56,56,0.999858
802,1,154,55,56,56,0.818299
803,1,167,146,56,56,1.0
803,1,127,226,56,56,0.999711
803,1,152,54,56,56,0.949357
804,1,176,133,56,56,1.0
805,1,176,134,56,56,1.0
805,1,151,54,56,56,0.689639
805,1,128,94,56,56,0.621501
806,1,176,133,56,56,1.0
806,1,128,93,56,56,0.733586
807,1,178,126,56,56,1.0
807,1,122,118,56,56,0.94586
808,1,174,137,56,56,1.0
808,1,150,53,56,56,0.994642
809,1,181,136,56,56,1.0
809,1,115,76,56,56,1.0
810,1,180,125,56,56,1.0
810,1,194,171,56,56,0.999999
810,1,148,53,56,56,0.872554
811,1,178,116,56,56,1.0
811,1,163,52,56,56,0.952257
812,1,178,115,56,56,1.0
812,1,149,54,56,56,0.688381
813,1,194,131,56,56,0.999826
813,1,130,211,56,56,0.917346
814,1,186,114,56,56,1.0
814,1,130,210,56,56,0.999688
815,1,179,116,56,56,1.0
815,1,147,52,56,56,0.88601
816,1,187,115,56,56,0.999998
816,1,147,51,56,56,0.672419
817,1,188,114,56,56,1.0
817,1,156,50,56,56,0.666297
818,1,180,113,56,56,1.0
818,1,156,49,56,56,0.971063
819,1,180,112,56,56,1.0
819,1,148,48,56,56,0.988089
822,1,124,81,56,56,1.0
822,1,164,153,56,56,0.878557
823,1,180,109,56,56,1.0
823,1,196,165,56,56,1.0
823,1,132,85,56,56,1.0
824,1,180,108,56,56,1.0
824,1,130,80,56,56,1.0
825,1,188,106,56,56,1.0
825,1,124,78,56,56,1.0
825,1,196,162,56,56,0.999997
826,1,124,78,56,56,1.0
826,1,180,109,56,56,1.0
826,1,196,165,56,56,0.99474
827,1,180,105,56,56,1.0
828,1,180,105,56,56,1.0
828,1,132,81,56,56,0.999998
829,1,180,106,56,56,1.0
829,1,132,77,56,56,0.999999
830,1,132,80,56,56,1.0
830,1,180,104,56,56,1.0
831,1,180,107,56,56,1.0
833,1,177,113,56,56,0.999998
836,1,169,110,56,56,1.0
837,1,171,102,56,56,1.0
837,1,179,158,56,56,0.99836
838,1,171,112,56,56,0.999983
839,1,174,104,56,56,0.999958
839,1,126,80,56,56,0.997347
840,1,169,104,56,56,0.992509
840,1,129,176,56,56,0.986985
841,1,171,128,56,56,0.99704
842,1,129,79,56,56,0.999675
842,1,129,175,56,56,0.991544
842,1,169,143,56,56,0.991334
843,1,131,171,56,56,0.999844
843,1,163,107,56,56,0.793133
844,1,163,107,56,56,0.987103
844,1,163,155,56,56,0.950207
845,1,130,171,56,56,1.0
846,1,130,170,56,56,1.0
846,1,162,106,56,56,0.998298
847,1,132,170,56,56,1.0
847,1,161,106,56,56,0.999828
848,1,130,170,56,56,1.0
848,1,162,101,56,56,0.976043
849,1,131,169,56,56,1.0
849,1,163,105,56,56,0.992831
850,1,132,170,56,56,1.0
850,1,163,105,56,56,0.999998
851,1,130,162,56,56,1.0
852,1,132,171,56,56,1.0
852,1,167,103,56,56,1.0
853,1,130,162,56,56,1.0
854,1,133,171,56,56,1.0
854,1,165,102,56,56,0.996082
855,1,129,159,56,56,1.0
855,1,177,103,56,56,0.998423
856,1,131,158,56,56,1.0
856,1,171,102,56,56,0.999426
857,1,131,157,56,56,1.0
858,1,131,157,56,56,1.0
858,1,171,101,56,56,0.997896
859,1,132,154,56,56,1.0
860,1,133,170,56,56,1.0
860,1,172,101,56,56,0.999983
861,1,133,149,56,56,1.0
861,1,176,102,56,56,0.999996
862,1,132,168,56,56,1.0
862,1,172,93,56,56,0.999999
863,1,135,157,56,56,1.0
863,1,175,93,56,56,0.99999
864,1,128,166,56,56,1.0
864,1,173,93,56,56,0.999989
865,1,136,153,56,56,1.0
865,1,176,89,56,56,1.0
866,1,128,165,56,56,0.999416
868,1,182,135,56,56,0.999999
868,1,134,151,56,56,0.999997
868,1,164,79,56,56,0.999989
871,1,167,109,56,56,0.999993
871,1,143,181,56,56,0.999948
875,1,135,175,56,56,1.0
875,1,166,76,56,56,1.0
876,1,118,140,56,56,0.999998
876,1,174,132,56,56,0.94324
877,1,166,90,56,56,0.999308
877,1,118,146,56,56,0.996671
878,1,129,146,56,56,0.999464
878,1,169,90,56,56,0.998653
879,1,135,174,56,56,1.0
879,1,162,105,56,56,0.999548
880,1,142,175,56,56,0.999887
880,1,161,102,56,56,0.997597
881,1,160,76,56,56,0.99967
883,1,135,174,56,56,0.999978
883,1,157,102,56,56,0.99205
884,1,157,103,56,56,0.999926
884,1,136,173,56,56,0.999804
885,1,134,165,56,56,0.999998
885,1,150,85,56,56,0.999985
886,1,129,171,56,56,0.999999
887,1,131,169,56,56,1.0
887,1,150,105,56,56,0.997665
888,1,142,88,56,56,0.999983
888,1,132,168,56,56,0.999927
889,1,150,87,56,56,0.999795
890,1,157,127,56,56,1.0
891,1,149,87,56,56,0.99999
891,1,133,159,56,56,0.999976
892,1,149,82,56,56,1.0
892,1,125,170,56,56,0.999987
893,1,133,162,56,56,0.999991
893,1,149,82,56,56,0.99997
894,1,133,167,56,56,0.999399
894,1,152,96,56,56,0.997352
895,1,133,166,56,56,1.0
896,1,133,166,56,56,0.999985
897,1,133,159,56,56,0.999998
898,1,133,167,56,56,0.996616
899,1,133,159,56,56,1.0
900,1,133,166,56,56,0.98405
901,1,133,164,56,56,0.999991
902,1,141,159,56,56,1.0
903,1,127,160,56,56,0.999815
904,1,102,126,56,56,1.0
905,1,135,159,56,56,0.999987
906,1,127,158,56,56,1.0
906,1,158,98,56,56,0.999997
907,1,156,100,56,56,1.0
907,1,113,125,56,56,1.0
908,1,143,158,56,56,0.999973
909,1,143,151,56,56,0.997461
910,1,108,150,56,56,0.999517
911,1,141,152,56,56,0.989023
912,1,126,152,56,56,1.0
913,1,138,154,56,56,1.0
914,1,136,152,56,56,0.99999
915,1,139,152,56,56,0.979641
916,1,158,80,56,56,0.999996
916,1,131,152,56,56,0.993398
917,1,150,80,56,56,1.0
917,1,124,149,56,56,0.998546
918,1,148,81,56,56,1.0
918,1,144,150,56,56,0.999998
919,1,144,148,56,56,1.0
919,1,150,82,56,56,0.999998
920,1,135,154,56,56,1.0
920,1,140,106,56,56,1.0
921,1,140,113,56,56,0.999988
921,1,155,174,56,56,0.94198
922,1,146,105,56,56,1.0
923,1,152,81,56,56,1.0
924,1,151,145,56,56,0.999998
925,1,153,145,56,56,0.999945
926,1,130,107,56,56,1.0
927,1,145,145,56,56,0.931724
928,1,152,145,56,56,0.99841
929,1,152,145,56,56,0.997156
930,1,151,145,56,56,0.999576
931,1,144,145,56,56,0.999186
932,1,162,134,56,56,0.938656
933,1,149,145,56,56,0.996316
934,1,162,142,56,56,0.954552
935,1,141,145,56,56,0.994588
937,1,160,134,56,56,0.79629
938,1,159,134,56,56,0.533652
939,1,133,145,56,56,0.843993
940,1,134,131,56,56,0.999993
941,1,126,97,56,56,1.0
942,1,142,127,56,56,0.999977
943,1,142,126,56,56,0.999963
944,1,144,122,56,56,0.999979
945,1,109,114,56,56,0.99996
947,1,140,121,56,56,1.0
949,1,135,129,56,56,0.989737
952,1,139,113,56,56,0.999951
953,1,140,121,56,56,0.999979
954,1,142,110,56,56,0.997355
955,1,156,113,56,56,0.977009
957,1,142,114,56,56,0.995404
958,1,142,110,56,56,0.997689
964,1,153,89,56,56,0.999997
966,1,136,110,56,56,0.999869
967,1,136,110,56,56,0.999936
969,1,145,111,56,56,0.960798
970,1,145,110,56,56,0.723645
973,1,153,97,56,56,0.999876
974,1,137,97,56,56,1.0
975,1,145,109,56,56,0.681821
977,1,146,108,56,56,0.683421
978,1,153,107,56,56,0.907786
979,1,147,106,56,56,0.600836
980,1,143,106,56,56,0.787443
993,1,142,97,56,56,0.933382
996,1,142,94,56,56,0.99006
999,1,150,92,56,56,0.554526
1000,1,146,86,56,56,0.558891
1002,1,150,86,56,56,0.907443
1005,1,150,84,56,56,0.946742
1006,1,142,91,56,56,0.781748
1178,1,209,66,56,56,0.748521
1179,1,209,74,56,56,0.931706
1185,1,130,34,56,56,0.817214
1187,1,131,42,56,56,0.931412
1187,1,213,63,56,56,0.596741
