0, 1, 56, 0, 56, 56
1, 1, 72, 64, 56, 56
2, 1, 200, 192, 56, 56
3, 1, 216, 208, 56, 56
4, 1, 56, 0, 56, 56
5, 1, 56, 0, 56, 56
6, 1, 56, 0, 56, 56
7, 1, 56, 0, 56, 56
8, 1, 56, 0, 56, 56
9, 1, 56, 0, 56, 56
10, 1, 200, 184, 56, 56
11, 1, 200, 184, 56, 56
12, 1, 56, 0, 56, 56
13, 1, 56, 0, 56, 56
14, 1, 56, 0, 56, 56
15, 1, 56, 0, 56, 56
16, 1, 200, 192, 56, 56
17, 1, 208, 200, 56, 56
18, 1, 56, 0, 56, 56
19, 1, 56, 0, 56, 56
20, 1, 56, 0, 56, 56
21, 1, 176, 64, 56, 56
22, 1, 56, 0, 56, 56
23, 1, 56, 0, 56, 56
24, 1, 176, 64, 56, 56
25, 1, 176, 64, 56, 56
26, 1, 56, 0, 56, 56
27, 1, 176, 64, 56, 56
28, 1, 168, 216, 56, 56
29, 1, 56, 0, 56, 56
30, 1, 168, 216, 56, 56
31, 1, 200, 192, 56, 56
32, 1, 56, 0, 56, 56
33, 1, 56, 0, 56, 56
34, 1, 176, 64, 56, 56
35, 1, 176, 72, 56, 56
36, 1, 200, 192, 56, 56
37, 1, 200, 192, 56, 56
38, 1, 200, 192, 56, 56
39, 1, 176, 64, 56, 56
40, 1, 176, 64, 56, 56
41, 1, 176, 64, 56, 56
42, 1, 184, 216, 56, 56
43, 1, 72, 64, 56, 56
44, 1, 176, 64, 56, 56
45, 1, 64, 56, 56, 56
46, 1, 56, 0, 56, 56
47, 1, 56, 0, 56, 56
48, 1, 200, 192, 56, 56
49, 1, 56, 0, 56, 56
50, 1, 200, 192, 56, 56
51, 1, 56, 0, 56, 56
52, 1, 200, 176, 56, 56
53, 1, 56, 0, 56, 56
54, 1, 208, 200, 56, 56
55, 1, 72, 64, 56, 56
56, 1, 56, 0, 56, 56
57, 1, 56, 0, 56, 56
58, 1, 176, 72, 56, 56
59, 1, 56, 0, 56, 56
60, 1, 112, 208, 56, 56
61, 1, 200, 216, 56, 56
62, 1, 176, 72, 56, 56
63, 1, 176, 72, 56, 56
64, 1, 200, 192, 56, 56
65, 1, 216, 216, 56, 56
66, 1, 176, 184, 56, 56
67, 1, 216, 216, 56, 56
68, 1, 216, 216, 56, 56
69, 1, 200, 184, 56, 56
70, 1, 24, 168, 56, 56
71, 1, 200, 216, 56, 56
72, 1, 176, 72, 56, 56
73, 1, 200, 192, 56, 56
74, 1, 176, 64, 56, 56
75, 1, 176, 64, 56, 56
76, 1, 200, 192, 56, 56
77, 1, 176, 72, 56, 56
78, 1, 168, 216, 56, 56
79, 1, 176, 64, 56, 56
80, 1, 176, 64, 56, 56
81, 1, 64, 56, 56, 56
82, 1, 72, 72, 56, 56
83, 1, 112, 216, 56, 56
84, 1, 200, 192, 56, 56
85, 1, 176, 64, 56, 56
86, 1, 200, 184, 56, 56
87, 1, 112, 216, 56, 56
88, 1, 200, 192, 56, 56
89, 1, 296, 208, 56, 56
90, 1, 296, 208, 56, 56
91, 1, 296, 208, 56, 56
92, 1, 296, 208, 56, 56
93, 1, 184, 216, 56, 56
94, 1, 296, 208, 56, 56
95, 1, 296, 208, 56, 56
96, 1, 296, 208, 56, 56
97, 1, 296, 208, 56, 56
98, 1, 296, 208, 56, 56
99, 1, 296, 208, 56, 56
100, 1, 296, 208, 56, 56
101, 1, 296, 208, 56, 56
102, 1, 296, 208, 56, 56
103, 1, 56, 0, 56, 56
104, 1, 56, 0, 56, 56
105, 1, 296, 208, 56, 56
106, 1, 296, 208, 56, 56
107, 1, 296, 208, 56, 56
108, 1, 56, 0, 56, 56
109, 1, 56, 0, 56, 56
110, 1, 200, 192, 56, 56
111, 1, 200, 192, 56, 56
112, 1, 56, 0, 56, 56
113, 1, 56, 0, 56, 56
114, 1, 296, 208, 56, 56
115, 1, 176, 72, 56, 56
116, 1, 184, 216, 56, 56
117, 1, 176, 72, 56, 56
118, 1, 200, 192, 56, 56
119, 1, 176, 72, 56, 56
120, 1, 176, 72, 56, 56
121, 1, 200, 192, 56, 56
122, 1, 296, 208, 56, 56
123, 1, 296, 208, 56, 56
124, 1, 296, 208, 56, 56
125, 1, 176, 72, 56, 56
126, 1, 176, 72, 56, 56
127, 1, 168, 224, 56, 56
128, 1, 296, 208, 56, 56
129, 1, 168, 224, 56, 56
130, 1, 176, 72, 56, 56
131, 1, 176, 72, 56, 56
132, 1, 176, 72, 56, 56
133, 1, 176, 72, 56, 56
134, 1, 296, 208, 56, 56
135, 1, 176, 72, 56, 56
136, 1, 176, 72, 56, 56
137, 1, 176, 72, 56, 56
138, 1, 72, 64, 56, 56
139, 1, 176, 72, 56, 56
140, 1, 176, 72, 56, 56
141, 1, 176, 72, 56, 56
142, 1, 176, 72, 56, 56
143, 1, 176, 72, 56, 56
144, 1, 176, 72, 56, 56
145, 1, 296, 208, 56, 56
146, 1, 176, 72, 56, 56
147, 1, 176, 72, 56, 56
148, 1, 176, 72, 56, 56
149, 1, 72, 72, 56, 56
150, 1, 176, 72, 56, 56
151, 1, 176, 72, 56, 56
152, 1, 176, 72, 56, 56
153, 1, 176, 72, 56, 56
154, 1, 176, 72, 56, 56
155, 1, 296, 208, 56, 56
156, 1, 176, 72, 56, 56
157, 1, 296, 208, 56, 56
158, 1, 296, 216, 56, 56
159, 1, 296, 208, 56, 56
160, 1, 176, 72, 56, 56
161, 1, 296, 208, 56, 56
162, 1, 296, 208, 56, 56
163, 1, 176, 72, 56, 56
164, 1, 200, 192, 56, 56
165, 1, 200, 192, 56, 56
166, 1, 184, 216, 56, 56
167, 1, 200, 192, 56, 56
168, 1, 184, 216, 56, 56
169, 1, 200, 192, 56, 56
170, 1, 208, 200, 56, 56
171, 1, 56, 0, 56, 56
172, 1, 176, 72, 56, 56
173, 1, 296, 208, 56, 56
174, 1, 200, 192, 56, 56
175, 1, 296, 208, 56, 56
176, 1, 56, 0, 56, 56
177, 1, 56, 0, 56, 56
178, 1, 56, 0, 56, 56
179, 1, 56, 0, 56, 56
180, 1, 56, 0, 56, 56
181, 1, 176, 72, 56, 56
182, 1, 56, 0, 56, 56
183, 1, 176, 64, 56, 56
184, 1, 176, 64, 56, 56
185, 1, 56, 0, 56, 56
186, 1, 56, 0, 56, 56
187, 1, 56, 0, 56, 56
188, 1, 176, 72, 56, 56
189, 1, 56, 0, 56, 56
190, 1, 56, 0, 56, 56
191, 1, 56, 0, 56, 56
192, 1, 56, 0, 56, 56
193, 1, 176, 72, 56, 56
194, 1, 56, 0, 56, 56
195, 1, 56, 0, 56, 56
196, 1, 56, 0, 56, 56
197, 1, 200, 184, 56, 56
198, 1, 56, 0, 56, 56
199, 1, 56, 0, 56, 56
200, 1, 56, 0, 56, 56
201, 1, 56, 0, 56, 56
202, 1, 200, 192, 56, 56
203, 1, 56, 0, 56, 56
204, 1, 56, 0, 56, 56
205, 1, 56, 0, 56, 56
206, 1, 56, 0, 56, 56
207, 1, 56, 0, 56, 56
208, 1, 296, 216, 56, 56
209, 1, 296, 208, 56, 56
210, 1, 296, 208, 56, 56
211, 1, 296, 208, 56, 56
212, 1, 296, 208, 56, 56
213, 1, 296, 216, 56, 56
214, 1, 176, 72, 56, 56
215, 1, 296, 208, 56, 56
216, 1, 176, 72, 56, 56
217, 1, 200, 192, 56, 56
218, 1, 296, 208, 56, 56
219, 1, 296, 208, 56, 56
220, 1, 296, 216, 56, 56
221, 1, 296, 208, 56, 56
222, 1, 296, 208, 56, 56
223, 1, 200, 192, 56, 56
224, 1, 296, 216, 56, 56
225, 1, 296, 208, 56, 56
226, 1, 296, 208, 56, 56
227, 1, 296, 208, 56, 56
228, 1, 56, 0, 56, 56
229, 1, 296, 208, 56, 56
230, 1, 200, 192, 56, 56
231, 1, 200, 192, 56, 56
232, 1, 296, 208, 56, 56
233, 1, 296, 216, 56, 56
234, 1, 296, 216, 56, 56
235, 1, 176, 64, 56, 56
236, 1, 8, 0, 56, 56
237, 1, 176, 64, 56, 56
238, 1, 296, 208, 56, 56
239, 1, 56, 0, 56, 56
240, 1, 200, 192, 56, 56
241, 1, 296, 208, 56, 56
242, 1, 176, 64, 56, 56
243, 1, 200, 192, 56, 56
244, 1, 296, 208, 56, 56
245, 1, 296, 208, 56, 56
246, 1, 296, 208, 56, 56
247, 1, 296, 208, 56, 56
248, 1, 200, 192, 56, 56
249, 1, 176, 72, 56, 56
250, 1, 200, 192, 56, 56
251, 1, 176, 64, 56, 56
252, 1, 176, 64, 56, 56
253, 1, 176, 72, 56, 56
254, 1, 176, 64, 56, 56
255, 1, 176, 64, 56, 56
256, 1, 176, 64, 56, 56
257, 1, 176, 64, 56, 56
258, 1, 176, 64, 56, 56
259, 1, 200, 184, 56, 56
260, 1, 296, 208, 56, 56
261, 1, 176, 64, 56, 56
262, 1, 176, 72, 56, 56
263, 1, 176, 72, 56, 56
264, 1, 72, 72, 56, 56
265, 1, 176, 64, 56, 56
267, 1, 176, 72, 56, 56
268, 1, 184, 216, 56, 56
269, 1, 176, 72, 56, 56
270, 1, 176, 72, 56, 56
271, 1, 200, 216, 56, 56
272, 1, 200, 192, 56, 56
273, 1, 56, 0, 56, 56
274, 1, 184, 216, 56, 56
275, 1, 56, 0, 56, 56
276, 1, 112, 216, 56, 56
277, 1, 176, 64, 56, 56
278, 1, 200, 192, 56, 56
279, 1, 200, 192, 56, 56
280, 1, 56, 0, 56, 56
281, 1, 176, 64, 56, 56
282, 1, 176, 72, 56, 56
283, 1, 64, 56, 56, 56
284, 1, 176, 64, 56, 56
285, 1, 56, 0, 56, 56
286, 1, 56, 0, 56, 56
287, 1, 56, 0, 56, 56
288, 1, 56, 0, 56, 56
289, 1, 176, 64, 56, 56
290, 1, 200, 192, 56, 56
291, 1, 176, 64, 56, 56
292, 1, 176, 64, 56, 56
293, 1, 176, 64, 56, 56
294, 1, 56, 0, 56, 56
295, 1, 56, 0, 56, 56
296, 1, 176, 64, 56, 56
297, 1, 56, 0, 56, 56
298, 1, 56, 0, 56, 56
299, 1, 72, 72, 56, 56
300, 1, 24, 168, 56, 56
301, 1, 296, 208, 56, 56
302, 1, 56, 0, 56, 56
303, 1, 56, 0, 56, 56
304, 1, 72, 72, 56, 56
305, 1, 168, 176, 56, 56
306, 1, 56, 0, 56, 56
307, 1, 72, 72, 56, 56
308, 1, 80, 88, 56, 56
309, 1, 72, 72, 56, 56
310, 1, 80, 88, 56, 56
311, 1, 184, 216, 56, 56
312, 1, 72, 72, 56, 56
313, 1, 80, 88, 56, 56
314, 1, 80, 88, 56, 56
315, 1, 80, 88, 56, 56
316, 1, 80, 88, 56, 56
317, 1, 80, 88, 56, 56
318, 1, 72, 80, 56, 56
319, 1, 72, 80, 56, 56
320, 1, 72, 80, 56, 56
321, 1, 72, 80, 56, 56
322, 1, 80, 88, 56, 56
323, 1, 72, 80, 56, 56
324, 1, 80, 88, 56, 56
325, 1, 72, 80, 56, 56
326, 1, 72, 80, 56, 56
327, 1, 72, 80, 56, 56
328, 1, 72, 80, 56, 56
329, 1, 72, 80, 56, 56
330, 1, 72, 80, 56, 56
331, 1, 72, 80, 56, 56
332, 1, 72, 80, 56, 56
333, 1, 72, 72, 56, 56
334, 1, 72, 72, 56, 56
335, 1, 72, 72, 56, 56
336, 1, 72, 72, 56, 56
337, 1, 72, 72, 56, 56
338, 1, 72, 72, 56, 56
339, 1, 72, 72, 56, 56
339, 1, 160, 72, 56, 56
340, 1, 160, 72, 56, 56
340, 1, 72, 72, 56, 56
341, 1, 160, 72, 56, 56
341, 1, 72, 72, 56, 56
342, 1, 144, 56, 56, 56
343, 1, 144, 56, 56, 56
344, 1, 144, 64, 56, 56
345, 1, 136, 64, 56, 56
346, 1, 136, 64, 56, 56
347, 1, 136, 72, 56, 56
348, 1, 128, 72, 56, 56
349, 1, 120, 72, 56, 56
350, 1, 128, 80, 56, 56
351, 1, 112, 80, 56, 56
352, 1, 112, 80, 56, 56
353, 1, 104, 80, 56, 56
354, 1, 104, 88, 56, 56
355, 1, 96, 88, 56, 56
356, 1, 96, 96, 56, 56
357, 1, 96, 96, 56, 56
358, 1, 88, 96, 56, 56
359, 1, 88, 104, 56, 56
360, 1, 88, 104, 56, 56
361, 1, 80, 112, 56, 56
362, 1, 80, 112, 56, 56
363, 1, 80, 120, 56, 56
364, 1, 80, 128, 56, 56
365, 1, 72, 128, 56, 56
366, 1, 120, 72, 56, 56
367, 1, 64, 144, 56, 56
368, 1, 120, 72, 56, 56
369, 1, 56, 152, 56, 56
370, 1, 120, 88, 56, 56
371, 1, 48, 160, 56, 56
372, 1, 40, 160, 56, 56
373, 1, 72, 168, 56, 56
374, 1, 40, 168, 56, 56
375, 1, 24, 168, 56, 56
376, 1, 24, 168, 56, 56
377, 1, 24, 200, 56, 56
378, 1, 16, 176, 56, 56
379, 1, 64, 56, 56, 56
380, 1, 8, 184, 56, 56
381, 1, 0, 184, 56, 56
382, 1, 32, 200, 56, 56
383, 1, 0, 192, 56, 56
384, 1, 24, 192, 56, 56
385, 1, 16, 200, 56, 56
386, 1, 16, 200, 56, 56
387, 1, 8, 208, 56, 56
388, 1, 144, 40, 56, 56
389, 1, 120, 80, 56, 56
390, 1, 0, 208, 56, 56
391, 1, 32, 224, 56, 56
392, 1, 120, 80, 56, 56
393, 1, 120, 80, 56, 56
394, 1, 120, 80, 56, 56
395, 1, 120, 80, 56, 56
396, 1, 16, 216, 56, 56
397, 1, 16, 216, 56, 56
398, 1, 8, 224, 56, 56
399, 1, 120, 80, 56, 56
400, 1, 120, 80, 56, 56
401, 1, 120, 80, 56, 56
402, 1, 160, 40, 56, 56
403, 1, 160, 40, 56, 56
404, 1, 152, 40, 56, 56
405, 1, 152, 40, 56, 56
406, 1, 152, 48, 56, 56
407, 1, 152, 48, 56, 56
408, 1, 144, 48, 56, 56
409, 1, 144, 56, 56, 56
410, 1, 144, 56, 56, 56
411, 1, 144, 64, 56, 56
412, 1, 144, 64, 56, 56
413, 1, 136, 72, 56, 56
414, 1, 136, 72, 56, 56
415, 1, 136, 80, 56, 56
416, 1, 136, 80, 56, 56
417, 1, 136, 80, 56, 56
418, 1, 136, 88, 56, 56
419, 1, 136, 88, 56, 56
420, 1, 120, 48, 56, 56
421, 1, 136, 96, 56, 56
422, 1, 160, 64, 56, 56
423, 1, 160, 64, 56, 56
424, 1, 144, 104, 56, 56
425, 1, 144, 112, 56, 56
425, 1, 152, 56, 56, 56
426, 1, 152, 56, 56, 56
427, 1, 152, 64, 56, 56
428, 1, 80, 96, 56, 56
428, 1, 152, 48, 56, 56
428, 1, 152, 120, 56, 56
429, 1, 152, 128, 56, 56
429, 1, 144, 64, 56, 56
429, 1, 80, 96, 56, 56
430, 1, 80, 96, 56, 56
430, 1, 144, 64, 56, 56
431, 1, 160, 136, 56, 56
431, 1, 144, 64, 56, 56
431, 1, 80, 96, 56, 56
432, 1, 80, 96, 56, 56
432, 1, 160, 136, 56, 56
433, 1, 80, 96, 56, 56
434, 1, 144, 72, 56, 56
435, 1, 144, 72, 56, 56
435, 1, 168, 152, 56, 56
436, 1, 144, 72, 56, 56
436, 1, 168, 160, 56, 56
436, 1, 64, 72, 56, 56
437, 1, 144, 80, 56, 56
438, 1, 64, 72, 56, 56
438, 1, 144, 80, 56, 56
439, 1, 136, 88, 56, 56
439, 1, 80, 96, 56, 56
440, 1, 80, 96, 56, 56
440, 1, 136, 88, 56, 56
440, 1, 176, 176, 56, 56
441, 1, 136, 88, 56, 56
441, 1, 80, 96, 56, 56
442, 1, 80, 96, 56, 56
442, 1, 184, 184, 56, 56
443, 1, 128, 32, 56, 56
443, 1, 64, 72, 56, 56
444, 1, 184, 192, 56, 56
444, 1, 128, 80, 56, 56
444, 1, 80, 96, 56, 56
445, 1, 80, 96, 56, 56
446, 1, 192, 200, 56, 56
446, 1, 128, 40, 56, 56
446, 1, 64, 72, 56, 56
447, 1, 192, 208, 56, 56
447, 1, 128, 40, 56, 56
447, 1, 80, 96, 56, 56
448, 1, 200, 208, 56, 56
448, 1, 128, 40, 56, 56
448, 1, 136, 184, 56, 56
448, 1, 64, 72, 56, 56
449, 1, 200, 216, 56, 56
449, 1, 64, 72, 56, 56
449, 1, 128, 48, 56, 56
450, 1, 184, 200, 56, 56
450, 1, 80, 96, 56, 56
451, 1, 128, 48, 56, 56
451, 1, 200, 224, 56, 56
452, 1, 128, 48, 56, 56
452, 1, 64, 72, 56, 56
453, 1, 208, 232, 56, 56
453, 1, 128, 80, 56, 56
453, 1, 64, 72, 56, 56
454, 1, 64, 72, 56, 56
455, 1, 128, 56, 56, 56
456, 1, 128, 56, 56, 56
457, 1, 128, 56, 56, 56
458, 1, 128, 64, 56, 56
458, 1, 96, 144, 56, 56
459, 1, 120, 64, 56, 56
460, 1, 120, 64, 56, 56
461, 1, 120, 64, 56, 56
462, 1, 120, 64, 56, 56
463, 1, 120, 72, 56, 56
464, 1, 120, 72, 56, 56
465, 1, 120, 72, 56, 56
466, 1, 128, 72, 56, 56
466, 1, 80, 176, 56, 56
467, 1, 128, 72, 56, 56
468, 1, 128, 72, 56, 56
469, 1, 72, 192, 56, 56
470, 1, 64, 192, 56, 56
471, 1, 64, 200, 56, 56
471, 1, 136, 80, 56, 56
472, 1, 136, 80, 56, 56
472, 1, 64, 208, 56, 56
473, 1, 56, 208, 56, 56
473, 1, 136, 80, 56, 56
474, 1, 56, 216, 56, 56
474, 1, 136, 88, 56, 56
475, 1, 136, 88, 56, 56
475, 1, 48, 216, 56, 56
476, 1, 48, 224, 56, 56
476, 1, 160, 56, 56, 56
477, 1, 48, 224, 56, 56
477, 1, 160, 56, 56, 56
478, 1, 144, 96, 56, 56
478, 1, 40, 232, 56, 56
479, 1, 144, 96, 56, 56
479, 1, 168, 56, 56, 56
479, 1, 40, 232, 56, 56
480, 1, 168, 56, 56, 56
480, 1, 144, 96, 56, 56
480, 1, 32, 232, 56, 56
481, 1, 168, 56, 56, 56
481, 1, 144, 104, 56, 56
482, 1, 168, 64, 56, 56
482, 1, 136, 104, 56, 56
483, 1, 168, 64, 56, 56
483, 1, 136, 104, 56, 56
484, 1, 136, 104, 56, 56
484, 1, 168, 64, 56, 56
485, 1, 136, 112, 56, 56
485, 1, 168, 64, 56, 56
486, 1, 136, 112, 56, 56
486, 1, 168, 64, 56, 56
487, 1, 136, 112, 56, 56
487, 1, 168, 72, 56, 56
488, 1, 136, 112, 56, 56
488, 1, 168, 72, 56, 56
489, 1, 176, 72, 56, 56
489, 1, 112, 40, 56, 56
490, 1, 136, 120, 56, 56
490, 1, 112, 40, 56, 56
490, 1, 176, 80, 56, 56
491, 1, 176, 80, 56, 56
491, 1, 136, 120, 56, 56
491, 1, 112, 40, 56, 56
492, 1, 112, 40, 56, 56
492, 1, 136, 120, 56, 56
492, 1, 176, 80, 56, 56
493, 1, 128, 128, 56, 56
493, 1, 112, 40, 56, 56
493, 1, 176, 80, 56, 56
494, 1, 128, 128, 56, 56
494, 1, 112, 40, 56, 56
494, 1, 184, 88, 56, 56
495, 1, 184, 88, 56, 56
495, 1, 128, 128, 56, 56
495, 1, 112, 48, 56, 56
496, 1, 120, 48, 56, 56
496, 1, 184, 88, 56, 56
496, 1, 128, 136, 56, 56
497, 1, 120, 48, 56, 56
497, 1, 128, 136, 56, 56
497, 1, 184, 96, 56, 56
497, 1, 168, 176, 56, 56
498, 1, 120, 48, 56, 56
498, 1, 192, 96, 56, 56
498, 1, 128, 136, 56, 56
498, 1, 168, 176, 56, 56
499, 1, 120, 56, 56, 56
499, 1, 192, 96, 56, 56
499, 1, 136, 144, 56, 56
500, 1, 120, 56, 56, 56
500, 1, 192, 96, 56, 56
500, 1, 136, 144, 56, 56
501, 1, 120, 64, 56, 56
501, 1, 136, 152, 56, 56
501, 1, 192, 104, 56, 56
502, 1, 192, 104, 56, 56
502, 1, 136, 152, 56, 56
502, 1, 120, 64, 56, 56
503, 1, 120, 64, 56, 56
503, 1, 136, 152, 56, 56
503, 1, 192, 104, 56, 56
504, 1, 120, 72, 56, 56
504, 1, 192, 112, 56, 56
504, 1, 136, 152, 56, 56
505, 1, 120, 72, 56, 56
505, 1, 192, 112, 56, 56
505, 1, 144, 160, 56, 56
506, 1, 120, 72, 56, 56
506, 1, 144, 160, 56, 56
507, 1, 128, 80, 56, 56
507, 1, 200, 120, 56, 56
507, 1, 144, 168, 56, 56
508, 1, 128, 80, 56, 56
508, 1, 144, 168, 56, 56
508, 1, 192, 120, 56, 56
509, 1, 120, 80, 56, 56
509, 1, 144, 168, 56, 56
509, 1, 200, 128, 56, 56
510, 1, 128, 88, 56, 56
510, 1, 200, 128, 56, 56
510, 1, 144, 176, 56, 56
511, 1, 120, 88, 56, 56
511, 1, 152, 176, 56, 56
511, 1, 192, 128, 56, 56
512, 1, 120, 88, 56, 56
512, 1, 200, 136, 56, 56
512, 1, 152, 176, 56, 56
513, 1, 120, 88, 56, 56
513, 1, 200, 136, 56, 56
513, 1, 144, 176, 56, 56
514, 1, 200, 136, 56, 56
514, 1, 120, 96, 56, 56
515, 1, 120, 96, 56, 56
515, 1, 200, 144, 56, 56
515, 1, 152, 184, 56, 56
516, 1, 200, 144, 56, 56
516, 1, 120, 96, 56, 56
516, 1, 152, 192, 56, 56
517, 1, 120, 104, 56, 56
517, 1, 200, 144, 56, 56
517, 1, 152, 192, 56, 56
518, 1, 120, 104, 56, 56
518, 1, 200, 152, 56, 56
519, 1, 200, 152, 56, 56
519, 1, 112, 104, 56, 56
519, 1, 152, 200, 56, 56
520, 1, 112, 112, 56, 56
520, 1, 144, 200, 56, 56
520, 1, 208, 160, 56, 56
521, 1, 112, 112, 56, 56
521, 1, 208, 160, 56, 56
522, 1, 208, 168, 56, 56
522, 1, 120, 112, 56, 56
523, 1, 208, 168, 56, 56
523, 1, 104, 120, 56, 56
524, 1, 104, 120, 56, 56
524, 1, 208, 168, 56, 56
524, 1, 144, 216, 56, 56
525, 1, 208, 176, 56, 56
526, 1, 96, 128, 56, 56
526, 1, 216, 176, 56, 56
527, 1, 96, 128, 56, 56
527, 1, 216, 184, 56, 56
528, 1, 216, 184, 56, 56
528, 1, 96, 128, 56, 56
529, 1, 216, 184, 56, 56
529, 1, 96, 136, 56, 56
530, 1, 88, 136, 56, 56
530, 1, 224, 192, 56, 56
531, 1, 224, 192, 56, 56
531, 1, 152, 80, 56, 56
531, 1, 88, 136, 56, 56
532, 1, 224, 192, 56, 56
532, 1, 88, 144, 56, 56
532, 1, 136, 136, 56, 56
532, 1, 152, 80, 56, 56
532, 1, 136, 192, 56, 56
533, 1, 88, 144, 56, 56
533, 1, 136, 136, 56, 56
533, 1, 136, 192, 56, 56
533, 1, 224, 200, 56, 56
534, 1, 136, 200, 56, 56
534, 1, 224, 200, 56, 56
535, 1, 136, 200, 56, 56
536, 1, 80, 160, 56, 56
537, 1, 232, 208, 56, 56
537, 1, 96, 152, 56, 56
538, 1, 232, 208, 56, 56
538, 1, 80, 168, 56, 56
538, 1, 168, 216, 56, 56
539, 1, 232, 216, 56, 56
539, 1, 80, 168, 56, 56
540, 1, 232, 216, 56, 56
540, 1, 88, 160, 56, 56
541, 1, 152, 40, 56, 56
541, 1, 232, 224, 56, 56
542, 1, 152, 40, 56, 56
542, 1, 144, 104, 56, 56
542, 1, 232, 224, 56, 56
542, 1, 88, 168, 56, 56
543, 1, 152, 40, 56, 56
543, 1, 88, 168, 56, 56
543, 1, 232, 224, 56, 56
543, 1, 136, 104, 56, 56
544, 1, 136, 104, 56, 56
544, 1, 152, 40, 56, 56
544, 1, 72, 192, 56, 56
544, 1, 200, 200, 56, 56
545, 1, 136, 104, 56, 56
545, 1, 232, 232, 56, 56
545, 1, 80, 96, 56, 56
546, 1, 80, 184, 56, 56
546, 1, 128, 104, 56, 56
547, 1, 128, 104, 56, 56
547, 1, 80, 96, 56, 56
548, 1, 128, 104, 56, 56
549, 1, 96, 216, 56, 56
549, 1, 80, 96, 56, 56
550, 1, 56, 216, 56, 56
550, 1, 120, 112, 56, 56
550, 1, 152, 56, 56, 56
551, 1, 144, 56, 56, 56
551, 1, 72, 200, 56, 56
552, 1, 144, 56, 56, 56
552, 1, 112, 112, 56, 56
553, 1, 128, 144, 56, 56
553, 1, 144, 56, 56, 56
553, 1, 64, 208, 56, 56
554, 1, 104, 120, 56, 56
555, 1, 120, 144, 56, 56
555, 1, 64, 216, 56, 56
556, 1, 96, 120, 56, 56
556, 1, 56, 216, 56, 56
557, 1, 96, 120, 56, 56
557, 1, 56, 216, 56, 56
558, 1, 136, 64, 56, 56
558, 1, 96, 128, 56, 56
559, 1, 88, 128, 56, 56
559, 1, 48, 224, 56, 56
560, 1, 88, 128, 56, 56
561, 1, 88, 128, 56, 56
561, 1, 128, 72, 56, 56
562, 1, 168, 176, 56, 56
562, 1, 104, 152, 56, 56
563, 1, 80, 136, 56, 56
563, 1, 104, 216, 56, 56
563, 1, 168, 56, 56, 56
564, 1, 80, 136, 56, 56
564, 1, 168, 56, 56, 56
564, 1, 104, 216, 56, 56
565, 1, 168, 56, 56, 56
566, 1, 96, 160, 56, 56
567, 1, 72, 144, 56, 56
568, 1, 72, 144, 56, 56
568, 1, 128, 64, 56, 56
569, 1, 72, 152, 56, 56
569, 1, 136, 88, 56, 56
570, 1, 64, 152, 56, 56
570, 1, 136, 88, 56, 56
571, 1, 64, 152, 56, 56
571, 1, 136, 96, 56, 56
572, 1, 136, 96, 56, 56
572, 1, 64, 152, 56, 56
573, 1, 136, 96, 56, 56
573, 1, 56, 160, 56, 56
574, 1, 56, 160, 56, 56
574, 1, 136, 96, 56, 56
575, 1, 136, 104, 56, 56
575, 1, 56, 160, 56, 56
576, 1, 48, 160, 56, 56
576, 1, 136, 104, 56, 56
577, 1, 136, 104, 56, 56
577, 1, 48, 160, 56, 56
578, 1, 48, 168, 56, 56
578, 1, 128, 104, 56, 56
579, 1, 40, 168, 56, 56
579, 1, 128, 104, 56, 56
580, 1, 40, 168, 56, 56
580, 1, 128, 112, 56, 56
581, 1, 32, 168, 56, 56
581, 1, 120, 112, 56, 56
582, 1, 32, 168, 56, 56
582, 1, 120, 120, 56, 56
583, 1, 120, 120, 56, 56
583, 1, 32, 168, 56, 56
584, 1, 120, 120, 56, 56
584, 1, 24, 168, 56, 56
584, 1, 128, 56, 56, 56
585, 1, 80, 216, 56, 56
585, 1, 128, 88, 56, 56
586, 1, 120, 56, 56, 56
586, 1, 136, 152, 56, 56
586, 1, 24, 168, 56, 56
586, 1, 296, 0, 56, 56
587, 1, 296, 0, 56, 56
588, 1, 120, 64, 56, 56
588, 1, 16, 176, 56, 56
589, 1, 120, 64, 56, 56
589, 1, 16, 176, 56, 56
589, 1, 128, 160, 56, 56
590, 1, 120, 64, 56, 56
591, 1, 120, 64, 56, 56
592, 1, 120, 64, 56, 56
592, 1, 120, 168, 56, 56
593, 1, 120, 64, 56, 56
594, 1, 120, 64, 56, 56
594, 1, 120, 176, 56, 56
595, 1, 120, 72, 56, 56
595, 1, 296, 0, 56, 56
596, 1, 120, 72, 56, 56
596, 1, 112, 176, 56, 56
597, 1, 120, 72, 56, 56
597, 1, 8, 0, 56, 56
597, 1, 64, 216, 56, 56
598, 1, 128, 80, 56, 56
598, 1, 112, 184, 56, 56
599, 1, 128, 80, 56, 56
600, 1, 112, 168, 56, 56
600, 1, 136, 80, 56, 56
601, 1, 136, 80, 56, 56
601, 1, 80, 168, 56, 56
602, 1, 112, 176, 56, 56
603, 1, 80, 176, 56, 56
604, 1, 80, 176, 56, 56
605, 1, 80, 176, 56, 56
605, 1, 168, 176, 56, 56
606, 1, 104, 192, 56, 56
606, 1, 152, 88, 56, 56
606, 1, 136, 40, 56, 56
607, 1, 104, 192, 56, 56
607, 1, 152, 88, 56, 56
608, 1, 136, 40, 56, 56
608, 1, 104, 192, 56, 56
609, 1, 104, 200, 56, 56
610, 1, 144, 40, 56, 56
610, 1, 160, 96, 56, 56
610, 1, 96, 200, 56, 56
611, 1, 160, 96, 56, 56
611, 1, 96, 200, 56, 56
611, 1, 144, 40, 56, 56
612, 1, 160, 96, 56, 56
612, 1, 144, 40, 56, 56
612, 1, 64, 208, 56, 56
613, 1, 16, 192, 56, 56
613, 1, 96, 208, 56, 56
613, 1, 160, 96, 56, 56
614, 1, 160, 104, 56, 56
614, 1, 16, 192, 56, 56
615, 1, 160, 104, 56, 56
615, 1, 16, 192, 56, 56
615, 1, 88, 208, 56, 56
616, 1, 160, 104, 56, 56
617, 1, 8, 192, 56, 56
617, 1, 112, 40, 56, 56
618, 1, 112, 40, 56, 56
618, 1, 160, 112, 56, 56
618, 1, 80, 216, 56, 56
619, 1, 160, 112, 56, 56
619, 1, 112, 40, 56, 56
620, 1, 152, 56, 56, 56
621, 1, 152, 56, 56, 56
621, 1, 136, 104, 56, 56
621, 1, 72, 224, 56, 56
621, 1, 136, 184, 56, 56
622, 1, 160, 120, 56, 56
622, 1, 0, 200, 56, 56
623, 1, 0, 200, 56, 56
623, 1, 144, 56, 56, 56
624, 1, 144, 56, 56, 56
624, 1, 160, 128, 56, 56
625, 1, 144, 64, 56, 56
626, 1, 144, 64, 56, 56
626, 1, 136, 184, 56, 56
627, 1, 160, 136, 56, 56
628, 1, 136, 72, 56, 56
628, 1, 160, 136, 56, 56
629, 1, 136, 72, 56, 56
629, 1, 160, 144, 56, 56
630, 1, 48, 216, 56, 56
631, 1, 160, 152, 56, 56
632, 1, 128, 80, 56, 56
632, 1, 160, 152, 56, 56
633, 1, 128, 80, 56, 56
633, 1, 168, 160, 56, 56
634, 1, 168, 160, 56, 56
634, 1, 144, 40, 56, 56
634, 1, 120, 80, 56, 56
635, 1, 168, 160, 56, 56
635, 1, 120, 80, 56, 56
636, 1, 120, 88, 56, 56
636, 1, 168, 168, 56, 56
637, 1, 120, 88, 56, 56
637, 1, 0, 216, 56, 56
637, 1, 168, 168, 56, 56
638, 1, 120, 96, 56, 56
639, 1, 120, 96, 56, 56
639, 1, 136, 48, 56, 56
640, 1, 136, 48, 56, 56
640, 1, 120, 96, 56, 56
640, 1, 176, 176, 56, 56
641, 1, 176, 184, 56, 56
642, 1, 176, 184, 56, 56
643, 1, 136, 56, 56, 56
644, 1, 128, 32, 56, 56
644, 1, 112, 112, 56, 56
645, 1, 112, 112, 56, 56
645, 1, 184, 192, 56, 56
646, 1, 128, 40, 56, 56
646, 1, 160, 192, 56, 56
646, 1, 112, 112, 56, 56
647, 1, 136, 48, 56, 56
647, 1, 112, 120, 56, 56
647, 1, 160, 192, 56, 56
648, 1, 136, 48, 56, 56
648, 1, 112, 120, 56, 56
649, 1, 136, 48, 56, 56
650, 1, 136, 48, 56, 56
650, 1, 112, 128, 56, 56
650, 1, 200, 200, 56, 56
651, 1, 136, 48, 56, 56
652, 1, 136, 48, 56, 56
652, 1, 120, 104, 56, 56
653, 1, 136, 48, 56, 56
653, 1, 152, 104, 56, 56
654, 1, 136, 56, 56, 56
655, 1, 136, 56, 56, 56
655, 1, 208, 96, 56, 56
655, 1, 184, 224, 56, 56
656, 1, 136, 64, 56, 56
656, 1, 208, 208, 56, 56
657, 1, 136, 64, 56, 56
658, 1, 136, 64, 56, 56
659, 1, 136, 72, 56, 56
660, 1, 128, 72, 56, 56
660, 1, 184, 224, 56, 56
661, 1, 128, 72, 56, 56
662, 1, 120, 72, 56, 56
663, 1, 120, 80, 56, 56
664, 1, 120, 80, 56, 56
665, 1, 112, 80, 56, 56
665, 1, 160, 72, 56, 56
666, 1, 112, 80, 56, 56
667, 1, 104, 80, 56, 56
667, 1, 112, 192, 56, 56
668, 1, 104, 88, 56, 56
668, 1, 80, 208, 56, 56
669, 1, 96, 88, 56, 56
670, 1, 96, 88, 56, 56
670, 1, 120, 48, 56, 56
670, 1, 104, 200, 56, 56
671, 1, 88, 88, 56, 56
671, 1, 104, 208, 56, 56
672, 1, 72, 224, 56, 56
672, 1, 120, 48, 56, 56
672, 1, 88, 96, 56, 56
673, 1, 88, 96, 56, 56
673, 1, 120, 48, 56, 56
673, 1, 72, 224, 56, 56
674, 1, 88, 96, 56, 56
674, 1, 120, 48, 56, 56
674, 1, 160, 72, 56, 56
675, 1, 120, 48, 56, 56
675, 1, 88, 96, 56, 56
675, 1, 160, 80, 56, 56
676, 1, 80, 104, 56, 56
676, 1, 96, 216, 56, 56
676, 1, 120, 48, 56, 56
677, 1, 80, 104, 56, 56
677, 1, 96, 216, 56, 56
677, 1, 120, 64, 56, 56
678, 1, 128, 64, 56, 56
678, 1, 80, 104, 56, 56
678, 1, 96, 216, 56, 56
679, 1, 128, 64, 56, 56
679, 1, 72, 112, 56, 56
679, 1, 96, 224, 56, 56
680, 1, 128, 64, 56, 56
680, 1, 96, 224, 56, 56
681, 1, 128, 72, 56, 56
682, 1, 136, 72, 56, 56
683, 1, 136, 72, 56, 56
683, 1, 64, 120, 56, 56
684, 1, 136, 72, 56, 56
685, 1, 136, 80, 56, 56
686, 1, 136, 80, 56, 56
686, 1, 40, 128, 56, 56
687, 1, 136, 80, 56, 56
688, 1, 88, 208, 56, 56
688, 1, 120, 104, 56, 56
688, 1, 160, 56, 56, 56
689, 1, 88, 208, 56, 56
689, 1, 160, 56, 56, 56
690, 1, 24, 136, 56, 56
690, 1, 144, 56, 56, 56
691, 1, 144, 88, 56, 56
691, 1, 24, 136, 56, 56
692, 1, 16, 136, 56, 56
692, 1, 160, 64, 56, 56
693, 1, 160, 64, 56, 56
693, 1, 16, 136, 56, 56
694, 1, 160, 64, 56, 56
695, 1, 160, 64, 56, 56
696, 1, 136, 104, 56, 56
696, 1, 160, 64, 56, 56
697, 1, 136, 112, 56, 56
698, 1, 136, 112, 56, 56
698, 1, 160, 72, 56, 56
699, 1, 136, 120, 56, 56
700, 1, 136, 120, 56, 56
701, 1, 120, 80, 56, 56
701, 1, 136, 128, 56, 56
702, 1, 128, 128, 56, 56
702, 1, 120, 80, 56, 56
703, 1, 128, 128, 56, 56
703, 1, 120, 80, 56, 56
704, 1, 128, 136, 56, 56
704, 1, 112, 48, 56, 56
705, 1, 128, 136, 56, 56
705, 1, 120, 80, 56, 56
705, 1, 208, 96, 56, 56
706, 1, 128, 144, 56, 56
706, 1, 120, 80, 56, 56
707, 1, 128, 144, 56, 56
708, 1, 160, 72, 56, 56
709, 1, 128, 152, 56, 56
710, 1, 128, 152, 56, 56
710, 1, 168, 80, 56, 56
711, 1, 128, 152, 56, 56
712, 1, 128, 160, 56, 56
713, 1, 128, 160, 56, 56
713, 1, 112, 48, 56, 56
714, 1, 128, 168, 56, 56
714, 1, 160, 88, 56, 56
715, 1, 128, 168, 56, 56
715, 1, 160, 88, 56, 56
716, 1, 128, 176, 56, 56
716, 1, 168, 56, 56, 56
717, 1, 128, 176, 56, 56
718, 1, 128, 184, 56, 56
718, 1, 120, 80, 56, 56
719, 1, 128, 184, 56, 56
720, 1, 128, 192, 56, 56
720, 1, 160, 96, 56, 56
721, 1, 128, 192, 56, 56
722, 1, 136, 200, 56, 56
723, 1, 112, 208, 56, 56
723, 1, 168, 120, 56, 56
724, 1, 136, 208, 56, 56
725, 1, 128, 208, 56, 56
726, 1, 136, 216, 56, 56
727, 1, 128, 216, 56, 56
727, 1, 120, 64, 56, 56
728, 1, 128, 216, 56, 56
728, 1, 160, 72, 56, 56
729, 1, 128, 224, 56, 56
729, 1, 120, 64, 56, 56
730, 1, 128, 224, 56, 56
730, 1, 160, 136, 56, 56
731, 1, 128, 224, 56, 56
731, 1, 144, 64, 56, 56
732, 1, 128, 232, 56, 56
733, 1, 168, 152, 56, 56
733, 1, 128, 232, 56, 56
734, 1, 144, 80, 56, 56
734, 1, 168, 152, 56, 56
735, 1, 168, 152, 56, 56
736, 1, 168, 168, 56, 56
737, 1, 168, 160, 56, 56
738, 1, 168, 168, 56, 56
739, 1, 168, 168, 56, 56
739, 1, 152, 88, 56, 56
740, 1, 168, 176, 56, 56
741, 1, 152, 96, 56, 56
741, 1, 168, 176, 56, 56
742, 1, 168, 176, 56, 56
742, 1, 152, 96, 56, 56
743, 1, 168, 184, 56, 56
744, 1, 168, 184, 56, 56
744, 1, 160, 96, 56, 56
745, 1, 168, 184, 56, 56
745, 1, 160, 104, 56, 56
746, 1, 168, 192, 56, 56
746, 1, 128, 112, 56, 56
747, 1, 168, 192, 56, 56
747, 1, 128, 112, 56, 56
748, 1, 168, 200, 56, 56
749, 1, 168, 200, 56, 56
749, 1, 120, 80, 56, 56
750, 1, 168, 200, 56, 56
750, 1, 168, 112, 56, 56
751, 1, 168, 208, 56, 56
752, 1, 160, 208, 56, 56
752, 1, 144, 136, 56, 56
752, 1, 128, 80, 56, 56
753, 1, 160, 208, 56, 56
753, 1, 128, 80, 56, 56
754, 1, 160, 208, 56, 56
754, 1, 144, 144, 56, 56
755, 1, 160, 216, 56, 56
756, 1, 160, 216, 56, 56
756, 1, 152, 56, 56, 56
757, 1, 160, 216, 56, 56
757, 1, 152, 56, 56, 56
757, 1, 152, 152, 56, 56
758, 1, 160, 224, 56, 56
758, 1, 152, 56, 56, 56
759, 1, 152, 224, 56, 56
760, 1, 152, 64, 56, 56
760, 1, 152, 224, 56, 56
760, 1, 160, 160, 56, 56
761, 1, 168, 160, 56, 56
761, 1, 152, 64, 56, 56
761, 1, 160, 232, 56, 56
762, 1, 152, 232, 56, 56
762, 1, 168, 168, 56, 56
762, 1, 152, 64, 56, 56
763, 1, 152, 72, 56, 56
763, 1, 152, 232, 56, 56
763, 1, 168, 168, 56, 56
764, 1, 152, 72, 56, 56
764, 1, 176, 168, 56, 56
765, 1, 152, 72, 56, 56
766, 1, 184, 176, 56, 56
766, 1, 152, 80, 56, 56
767, 1, 152, 80, 56, 56
767, 1, 184, 176, 56, 56
768, 1, 152, 80, 56, 56
769, 1, 152, 80, 56, 56
770, 1, 152, 88, 56, 56
770, 1, 160, 40, 56, 56
770, 1, 200, 184, 56, 56
771, 1, 200, 184, 56, 56
771, 1, 160, 40, 56, 56
771, 1, 152, 88, 56, 56
772, 1, 200, 184, 56, 56
772, 1, 152, 88, 56, 56
773, 1, 160, 88, 56, 56
773, 1, 208, 192, 56, 56
774, 1, 208, 192, 56, 56
774, 1, 160, 48, 56, 56
775, 1, 160, 48, 56, 56
775, 1, 216, 192, 56, 56
776, 1, 216, 200, 56, 56
776, 1, 160, 48, 56, 56
776, 1, 160, 96, 56, 56
776, 1, 112, 56, 56, 56
777, 1, 160, 96, 56, 56
778, 1, 160, 96, 56, 56
778, 1, 224, 208, 56, 56
779, 1, 160, 96, 56, 56
779, 1, 224, 216, 56, 56
780, 1, 168, 104, 56, 56
781, 1, 168, 104, 56, 56
782, 1, 168, 104, 56, 56
783, 1, 168, 104, 56, 56
784, 1, 168, 112, 56, 56
785, 1, 168, 112, 56, 56
786, 1, 168, 112, 56, 56
786, 1, 272, 208, 56, 56
787, 1, 168, 112, 56, 56
788, 1, 168, 120, 56, 56
789, 1, 168, 120, 56, 56
789, 1, 280, 216, 56, 56
790, 1, 176, 128, 56, 56
791, 1, 176, 128, 56, 56
792, 1, 176, 136, 56, 56
793, 1, 176, 136, 56, 56
794, 1, 168, 136, 56, 56
795, 1, 296, 224, 56, 56
795, 1, 160, 80, 56, 56
795, 1, 176, 144, 56, 56
796, 1, 176, 144, 56, 56
796, 1, 160, 80, 56, 56
797, 1, 168, 144, 56, 56
798, 1, 152, 88, 56, 56
798, 1, 176, 152, 56, 56
799, 1, 176, 152, 56, 56
800, 1, 176, 152, 56, 56
800, 1, 152, 96, 56, 56
801, 1, 176, 160, 56, 56
802, 1, 176, 160, 56, 56
803, 1, 176, 160, 56, 56
804, 1, 176, 160, 56, 56
805, 1, 176, 168, 56, 56
805, 1, 80, 96, 56, 56
805, 1, 160, 64, 56, 56
806, 1, 176, 168, 56, 56
806, 1, 80, 96, 56, 56
807, 1, 184, 176, 56, 56
807, 1, 80, 96, 56, 56
808, 1, 184, 176, 56, 56
808, 1, 80, 96, 56, 56
809, 1, 184, 176, 56, 56
809, 1, 80, 96, 56, 56
809, 1, 128, 48, 56, 56
810, 1, 184, 176, 56, 56
810, 1, 128, 48, 56, 56
810, 1, 80, 96, 56, 56
811, 1, 184, 184, 56, 56
811, 1, 80, 96, 56, 56
811, 1, 160, 72, 56, 56
812, 1, 184, 184, 56, 56
812, 1, 80, 96, 56, 56
813, 1, 192, 184, 56, 56
813, 1, 80, 96, 56, 56
814, 1, 192, 192, 56, 56
814, 1, 80, 96, 56, 56
814, 1, 128, 56, 56, 56
815, 1, 192, 192, 56, 56
815, 1, 80, 96, 56, 56
816, 1, 192, 192, 56, 56
816, 1, 80, 96, 56, 56
817, 1, 192, 200, 56, 56
817, 1, 80, 96, 56, 56
817, 1, 152, 40, 56, 56
818, 1, 192, 200, 56, 56
818, 1, 80, 96, 56, 56
818, 1, 128, 64, 56, 56
819, 1, 192, 200, 56, 56
819, 1, 80, 96, 56, 56
819, 1, 128, 64, 56, 56
820, 1, 192, 200, 56, 56
820, 1, 80, 96, 56, 56
820, 1, 160, 48, 56, 56
821, 1, 192, 208, 56, 56
821, 1, 160, 48, 56, 56
821, 1, 80, 96, 56, 56
822, 1, 192, 208, 56, 56
822, 1, 160, 48, 56, 56
822, 1, 80, 96, 56, 56
823, 1, 192, 208, 56, 56
823, 1, 160, 56, 56, 56
823, 1, 80, 96, 56, 56
824, 1, 192, 216, 56, 56
824, 1, 160, 56, 56, 56
824, 1, 80, 96, 56, 56
825, 1, 192, 216, 56, 56
825, 1, 160, 56, 56, 56
825, 1, 80, 96, 56, 56
826, 1, 192, 216, 56, 56
826, 1, 160, 56, 56, 56
826, 1, 80, 96, 56, 56
827, 1, 160, 56, 56, 56
827, 1, 192, 216, 56, 56
827, 1, 80, 96, 56, 56
828, 1, 160, 56, 56, 56
828, 1, 192, 224, 56, 56
828, 1, 80, 96, 56, 56
829, 1, 160, 64, 56, 56
829, 1, 184, 224, 56, 56
829, 1, 80, 96, 56, 56
830, 1, 160, 64, 56, 56
830, 1, 184, 224, 56, 56
831, 1, 160, 64, 56, 56
831, 1, 184, 224, 56, 56
832, 1, 184, 232, 56, 56
832, 1, 120, 80, 56, 56
832, 1, 144, 152, 56, 56
833, 1, 184, 232, 56, 56
833, 1, 160, 72, 56, 56
833, 1, 144, 152, 56, 56
834, 1, 184, 232, 56, 56
834, 1, 168, 72, 56, 56
835, 1, 168, 72, 56, 56
835, 1, 184, 232, 56, 56
836, 1, 168, 72, 56, 56
836, 1, 144, 160, 56, 56
837, 1, 168, 80, 56, 56
838, 1, 168, 80, 56, 56
839, 1, 168, 80, 56, 56
840, 1, 168, 88, 56, 56
841, 1, 168, 88, 56, 56
842, 1, 168, 88, 56, 56
843, 1, 168, 88, 56, 56
844, 1, 128, 64, 56, 56
845, 1, 136, 184, 56, 56
845, 1, 128, 72, 56, 56
846, 1, 112, 96, 56, 56
846, 1, 184, 96, 56, 56
847, 1, 128, 56, 56, 56
847, 1, 136, 192, 56, 56
848, 1, 128, 80, 56, 56
848, 1, 192, 104, 56, 56
849, 1, 128, 80, 56, 56
849, 1, 192, 104, 56, 56
850, 1, 128, 80, 56, 56
850, 1, 144, 200, 56, 56
850, 1, 192, 112, 56, 56
851, 1, 144, 200, 56, 56
851, 1, 168, 120, 56, 56
851, 1, 136, 72, 56, 56
852, 1, 144, 200, 56, 56
852, 1, 136, 64, 56, 56
852, 1, 104, 112, 56, 56
853, 1, 136, 64, 56, 56
853, 1, 104, 112, 56, 56
854, 1, 136, 64, 56, 56
854, 1, 208, 120, 56, 56
854, 1, 152, 200, 56, 56
855, 1, 96, 112, 56, 56
856, 1, 96, 112, 56, 56
856, 1, 160, 208, 56, 56
857, 1, 96, 112, 56, 56
857, 1, 160, 208, 56, 56
858, 1, 136, 96, 56, 56
859, 1, 136, 72, 56, 56
859, 1, 168, 208, 56, 56
859, 1, 208, 160, 56, 56
860, 1, 136, 72, 56, 56
860, 1, 176, 208, 56, 56
861, 1, 176, 208, 56, 56
861, 1, 136, 96, 56, 56
861, 1, 136, 176, 56, 56
861, 1, 88, 120, 56, 56
862, 1, 88, 120, 56, 56
862, 1, 136, 96, 56, 56
863, 1, 184, 216, 56, 56
863, 1, 88, 120, 56, 56
863, 1, 232, 144, 56, 56
863, 1, 136, 96, 56, 56
864, 1, 88, 120, 56, 56
864, 1, 184, 216, 56, 56
864, 1, 8, 8, 56, 56
864, 1, 136, 80, 56, 56
865, 1, 88, 120, 56, 56
865, 1, 8, 8, 56, 56
865, 1, 216, 160, 56, 56
865, 1, 192, 216, 56, 56
866, 1, 8, 8, 56, 56
866, 1, 88, 128, 56, 56
866, 1, 192, 216, 56, 56
867, 1, 8, 8, 56, 56
867, 1, 88, 128, 56, 56
867, 1, 224, 168, 56, 56
868, 1, 8, 8, 56, 56
868, 1, 168, 192, 56, 56
868, 1, 232, 168, 56, 56
868, 1, 88, 128, 56, 56
868, 1, 160, 72, 56, 56
869, 1, 8, 8, 56, 56
869, 1, 264, 160, 56, 56
869, 1, 160, 72, 56, 56
869, 1, 88, 128, 56, 56
870, 1, 272, 160, 56, 56
870, 1, 8, 8, 56, 56
870, 1, 160, 72, 56, 56
871, 1, 160, 72, 56, 56
871, 1, 8, 8, 56, 56
872, 1, 128, 88, 56, 56
873, 1, 288, 168, 56, 56
873, 1, 88, 136, 56, 56
873, 1, 160, 80, 56, 56
874, 1, 288, 168, 56, 56
874, 1, 160, 80, 56, 56
874, 1, 88, 136, 56, 56
875, 1, 160, 80, 56, 56
875, 1, 88, 144, 56, 56
875, 1, 288, 168, 56, 56
876, 1, 88, 144, 56, 56
876, 1, 128, 104, 56, 56
876, 1, 272, 192, 56, 56
877, 1, 128, 104, 56, 56
877, 1, 296, 176, 56, 56
877, 1, 88, 144, 56, 56
878, 1, 128, 112, 56, 56
878, 1, 296, 184, 56, 56
879, 1, 128, 112, 56, 56
879, 1, 88, 152, 56, 56
880, 1, 128, 112, 56, 56
880, 1, 88, 152, 56, 56
881, 1, 128, 120, 56, 56
881, 1, 88, 152, 56, 56
881, 1, 280, 200, 56, 56
882, 1, 128, 120, 56, 56
882, 1, 88, 152, 56, 56
883, 1, 88, 152, 56, 56
883, 1, 128, 120, 56, 56
884, 1, 296, 208, 56, 56
884, 1, 136, 128, 56, 56
884, 1, 88, 152, 56, 56
885, 1, 136, 128, 56, 56
885, 1, 296, 208, 56, 56
886, 1, 136, 128, 56, 56
887, 1, 136, 128, 56, 56
887, 1, 120, 48, 56, 56
888, 1, 136, 136, 56, 56
888, 1, 120, 48, 56, 56
889, 1, 136, 136, 56, 56
889, 1, 128, 56, 56, 56
890, 1, 136, 136, 56, 56
890, 1, 128, 56, 56, 56
891, 1, 136, 144, 56, 56
891, 1, 128, 64, 56, 56
892, 1, 128, 64, 56, 56
892, 1, 136, 144, 56, 56
893, 1, 128, 64, 56, 56
893, 1, 136, 144, 56, 56
893, 1, 80, 168, 56, 56
894, 1, 128, 64, 56, 56
894, 1, 144, 152, 56, 56
894, 1, 80, 168, 56, 56
895, 1, 136, 152, 56, 56
895, 1, 128, 72, 56, 56
895, 1, 80, 168, 56, 56
896, 1, 128, 72, 56, 56
896, 1, 136, 152, 56, 56
897, 1, 128, 72, 56, 56
897, 1, 80, 176, 56, 56
897, 1, 136, 160, 56, 56
898, 1, 128, 72, 56, 56
898, 1, 144, 160, 56, 56
898, 1, 80, 176, 56, 56
899, 1, 120, 72, 56, 56
899, 1, 144, 160, 56, 56
900, 1, 120, 72, 56, 56
900, 1, 136, 168, 56, 56
901, 1, 120, 80, 56, 56
901, 1, 136, 176, 56, 56
902, 1, 112, 80, 56, 56
902, 1, 136, 176, 56, 56
902, 1, 72, 184, 56, 56
903, 1, 112, 80, 56, 56
903, 1, 136, 176, 56, 56
903, 1, 72, 184, 56, 56
904, 1, 112, 80, 56, 56
904, 1, 136, 176, 56, 56
904, 1, 64, 184, 56, 56
905, 1, 112, 80, 56, 56
905, 1, 136, 176, 56, 56
905, 1, 168, 56, 56, 56
906, 1, 136, 184, 56, 56
906, 1, 104, 88, 56, 56
907, 1, 104, 88, 56, 56
907, 1, 136, 184, 56, 56
907, 1, 160, 48, 56, 56
908, 1, 104, 88, 56, 56
908, 1, 136, 184, 56, 56
908, 1, 160, 48, 56, 56
909, 1, 136, 192, 56, 56
909, 1, 104, 96, 56, 56
909, 1, 160, 48, 56, 56
909, 1, 64, 192, 56, 56
910, 1, 136, 192, 56, 56
910, 1, 160, 56, 56, 56
910, 1, 96, 96, 56, 56
910, 1, 56, 192, 56, 56
911, 1, 96, 96, 56, 56
911, 1, 136, 192, 56, 56
911, 1, 160, 56, 56, 56
911, 1, 56, 192, 56, 56
912, 1, 96, 96, 56, 56
912, 1, 136, 200, 56, 56
913, 1, 88, 96, 56, 56
913, 1, 136, 200, 56, 56
913, 1, 160, 56, 56, 56
913, 1, 56, 200, 56, 56
914, 1, 88, 96, 56, 56
914, 1, 136, 200, 56, 56
914, 1, 160, 56, 56, 56
914, 1, 56, 200, 56, 56
915, 1, 88, 96, 56, 56
915, 1, 128, 208, 56, 56
916, 1, 136, 208, 56, 56
916, 1, 88, 104, 56, 56
917, 1, 80, 104, 56, 56
917, 1, 136, 208, 56, 56
917, 1, 144, 88, 56, 56
918, 1, 80, 104, 56, 56
918, 1, 128, 216, 56, 56
918, 1, 56, 208, 56, 56
919, 1, 80, 104, 56, 56
919, 1, 128, 216, 56, 56
919, 1, 56, 208, 56, 56
920, 1, 128, 216, 56, 56
920, 1, 160, 72, 56, 56
920, 1, 56, 208, 56, 56
920, 1, 96, 136, 56, 56
921, 1, 72, 112, 56, 56
921, 1, 160, 72, 56, 56
921, 1, 128, 224, 56, 56
921, 1, 56, 208, 56, 56
921, 1, 216, 72, 56, 56
922, 1, 160, 72, 56, 56
922, 1, 72, 112, 56, 56
922, 1, 128, 224, 56, 56
922, 1, 64, 216, 56, 56
922, 1, 96, 160, 56, 56
923, 1, 160, 72, 56, 56
923, 1, 128, 224, 56, 56
923, 1, 64, 112, 56, 56
923, 1, 64, 216, 56, 56
924, 1, 64, 216, 56, 56
924, 1, 168, 72, 56, 56
924, 1, 128, 232, 56, 56
925, 1, 168, 72, 56, 56
925, 1, 64, 216, 56, 56
925, 1, 128, 232, 56, 56
925, 1, 64, 120, 56, 56
926, 1, 56, 120, 56, 56
926, 1, 168, 72, 56, 56
926, 1, 64, 216, 56, 56
927, 1, 56, 120, 56, 56
927, 1, 168, 72, 56, 56
927, 1, 64, 216, 56, 56
928, 1, 176, 80, 56, 56
928, 1, 120, 72, 56, 56
928, 1, 72, 144, 56, 56
929, 1, 176, 80, 56, 56
929, 1, 120, 72, 56, 56
929, 1, 64, 224, 56, 56
930, 1, 64, 224, 56, 56
930, 1, 48, 128, 56, 56
930, 1, 184, 88, 56, 56
930, 1, 120, 72, 56, 56
931, 1, 64, 152, 56, 56
931, 1, 64, 224, 56, 56
931, 1, 184, 88, 56, 56
932, 1, 48, 136, 56, 56
932, 1, 56, 224, 56, 56
932, 1, 184, 88, 56, 56
932, 1, 120, 72, 56, 56
933, 1, 192, 88, 56, 56
933, 1, 56, 224, 56, 56
933, 1, 120, 72, 56, 56
934, 1, 192, 88, 56, 56
934, 1, 128, 96, 56, 56
934, 1, 40, 144, 56, 56
934, 1, 56, 224, 56, 56
935, 1, 192, 88, 56, 56
935, 1, 40, 144, 56, 56
935, 1, 64, 232, 56, 56
936, 1, 200, 96, 56, 56
936, 1, 56, 232, 56, 56
936, 1, 56, 160, 56, 56
936, 1, 152, 56, 56, 56
937, 1, 200, 96, 56, 56
937, 1, 56, 232, 56, 56
938, 1, 200, 96, 56, 56
938, 1, 32, 152, 56, 56
938, 1, 56, 232, 56, 56
938, 1, 120, 72, 56, 56
939, 1, 200, 96, 56, 56
939, 1, 56, 232, 56, 56
939, 1, 56, 168, 56, 56
940, 1, 200, 96, 56, 56
940, 1, 56, 232, 56, 56
940, 1, 120, 80, 56, 56
941, 1, 208, 96, 56, 56
941, 1, 176, 184, 56, 56
941, 1, 24, 160, 56, 56
942, 1, 208, 104, 56, 56
942, 1, 160, 48, 56, 56
942, 1, 24, 160, 56, 56
943, 1, 208, 104, 56, 56
943, 1, 16, 160, 56, 56
944, 1, 16, 160, 56, 56
944, 1, 160, 56, 56, 56
944, 1, 216, 104, 56, 56
945, 1, 16, 168, 56, 56
945, 1, 216, 112, 56, 56
945, 1, 160, 56, 56, 56
946, 1, 216, 112, 56, 56
946, 1, 152, 56, 56, 56
946, 1, 16, 168, 56, 56
947, 1, 152, 56, 56, 56
947, 1, 216, 112, 56, 56
947, 1, 8, 168, 56, 56
948, 1, 152, 56, 56, 56
948, 1, 8, 176, 56, 56
949, 1, 8, 176, 56, 56
949, 1, 152, 56, 56, 56
949, 1, 224, 120, 56, 56
950, 1, 232, 120, 56, 56
950, 1, 152, 56, 56, 56
950, 1, 8, 176, 56, 56
951, 1, 152, 64, 56, 56
951, 1, 232, 120, 56, 56
952, 1, 152, 64, 56, 56
952, 1, 232, 120, 56, 56
952, 1, 192, 88, 56, 56
952, 1, 0, 184, 56, 56
953, 1, 240, 128, 56, 56
953, 1, 192, 88, 56, 56
954, 1, 200, 88, 56, 56
954, 1, 152, 184, 56, 56
954, 1, 0, 192, 56, 56
955, 1, 248, 128, 56, 56
955, 1, 200, 88, 56, 56
955, 1, 0, 192, 56, 56
956, 1, 248, 128, 56, 56
956, 1, 200, 88, 56, 56
956, 1, 0, 200, 56, 56
957, 1, 248, 128, 56, 56
957, 1, 0, 200, 56, 56
957, 1, 144, 40, 56, 56
957, 1, 200, 88, 56, 56
958, 1, 248, 128, 56, 56
958, 1, 0, 200, 56, 56
958, 1, 144, 40, 56, 56
959, 1, 256, 128, 56, 56
959, 1, 136, 40, 56, 56
959, 1, 160, 80, 56, 56
960, 1, 136, 64, 56, 56
960, 1, 256, 128, 56, 56
960, 1, 200, 88, 56, 56
961, 1, 256, 104, 56, 56
961, 1, 136, 72, 56, 56
962, 1, 136, 72, 56, 56
962, 1, 264, 128, 56, 56
963, 1, 264, 128, 56, 56
963, 1, 136, 48, 56, 56
964, 1, 144, 48, 56, 56
964, 1, 264, 104, 56, 56
965, 1, 272, 128, 56, 56
965, 1, 176, 88, 56, 56
965, 1, 144, 48, 56, 56
966, 1, 272, 128, 56, 56
966, 1, 184, 88, 56, 56
966, 1, 144, 48, 56, 56
967, 1, 184, 88, 56, 56
967, 1, 144, 48, 56, 56
967, 1, 256, 144, 56, 56
968, 1, 184, 88, 56, 56
968, 1, 256, 144, 56, 56
968, 1, 144, 56, 56, 56
969, 1, 184, 96, 56, 56
969, 1, 144, 56, 56, 56
969, 1, 280, 104, 56, 56
970, 1, 192, 96, 56, 56
970, 1, 136, 80, 56, 56
971, 1, 192, 96, 56, 56
971, 1, 288, 120, 56, 56
971, 1, 136, 56, 56, 56
972, 1, 192, 96, 56, 56
972, 1, 136, 56, 56, 56
973, 1, 136, 56, 56, 56
973, 1, 192, 96, 56, 56
974, 1, 136, 64, 56, 56
974, 1, 200, 104, 56, 56
975, 1, 200, 104, 56, 56
975, 1, 128, 32, 56, 56
976, 1, 200, 104, 56, 56
976, 1, 128, 88, 56, 56
977, 1, 200, 112, 56, 56
977, 1, 128, 88, 56, 56
977, 1, 128, 32, 56, 56
978, 1, 128, 64, 56, 56
978, 1, 200, 112, 56, 56
978, 1, 280, 144, 56, 56
979, 1, 128, 64, 56, 56
979, 1, 280, 144, 56, 56
979, 1, 224, 144, 56, 56
980, 1, 208, 120, 56, 56
980, 1, 128, 40, 56, 56
981, 1, 128, 72, 56, 56
981, 1, 288, 144, 56, 56
981, 1, 208, 120, 56, 56
982, 1, 128, 72, 56, 56
982, 1, 288, 144, 56, 56
982, 1, 216, 128, 56, 56
983, 1, 216, 128, 56, 56
983, 1, 128, 72, 56, 56
983, 1, 288, 144, 56, 56
984, 1, 128, 72, 56, 56
984, 1, 216, 128, 56, 56
985, 1, 128, 72, 56, 56
985, 1, 224, 136, 56, 56
986, 1, 224, 136, 56, 56
986, 1, 128, 72, 56, 56
987, 1, 224, 136, 56, 56
987, 1, 128, 80, 56, 56
988, 1, 224, 136, 56, 56
988, 1, 128, 48, 56, 56
988, 1, 176, 216, 56, 56
989, 1, 128, 88, 56, 56
989, 1, 232, 136, 56, 56
990, 1, 232, 136, 56, 56
990, 1, 128, 88, 56, 56
990, 1, 168, 192, 56, 56
991, 1, 232, 136, 56, 56
991, 1, 128, 48, 56, 56
992, 1, 128, 48, 56, 56
992, 1, 240, 144, 56, 56
993, 1, 240, 144, 56, 56
993, 1, 128, 56, 56, 56
993, 1, 136, 136, 56, 56
994, 1, 248, 144, 56, 56
994, 1, 128, 96, 56, 56
995, 1, 248, 144, 56, 56
995, 1, 128, 56, 56, 56
996, 1, 256, 144, 56, 56
996, 1, 128, 96, 56, 56
997, 1, 256, 144, 56, 56
997, 1, 128, 104, 56, 56
998, 1, 256, 144, 56, 56
998, 1, 160, 88, 56, 56
998, 1, 120, 56, 56, 56
999, 1, 264, 144, 56, 56
999, 1, 160, 88, 56, 56
999, 1, 120, 48, 56, 56
1000, 1, 264, 144, 56, 56
1000, 1, 128, 112, 56, 56
1000, 1, 120, 56, 56, 56
1001, 1, 272, 144, 56, 56
1001, 1, 128, 120, 56, 56
1001, 1, 120, 56, 56, 56
1002, 1, 272, 144, 56, 56
1002, 1, 128, 112, 56, 56
1002, 1, 120, 64, 56, 56
1003, 1, 280, 144, 56, 56
1003, 1, 120, 64, 56, 56
1004, 1, 280, 144, 56, 56
1004, 1, 120, 64, 56, 56
1004, 1, 120, 120, 56, 56
1005, 1, 280, 144, 56, 56
1005, 1, 120, 120, 56, 56
1005, 1, 224, 168, 56, 56
1005, 1, 120, 64, 56, 56
1006, 1, 288, 144, 56, 56
1006, 1, 120, 120, 56, 56
1006, 1, 120, 64, 56, 56
1007, 1, 288, 144, 56, 56
1007, 1, 120, 64, 56, 56
1007, 1, 120, 120, 56, 56
1008, 1, 288, 144, 56, 56
1008, 1, 120, 120, 56, 56
1009, 1, 296, 144, 56, 56
1009, 1, 112, 120, 56, 56
1010, 1, 296, 144, 56, 56
1010, 1, 112, 120, 56, 56
1010, 1, 128, 72, 56, 56
1011, 1, 296, 144, 56, 56
1011, 1, 128, 72, 56, 56
1011, 1, 120, 152, 56, 56
1012, 1, 128, 96, 56, 56
1012, 1, 296, 144, 56, 56
1013, 1, 120, 72, 56, 56
1014, 1, 280, 176, 56, 56
1014, 1, 120, 72, 56, 56
1015, 1, 120, 72, 56, 56
1015, 1, 160, 40, 56, 56
1016, 1, 120, 80, 56, 56
1016, 1, 288, 176, 56, 56
1016, 1, 96, 120, 56, 56
1016, 1, 160, 40, 56, 56
1017, 1, 288, 176, 56, 56
1017, 1, 120, 80, 56, 56
1018, 1, 120, 80, 56, 56
1018, 1, 288, 176, 56, 56
1018, 1, 160, 40, 56, 56
1019, 1, 120, 80, 56, 56
1019, 1, 104, 152, 56, 56
1019, 1, 296, 176, 56, 56
1020, 1, 120, 80, 56, 56
1020, 1, 296, 176, 56, 56
1021, 1, 168, 56, 56, 56
1021, 1, 128, 104, 56, 56
1021, 1, 296, 176, 56, 56
1021, 1, 104, 144, 56, 56
1022, 1, 128, 96, 56, 56
1022, 1, 168, 56, 56, 56
1023, 1, 128, 96, 56, 56
1023, 1, 168, 56, 56, 56
1024, 1, 96, 152, 56, 56
1024, 1, 112, 88, 56, 56
1024, 1, 168, 56, 56, 56
1025, 1, 112, 88, 56, 56
1025, 1, 136, 216, 56, 56
1025, 1, 168, 56, 56, 56
1025, 1, 96, 152, 56, 56
1026, 1, 112, 88, 56, 56
1026, 1, 136, 216, 56, 56
1026, 1, 168, 56, 56, 56
1027, 1, 112, 88, 56, 56
1027, 1, 64, 144, 56, 56
1027, 1, 280, 216, 56, 56
1027, 1, 168, 56, 56, 56
1028, 1, 112, 96, 56, 56
1028, 1, 168, 56, 56, 56
1029, 1, 120, 112, 56, 56
1029, 1, 168, 56, 56, 56
1030, 1, 104, 96, 56, 56
1030, 1, 168, 56, 56, 56
1030, 1, 72, 160, 56, 56
1031, 1, 104, 96, 56, 56
1031, 1, 168, 56, 56, 56
1031, 1, 8, 0, 56, 56
1032, 1, 104, 96, 56, 56
1032, 1, 168, 64, 56, 56
1032, 1, 8, 0, 56, 56
1033, 1, 160, 56, 56, 56
1033, 1, 104, 96, 56, 56
1034, 1, 112, 120, 56, 56
1034, 1, 160, 56, 56, 56
1034, 1, 288, 216, 56, 56
1035, 1, 160, 56, 56, 56
1035, 1, 112, 120, 56, 56
1035, 1, 184, 192, 56, 56
1036, 1, 160, 64, 56, 56
1036, 1, 112, 120, 56, 56
1036, 1, 296, 216, 56, 56
1037, 1, 160, 64, 56, 56
1037, 1, 296, 216, 56, 56
1037, 1, 96, 104, 56, 56
1038, 1, 160, 64, 56, 56
1038, 1, 296, 216, 56, 56
1038, 1, 104, 128, 56, 56
1039, 1, 32, 160, 56, 56
1039, 1, 160, 72, 56, 56
1039, 1, 96, 112, 56, 56
1040, 1, 160, 72, 56, 56
1040, 1, 32, 160, 56, 56
1040, 1, 104, 136, 56, 56
1041, 1, 160, 80, 56, 56
1041, 1, 104, 136, 56, 56
1042, 1, 160, 80, 56, 56
1042, 1, 24, 160, 56, 56
1043, 1, 152, 72, 56, 56
1044, 1, 160, 80, 56, 56
1044, 1, 48, 184, 56, 56
1045, 1, 16, 160, 56, 56
1045, 1, 120, 40, 56, 56
1045, 1, 160, 80, 56, 56
1045, 1, 48, 208, 56, 56
1046, 1, 160, 88, 56, 56
1046, 1, 96, 152, 56, 56
1046, 1, 120, 40, 56, 56
1047, 1, 8, 160, 56, 56
1047, 1, 160, 88, 56, 56
1048, 1, 160, 88, 56, 56
1048, 1, 96, 160, 56, 56
1048, 1, 64, 200, 56, 56
1049, 1, 160, 88, 56, 56
1049, 1, 0, 160, 56, 56
1050, 1, 160, 88, 56, 56
1050, 1, 0, 168, 56, 56
1051, 1, 88, 168, 56, 56
1051, 1, 160, 88, 56, 56
1051, 1, 88, 120, 56, 56
1052, 1, 88, 168, 56, 56
1052, 1, 120, 48, 56, 56
1052, 1, 160, 88, 56, 56
1053, 1, 160, 88, 56, 56
1053, 1, 48, 208, 56, 56
1053, 1, 120, 56, 56, 56
1053, 1, 80, 168, 56, 56
1054, 1, 160, 88, 56, 56
1054, 1, 120, 56, 56, 56
1054, 1, 80, 168, 56, 56
1055, 1, 160, 88, 56, 56
1055, 1, 120, 56, 56, 56
1055, 1, 80, 176, 56, 56
1056, 1, 152, 128, 56, 56
1056, 1, 120, 56, 56, 56
1056, 1, 80, 176, 56, 56
1057, 1, 168, 96, 56, 56
1057, 1, 120, 64, 56, 56
1058, 1, 168, 96, 56, 56
1058, 1, 120, 72, 56, 56
1059, 1, 168, 96, 56, 56
1059, 1, 120, 72, 56, 56
1059, 1, 48, 168, 56, 56
1060, 1, 120, 72, 56, 56
1060, 1, 160, 136, 56, 56
1060, 1, 48, 168, 56, 56
1061, 1, 176, 104, 56, 56
1061, 1, 120, 72, 56, 56
1062, 1, 176, 104, 56, 56
1062, 1, 120, 72, 56, 56
1062, 1, 24, 200, 56, 56
1063, 1, 176, 104, 56, 56
1063, 1, 152, 48, 56, 56
1064, 1, 120, 80, 56, 56
1064, 1, 184, 104, 56, 56
1064, 1, 24, 224, 56, 56
1065, 1, 120, 80, 56, 56
1065, 1, 184, 104, 56, 56
1065, 1, 0, 0, 56, 56
1065, 1, 160, 56, 56, 56
1066, 1, 120, 80, 56, 56
1066, 1, 176, 144, 56, 56
1066, 1, 0, 0, 56, 56
1066, 1, 160, 56, 56, 56
1066, 1, 112, 208, 56, 56
1067, 1, 120, 80, 56, 56
1067, 1, 184, 112, 56, 56
1067, 1, 0, 0, 56, 56
1067, 1, 160, 56, 56, 56
1068, 1, 120, 88, 56, 56
1068, 1, 0, 0, 56, 56
1068, 1, 192, 112, 56, 56
1069, 1, 120, 88, 56, 56
1069, 1, 0, 0, 56, 56
1069, 1, 184, 144, 56, 56
1070, 1, 0, 0, 56, 56
1070, 1, 192, 112, 56, 56
1070, 1, 120, 96, 56, 56
1070, 1, 8, 200, 56, 56
1070, 1, 160, 64, 56, 56
1071, 1, 0, 0, 56, 56
1071, 1, 120, 96, 56, 56
1071, 1, 192, 120, 56, 56
1072, 1, 120, 96, 56, 56
1072, 1, 0, 0, 56, 56
1072, 1, 160, 64, 56, 56
1072, 1, 184, 152, 56, 56
1072, 1, 208, 96, 56, 56
1073, 1, 120, 96, 56, 56
1073, 1, 192, 120, 56, 56
1073, 1, 0, 0, 56, 56
1074, 1, 200, 120, 56, 56
1074, 1, 112, 104, 56, 56
1074, 1, 0, 208, 56, 56
1074, 1, 0, 0, 56, 56
1075, 1, 152, 72, 56, 56
1075, 1, 200, 120, 56, 56
1075, 1, 112, 104, 56, 56
1075, 1, 0, 208, 56, 56
1076, 1, 200, 128, 56, 56
1076, 1, 152, 72, 56, 56
1076, 1, 112, 112, 56, 56
1077, 1, 112, 112, 56, 56
1077, 1, 200, 128, 56, 56
1077, 1, 152, 72, 56, 56
1078, 1, 112, 112, 56, 56
1078, 1, 208, 128, 56, 56
1078, 1, 152, 80, 56, 56
1079, 1, 112, 112, 56, 56
1079, 1, 208, 128, 56, 56
1079, 1, 152, 80, 56, 56
1079, 1, 0, 192, 56, 56
1080, 1, 208, 136, 56, 56
1080, 1, 112, 120, 56, 56
1080, 1, 216, 80, 56, 56
1080, 1, 152, 80, 56, 56
1081, 1, 208, 136, 56, 56
1081, 1, 112, 120, 56, 56
1081, 1, 8, 216, 56, 56
1081, 1, 152, 80, 56, 56
1082, 1, 104, 120, 56, 56
1082, 1, 216, 136, 56, 56
1082, 1, 8, 224, 56, 56
1083, 1, 152, 88, 56, 56
1083, 1, 216, 144, 56, 56
1083, 1, 104, 128, 56, 56
1084, 1, 216, 144, 56, 56
1084, 1, 104, 128, 56, 56
1084, 1, 152, 88, 56, 56
1084, 1, 112, 48, 56, 56
1084, 1, 8, 232, 56, 56
1085, 1, 104, 128, 56, 56
1085, 1, 216, 144, 56, 56
1085, 1, 112, 48, 56, 56
1086, 1, 104, 136, 56, 56
1086, 1, 152, 96, 56, 56
1086, 1, 112, 48, 56, 56
1086, 1, 224, 152, 56, 56
1087, 1, 104, 136, 56, 56
1087, 1, 224, 152, 56, 56
1087, 1, 152, 96, 56, 56
1087, 1, 0, 232, 56, 56
1087, 1, 112, 48, 56, 56
1087, 1, 216, 64, 56, 56
1088, 1, 224, 152, 56, 56
1088, 1, 104, 136, 56, 56
1088, 1, 112, 48, 56, 56
1088, 1, 152, 96, 56, 56
1089, 1, 224, 152, 56, 56
1089, 1, 104, 144, 56, 56
1089, 1, 112, 48, 56, 56
1089, 1, 152, 104, 56, 56
1090, 1, 104, 144, 56, 56
1090, 1, 224, 160, 56, 56
1090, 1, 160, 80, 56, 56
1091, 1, 232, 160, 56, 56
1091, 1, 104, 144, 56, 56
1091, 1, 152, 104, 56, 56
1092, 1, 104, 152, 56, 56
1092, 1, 232, 160, 56, 56
1093, 1, 104, 152, 56, 56
1093, 1, 232, 160, 56, 56
1093, 1, 160, 96, 56, 56
1094, 1, 104, 152, 56, 56
1094, 1, 240, 160, 56, 56
1094, 1, 160, 72, 56, 56
1095, 1, 104, 152, 56, 56
1095, 1, 240, 160, 56, 56
1096, 1, 96, 152, 56, 56
1096, 1, 240, 160, 56, 56
1096, 1, 160, 72, 56, 56
1097, 1, 96, 160, 56, 56
1097, 1, 248, 160, 56, 56
1097, 1, 160, 72, 56, 56
1098, 1, 96, 160, 56, 56
1098, 1, 216, 216, 56, 56
1098, 1, 248, 160, 56, 56
1099, 1, 96, 168, 56, 56
1099, 1, 168, 176, 56, 56
1100, 1, 96, 168, 56, 56
1100, 1, 256, 160, 56, 56
1101, 1, 120, 40, 56, 56
1101, 1, 152, 80, 56, 56
1102, 1, 120, 40, 56, 56
1102, 1, 160, 112, 56, 56
1103, 1, 168, 176, 56, 56
1103, 1, 160, 120, 56, 56
1103, 1, 240, 184, 56, 56
1104, 1, 168, 176, 56, 56
1105, 1, 128, 48, 56, 56
1105, 1, 264, 168, 56, 56
1106, 1, 128, 48, 56, 56
1106, 1, 152, 136, 56, 56
1107, 1, 152, 136, 56, 56
1107, 1, 128, 48, 56, 56
1108, 1, 152, 144, 56, 56
1108, 1, 272, 168, 56, 56
1108, 1, 128, 56, 56, 56
1109, 1, 152, 144, 56, 56
1109, 1, 272, 168, 56, 56
1109, 1, 120, 80, 56, 56
1109, 1, 80, 192, 56, 56
1110, 1, 128, 56, 56, 56
1110, 1, 80, 192, 56, 56
1110, 1, 272, 168, 56, 56
1111, 1, 280, 168, 56, 56
1111, 1, 128, 56, 56, 56
1111, 1, 248, 216, 56, 56
1112, 1, 168, 48, 56, 56
1112, 1, 152, 152, 56, 56
1112, 1, 280, 168, 56, 56
1113, 1, 128, 64, 56, 56
1113, 1, 80, 200, 56, 56
1113, 1, 288, 168, 56, 56
1113, 1, 152, 152, 56, 56
1113, 1, 8, 224, 56, 56
1114, 1, 128, 64, 56, 56
1114, 1, 288, 168, 56, 56
1114, 1, 152, 152, 56, 56
1114, 1, 8, 224, 56, 56
1115, 1, 288, 168, 56, 56
1115, 1, 128, 64, 56, 56
1115, 1, 136, 200, 56, 56
1115, 1, 8, 224, 56, 56
1116, 1, 288, 168, 56, 56
1116, 1, 152, 160, 56, 56
1116, 1, 168, 56, 56, 56
1116, 1, 120, 96, 56, 56
1116, 1, 88, 208, 56, 56
1117, 1, 168, 56, 56, 56
1117, 1, 120, 96, 56, 56
1117, 1, 88, 208, 56, 56
1117, 1, 288, 168, 56, 56
1117, 1, 136, 200, 56, 56
1118, 1, 168, 56, 56, 56
1118, 1, 120, 72, 56, 56
1118, 1, 296, 176, 56, 56
1118, 1, 152, 168, 56, 56
1118, 1, 88, 208, 56, 56
1119, 1, 296, 176, 56, 56
1119, 1, 120, 72, 56, 56
1119, 1, 152, 168, 56, 56
1119, 1, 168, 64, 56, 56
1119, 1, 88, 216, 56, 56
1120, 1, 296, 176, 56, 56
1120, 1, 120, 80, 56, 56
1120, 1, 88, 216, 56, 56
1121, 1, 296, 176, 56, 56
1121, 1, 120, 80, 56, 56
1121, 1, 88, 216, 56, 56
1121, 1, 152, 176, 56, 56
1122, 1, 128, 48, 56, 56
1122, 1, 296, 176, 56, 56
1122, 1, 152, 176, 56, 56
1123, 1, 112, 88, 56, 56
1123, 1, 96, 224, 56, 56
1124, 1, 112, 88, 56, 56
1125, 1, 128, 56, 56, 56
1125, 1, 208, 120, 56, 56
1126, 1, 160, 192, 56, 56
1126, 1, 128, 56, 56, 56
1126, 1, 176, 72, 56, 56
1127, 1, 128, 56, 56, 56
1127, 1, 160, 192, 56, 56
1128, 1, 128, 56, 56, 56
1128, 1, 104, 96, 56, 56
1128, 1, 160, 200, 56, 56
1129, 1, 128, 64, 56, 56
1129, 1, 168, 200, 56, 56
1130, 1, 128, 64, 56, 56
1130, 1, 128, 184, 56, 56
1131, 1, 128, 64, 56, 56
1131, 1, 152, 112, 56, 56
1131, 1, 184, 176, 56, 56
1132, 1, 120, 64, 56, 56
1132, 1, 168, 208, 56, 56
1132, 1, 104, 112, 56, 56
1132, 1, 152, 112, 56, 56
1133, 1, 104, 112, 56, 56
1133, 1, 184, 184, 56, 56
1134, 1, 168, 216, 56, 56
1134, 1, 128, 72, 56, 56
1134, 1, 104, 120, 56, 56
1135, 1, 120, 48, 56, 56
1135, 1, 152, 176, 56, 56
1135, 1, 104, 120, 56, 56
1136, 1, 120, 48, 56, 56
1136, 1, 104, 128, 56, 56
1136, 1, 8, 224, 56, 56
1137, 1, 120, 48, 56, 56
1137, 1, 104, 128, 56, 56
1137, 1, 8, 224, 56, 56
1138, 1, 120, 56, 56, 56
1138, 1, 144, 208, 56, 56
1138, 1, 8, 224, 56, 56
1139, 1, 168, 128, 56, 56
1139, 1, 120, 56, 56, 56
1139, 1, 176, 224, 56, 56
1139, 1, 112, 136, 56, 56
1140, 1, 120, 56, 56, 56
1140, 1, 112, 136, 56, 56
1140, 1, 176, 232, 56, 56
1141, 1, 120, 56, 56, 56
1141, 1, 144, 216, 56, 56
1141, 1, 176, 136, 56, 56
1142, 1, 112, 144, 56, 56
1142, 1, 128, 64, 56, 56
1142, 1, 176, 136, 56, 56
1143, 1, 120, 64, 56, 56
1143, 1, 112, 144, 56, 56
1143, 1, 216, 112, 56, 56
1144, 1, 120, 64, 56, 56
1144, 1, 184, 144, 56, 56
1144, 1, 112, 152, 56, 56
1145, 1, 112, 152, 56, 56
1145, 1, 120, 64, 56, 56
1146, 1, 112, 152, 56, 56
1146, 1, 120, 72, 56, 56
1146, 1, 192, 144, 56, 56
1147, 1, 112, 152, 56, 56
1147, 1, 120, 72, 56, 56
1147, 1, 192, 152, 56, 56
1148, 1, 112, 160, 56, 56
1148, 1, 136, 96, 56, 56
1148, 1, 192, 152, 56, 56
1149, 1, 120, 72, 56, 56
1149, 1, 112, 160, 56, 56
1149, 1, 192, 152, 56, 56
1150, 1, 112, 168, 56, 56
1150, 1, 200, 152, 56, 56
1150, 1, 120, 56, 56, 56
1151, 1, 112, 168, 56, 56
1151, 1, 120, 56, 56, 56
1151, 1, 200, 152, 56, 56
1152, 1, 120, 80, 56, 56
1152, 1, 112, 176, 56, 56
1153, 1, 112, 176, 56, 56
1153, 1, 120, 56, 56, 56
1153, 1, 240, 136, 56, 56
1154, 1, 120, 56, 56, 56
1154, 1, 112, 176, 56, 56
1154, 1, 136, 112, 56, 56
1155, 1, 112, 184, 56, 56
1155, 1, 120, 56, 56, 56
1155, 1, 216, 168, 56, 56
1156, 1, 120, 56, 56, 56
1156, 1, 112, 184, 56, 56
1156, 1, 216, 176, 56, 56
1157, 1, 112, 192, 56, 56
1157, 1, 120, 56, 56, 56
1157, 1, 160, 192, 56, 56
1157, 1, 224, 176, 56, 56
1158, 1, 112, 192, 56, 56
1158, 1, 120, 48, 56, 56
1158, 1, 120, 96, 56, 56
1158, 1, 216, 72, 56, 56
1158, 1, 224, 176, 56, 56
1159, 1, 112, 200, 56, 56
1159, 1, 120, 56, 56, 56
1159, 1, 256, 160, 56, 56
1160, 1, 112, 200, 56, 56
1160, 1, 120, 104, 56, 56
1160, 1, 120, 48, 56, 56
1161, 1, 120, 104, 56, 56
1161, 1, 120, 56, 56, 56
1161, 1, 112, 208, 56, 56
1161, 1, 232, 184, 56, 56
1162, 1, 112, 208, 56, 56
1162, 1, 120, 56, 56, 56
1162, 1, 120, 104, 56, 56
1163, 1, 120, 112, 56, 56
1163, 1, 112, 208, 56, 56
1163, 1, 120, 56, 56, 56
1164, 1, 112, 216, 56, 56
1164, 1, 120, 112, 56, 56
1164, 1, 120, 56, 56, 56
1164, 1, 240, 192, 56, 56
1165, 1, 112, 216, 56, 56
1165, 1, 120, 112, 56, 56
1165, 1, 120, 56, 56, 56
1165, 1, 280, 176, 56, 56
1165, 1, 168, 224, 56, 56
1166, 1, 120, 120, 56, 56
1166, 1, 112, 224, 56, 56
1166, 1, 120, 56, 56, 56
1167, 1, 120, 120, 56, 56
1167, 1, 112, 224, 56, 56
1167, 1, 272, 176, 56, 56
1168, 1, 120, 120, 56, 56
1168, 1, 112, 224, 56, 56
1168, 1, 288, 184, 56, 56
1169, 1, 120, 128, 56, 56
1169, 1, 120, 232, 56, 56
1169, 1, 296, 184, 56, 56
1170, 1, 120, 128, 56, 56
1170, 1, 120, 232, 56, 56
1170, 1, 296, 184, 56, 56
1170, 1, 160, 208, 56, 56
1171, 1, 120, 128, 56, 56
1171, 1, 120, 232, 56, 56
1171, 1, 208, 216, 56, 56
1172, 1, 128, 136, 56, 56
1172, 1, 160, 184, 56, 56
1173, 1, 128, 136, 56, 56
1173, 1, 160, 56, 56, 56
1174, 1, 128, 136, 56, 56
1174, 1, 128, 40, 56, 56
1175, 1, 128, 136, 56, 56
1175, 1, 128, 40, 56, 56
1175, 1, 296, 208, 56, 56
1176, 1, 128, 144, 56, 56
1176, 1, 128, 40, 56, 56
1177, 1, 136, 144, 56, 56
1177, 1, 128, 40, 56, 56
1178, 1, 136, 144, 56, 56
1179, 1, 136, 152, 56, 56
1180, 1, 136, 152, 56, 56
1181, 1, 136, 152, 56, 56
1181, 1, 168, 72, 56, 56
1181, 1, 128, 40, 56, 56
1182, 1, 136, 152, 56, 56
1182, 1, 168, 72, 56, 56
1182, 1, 128, 40, 56, 56
1182, 1, 296, 216, 56, 56
1183, 1, 136, 160, 56, 56
1183, 1, 168, 72, 56, 56
1183, 1, 128, 48, 56, 56
1184, 1, 136, 160, 56, 56
1184, 1, 168, 72, 56, 56
1185, 1, 136, 160, 56, 56
1185, 1, 168, 72, 56, 56
1186, 1, 136, 168, 56, 56
1186, 1, 128, 56, 56, 56
1187, 1, 136, 168, 56, 56
1187, 1, 128, 56, 56, 56
1188, 1, 136, 168, 56, 56
1188, 1, 168, 80, 56, 56
1188, 1, 128, 56, 56, 56
1189, 1, 136, 176, 56, 56
1189, 1, 128, 56, 56, 56
1189, 1, 168, 80, 56, 56
1190, 1, 144, 176, 56, 56
1190, 1, 128, 56, 56, 56
1190, 1, 168, 80, 56, 56
1191, 1, 136, 176, 56, 56
1191, 1, 168, 80, 56, 56
1192, 1, 136, 184, 56, 56
1192, 1, 168, 88, 56, 56
1193, 1, 136, 184, 56, 56
1193, 1, 168, 88, 56, 56
1194, 1, 136, 184, 56, 56
1194, 1, 128, 64, 56, 56
1195, 1, 136, 192, 56, 56
1195, 1, 128, 64, 56, 56
1196, 1, 136, 192, 56, 56
1196, 1, 120, 64, 56, 56
1196, 1, 168, 96, 56, 56
1197, 1, 136, 200, 56, 56
1197, 1, 120, 72, 56, 56
1197, 1, 168, 104, 56, 56
1198, 1, 136, 200, 56, 56
1198, 1, 120, 72, 56, 56
1198, 1, 168, 104, 56, 56
1199, 1, 120, 72, 56, 56
1199, 1, 136, 200, 56, 56
1200, 1, 136, 208, 56, 56
1200, 1, 120, 72, 56, 56
1201, 1, 136, 208, 56, 56
1201, 1, 176, 112, 56, 56
1201, 1, 120, 72, 56, 56
1202, 1, 136, 208, 56, 56
1202, 1, 176, 112, 56, 56
1203, 1, 136, 216, 56, 56
1203, 1, 112, 48, 56, 56
1204, 1, 136, 216, 56, 56
1204, 1, 112, 48, 56, 56
1205, 1, 136, 216, 56, 56
1205, 1, 184, 120, 56, 56
1205, 1, 144, 40, 56, 56
1206, 1, 136, 216, 56, 56
1206, 1, 120, 56, 56, 56
1206, 1, 192, 120, 56, 56
1207, 1, 136, 216, 56, 56
1207, 1, 192, 120, 56, 56
1207, 1, 144, 40, 56, 56
1208, 1, 136, 216, 56, 56
1208, 1, 160, 136, 56, 56
1209, 1, 144, 224, 56, 56
1209, 1, 128, 88, 56, 56
1209, 1, 200, 120, 56, 56
1210, 1, 144, 224, 56, 56
1210, 1, 168, 136, 56, 56
1211, 1, 144, 224, 56, 56
1211, 1, 128, 96, 56, 56
1211, 1, 168, 136, 56, 56
1212, 1, 144, 232, 56, 56
1212, 1, 120, 64, 56, 56
1213, 1, 176, 144, 56, 56
1213, 1, 144, 232, 56, 56
1213, 1, 120, 96, 56, 56
1214, 1, 176, 144, 56, 56
1214, 1, 144, 232, 56, 56
1214, 1, 120, 72, 56, 56
1215, 1, 216, 136, 56, 56
1215, 1, 120, 72, 56, 56
1215, 1, 144, 232, 56, 56
1216, 1, 184, 144, 56, 56
1216, 1, 120, 72, 56, 56
1217, 1, 184, 144, 56, 56
1217, 1, 120, 72, 56, 56
1218, 1, 184, 152, 56, 56
1218, 1, 120, 80, 56, 56
1219, 1, 192, 152, 56, 56
1219, 1, 120, 80, 56, 56
1220, 1, 192, 152, 56, 56
1220, 1, 112, 80, 56, 56
1221, 1, 192, 152, 56, 56
1221, 1, 112, 80, 56, 56
1222, 1, 200, 160, 56, 56
1222, 1, 112, 80, 56, 56
1223, 1, 112, 88, 56, 56
1223, 1, 200, 160, 56, 56
1224, 1, 112, 88, 56, 56
1224, 1, 200, 168, 56, 56
1225, 1, 112, 88, 56, 56
1226, 1, 104, 88, 56, 56
1226, 1, 192, 200, 56, 56
1227, 1, 144, 72, 56, 56
1227, 1, 200, 160, 56, 56
1228, 1, 144, 40, 56, 56
1228, 1, 208, 176, 56, 56
1228, 1, 120, 96, 56, 56
1229, 1, 144, 40, 56, 56
1229, 1, 96, 88, 56, 56
1229, 1, 208, 168, 56, 56
1230, 1, 144, 40, 56, 56
1230, 1, 208, 168, 56, 56
1231, 1, 144, 40, 56, 56
1231, 1, 208, 176, 56, 56
1231, 1, 112, 96, 56, 56
1232, 1, 144, 40, 56, 56
1232, 1, 208, 176, 56, 56
1232, 1, 96, 96, 56, 56
1233, 1, 144, 40, 56, 56
1233, 1, 216, 184, 56, 56
1234, 1, 216, 184, 56, 56
1234, 1, 144, 40, 56, 56
1235, 1, 144, 48, 56, 56
1235, 1, 224, 192, 56, 56
1235, 1, 80, 96, 56, 56
1236, 1, 144, 48, 56, 56
1236, 1, 224, 192, 56, 56
1236, 1, 80, 96, 56, 56
1237, 1, 144, 48, 56, 56
1237, 1, 224, 192, 56, 56
1237, 1, 72, 96, 56, 56
1238, 1, 144, 88, 56, 56
1238, 1, 72, 96, 56, 56
1239, 1, 136, 48, 56, 56
1239, 1, 72, 96, 56, 56
1240, 1, 64, 96, 56, 56
1240, 1, 136, 48, 56, 56
1240, 1, 240, 208, 56, 56
1241, 1, 136, 56, 56, 56
1241, 1, 64, 96, 56, 56
1241, 1, 224, 200, 56, 56
1242, 1, 136, 56, 56, 56
1242, 1, 224, 200, 56, 56
1242, 1, 64, 96, 56, 56
1242, 1, 88, 136, 56, 56
1243, 1, 136, 56, 56, 56
1243, 1, 56, 96, 56, 56
1243, 1, 240, 208, 56, 56
1244, 1, 136, 56, 56, 56
1244, 1, 56, 96, 56, 56
1245, 1, 136, 56, 56, 56
1246, 1, 136, 56, 56, 56
1246, 1, 232, 208, 56, 56
1247, 1, 232, 208, 56, 56
1247, 1, 288, 208, 56, 56
1247, 1, 136, 64, 56, 56
1248, 1, 136, 64, 56, 56
1248, 1, 240, 208, 56, 56
1249, 1, 136, 64, 56, 56
1249, 1, 240, 208, 56, 56
1250, 1, 240, 208, 56, 56
1250, 1, 136, 64, 56, 56
1251, 1, 136, 72, 56, 56
1252, 1, 136, 72, 56, 56
1253, 1, 136, 80, 56, 56
1253, 1, 256, 216, 56, 56
1254, 1, 136, 80, 56, 56
1254, 1, 48, 128, 56, 56
1255, 1, 136, 80, 56, 56
1255, 1, 256, 216, 56, 56
1256, 1, 136, 88, 56, 56
1256, 1, 40, 128, 56, 56
1257, 1, 136, 88, 56, 56
1257, 1, 40, 128, 56, 56
1258, 1, 136, 88, 56, 56
1259, 1, 136, 88, 56, 56
1259, 1, 120, 40, 56, 56
1259, 1, 216, 208, 56, 56
1260, 1, 136, 96, 56, 56
1260, 1, 104, 208, 56, 56
1261, 1, 136, 96, 56, 56
1261, 1, 120, 48, 56, 56
1261, 1, 272, 224, 56, 56
1262, 1, 120, 48, 56, 56
1262, 1, 136, 96, 56, 56
1262, 1, 272, 224, 56, 56
1263, 1, 120, 48, 56, 56
1263, 1, 136, 96, 56, 56
1264, 1, 136, 104, 56, 56
1264, 1, 120, 48, 56, 56
1264, 1, 280, 224, 56, 56
1265, 1, 136, 104, 56, 56
1265, 1, 120, 48, 56, 56
1266, 1, 120, 56, 56, 56
1266, 1, 128, 104, 56, 56
1267, 1, 128, 56, 56, 56
1267, 1, 128, 112, 56, 56
1267, 1, 24, 136, 56, 56
1268, 1, 128, 56, 56, 56
1268, 1, 128, 112, 56, 56
1269, 1, 128, 56, 56, 56
1269, 1, 128, 112, 56, 56
1269, 1, 168, 176, 56, 56
1270, 1, 128, 56, 56, 56
1270, 1, 120, 120, 56, 56
1271, 1, 120, 120, 56, 56
1271, 1, 128, 56, 56, 56
1272, 1, 120, 120, 56, 56
1272, 1, 296, 216, 56, 56
1272, 1, 8, 136, 56, 56
1273, 1, 8, 136, 56, 56
1273, 1, 112, 120, 56, 56
1273, 1, 128, 64, 56, 56
1274, 1, 128, 64, 56, 56
1274, 1, 40, 112, 56, 56
1275, 1, 128, 64, 56, 56
1275, 1, 104, 128, 56, 56
1276, 1, 128, 64, 56, 56
1276, 1, 104, 128, 56, 56
1277, 1, 128, 64, 56, 56
1278, 1, 128, 72, 56, 56
1279, 1, 120, 72, 56, 56
1279, 1, 96, 136, 56, 56
1279, 1, 48, 176, 56, 56
1280, 1, 120, 72, 56, 56
1280, 1, 96, 136, 56, 56
1280, 1, 48, 176, 56, 56
1281, 1, 120, 72, 56, 56
1282, 1, 120, 72, 56, 56
1282, 1, 88, 144, 56, 56
1283, 1, 88, 144, 56, 56
1283, 1, 112, 80, 56, 56
1284, 1, 88, 152, 56, 56
1284, 1, 112, 80, 56, 56
1284, 1, 40, 176, 56, 56
1285, 1, 88, 152, 56, 56
1285, 1, 120, 48, 56, 56
1286, 1, 104, 80, 56, 56
1286, 1, 88, 160, 56, 56
1287, 1, 104, 88, 56, 56
1288, 1, 96, 88, 56, 56
1288, 1, 40, 200, 56, 56
1289, 1, 128, 56, 56, 56
1289, 1, 80, 168, 56, 56
1290, 1, 88, 88, 56, 56
1290, 1, 32, 200, 56, 56
1290, 1, 128, 56, 56, 56
1291, 1, 88, 88, 56, 56
1291, 1, 32, 200, 56, 56
1291, 1, 128, 56, 56, 56
1292, 1, 88, 96, 56, 56
1292, 1, 120, 48, 56, 56
1293, 1, 88, 96, 56, 56
1293, 1, 24, 200, 56, 56
1294, 1, 80, 96, 56, 56
1295, 1, 80, 96, 56, 56
1296, 1, 80, 104, 56, 56
1296, 1, 120, 64, 56, 56
1297, 1, 80, 104, 56, 56
1297, 1, 128, 64, 56, 56
1298, 1, 72, 104, 56, 56
1299, 1, 72, 104, 56, 56
1300, 1, 72, 112, 56, 56
1301, 1, 64, 112, 56, 56
1301, 1, 120, 48, 56, 56
1302, 1, 120, 56, 56, 56
1303, 1, 120, 80, 56, 56
1303, 1, 64, 120, 56, 56
1303, 1, 168, 56, 56, 56
1304, 1, 64, 120, 56, 56
1304, 1, 120, 80, 56, 56
1304, 1, 168, 56, 56, 56
1305, 1, 168, 56, 56, 56
1305, 1, 56, 120, 56, 56
1305, 1, 120, 72, 56, 56
1306, 1, 56, 128, 56, 56
1306, 1, 168, 48, 56, 56
1306, 1, 120, 80, 56, 56
1307, 1, 168, 56, 56, 56
1307, 1, 56, 128, 56, 56
1307, 1, 112, 56, 56, 56
1308, 1, 168, 56, 56, 56
1308, 1, 112, 56, 56, 56
1309, 1, 48, 136, 56, 56
1310, 1, 48, 136, 56, 56
1310, 1, 128, 32, 56, 56
1311, 1, 128, 32, 56, 56
1311, 1, 176, 80, 56, 56
1311, 1, 40, 136, 56, 56
1312, 1, 40, 136, 56, 56
1312, 1, 120, 56, 56, 56
1313, 1, 120, 72, 56, 56
1314, 1, 32, 144, 56, 56
1315, 1, 32, 144, 56, 56
1316, 1, 32, 144, 56, 56
1317, 1, 24, 144, 56, 56
1317, 1, 176, 88, 56, 56
1317, 1, 104, 216, 56, 56
1317, 1, 128, 40, 56, 56
1318, 1, 24, 144, 56, 56
1318, 1, 176, 88, 56, 56
1318, 1, 104, 224, 56, 56
1318, 1, 128, 40, 56, 56
1319, 1, 24, 144, 56, 56
1319, 1, 104, 216, 56, 56
1319, 1, 176, 88, 56, 56
1319, 1, 120, 96, 56, 56
1320, 1, 16, 144, 56, 56
1320, 1, 96, 120, 56, 56
1321, 1, 16, 144, 56, 56
1321, 1, 184, 96, 56, 56
1321, 1, 128, 40, 56, 56
1322, 1, 176, 96, 56, 56
1322, 1, 16, 144, 56, 56
1322, 1, 96, 224, 56, 56
1322, 1, 120, 40, 56, 56
1322, 1, 96, 128, 56, 56
1323, 1, 8, 144, 56, 56
1323, 1, 184, 96, 56, 56
1323, 1, 96, 224, 56, 56
1323, 1, 136, 40, 56, 56
1324, 1, 96, 136, 56, 56
1324, 1, 8, 144, 56, 56
1324, 1, 176, 96, 56, 56
1324, 1, 80, 192, 56, 56
1325, 1, 184, 104, 56, 56
1325, 1, 96, 144, 56, 56
1325, 1, 16, 208, 56, 56
1326, 1, 96, 144, 56, 56
1326, 1, 176, 96, 56, 56
1327, 1, 176, 96, 56, 56
1327, 1, 96, 144, 56, 56
1327, 1, 72, 208, 56, 56
1328, 1, 80, 208, 56, 56
1328, 1, 184, 112, 56, 56
1328, 1, 96, 152, 56, 56
1329, 1, 184, 112, 56, 56
1329, 1, 80, 216, 56, 56
1329, 1, 88, 152, 56, 56
1330, 1, 184, 112, 56, 56
1330, 1, 88, 152, 56, 56
1330, 1, 72, 216, 56, 56
1331, 1, 184, 112, 56, 56
1331, 1, 72, 216, 56, 56
1332, 1, 72, 216, 56, 56
1332, 1, 184, 112, 56, 56
1333, 1, 184, 104, 56, 56
1333, 1, 128, 40, 56, 56
1333, 1, 64, 208, 56, 56
1334, 1, 184, 104, 56, 56
1334, 1, 128, 40, 56, 56
1335, 1, 184, 104, 56, 56
1335, 1, 128, 40, 56, 56
1336, 1, 184, 104, 56, 56
1336, 1, 72, 168, 56, 56
1336, 1, 120, 40, 56, 56
1337, 1, 192, 104, 56, 56
1337, 1, 64, 168, 56, 56
1337, 1, 128, 48, 56, 56
1337, 1, 120, 192, 56, 56
1338, 1, 64, 168, 56, 56
1338, 1, 192, 104, 56, 56
1338, 1, 120, 48, 56, 56
1339, 1, 192, 112, 56, 56
1339, 1, 64, 168, 56, 56
1339, 1, 8, 160, 56, 56
1339, 1, 128, 48, 56, 56
1340, 1, 192, 112, 56, 56
1340, 1, 128, 48, 56, 56
1340, 1, 32, 184, 56, 56
1341, 1, 128, 48, 56, 56
1341, 1, 32, 184, 56, 56
1341, 1, 200, 112, 56, 56
1342, 1, 128, 56, 56, 56
1342, 1, 200, 120, 56, 56
1343, 1, 200, 120, 56, 56
1343, 1, 128, 56, 56, 56
1343, 1, 0, 168, 56, 56
1343, 1, 48, 160, 56, 56
1343, 1, 112, 200, 56, 56
1344, 1, 48, 160, 56, 56
1344, 1, 200, 120, 56, 56
1344, 1, 128, 64, 56, 56
1345, 1, 128, 64, 56, 56
1345, 1, 200, 120, 56, 56
1345, 1, 40, 160, 56, 56
1346, 1, 136, 64, 56, 56
1346, 1, 40, 160, 56, 56
1346, 1, 104, 200, 56, 56
1346, 1, 208, 120, 56, 56
1347, 1, 136, 56, 56, 56
1347, 1, 104, 208, 56, 56
1347, 1, 40, 160, 56, 56
1348, 1, 168, 48, 56, 56
1348, 1, 152, 104, 56, 56
1348, 1, 32, 160, 56, 56
1349, 1, 168, 48, 56, 56
1349, 1, 32, 160, 56, 56
1350, 1, 32, 160, 56, 56
1350, 1, 208, 128, 56, 56
1350, 1, 168, 48, 56, 56
1351, 1, 168, 48, 56, 56
1351, 1, 24, 160, 56, 56
1352, 1, 24, 160, 56, 56
1353, 1, 40, 184, 56, 56
1353, 1, 144, 80, 56, 56
1354, 1, 16, 160, 56, 56
1354, 1, 144, 80, 56, 56
1354, 1, 216, 128, 56, 56
1355, 1, 144, 88, 56, 56
1355, 1, 16, 168, 56, 56
1355, 1, 216, 128, 56, 56
1356, 1, 16, 168, 56, 56
1356, 1, 144, 88, 56, 56
1356, 1, 216, 128, 56, 56
1356, 1, 72, 216, 56, 56
1357, 1, 8, 168, 56, 56
1357, 1, 216, 128, 56, 56
1357, 1, 144, 96, 56, 56
1357, 1, 168, 56, 56, 56
1358, 1, 8, 168, 56, 56
1358, 1, 144, 104, 56, 56
1359, 1, 144, 104, 56, 56
1359, 1, 216, 136, 56, 56
1359, 1, 0, 168, 56, 56
1360, 1, 160, 216, 56, 56
1360, 1, 144, 104, 56, 56
1361, 1, 152, 112, 56, 56
1361, 1, 216, 120, 56, 56
1361, 1, 0, 176, 56, 56
1362, 1, 152, 112, 56, 56
1362, 1, 216, 120, 56, 56
1362, 1, 168, 48, 56, 56
1363, 1, 216, 120, 56, 56
1364, 1, 216, 120, 56, 56
1364, 1, 160, 120, 56, 56
1365, 1, 160, 120, 56, 56
1366, 1, 160, 128, 56, 56
1367, 1, 160, 128, 56, 56
1367, 1, 216, 120, 56, 56
1368, 1, 168, 128, 56, 56
1368, 1, 168, 80, 56, 56
1368, 1, 216, 120, 56, 56
1369, 1, 168, 136, 56, 56
1369, 1, 216, 112, 56, 56
1370, 1, 216, 112, 56, 56
1370, 1, 168, 136, 56, 56
1370, 1, 168, 40, 56, 56
1371, 1, 216, 112, 56, 56
1371, 1, 168, 136, 56, 56
1371, 1, 168, 40, 56, 56
1372, 1, 176, 144, 56, 56
1372, 1, 216, 112, 56, 56
1372, 1, 168, 40, 56, 56
1372, 1, 136, 88, 56, 56
1373, 1, 216, 112, 56, 56
1373, 1, 136, 88, 56, 56
1374, 1, 216, 120, 56, 56
1374, 1, 168, 40, 56, 56
1374, 1, 136, 88, 56, 56
1375, 1, 192, 152, 56, 56
1375, 1, 184, 104, 56, 56
1376, 1, 192, 152, 56, 56
1376, 1, 152, 88, 56, 56
1377, 1, 152, 88, 56, 56
1377, 1, 192, 152, 56, 56
1378, 1, 200, 160, 56, 56
1378, 1, 160, 72, 56, 56
1379, 1, 200, 160, 56, 56
1379, 1, 160, 72, 56, 56
1379, 1, 216, 104, 56, 56
1380, 1, 208, 168, 56, 56
1381, 1, 152, 56, 56, 56
1381, 1, 208, 168, 56, 56
1382, 1, 208, 168, 56, 56
1382, 1, 152, 64, 56, 56
1383, 1, 152, 64, 56, 56
1383, 1, 208, 168, 56, 56
1384, 1, 152, 64, 56, 56
1385, 1, 216, 176, 56, 56
1385, 1, 152, 72, 56, 56
1386, 1, 168, 56, 56, 56
1387, 1, 144, 72, 56, 56
1387, 1, 224, 184, 56, 56
1388, 1, 144, 72, 56, 56
1388, 1, 216, 96, 56, 56
1389, 1, 144, 72, 56, 56
1389, 1, 240, 192, 56, 56
1390, 1, 144, 80, 56, 56
1390, 1, 216, 96, 56, 56
1390, 1, 240, 192, 56, 56
1391, 1, 144, 80, 56, 56
1391, 1, 216, 112, 56, 56
1392, 1, 144, 80, 56, 56
1392, 1, 248, 200, 56, 56
1393, 1, 144, 88, 56, 56
1393, 1, 256, 200, 56, 56
1394, 1, 144, 88, 56, 56
1394, 1, 256, 200, 56, 56
1395, 1, 144, 88, 56, 56
1396, 1, 144, 96, 56, 56
1397, 1, 144, 96, 56, 56
1397, 1, 272, 208, 56, 56
1398, 1, 144, 96, 56, 56
1398, 1, 272, 208, 56, 56
1398, 1, 168, 56, 56, 56
1399, 1, 128, 40, 56, 56
1399, 1, 144, 96, 56, 56
1400, 1, 280, 208, 56, 56
1400, 1, 128, 40, 56, 56
1400, 1, 144, 104, 56, 56
1401, 1, 136, 40, 56, 56
1401, 1, 216, 96, 56, 56
1402, 1, 288, 208, 56, 56
1402, 1, 184, 216, 56, 56
1402, 1, 136, 48, 56, 56
1403, 1, 136, 48, 56, 56
1403, 1, 224, 96, 56, 56
1404, 1, 136, 48, 56, 56
1404, 1, 296, 208, 56, 56
1404, 1, 224, 96, 56, 56
1404, 1, 136, 120, 56, 56
1405, 1, 144, 48, 56, 56
1405, 1, 224, 96, 56, 56
1405, 1, 136, 120, 56, 56
1406, 1, 144, 48, 56, 56
1406, 1, 224, 104, 56, 56
1406, 1, 136, 120, 56, 56
1407, 1, 152, 56, 56, 56
1407, 1, 128, 120, 56, 56
1407, 1, 224, 104, 56, 56
1408, 1, 224, 104, 56, 56
1408, 1, 152, 56, 56, 56
1408, 1, 120, 120, 56, 56
1408, 1, 296, 200, 56, 56
1409, 1, 152, 56, 56, 56
1409, 1, 224, 104, 56, 56
1409, 1, 120, 120, 56, 56
1409, 1, 272, 208, 56, 56
1410, 1, 152, 56, 56, 56
1410, 1, 224, 104, 56, 56
1410, 1, 272, 208, 56, 56
1411, 1, 152, 56, 56, 56
1411, 1, 280, 208, 56, 56
1412, 1, 280, 208, 56, 56
1412, 1, 128, 40, 56, 56
1413, 1, 128, 40, 56, 56
1413, 1, 128, 152, 56, 56
1414, 1, 160, 56, 56, 56
1414, 1, 208, 96, 56, 56
1415, 1, 232, 112, 56, 56
1415, 1, 288, 216, 56, 56
1415, 1, 160, 56, 56, 56
1415, 1, 120, 152, 56, 56
1416, 1, 160, 56, 56, 56
1416, 1, 104, 128, 56, 56
1416, 1, 288, 216, 56, 56
1416, 1, 232, 112, 56, 56
1417, 1, 160, 64, 56, 56
1417, 1, 296, 216, 56, 56
1417, 1, 232, 112, 56, 56
1418, 1, 296, 216, 56, 56
1418, 1, 160, 64, 56, 56
1418, 1, 96, 128, 56, 56
1418, 1, 232, 120, 56, 56
1419, 1, 88, 128, 56, 56
1419, 1, 296, 216, 56, 56
1419, 1, 168, 72, 56, 56
1419, 1, 208, 96, 56, 56
1420, 1, 168, 72, 56, 56
1420, 1, 88, 128, 56, 56
1420, 1, 208, 96, 56, 56
1421, 1, 88, 128, 56, 56
1421, 1, 168, 72, 56, 56
1421, 1, 208, 96, 56, 56
1422, 1, 80, 128, 56, 56
1422, 1, 168, 72, 56, 56
1422, 1, 208, 96, 56, 56
1423, 1, 80, 128, 56, 56
1423, 1, 240, 128, 56, 56
1423, 1, 168, 80, 56, 56
1424, 1, 160, 80, 56, 56
1424, 1, 80, 128, 56, 56
1424, 1, 240, 128, 56, 56
1424, 1, 224, 64, 56, 56
1425, 1, 80, 136, 56, 56
1425, 1, 240, 128, 56, 56
1425, 1, 168, 88, 56, 56
1425, 1, 120, 168, 56, 56
1425, 1, 120, 48, 56, 56
1426, 1, 80, 136, 56, 56
1426, 1, 168, 88, 56, 56
1426, 1, 120, 168, 56, 56
1426, 1, 240, 120, 56, 56
1426, 1, 120, 48, 56, 56
1427, 1, 160, 96, 56, 56
1427, 1, 120, 168, 56, 56
1427, 1, 72, 136, 56, 56
1427, 1, 240, 120, 56, 56
1427, 1, 120, 48, 56, 56
1428, 1, 168, 96, 56, 56
1428, 1, 72, 144, 56, 56
1428, 1, 120, 168, 56, 56
1428, 1, 240, 120, 56, 56
1428, 1, 120, 56, 56, 56
1429, 1, 168, 104, 56, 56
1429, 1, 72, 144, 56, 56
1429, 1, 248, 120, 56, 56
1430, 1, 168, 104, 56, 56
1430, 1, 120, 56, 56, 56
1430, 1, 240, 112, 56, 56
1431, 1, 168, 104, 56, 56
1431, 1, 240, 112, 56, 56
1431, 1, 72, 144, 56, 56
1431, 1, 136, 64, 56, 56
1432, 1, 168, 112, 56, 56
1432, 1, 240, 112, 56, 56
1432, 1, 136, 40, 56, 56
1433, 1, 168, 112, 56, 56
1433, 1, 240, 112, 56, 56
1433, 1, 136, 40, 56, 56
1433, 1, 96, 192, 56, 56
1434, 1, 168, 112, 56, 56
1434, 1, 136, 40, 56, 56
1434, 1, 240, 112, 56, 56
1434, 1, 120, 216, 56, 56
1435, 1, 168, 112, 56, 56
1435, 1, 240, 112, 56, 56
1435, 1, 136, 40, 56, 56
1436, 1, 240, 112, 56, 56
1436, 1, 168, 120, 56, 56
1436, 1, 136, 48, 56, 56
1437, 1, 176, 120, 56, 56
1437, 1, 240, 112, 56, 56
1437, 1, 104, 192, 56, 56
1437, 1, 136, 48, 56, 56
1438, 1, 176, 120, 56, 56
1438, 1, 248, 112, 56, 56
1438, 1, 136, 48, 56, 56
1439, 1, 184, 120, 56, 56
1439, 1, 248, 112, 56, 56
1439, 1, 136, 48, 56, 56
1440, 1, 184, 120, 56, 56
1440, 1, 136, 48, 56, 56
1440, 1, 56, 160, 56, 56
1440, 1, 248, 112, 56, 56
1441, 1, 184, 128, 56, 56
1441, 1, 136, 48, 56, 56
1441, 1, 248, 112, 56, 56
1442, 1, 136, 56, 56, 56
1442, 1, 192, 128, 56, 56
1442, 1, 56, 160, 56, 56
1443, 1, 136, 56, 56, 56
1443, 1, 192, 128, 56, 56
1444, 1, 136, 56, 56, 56
1444, 1, 200, 128, 56, 56
1444, 1, 248, 104, 56, 56
1445, 1, 136, 56, 56, 56
1445, 1, 200, 128, 56, 56
1445, 1, 48, 160, 56, 56
1446, 1, 136, 56, 56, 56
1446, 1, 208, 128, 56, 56
1446, 1, 224, 64, 56, 56
1446, 1, 48, 160, 56, 56
1447, 1, 208, 128, 56, 56
1447, 1, 136, 56, 56, 56
1447, 1, 224, 64, 56, 56
1448, 1, 136, 96, 56, 56
1448, 1, 208, 128, 56, 56
1448, 1, 224, 64, 56, 56
1449, 1, 136, 96, 56, 56
1449, 1, 216, 136, 56, 56
1449, 1, 80, 184, 56, 56
1449, 1, 224, 64, 56, 56
1450, 1, 216, 136, 56, 56
1450, 1, 80, 184, 56, 56
1450, 1, 144, 64, 56, 56
1450, 1, 224, 64, 56, 56
1451, 1, 144, 72, 56, 56
1451, 1, 216, 136, 56, 56
1451, 1, 80, 184, 56, 56
1451, 1, 32, 152, 56, 56
1452, 1, 144, 72, 56, 56
1452, 1, 216, 136, 56, 56
1452, 1, 80, 184, 56, 56
1453, 1, 224, 136, 56, 56
1453, 1, 144, 72, 56, 56
1453, 1, 248, 96, 56, 56
1453, 1, 72, 184, 56, 56
1454, 1, 152, 72, 56, 56
1454, 1, 224, 136, 56, 56
1454, 1, 248, 96, 56, 56
1454, 1, 72, 184, 56, 56
1455, 1, 152, 72, 56, 56
1455, 1, 72, 184, 56, 56
1455, 1, 232, 144, 56, 56
1455, 1, 248, 96, 56, 56
1456, 1, 152, 72, 56, 56
1456, 1, 72, 184, 56, 56
1456, 1, 232, 144, 56, 56
1456, 1, 256, 96, 56, 56
1457, 1, 152, 72, 56, 56
1457, 1, 224, 144, 56, 56
1457, 1, 32, 168, 56, 56
1458, 1, 152, 80, 56, 56
1458, 1, 232, 144, 56, 56
1458, 1, 64, 184, 56, 56
1458, 1, 256, 96, 56, 56
1459, 1, 152, 80, 56, 56
1459, 1, 64, 184, 56, 56
1460, 1, 152, 80, 56, 56
1461, 1, 152, 80, 56, 56
1461, 1, 56, 184, 56, 56
1461, 1, 264, 96, 56, 56
1462, 1, 256, 160, 56, 56
1462, 1, 152, 88, 56, 56
1462, 1, 24, 168, 56, 56
1463, 1, 160, 88, 56, 56
1463, 1, 24, 168, 56, 56
1464, 1, 160, 88, 56, 56
1464, 1, 16, 168, 56, 56
1464, 1, 264, 168, 56, 56
1465, 1, 160, 96, 56, 56
1465, 1, 16, 168, 56, 56
1465, 1, 120, 48, 56, 56
1465, 1, 264, 128, 56, 56
1466, 1, 160, 96, 56, 56
1466, 1, 16, 168, 56, 56
1466, 1, 120, 56, 56, 56
1467, 1, 160, 96, 56, 56
1467, 1, 8, 168, 56, 56
1467, 1, 256, 160, 56, 56
1467, 1, 120, 48, 56, 56
1468, 1, 256, 160, 56, 56
1468, 1, 160, 104, 56, 56
1468, 1, 8, 168, 56, 56
1468, 1, 120, 56, 56, 56
1469, 1, 160, 104, 56, 56
1469, 1, 120, 56, 56, 56
1469, 1, 272, 136, 56, 56
1470, 1, 160, 104, 56, 56
1470, 1, 120, 56, 56, 56
1470, 1, 288, 176, 56, 56
1471, 1, 160, 112, 56, 56
1471, 1, 120, 56, 56, 56
1471, 1, 288, 176, 56, 56
1471, 1, 192, 184, 56, 56
1472, 1, 160, 112, 56, 56
1472, 1, 120, 56, 56, 56
1473, 1, 160, 112, 56, 56
1473, 1, 120, 56, 56, 56
1474, 1, 168, 112, 56, 56
1474, 1, 152, 56, 56, 56
1475, 1, 168, 112, 56, 56
1476, 1, 168, 120, 56, 56
1476, 1, 152, 56, 56, 56
1477, 1, 168, 120, 56, 56
1478, 1, 168, 120, 56, 56
1478, 1, 32, 192, 56, 56
1479, 1, 176, 120, 56, 56
1480, 1, 176, 120, 56, 56
1480, 1, 24, 192, 56, 56
1481, 1, 176, 120, 56, 56
1481, 1, 24, 192, 56, 56
1481, 1, 296, 176, 56, 56
1482, 1, 152, 64, 56, 56
1482, 1, 184, 120, 56, 56
1482, 1, 296, 176, 56, 56
1483, 1, 184, 120, 56, 56
1483, 1, 144, 64, 56, 56
1483, 1, 232, 224, 56, 56
1484, 1, 160, 160, 56, 56
1484, 1, 152, 64, 56, 56
1484, 1, 184, 120, 56, 56
1485, 1, 144, 64, 56, 56
1485, 1, 192, 120, 56, 56
1485, 1, 160, 160, 56, 56
1486, 1, 192, 120, 56, 56
1486, 1, 144, 64, 56, 56
1487, 1, 144, 72, 56, 56
1487, 1, 192, 128, 56, 56
1488, 1, 200, 128, 56, 56
1489, 1, 200, 128, 56, 56
1490, 1, 208, 128, 56, 56
1491, 1, 208, 128, 56, 56
1492, 1, 176, 144, 56, 56
1493, 1, 216, 128, 56, 56
1494, 1, 136, 56, 56, 56
1495, 1, 224, 128, 56, 56
1495, 1, 136, 56, 56, 56
1495, 1, 256, 192, 56, 56
1496, 1, 224, 128, 56, 56
1496, 1, 136, 64, 56, 56
1497, 1, 232, 128, 56, 56
1497, 1, 136, 64, 56, 56
1498, 1, 232, 128, 56, 56
1498, 1, 192, 152, 56, 56
1498, 1, 136, 64, 56, 56
1498, 1, 264, 192, 56, 56
1499, 1, 232, 128, 56, 56
1499, 1, 136, 64, 56, 56
1499, 1, 264, 184, 56, 56
1500, 1, 232, 128, 56, 56
1500, 1, 136, 64, 56, 56
1501, 1, 240, 128, 56, 56
1501, 1, 200, 152, 56, 56
1502, 1, 240, 128, 56, 56
1502, 1, 288, 176, 56, 56
1502, 1, 136, 64, 56, 56
1503, 1, 248, 136, 56, 56
1503, 1, 208, 160, 56, 56
1503, 1, 120, 40, 56, 56
1503, 1, 288, 176, 56, 56
1504, 1, 248, 136, 56, 56
1504, 1, 152, 80, 56, 56
1504, 1, 208, 160, 56, 56
1504, 1, 120, 40, 56, 56
1505, 1, 248, 136, 56, 56
1505, 1, 128, 72, 56, 56
1505, 1, 296, 176, 56, 56
1506, 1, 256, 136, 56, 56
1506, 1, 216, 160, 56, 56
1506, 1, 296, 176, 56, 56
1506, 1, 128, 72, 56, 56
1506, 1, 160, 216, 56, 56
1507, 1, 224, 168, 56, 56
1507, 1, 128, 80, 56, 56
1507, 1, 0, 200, 56, 56
1508, 1, 224, 168, 56, 56
1508, 1, 128, 80, 56, 56
1508, 1, 264, 144, 56, 56
1509, 1, 264, 144, 56, 56
1509, 1, 120, 80, 56, 56
1509, 1, 224, 168, 56, 56
1510, 1, 264, 144, 56, 56
1510, 1, 120, 80, 56, 56
1511, 1, 232, 176, 56, 56
1511, 1, 272, 144, 56, 56
1512, 1, 232, 176, 56, 56
1512, 1, 112, 88, 56, 56
1512, 1, 272, 152, 56, 56
1513, 1, 112, 88, 56, 56
1513, 1, 224, 160, 56, 56
1514, 1, 232, 160, 56, 56
1514, 1, 136, 56, 56, 56
1514, 1, 280, 152, 56, 56
1515, 1, 104, 88, 56, 56
1515, 1, 280, 152, 56, 56
1515, 1, 232, 160, 56, 56
1516, 1, 280, 152, 56, 56
1516, 1, 104, 88, 56, 56
1516, 1, 232, 160, 56, 56
1517, 1, 104, 96, 56, 56
1517, 1, 240, 160, 56, 56
1517, 1, 128, 56, 56, 56
1518, 1, 192, 192, 56, 56
1518, 1, 240, 160, 56, 56
1518, 1, 288, 152, 56, 56
1518, 1, 296, 200, 56, 56
1518, 1, 96, 96, 56, 56
1519, 1, 192, 192, 56, 56
1519, 1, 96, 96, 56, 56
1519, 1, 288, 152, 56, 56
1519, 1, 240, 160, 56, 56
1520, 1, 96, 96, 56, 56
1520, 1, 192, 192, 56, 56
1520, 1, 248, 160, 56, 56
1521, 1, 192, 192, 56, 56
1521, 1, 96, 96, 56, 56
1521, 1, 248, 160, 56, 56
1521, 1, 296, 152, 56, 56
1522, 1, 296, 152, 56, 56
1522, 1, 192, 192, 56, 56
1522, 1, 96, 96, 56, 56
1522, 1, 248, 160, 56, 56
1523, 1, 264, 176, 56, 56
1523, 1, 192, 192, 56, 56
1523, 1, 88, 96, 56, 56
1524, 1, 264, 176, 56, 56
1524, 1, 192, 200, 56, 56
1525, 1, 136, 56, 56, 56
1525, 1, 272, 176, 56, 56
1525, 1, 192, 200, 56, 56
1526, 1, 272, 176, 56, 56
1526, 1, 136, 56, 56, 56
1526, 1, 80, 104, 56, 56
1527, 1, 184, 208, 56, 56
1527, 1, 80, 104, 56, 56
1527, 1, 120, 56, 56, 56
1528, 1, 184, 208, 56, 56
1528, 1, 120, 56, 56, 56
1529, 1, 120, 56, 56, 56
1529, 1, 280, 168, 56, 56
1529, 1, 184, 208, 56, 56
1530, 1, 120, 56, 56, 56
1530, 1, 280, 168, 56, 56
1531, 1, 120, 56, 56, 56
1531, 1, 288, 168, 56, 56
1532, 1, 120, 56, 56, 56
1532, 1, 72, 120, 56, 56
1533, 1, 152, 112, 56, 56
1533, 1, 120, 56, 56, 56
1533, 1, 72, 120, 56, 56
1534, 1, 144, 80, 56, 56
1535, 1, 152, 80, 56, 56
1536, 1, 120, 48, 56, 56
1536, 1, 280, 152, 56, 56
1537, 1, 152, 88, 56, 56
1538, 1, 152, 88, 56, 56
1538, 1, 272, 208, 56, 56
1539, 1, 120, 56, 56, 56
1539, 1, 288, 152, 56, 56
1540, 1, 288, 152, 56, 56
1540, 1, 120, 56, 56, 56
1541, 1, 288, 152, 56, 56
1542, 1, 288, 152, 56, 56
1543, 1, 120, 80, 56, 56
1543, 1, 48, 152, 56, 56
1544, 1, 120, 80, 56, 56
1545, 1, 296, 152, 56, 56
1545, 1, 120, 56, 56, 56
1545, 1, 176, 136, 56, 56
1546, 1, 40, 160, 56, 56
1546, 1, 296, 152, 56, 56
1546, 1, 120, 56, 56, 56
1547, 1, 40, 160, 56, 56
1547, 1, 296, 200, 56, 56
1548, 1, 40, 160, 56, 56
1549, 1, 176, 112, 56, 56
1549, 1, 32, 168, 56, 56
1550, 1, 32, 168, 56, 56
1550, 1, 176, 120, 56, 56
1550, 1, 80, 176, 56, 56
1551, 1, 32, 168, 56, 56
1551, 1, 192, 144, 56, 56
1551, 1, 120, 48, 56, 56
1551, 1, 120, 96, 56, 56
1552, 1, 24, 168, 56, 56
1552, 1, 72, 176, 56, 56
1552, 1, 296, 200, 56, 56
1552, 1, 184, 120, 56, 56
1553, 1, 24, 168, 56, 56
1553, 1, 72, 184, 56, 56
1553, 1, 120, 48, 56, 56
1553, 1, 184, 128, 56, 56
1554, 1, 16, 168, 56, 56
1554, 1, 192, 120, 56, 56
1554, 1, 64, 176, 56, 56
1554, 1, 120, 48, 56, 56
1555, 1, 64, 184, 56, 56
1555, 1, 120, 48, 56, 56
1555, 1, 16, 168, 56, 56
1556, 1, 64, 184, 56, 56
1556, 1, 8, 176, 56, 56
1556, 1, 208, 152, 56, 56
1557, 1, 8, 176, 56, 56
1557, 1, 56, 184, 56, 56
1557, 1, 272, 200, 56, 56
1558, 1, 216, 152, 56, 56
1558, 1, 56, 184, 56, 56
1558, 1, 8, 176, 56, 56
1559, 1, 48, 184, 56, 56
1560, 1, 48, 184, 56, 56
1560, 1, 208, 128, 56, 56
1561, 1, 208, 128, 56, 56
1561, 1, 48, 184, 56, 56
1561, 1, 0, 184, 56, 56
1562, 1, 48, 192, 56, 56
1562, 1, 120, 64, 56, 56
1563, 1, 48, 192, 56, 56
1563, 1, 120, 64, 56, 56
1563, 1, 176, 176, 56, 56
1564, 1, 40, 192, 56, 56
1564, 1, 120, 64, 56, 56
1564, 1, 216, 136, 56, 56
1565, 1, 40, 192, 56, 56
1565, 1, 120, 64, 56, 56
1566, 1, 40, 200, 56, 56
1566, 1, 120, 64, 56, 56
1566, 1, 208, 152, 56, 56
1567, 1, 40, 200, 56, 56
1567, 1, 120, 64, 56, 56
1568, 1, 120, 64, 56, 56
1568, 1, 32, 200, 56, 56
1569, 1, 120, 64, 56, 56
1569, 1, 272, 200, 56, 56
1569, 1, 144, 200, 56, 56
1569, 1, 32, 200, 56, 56
1570, 1, 120, 64, 56, 56
1570, 1, 32, 208, 56, 56
1570, 1, 272, 200, 56, 56
1571, 1, 224, 160, 56, 56
1571, 1, 120, 64, 56, 56
1572, 1, 120, 72, 56, 56
1572, 1, 24, 208, 56, 56
1573, 1, 120, 72, 56, 56
1573, 1, 24, 216, 56, 56
1573, 1, 176, 184, 56, 56
1574, 1, 120, 72, 56, 56
1574, 1, 288, 216, 56, 56
1574, 1, 24, 216, 56, 56
1575, 1, 120, 72, 56, 56
1575, 1, 288, 216, 56, 56
1576, 1, 16, 216, 56, 56
1576, 1, 184, 192, 56, 56
1576, 1, 168, 64, 56, 56
1576, 1, 120, 72, 56, 56
1577, 1, 120, 72, 56, 56
1577, 1, 16, 216, 56, 56
1577, 1, 184, 192, 56, 56
1578, 1, 120, 80, 56, 56
1578, 1, 288, 192, 56, 56
1579, 1, 120, 72, 56, 56
1580, 1, 120, 72, 56, 56
1580, 1, 296, 216, 56, 56
1581, 1, 120, 72, 56, 56
1581, 1, 184, 192, 56, 56
1581, 1, 296, 216, 56, 56
1582, 1, 120, 72, 56, 56
1583, 1, 120, 72, 56, 56
1584, 1, 120, 80, 56, 56
1585, 1, 120, 80, 56, 56
1586, 1, 120, 96, 56, 56
1587, 1, 120, 96, 56, 56
1587, 1, 128, 32, 56, 56
1588, 1, 128, 32, 56, 56
1589, 1, 128, 32, 56, 56
1590, 1, 128, 32, 56, 56
1590, 1, 264, 192, 56, 56
1591, 1, 120, 72, 56, 56
1591, 1, 296, 200, 56, 56
1592, 1, 120, 72, 56, 56
1593, 1, 120, 80, 56, 56
1593, 1, 128, 32, 56, 56
1594, 1, 120, 80, 56, 56
1594, 1, 128, 32, 56, 56
1595, 1, 120, 80, 56, 56
1595, 1, 128, 32, 56, 56
1596, 1, 120, 80, 56, 56
1596, 1, 160, 48, 56, 56
1597, 1, 120, 88, 56, 56
1597, 1, 160, 48, 56, 56
1598, 1, 120, 88, 56, 56
1598, 1, 128, 40, 56, 56
1599, 1, 120, 88, 56, 56
1599, 1, 160, 56, 56, 56
1600, 1, 160, 56, 56, 56
1600, 1, 120, 88, 56, 56
1601, 1, 120, 88, 56, 56
1601, 1, 160, 56, 56, 56
1601, 1, 288, 200, 56, 56
1602, 1, 120, 96, 56, 56
1602, 1, 160, 56, 56, 56
1602, 1, 288, 200, 56, 56
1603, 1, 120, 96, 56, 56
1603, 1, 160, 56, 56, 56
1604, 1, 120, 96, 56, 56
1604, 1, 160, 56, 56, 56
1605, 1, 120, 96, 56, 56
1605, 1, 296, 208, 56, 56
1606, 1, 296, 208, 56, 56
1606, 1, 120, 96, 56, 56
1607, 1, 160, 64, 56, 56
1608, 1, 104, 120, 56, 56
1609, 1, 128, 104, 56, 56
1609, 1, 160, 64, 56, 56
1610, 1, 128, 104, 56, 56
1610, 1, 160, 64, 56, 56
1611, 1, 128, 104, 56, 56
1612, 1, 160, 72, 56, 56
1613, 1, 136, 104, 56, 56
1614, 1, 136, 104, 56, 56
1615, 1, 136, 104, 56, 56
1616, 1, 136, 112, 56, 56
1617, 1, 136, 112, 56, 56
1617, 1, 120, 40, 56, 56
1618, 1, 136, 112, 56, 56
1619, 1, 136, 120, 56, 56
1619, 1, 120, 64, 56, 56
1620, 1, 136, 120, 56, 56
1621, 1, 144, 120, 56, 56
1622, 1, 144, 120, 56, 56
1623, 1, 144, 120, 56, 56
1624, 1, 144, 120, 56, 56
1625, 1, 144, 120, 56, 56
1625, 1, 184, 96, 56, 56
1625, 1, 128, 48, 56, 56
1626, 1, 128, 48, 56, 56
1626, 1, 144, 128, 56, 56
1627, 1, 144, 128, 56, 56
1627, 1, 128, 80, 56, 56
1627, 1, 184, 104, 56, 56
1628, 1, 128, 80, 56, 56
1628, 1, 152, 128, 56, 56
1629, 1, 152, 128, 56, 56
1629, 1, 128, 88, 56, 56
1629, 1, 192, 104, 56, 56
1630, 1, 192, 104, 56, 56
1630, 1, 128, 88, 56, 56
1630, 1, 152, 128, 56, 56
1631, 1, 192, 104, 56, 56
1631, 1, 152, 136, 56, 56
1631, 1, 136, 56, 56, 56
1632, 1, 152, 136, 56, 56
1632, 1, 136, 56, 56, 56
1632, 1, 192, 104, 56, 56
1633, 1, 152, 136, 56, 56
1633, 1, 136, 56, 56, 56
1633, 1, 192, 104, 56, 56
1634, 1, 152, 144, 56, 56
1634, 1, 136, 64, 56, 56
1635, 1, 152, 144, 56, 56
1635, 1, 136, 64, 56, 56
1636, 1, 136, 64, 56, 56
1636, 1, 152, 144, 56, 56
1637, 1, 136, 64, 56, 56
1637, 1, 152, 152, 56, 56
1637, 1, 200, 112, 56, 56
1638, 1, 136, 64, 56, 56
1638, 1, 200, 112, 56, 56
1638, 1, 152, 152, 56, 56
1639, 1, 200, 112, 56, 56
1639, 1, 136, 64, 56, 56
1639, 1, 152, 152, 56, 56
1640, 1, 152, 160, 56, 56
1640, 1, 200, 120, 56, 56
1641, 1, 152, 160, 56, 56
1641, 1, 200, 120, 56, 56
1642, 1, 152, 168, 56, 56
1642, 1, 128, 96, 56, 56
1643, 1, 152, 168, 56, 56
1643, 1, 208, 120, 56, 56
1643, 1, 128, 96, 56, 56
1644, 1, 152, 168, 56, 56
1644, 1, 208, 120, 56, 56
1644, 1, 128, 72, 56, 56
1645, 1, 128, 72, 56, 56
1645, 1, 208, 120, 56, 56
1645, 1, 152, 168, 56, 56
1646, 1, 152, 176, 56, 56
1646, 1, 128, 72, 56, 56
1646, 1, 208, 128, 56, 56
1647, 1, 152, 176, 56, 56
1647, 1, 120, 72, 56, 56
1648, 1, 152, 176, 56, 56
1648, 1, 128, 80, 56, 56
1648, 1, 216, 128, 56, 56
1649, 1, 152, 176, 56, 56
1649, 1, 120, 80, 56, 56
1649, 1, 216, 128, 56, 56
1650, 1, 120, 80, 56, 56
1650, 1, 152, 176, 56, 56
1650, 1, 144, 40, 56, 56
1650, 1, 208, 144, 56, 56
1651, 1, 120, 80, 56, 56
1651, 1, 152, 184, 56, 56
1652, 1, 112, 80, 56, 56
1652, 1, 160, 184, 56, 56
1652, 1, 136, 40, 56, 56
1653, 1, 160, 184, 56, 56
1653, 1, 120, 88, 56, 56
1653, 1, 136, 40, 56, 56
1654, 1, 160, 184, 56, 56
1654, 1, 112, 88, 56, 56
1654, 1, 136, 40, 56, 56
1655, 1, 112, 88, 56, 56
1655, 1, 160, 184, 56, 56
1655, 1, 136, 40, 56, 56
1656, 1, 232, 136, 56, 56
1656, 1, 168, 184, 56, 56
1656, 1, 104, 88, 56, 56
1657, 1, 168, 184, 56, 56
1657, 1, 112, 96, 56, 56
1657, 1, 232, 136, 56, 56
1658, 1, 104, 96, 56, 56
1658, 1, 240, 136, 56, 56
1658, 1, 136, 40, 56, 56
1659, 1, 176, 184, 56, 56
1659, 1, 240, 136, 56, 56
1659, 1, 104, 96, 56, 56
1659, 1, 144, 48, 56, 56
1660, 1, 96, 96, 56, 56
1660, 1, 176, 184, 56, 56
1660, 1, 240, 136, 56, 56
1661, 1, 96, 96, 56, 56
1661, 1, 184, 184, 56, 56
1661, 1, 248, 136, 56, 56
1662, 1, 184, 184, 56, 56
1662, 1, 248, 136, 56, 56
1662, 1, 96, 104, 56, 56
1663, 1, 96, 104, 56, 56
1663, 1, 144, 80, 56, 56
1663, 1, 184, 184, 56, 56
1664, 1, 192, 176, 56, 56
1664, 1, 88, 104, 56, 56
1664, 1, 256, 136, 56, 56
1664, 1, 144, 64, 56, 56
1665, 1, 192, 184, 56, 56
1665, 1, 256, 136, 56, 56
1665, 1, 144, 64, 56, 56
1666, 1, 144, 64, 56, 56
1666, 1, 88, 112, 56, 56
1666, 1, 200, 184, 56, 56
1667, 1, 200, 184, 56, 56
1667, 1, 144, 64, 56, 56
1667, 1, 96, 136, 56, 56
1667, 1, 264, 136, 56, 56
1668, 1, 200, 184, 56, 56
1668, 1, 128, 40, 56, 56
1668, 1, 144, 88, 56, 56
1669, 1, 200, 184, 56, 56
1669, 1, 128, 40, 56, 56
1669, 1, 80, 120, 56, 56
1669, 1, 272, 136, 56, 56
1670, 1, 208, 184, 56, 56
1670, 1, 272, 136, 56, 56
1670, 1, 128, 40, 56, 56
1671, 1, 208, 184, 56, 56
1671, 1, 128, 40, 56, 56
1671, 1, 272, 136, 56, 56
1671, 1, 152, 80, 56, 56
1672, 1, 208, 184, 56, 56
1672, 1, 152, 80, 56, 56
1672, 1, 128, 40, 56, 56
1673, 1, 280, 136, 56, 56
1673, 1, 152, 80, 56, 56
1673, 1, 128, 40, 56, 56
1673, 1, 192, 208, 56, 56
1673, 1, 72, 128, 56, 56
1674, 1, 280, 136, 56, 56
1674, 1, 152, 80, 56, 56
1674, 1, 128, 40, 56, 56
1674, 1, 72, 136, 56, 56
1674, 1, 216, 184, 56, 56
1675, 1, 216, 192, 56, 56
1675, 1, 128, 40, 56, 56
1675, 1, 80, 160, 56, 56
1675, 1, 280, 136, 56, 56
1676, 1, 128, 40, 56, 56
1676, 1, 216, 192, 56, 56
1676, 1, 152, 80, 56, 56
1677, 1, 224, 192, 56, 56
1677, 1, 64, 144, 56, 56
1677, 1, 128, 40, 56, 56
1678, 1, 224, 192, 56, 56
1678, 1, 72, 168, 56, 56
1678, 1, 128, 32, 56, 56
1679, 1, 224, 192, 56, 56
1679, 1, 72, 168, 56, 56
1679, 1, 288, 144, 56, 56
1680, 1, 128, 40, 56, 56
1681, 1, 296, 144, 56, 56
1681, 1, 232, 200, 56, 56
1682, 1, 128, 40, 56, 56
1683, 1, 128, 40, 56, 56
1683, 1, 48, 160, 56, 56
1683, 1, 184, 216, 56, 56
1684, 1, 128, 40, 56, 56
1684, 1, 48, 160, 56, 56
1685, 1, 240, 208, 56, 56
1685, 1, 128, 40, 56, 56
1686, 1, 128, 40, 56, 56
1687, 1, 128, 40, 56, 56
1687, 1, 248, 216, 56, 56
1688, 1, 248, 216, 56, 56
1688, 1, 128, 40, 56, 56
1689, 1, 248, 216, 56, 56
1689, 1, 96, 224, 56, 56
1690, 1, 32, 168, 56, 56
1691, 1, 232, 200, 56, 56
1692, 1, 232, 200, 56, 56
1692, 1, 120, 48, 56, 56
1693, 1, 120, 48, 56, 56
1693, 1, 256, 224, 56, 56
1693, 1, 128, 128, 56, 56
1694, 1, 120, 48, 56, 56
1695, 1, 264, 224, 56, 56
1695, 1, 120, 40, 56, 56
1696, 1, 120, 48, 56, 56
1696, 1, 264, 224, 56, 56
1697, 1, 120, 48, 56, 56
1697, 1, 264, 224, 56, 56
1698, 1, 120, 48, 56, 56
1698, 1, 112, 120, 56, 56
1699, 1, 120, 48, 56, 56
1699, 1, 272, 224, 56, 56
1700, 1, 120, 48, 56, 56
1700, 1, 272, 224, 56, 56
1701, 1, 120, 48, 56, 56
1701, 1, 272, 224, 56, 56
1702, 1, 120, 56, 56, 56
1702, 1, 280, 224, 56, 56
1702, 1, 8, 168, 56, 56
1703, 1, 120, 56, 56, 56
1703, 1, 280, 224, 56, 56
1703, 1, 0, 200, 56, 56
1704, 1, 120, 56, 56, 56
1704, 1, 248, 224, 56, 56
1705, 1, 120, 56, 56, 56
1706, 1, 120, 64, 56, 56
1706, 1, 288, 216, 56, 56
1707, 1, 288, 216, 56, 56
1707, 1, 120, 64, 56, 56
1708, 1, 120, 64, 56, 56
1708, 1, 288, 216, 56, 56
1708, 1, 24, 216, 56, 56
1709, 1, 128, 72, 56, 56
1709, 1, 296, 216, 56, 56
1709, 1, 24, 216, 56, 56
1710, 1, 296, 216, 56, 56
1710, 1, 128, 72, 56, 56
1711, 1, 296, 216, 56, 56
1711, 1, 128, 72, 56, 56
1711, 1, 16, 216, 56, 56
1712, 1, 128, 72, 56, 56
1713, 1, 136, 96, 56, 56
1714, 1, 280, 224, 56, 56
1715, 1, 120, 56, 56, 56
1716, 1, 120, 80, 56, 56
1717, 1, 120, 80, 56, 56
1717, 1, 24, 208, 56, 56
1717, 1, 288, 224, 56, 56
1718, 1, 288, 224, 56, 56
1718, 1, 120, 80, 56, 56
1719, 1, 120, 88, 56, 56
1720, 1, 120, 88, 56, 56
1721, 1, 120, 88, 56, 56
1721, 1, 296, 232, 56, 56
1722, 1, 120, 96, 56, 56
1722, 1, 296, 232, 56, 56
1723, 1, 120, 96, 56, 56
1724, 1, 120, 104, 56, 56
1724, 1, 296, 208, 56, 56
1725, 1, 112, 104, 56, 56
1725, 1, 296, 208, 56, 56
1726, 1, 112, 104, 56, 56
1726, 1, 88, 168, 56, 56
1727, 1, 104, 104, 56, 56
1727, 1, 112, 216, 56, 56
1727, 1, 296, 208, 56, 56
1728, 1, 104, 104, 56, 56
1728, 1, 120, 56, 56, 56
1729, 1, 112, 112, 56, 56
1729, 1, 112, 216, 56, 56
1730, 1, 104, 112, 56, 56
1731, 1, 104, 112, 56, 56
1732, 1, 104, 112, 56, 56
1733, 1, 104, 120, 56, 56
1734, 1, 96, 120, 56, 56
1734, 1, 16, 144, 56, 56
1735, 1, 96, 120, 56, 56
1736, 1, 96, 120, 56, 56
1737, 1, 96, 128, 56, 56
1738, 1, 96, 128, 56, 56
1739, 1, 96, 136, 56, 56
1740, 1, 96, 136, 56, 56
1741, 1, 88, 136, 56, 56
1742, 1, 88, 144, 56, 56
1743, 1, 88, 144, 56, 56
1743, 1, 88, 192, 56, 56
1743, 1, 32, 168, 56, 56
1744, 1, 88, 152, 56, 56
1744, 1, 32, 168, 56, 56
1744, 1, 168, 40, 56, 56
1745, 1, 88, 152, 56, 56
1745, 1, 72, 208, 56, 56
1745, 1, 32, 168, 56, 56
1746, 1, 24, 168, 56, 56
1746, 1, 80, 152, 56, 56
1746, 1, 168, 40, 56, 56
1747, 1, 80, 160, 56, 56
1747, 1, 24, 168, 56, 56
1748, 1, 152, 40, 56, 56
1748, 1, 80, 160, 56, 56
1748, 1, 24, 168, 56, 56
1749, 1, 152, 40, 56, 56
1749, 1, 80, 160, 56, 56
1750, 1, 152, 40, 56, 56
1750, 1, 64, 208, 56, 56
1751, 1, 152, 40, 56, 56
1751, 1, 64, 208, 56, 56
1752, 1, 144, 40, 56, 56
1752, 1, 64, 208, 56, 56
1753, 1, 144, 40, 56, 56
1753, 1, 56, 200, 56, 56
1754, 1, 144, 40, 56, 56
1754, 1, 56, 200, 56, 56
1755, 1, 144, 40, 56, 56
1755, 1, 56, 208, 56, 56
1755, 1, 8, 168, 56, 56
1756, 1, 144, 40, 56, 56
1756, 1, 56, 208, 56, 56
1757, 1, 152, 48, 56, 56
1758, 1, 144, 48, 56, 56
1759, 1, 144, 48, 56, 56
1760, 1, 152, 56, 56, 56
1760, 1, 8, 128, 56, 56
1761, 1, 152, 56, 56, 56
1762, 1, 144, 56, 56, 56
1763, 1, 144, 56, 56, 56
1764, 1, 144, 56, 56, 56
1765, 1, 144, 56, 56, 56
1765, 1, 120, 216, 56, 56
1766, 1, 144, 64, 56, 56
1767, 1, 144, 64, 56, 56
1768, 1, 144, 64, 56, 56
1768, 1, 0, 152, 56, 56
1769, 1, 144, 64, 56, 56
1770, 1, 144, 64, 56, 56
1771, 1, 144, 64, 56, 56
1772, 1, 144, 64, 56, 56
1773, 1, 144, 64, 56, 56
1774, 1, 144, 64, 56, 56
1774, 1, 40, 192, 56, 56
1775, 1, 144, 64, 56, 56
1776, 1, 144, 72, 56, 56
1777, 1, 144, 72, 56, 56
1778, 1, 144, 72, 56, 56
1779, 1, 144, 72, 56, 56
1780, 1, 144, 72, 56, 56
1781, 1, 144, 80, 56, 56
1782, 1, 152, 80, 56, 56
1783, 1, 152, 80, 56, 56
1784, 1, 152, 80, 56, 56
1785, 1, 152, 80, 56, 56
1786, 1, 160, 80, 56, 56
1787, 1, 152, 88, 56, 56
1788, 1, 160, 88, 56, 56
1789, 1, 160, 88, 56, 56
1790, 1, 160, 88, 56, 56
1791, 1, 160, 88, 56, 56
1792, 1, 160, 96, 56, 56
1792, 1, 184, 184, 56, 56
1793, 1, 160, 96, 56, 56
1793, 1, 152, 48, 56, 56
1794, 1, 168, 96, 56, 56
1795, 1, 168, 96, 56, 56
1796, 1, 168, 96, 56, 56
1796, 1, 136, 40, 56, 56
1797, 1, 168, 96, 56, 56
1797, 1, 136, 40, 56, 56
1798, 1, 168, 96, 56, 56
1799, 1, 168, 104, 56, 56
1799, 1, 136, 48, 56, 56
1800, 1, 168, 104, 56, 56
1800, 1, 136, 48, 56, 56
1801, 1, 168, 104, 56, 56
1801, 1, 136, 56, 56, 56
1802, 1, 168, 104, 56, 56
1802, 1, 136, 56, 56, 56
1803, 1, 168, 112, 56, 56
1803, 1, 136, 56, 56, 56
1804, 1, 168, 112, 56, 56
1805, 1, 128, 64, 56, 56
1805, 1, 168, 112, 56, 56
1806, 1, 176, 112, 56, 56
1806, 1, 128, 64, 56, 56
1807, 1, 120, 72, 56, 56
1807, 1, 176, 112, 56, 56
1808, 1, 120, 72, 56, 56
1809, 1, 120, 56, 56, 56
1810, 1, 112, 80, 56, 56
1810, 1, 176, 120, 56, 56
1811, 1, 120, 48, 56, 56
1811, 1, 176, 120, 56, 56
1812, 1, 120, 56, 56, 56
1813, 1, 104, 88, 56, 56
1814, 1, 120, 72, 56, 56
1815, 1, 120, 72, 56, 56
1815, 1, 176, 136, 56, 56
1816, 1, 120, 72, 56, 56
1816, 1, 176, 136, 56, 56
1817, 1, 120, 72, 56, 56
1817, 1, 176, 136, 56, 56
1818, 1, 120, 72, 56, 56
1818, 1, 176, 136, 56, 56
1819, 1, 120, 80, 56, 56
1820, 1, 88, 104, 56, 56
1821, 1, 88, 104, 56, 56
1822, 1, 80, 112, 56, 56
1822, 1, 120, 80, 56, 56
1823, 1, 80, 112, 56, 56
1823, 1, 184, 144, 56, 56
1824, 1, 80, 120, 56, 56
1824, 1, 184, 144, 56, 56
1825, 1, 72, 120, 56, 56
1826, 1, 72, 128, 56, 56
1826, 1, 120, 40, 56, 56
1827, 1, 72, 128, 56, 56
1827, 1, 120, 48, 56, 56
1828, 1, 192, 152, 56, 56
1829, 1, 64, 136, 56, 56
1829, 1, 192, 152, 56, 56
1829, 1, 136, 168, 56, 56
1829, 1, 120, 56, 56, 56
1830, 1, 136, 168, 56, 56
1830, 1, 120, 56, 56, 56
1830, 1, 120, 104, 56, 56
1830, 1, 192, 152, 56, 56
1830, 1, 64, 136, 56, 56
1831, 1, 56, 144, 56, 56
1831, 1, 120, 56, 56, 56
1832, 1, 200, 152, 56, 56
1832, 1, 56, 144, 56, 56
1832, 1, 120, 56, 56, 56
1833, 1, 200, 152, 56, 56
1834, 1, 200, 152, 56, 56
1834, 1, 120, 112, 56, 56
1835, 1, 120, 72, 56, 56
1836, 1, 24, 160, 56, 56
1836, 1, 208, 152, 56, 56
1836, 1, 120, 72, 56, 56
1837, 1, 208, 152, 56, 56
1838, 1, 208, 152, 56, 56
1838, 1, 120, 80, 56, 56
1839, 1, 208, 152, 56, 56
1840, 1, 144, 200, 56, 56
1841, 1, 120, 48, 56, 56
1842, 1, 88, 224, 56, 56
1843, 1, 88, 224, 56, 56
1844, 1, 112, 96, 56, 56
1845, 1, 120, 104, 56, 56
1846, 1, 120, 56, 56, 56
1847, 1, 120, 56, 56, 56
1848, 1, 120, 48, 56, 56
1849, 1, 120, 56, 56, 56
1850, 1, 112, 144, 56, 56
1851, 1, 120, 48, 56, 56
1852, 1, 120, 48, 56, 56
1853, 1, 104, 152, 56, 56
1854, 1, 120, 56, 56, 56
1855, 1, 120, 48, 56, 56
1856, 1, 120, 48, 56, 56
1857, 1, 120, 56, 56, 56
1858, 1, 120, 48, 56, 56
1859, 1, 120, 48, 56, 56
1860, 1, 120, 48, 56, 56
1861, 1, 120, 48, 56, 56
1862, 1, 0, 208, 56, 56
1863, 1, 120, 48, 56, 56
1864, 1, 120, 48, 56, 56
1865, 1, 120, 56, 56, 56
1866, 1, 120, 48, 56, 56
1867, 1, 48, 112, 56, 56
1867, 1, 120, 56, 56, 56
1868, 1, 160, 216, 56, 56
1868, 1, 120, 48, 56, 56
1869, 1, 120, 48, 56, 56
1869, 1, 160, 216, 56, 56
1870, 1, 40, 120, 56, 56
1871, 1, 128, 56, 56, 56
1872, 1, 128, 56, 56, 56
1873, 1, 128, 56, 56, 56
1874, 1, 32, 128, 56, 56
1875, 1, 32, 128, 56, 56
1875, 1, 128, 56, 56, 56
1876, 1, 128, 56, 56, 56
1877, 1, 128, 56, 56, 56
1878, 1, 184, 176, 56, 56
1879, 1, 96, 168, 56, 56
1880, 1, 216, 208, 56, 56
1881, 1, 24, 136, 56, 56
1882, 1, 88, 176, 56, 56
1883, 1, 88, 176, 56, 56
1884, 1, 248, 200, 56, 56
1885, 1, 16, 136, 56, 56
1886, 1, 16, 136, 56, 56
1887, 1, 104, 224, 56, 56
1888, 1, 88, 184, 56, 56
1889, 1, 96, 224, 56, 56
1890, 1, 32, 144, 56, 56
1891, 1, 208, 168, 56, 56
1892, 1, 112, 208, 56, 56
1893, 1, 112, 208, 56, 56
1894, 1, 24, 136, 56, 56
1895, 1, 112, 208, 56, 56
1896, 1, 32, 128, 56, 56
1897, 1, 72, 184, 56, 56
1898, 1, 24, 120, 56, 56
1899, 1, 112, 200, 56, 56
1900, 1, 96, 176, 56, 56
1901, 1, 32, 120, 56, 56
1902, 1, 112, 192, 56, 56
1903, 1, 32, 112, 56, 56
1904, 1, 32, 112, 56, 56
1905, 1, 32, 112, 56, 56
1906, 1, 8, 120, 56, 56
1907, 1, 256, 192, 56, 56
1908, 1, 16, 112, 56, 56
1909, 1, 16, 112, 56, 56
1910, 1, 40, 104, 56, 56
1911, 1, 24, 112, 56, 56
1912, 1, 24, 104, 56, 56
1913, 1, 24, 96, 56, 56
1914, 1, 24, 96, 56, 56
1915, 1, 24, 96, 56, 56
1916, 1, 32, 96, 56, 56
1917, 1, 24, 96, 56, 56
1918, 1, 264, 192, 56, 56
1919, 1, 32, 96, 56, 56
1920, 1, 72, 168, 56, 56
1921, 1, 296, 176, 56, 56
1922, 1, 72, 168, 56, 56
1923, 1, 72, 168, 56, 56
1923, 1, 296, 176, 56, 56
1924, 1, 296, 176, 56, 56
1925, 1, 32, 72, 56, 56
1926, 1, 72, 168, 56, 56
1927, 1, 24, 160, 56, 56
1928, 1, 176, 192, 56, 56
1929, 1, 72, 168, 56, 56
1929, 1, 24, 160, 56, 56
1930, 1, 16, 96, 56, 56
1931, 1, 24, 160, 56, 56
1932, 1, 24, 160, 56, 56
1933, 1, 24, 160, 56, 56
1934, 1, 24, 160, 56, 56
1935, 1, 24, 160, 56, 56
1936, 1, 24, 160, 56, 56
1937, 1, 24, 160, 56, 56
1938, 1, 24, 160, 56, 56
1939, 1, 24, 160, 56, 56
1940, 1, 24, 160, 56, 56
1941, 1, 24, 160, 56, 56
1942, 1, 24, 160, 56, 56
1943, 1, 24, 160, 56, 56
1944, 1, 24, 160, 56, 56
1945, 1, 24, 160, 56, 56
1946, 1, 24, 160, 56, 56
1947, 1, 24, 160, 56, 56
1948, 1, 24, 160, 56, 56
1949, 1, 24, 160, 56, 56
1950, 1, 24, 160, 56, 56
1951, 1, 24, 160, 56, 56
1952, 1, 24, 160, 56, 56
1953, 1, 24, 160, 56, 56
1954, 1, 24, 160, 56, 56
1955, 1, 24, 160, 56, 56
1956, 1, 24, 160, 56, 56
1957, 1, 24, 160, 56, 56
1958, 1, 24, 160, 56, 56
1959, 1, 24, 160, 56, 56
1960, 1, 24, 160, 56, 56
1961, 1, 24, 160, 56, 56
1962, 1, 24, 160, 56, 56
1963, 1, 24, 160, 56, 56
1964, 1, 24, 160, 56, 56
1965, 1, 280, 232, 56, 56
1966, 1, 24, 160, 56, 56
1967, 1, 280, 232, 56, 56
1968, 1, 40, 136, 56, 56
1969, 1, 24, 160, 56, 56
1970, 1, 24, 88, 56, 56
1971, 1, 24, 88, 56, 56
1972, 1, 24, 88, 56, 56
1972, 1, 128, 56, 56, 56
1973, 1, 288, 232, 56, 56
1973, 1, 24, 88, 56, 56
1974, 1, 24, 88, 56, 56
1974, 1, 288, 232, 56, 56
1975, 1, 120, 48, 56, 56
1975, 1, 24, 88, 56, 56
1976, 1, 120, 48, 56, 56
1976, 1, 24, 88, 56, 56
1976, 1, 296, 208, 56, 56
1977, 1, 120, 48, 56, 56
1978, 1, 120, 80, 56, 56
1979, 1, 120, 80, 56, 56
1980, 1, 120, 48, 56, 56
1981, 1, 120, 80, 56, 56
1982, 1, 120, 80, 56, 56
1983, 1, 120, 80, 56, 56
1984, 1, 24, 88, 56, 56
1985, 1, 120, 48, 56, 56
1986, 1, 120, 48, 56, 56
1986, 1, 24, 88, 56, 56
1987, 1, 120, 80, 56, 56
1987, 1, 24, 88, 56, 56
1988, 1, 120, 48, 56, 56
1988, 1, 24, 88, 56, 56
1989, 1, 24, 88, 56, 56
1989, 1, 120, 48, 56, 56
1990, 1, 120, 48, 56, 56
1991, 1, 120, 48, 56, 56
1992, 1, 120, 80, 56, 56
1993, 1, 120, 48, 56, 56
1994, 1, 120, 80, 56, 56
1995, 1, 120, 80, 56, 56
1996, 1, 120, 48, 56, 56
1997, 1, 120, 48, 56, 56
1998, 1, 120, 80, 56, 56
1999, 1, 120, 48, 56, 56
2000, 1, 120, 80, 56, 56
2001, 1, 120, 48, 56, 56
2002, 1, 120, 48, 56, 56
2003, 1, 128, 176, 56, 56
2004, 1, 40, 96, 56, 56
2005, 1, 120, 48, 56, 56
2006, 1, 48, 96, 56, 56
2006, 1, 120, 48, 56, 56
2007, 1, 48, 96, 56, 56
2007, 1, 120, 48, 56, 56
2008, 1, 48, 96, 56, 56
