head0,65,219.0,206.0
head0,68,212.0,200.0
head0,69,205.0,206.0
head0,70,211.0,205.0
head0,71,209.0,210.0
head0,72,199.0,198.0
head0,73,206.0,194.0
head0,74,205.0,200.0
head0,75,203.0,188.0
head0,76,205.0,180.0
head0,77,203.0,176.0
head0,78,197.0,176.0
head0,79,203.0,172.0
head0,80,197.0,195.0
head0,81,197.0,186.0
head0,82,185.0,181.0
head0,83,185.0,172.0
head0,84,197.0,167.0
head0,85,192.0,184.0
head0,86,183.0,181.0
head0,87,185.0,181.0
head0,88,185.0,179.0
head0,89,184.0,183.0
head0,90,175.0,176.0
head0,91,172.0,171.0
head0,92,173.0,173.0
head0,93,171.0,169.0
head0,94,169.0,169.0
head0,95,165.0,164.0
head0,96,165.0,166.0
head0,97,161.0,162.0
head0,98,161.0,162.0
head0,99,160.0,162.0
head0,100,147.0,150.0
head0,101,146.0,150.0
head0,102,155.0,158.0
head0,103,152.0,146.0
head0,104,145.0,146.0
head0,105,150.0,142.0
head0,106,151.0,142.0
head0,107,156.0,138.0
head0,108,149.0,138.0
head0,109,154.0,134.0
head0,110,155.0,134.0
head0,111,155.0,139.0
head0,112,152.0,135.0
head0,113,154.0,144.0
head0,114,160.0,129.0
head0,115,158.0,127.0
head0,116,159.0,125.0
head0,117,155.0,130.0
head0,118,164.0,122.0
head0,119,157.0,132.0
head0,120,167.0,124.0
head0,121,161.0,121.0
head0,122,169.0,115.0
head0,123,163.0,111.0
head0,124,178.0,112.0
head0,125,172.0,117.0
head0,126,176.0,112.0
head0,127,169.0,112.0
head0,128,176.0,105.0
head0,129,170.0,97.0
head0,130,170.0,98.0
head0,131,172.0,94.0
head0,132,171.0,97.0
head0,133,174.0,88.0
head0,134,173.0,91.0
head0,135,176.0,86.0
head0,136,175.0,77.0
head0,137,170.0,72.0
head0,138,169.0,79.0
head0,139,164.0,74.0
head0,140,147.0,73.0
head0,141,150.0,68.0
head0,142,149.0,67.0
head0,143,160.0,62.0
head0,144,183.0,61.0
head1,82,201.0,266.0
head1,87,194.0,259.0
head1,88,191.0,248.0
head1,89,183.0,254.0
head1,90,191.0,258.0
head1,91,194.0,251.0
head1,92,179.0,250.0
head1,93,193.0,256.0
head1,94,184.0,239.0
head1,95,184.0,246.0
head1,96,182.0,246.0
head1,97,181.0,253.0
head1,98,188.0,252.0
head1,99,186.0,251.0
head1,100,186.0,250.0
head1,101,177.0,245.0
head1,102,187.0,238.0
head1,103,177.0,242.0
head1,104,179.0,226.0
head1,105,178.0,231.0
head1,106,187.0,245.0
head1,107,182.0,244.0
head1,108,179.0,239.0
head1,109,181.0,242.0
head1,110,181.0,222.0
head1,111,183.0,240.0
head1,112,182.0,219.0
head1,113,183.0,232.0
head1,114,183.0,222.0
head1,115,183.0,232.0
head1,116,182.0,230.0
head1,117,183.0,227.0
head1,118,189.0,225.0
head1,120,191.0,227.0
head1,122,187.0,203.0
head1,123,187.0,199.0
head1,124,182.0,210.0
head1,125,188.0,213.0
head1,126,174.0,212.0
head1,127,164.0,215.0
head1,128,187.0,206.0
head1,129,190.0,209.0
head1,130,185.0,205.0
head1,131,184.0,195.0
head1,132,174.0,196.0
head1,133,181.0,194.0
head1,134,181.0,192.0
head1,135,177.0,197.0
head1,136,172.0,198.0
head1,137,169.0,192.0
head1,138,170.0,190.0
head1,139,167.0,168.0
head1,140,168.0,158.0
head1,142,168.0,176.0
head1,144,165.0,175.0
head1,145,165.0,167.0
head1,146,166.0,165.0
head1,147,153.0,171.0
head1,148,168.0,177.0
head1,149,150.0,165.0
head1,151,150.0,162.0
head1,152,150.0,158.0
head1,153,154.0,134.0
head1,154,162.0,130.0
head1,156,150.0,122.0
head1,157,158.0,141.0
head1,158,158.0,149.0
head1,159,164.0,137.0
head1,160,149.0,142.0
head1,161,158.0,139.0
head1,162,158.0,138.0
head1,163,159.0,135.0
head1,164,165.0,142.0
head1,165,151.0,129.0
head1,166,157.0,104.0
head1,167,156.0,110.0
head1,168,156.0,120.0
head1,169,157.0,116.0
head1,170,162.0,92.0
head1,171,147.0,80.0
head1,172,157.0,119.0
head1,173,157.0,111.0
head1,174,153.0,99.0
head1,175,155.0,97.0
head1,176,153.0,75.0
head1,177,161.0,91.0
head1,178,154.0,96.0
head1,179,149.0,95.0
head1,180,151.0,90.0
head1,181,147.0,84.0
head1,182,156.0,86.0
head1,183,156.0,79.0
head1,184,157.0,76.0
head1,185,158.0,80.0
head1,186,147.0,64.0
head1,187,153.0,70.0
head1,188,163.0,75.0
head1,189,164.0,77.0
head1,190,165.0,63.0
head1,191,166.0,68.0
head1,192,159.0,68.0
head1,193,168.0,61.0
head1,194,177.0,61.0
head1,195,170.0,62.0
head1,196,163.0,61.0
head1,198,168.0,56.0
head1,199,169.0,55.0
head1,200,166.0,50.0
head1,201,143.0,60.0
head2,149,238.0,173.0
head2,154,230.0,173.0
head2,155,230.0,172.0
head2,156,230.0,170.0
head2,158,250.0,188.0
head2,159,220.0,169.0
head2,161,186.0,146.0
head2,162,164.0,119.0
head2,164,154.0,104.0
head2,165,156.0,101.0
head2,166,154.0,86.0
head2,167,148.0,91.0
head2,168,154.0,100.0
head2,169,148.0,89.0
head2,170,162.0,90.0
head2,171,156.0,87.0
head2,172,146.0,80.0
head2,173,156.0,77.0
head2,174,162.0,54.0
head2,175,180.0,60.0
head2,176,178.0,54.0
head2,177,156.0,60.0
head2,178,154.0,62.0
head2,179,148.0,60.0
head2,180,154.0,70.0
head2,181,140.0,76.0
head2,182,146.0,70.0
head2,183,164.0,68.0
head2,184,162.0,70.0
head2,185,148.0,68.0
head2,186,154.0,62.0
head2,187,164.0,60.0
head2,188,154.0,62.0
head2,189,156.0,60.0
head2,190,154.0,62.0
head2,191,156.0,60.0
head2,192,162.0,54.0
head2,193,164.0,52.0
head2,194,162.0,54.0
head2,195,164.0,60.0
head2,196,162.0,62.0
head2,198,172.0,60.0
head2,199,170.0,54.0
head2,200,180.0,68.0
head2,201,186.0,70.0
head2,202,180.0,68.0
head2,203,178.0,70.0
head2,204,180.0,68.0
head3,133,124.0,264.0
head3,134,121.0,263.0
head3,135,126.0,254.0
head3,136,125.0,257.0
head3,137,128.0,262.0
head3,138,126.0,254.0
head3,139,121.0,252.0
head3,140,123.0,251.0
head3,141,125.0,245.0
head3,142,116.0,245.0
head3,143,118.0,243.0
head3,144,118.0,239.0
head3,145,121.0,240.0
head3,146,117.0,241.0
head3,147,117.0,237.0
head3,148,137.0,236.0
head3,149,116.0,228.0
head3,150,123.0,225.0
head3,151,110.0,226.0
head3,152,124.0,211.0
head3,153,115.0,209.0
head3,154,114.0,215.0
head3,155,113.0,213.0
head3,156,119.0,213.0
head3,157,113.0,209.0
head3,158,119.0,201.0
head3,159,113.0,206.0
head3,160,122.0,208.0
head3,161,125.0,194.0
head3,162,122.0,202.0
head3,163,131.0,198.0
head3,164,128.0,182.0
head3,165,128.0,190.0
head3,166,125.0,190.0
head3,167,128.0,180.0
head3,168,126.0,190.0
head3,169,128.0,188.0
head3,170,129.0,187.0
head3,171,134.0,183.0
head3,172,135.0,183.0
head3,173,136.0,186.0
head3,174,142.0,184.0
head3,175,136.0,186.0
head3,176,142.0,184.0
head3,177,137.0,166.0
head3,178,144.0,180.0
head3,179,139.0,174.0
head3,180,145.0,175.0
head3,181,140.0,161.0
head3,182,139.0,159.0
head3,183,142.0,153.0
head3,184,141.0,151.0
head3,185,136.0,153.0
head3,186,145.0,147.0
head3,188,139.0,142.0
head3,189,139.0,140.0
head3,190,142.0,136.0
head3,191,139.0,137.0
head3,192,140.0,134.0
head3,193,142.0,132.0
head3,194,140.0,126.0
head3,195,134.0,132.0
head3,196,142.0,127.0
head3,197,148.0,125.0
head3,200,134.0,119.0
head3,201,144.0,125.0
head3,202,146.0,120.0
head3,203,147.0,117.0
head3,204,140.0,115.0
head3,205,137.0,117.0
head3,206,146.0,107.0
head3,207,143.0,109.0
head3,208,144.0,107.0
head3,209,141.0,101.0
head3,210,150.0,113.0
head3,211,144.0,112.0
head3,212,147.0,105.0
head3,213,146.0,94.0
head3,214,157.0,79.0
head3,216,149.0,99.0
head3,218,145.0,99.0
head3,219,145.0,79.0
head3,220,151.0,88.0
head3,221,145.0,77.0
head3,222,147.0,81.0
head3,223,169.0,65.0
head4,134,33.0,230.0
head4,135,29.0,222.0
head4,136,38.0,230.0
head4,137,44.0,218.0
head4,138,30.0,186.0
head4,140,44.0,158.0
head4,142,49.0,226.0
head4,143,58.0,238.0
head4,144,56.0,224.0
head4,145,54.0,230.0
head4,146,54.0,230.0
head4,147,57.0,225.0
head4,148,65.0,231.0
head4,149,64.0,232.0
head4,150,69.0,232.0
head4,151,69.0,232.0
head4,152,70.0,233.0
head4,153,69.0,232.0
head4,154,71.0,232.0
head4,155,69.0,220.0
head4,156,71.0,220.0
head4,157,79.0,228.0
head4,158,82.0,229.0
head4,159,81.0,218.0
head4,160,76.0,187.0
head4,161,85.0,222.0
head4,163,86.0,218.0
head4,164,88.0,217.0
head4,166,85.0,214.0
head4,167,86.0,199.0
head4,168,83.0,164.0
head4,171,86.0,199.0
head4,172,87.0,199.0
head4,173,88.0,194.0
head4,174,94.0,192.0
head4,175,96.0,194.0
head4,176,94.0,195.0
head4,177,94.0,190.0
head4,178,96.0,196.0
head4,179,93.0,197.0
head4,180,97.0,191.0
head4,181,100.0,194.0
head4,182,101.0,194.0
head4,183,106.0,182.0
head4,184,103.0,193.0
head4,185,106.0,191.0
head4,186,107.0,194.0
head4,187,110.0,187.0
head4,188,112.0,193.0
head4,189,117.0,194.0
head4,190,116.0,194.0
head4,191,116.0,194.0
head4,192,121.0,195.0
head4,193,128.0,195.0
head4,194,115.0,183.0
head4,195,122.0,191.0
head4,196,131.0,194.0
head4,197,130.0,187.0
head4,198,133.0,184.0
head4,199,132.0,185.0
head4,200,135.0,190.0
head4,201,134.0,183.0
head4,202,137.0,188.0
head4,203,136.0,189.0
head4,204,139.0,178.0
head4,205,142.0,193.0
head4,206,143.0,199.0
head4,207,132.0,185.0
head4,208,141.0,183.0
head4,209,146.0,177.0
head4,210,142.0,185.0
head4,211,144.0,184.0
head4,212,144.0,183.0
head4,213,140.0,178.0
head4,214,148.0,169.0
head4,215,136.0,172.0
head4,216,144.0,171.0
head4,217,140.0,166.0
head4,218,116.0,141.0
head4,219,141.0,172.0
head4,222,146.0,183.0
head4,223,139.0,166.0
head4,224,112.0,129.0
head4,225,65.0,112.0
head4,226,68.0,115.0
head4,227,59.0,114.0
head4,231,141.0,160.0
head4,232,243.0,186.0
head4,236,148.0,158.0
head4,237,150.0,160.0
head4,238,148.0,158.0
head4,239,150.0,152.0
head4,240,156.0,158.0
head4,241,158.0,152.0
head4,242,148.0,126.0
head4,243,118.0,104.0
head5,192,193.0,267.0
head5,193,192.0,267.0
head5,195,198.0,266.0
head5,197,194.0,267.0
head5,198,200.0,267.0
head5,199,197.0,267.0
head5,200,192.0,267.0
head5,203,199.0,263.0
head5,204,218.0,255.0
head5,205,190.0,265.0
head5,206,190.0,255.0
head5,207,218.0,257.0
head5,208,226.0,255.0
head5,209,230.0,233.0
head5,211,202.0,266.0
head5,212,197.0,266.0
head5,213,195.0,266.0
head5,214,206.0,264.0
head5,215,198.0,263.0
head5,216,207.0,262.0
head5,217,204.0,261.0
head5,218,198.0,260.0
head5,219,197.0,258.0
head5,220,192.0,259.0
head5,222,199.0,257.0
head5,223,198.0,245.0
head5,224,193.0,237.0
head5,225,198.0,254.0
head5,226,199.0,251.0
head5,227,194.0,256.0
head5,228,201.0,249.0
head5,229,197.0,242.0
head5,230,205.0,255.0
head5,231,193.0,248.0
head5,232,209.0,245.0
head5,233,253.0,246.0
head5,234,191.0,252.0
head5,237,185.0,257.0
head5,238,199.0,242.0
head5,239,193.0,207.0
head5,242,167.0,152.0
head5,243,161.0,101.0
head5,245,175.0,70.0
head5,246,177.0,68.0
head5,247,167.0,62.0
head5,248,169.0,68.0
head5,249,167.0,62.0
head5,250,169.0,60.0
head5,251,167.0,62.0
head5,252,169.0,52.0
head5,253,167.0,60.0
head5,254,161.0,64.0
head5,255,191.0,241.0
head6,202,48.0,220.0
head6,203,52.0,217.0
head6,204,52.0,217.0
head6,206,40.0,213.0
head6,207,43.0,216.0
head6,208,44.0,207.0
head6,209,47.0,208.0
head6,210,46.0,205.0
head6,211,44.0,206.0
head6,212,44.0,203.0
head6,213,44.0,204.0
head6,214,44.0,209.0
head6,215,44.0,202.0
head6,216,44.0,207.0
head6,217,44.0,200.0
head6,218,44.0,205.0
head6,219,44.0,206.0
head6,220,44.0,203.0
head6,221,52.0,204.0
head6,222,64.0,201.0
head6,223,56.0,202.0
head6,224,60.0,199.0
head6,225,60.0,200.0
head6,226,56.0,205.0
head6,228,64.0,198.0
head6,230,52.0,203.0
head6,231,60.0,196.0
head6,234,56.0,201.0
head6,235,48.0,194.0
head6,236,36.0,199.0
head6,237,28.0,200.0
head6,238,28.0,197.0
head6,239,52.0,198.0
head6,240,56.0,195.0
head6,241,56.0,196.0
head6,242,60.0,193.0
head6,243,76.0,170.0
head6,244,112.0,127.0
head6,245,168.0,80.0
head6,247,76.0,204.0
head6,250,76.0,202.0
head6,251,73.0,190.0
head6,252,82.0,166.0
head6,253,111.0,122.0
head6,254,136.0,74.0
head6,255,165.0,60.0
head6,256,174.0,60.0
head6,257,163.0,56.0
head6,258,164.0,56.0
head6,259,161.0,60.0
head6,260,162.0,60.0
head6,261,175.0,56.0
head6,262,184.0,56.0
head6,263,173.0,60.0
head6,264,158.0,52.0
head7,164,229.0,198.0
head7,165,228.0,193.0
head7,166,229.0,201.0
head7,167,229.0,194.0
head7,168,209.0,167.0
head7,169,221.0,188.0
head7,170,211.0,196.0
head7,171,211.0,194.0
head7,172,213.0,193.0
head7,175,210.0,182.0
head7,176,215.0,175.0
head7,177,216.0,188.0
head7,178,221.0,181.0
head7,179,221.0,177.0
head7,180,201.0,153.0
head7,181,201.0,109.0
head7,182,181.0,77.0
head7,183,219.0,165.0
head7,184,221.0,166.0
head7,185,219.0,155.0
head7,186,221.0,156.0
head7,188,211.0,161.0
head7,189,211.0,156.0
head7,190,214.0,152.0
head7,191,220.0,154.0
head7,192,214.0,152.0
head7,193,214.0,148.0
head7,194,215.0,148.0
head7,195,214.0,147.0
head7,196,209.0,134.0
head7,197,208.0,133.0
head7,200,203.0,138.0
head7,201,192.0,141.0
head7,202,192.0,140.0
head7,203,193.0,138.0
head7,204,185.0,138.0
head7,205,186.0,136.0
head7,206,187.0,136.0
head7,207,188.0,141.0
head7,208,188.0,133.0
head7,209,180.0,127.0
head7,210,152.0,101.0
head7,211,192.0,136.0
head7,212,184.0,135.0
head7,213,172.0,122.0
head7,214,180.0,89.0
head7,216,192.0,52.0
head7,217,178.0,127.0
head7,218,144.0,182.0
head7,219,181.0,124.0
head7,220,183.0,128.0
head7,221,183.0,123.0
head7,222,179.0,114.0
head7,223,179.0,110.0
head7,224,174.0,115.0
head7,225,181.0,115.0
head7,226,176.0,110.0
head7,227,177.0,106.0
head7,228,181.0,111.0
head7,229,173.0,101.0
head7,230,178.0,106.0
head7,231,173.0,96.0
head7,232,179.0,103.0
head7,233,180.0,101.0
head7,234,181.0,99.0
head7,235,176.0,98.0
head7,236,176.0,96.0
head7,237,176.0,93.0
head7,238,176.0,89.0
head7,239,182.0,92.0
head7,240,175.0,85.0
head7,241,176.0,86.0
head7,242,178.0,84.0
head7,243,176.0,78.0
head7,244,180.0,85.0
head7,245,172.0,76.0
head7,246,168.0,71.0
head7,247,175.0,72.0
head7,248,177.0,71.0
head7,249,176.0,66.0
head7,250,169.0,72.0
head7,251,170.0,70.0
head7,252,171.0,60.0
head7,253,181.0,62.0
head7,254,171.0,60.0
head7,255,165.0,62.0
head7,256,163.0,60.0
head7,257,157.0,62.0
head7,258,163.0,60.0
head7,259,165.0,62.0
head7,260,163.0,60.0
head7,261,173.0,62.0
head7,262,187.0,60.0
head7,263,181.0,70.0
head7,264,163.0,60.0
head8,242,218.0,108.0
head8,243,221.0,110.0
head8,244,220.0,108.0
head8,245,220.0,108.0
head8,246,200.0,88.0
head8,247,223.0,109.0
head8,248,217.0,103.0
head8,249,191.0,77.0
head8,250,217.0,112.0
head8,251,210.0,110.0
head8,252,211.0,116.0
head8,253,213.0,110.0
head8,254,214.0,108.0
head8,255,211.0,102.0
head8,256,188.0,76.0
head8,257,161.0,62.0
head8,260,154.0,68.0
head8,261,167.0,62.0
head8,262,184.0,60.0
head8,263,181.0,70.0
head8,264,166.0,60.0
head8,266,205.0,104.0
head8,267,262.0,136.0
head9,248,114.0,126.0
head9,251,113.0,126.0
head9,252,110.0,127.0
head9,253,119.0,116.0
head9,255,116.0,117.0
head9,256,125.0,122.0
head9,257,122.0,123.0
head9,258,115.0,120.0
head9,259,120.0,129.0
head9,260,121.0,118.0
head9,261,118.0,119.0
head9,263,127.0,116.0
head9,264,124.0,125.0
head9,265,133.0,122.0
head9,266,138.0,115.0
head9,267,163.0,88.0
head9,268,176.0,65.0
head9,269,169.0,68.0
head9,270,150.0,83.0
head9,271,151.0,78.0
head9,272,148.0,61.0
head9,273,165.0,68.0
head9,274,162.0,63.0
head9,275,147.0,62.0
head9,277,144.0,81.0
head9,278,153.0,80.0
head9,279,166.0,67.0
head9,280,175.0,58.0
head9,281,172.0,61.0
head9,282,181.0,60.0
head9,283,186.0,79.0
head9,284,179.0,78.0
head9,285,152.0,81.0
head10,220,223.0,176.0
head10,221,228.0,180.0
head10,222,237.0,172.0
head10,223,226.0,183.0
head10,224,227.0,174.0
head10,225,223.0,180.0
head10,227,222.0,182.0
head10,228,222.0,182.0
head10,229,210.0,178.0
head10,234,213.0,178.0
head10,235,214.0,179.0
head10,236,212.0,182.0
head10,238,214.0,173.0
head10,239,212.0,176.0
head10,240,206.0,175.0
head10,241,204.0,170.0
head10,242,206.0,169.0
head10,243,212.0,172.0
head10,244,214.0,155.0
head10,245,220.0,118.0
head10,246,214.0,101.0
head10,247,188.0,72.0
head10,248,174.0,60.0
head10,249,172.0,60.0
head10,250,166.0,64.0
head10,251,164.0,64.0
head10,252,166.0,52.0
head10,253,164.0,60.0
head10,254,166.0,64.0
head10,255,164.0,56.0
head10,256,166.0,60.0
head10,257,164.0,60.0
head10,258,166.0,56.0
head10,259,164.0,56.0
head10,260,166.0,60.0
head10,261,180.0,52.0
head10,262,182.0,60.0
head10,263,180.0,56.0
head10,264,166.0,56.0
head10,267,148.0,76.0
head10,268,150.0,84.0
head10,269,172.0,72.0
head10,270,174.0,80.0
head10,271,172.0,68.0
head10,272,150.0,52.0
head10,274,148.0,60.0
head10,275,150.0,80.0
head10,276,172.0,80.0
head10,277,174.0,68.0
head10,278,164.0,68.0
head10,279,174.0,64.0
head10,280,172.0,64.0
head10,281,158.0,60.0
head10,285,148.0,60.0
head10,286,150.0,56.0
head11,290,146.0,152.0
head11,291,149.0,152.0
head11,292,151.0,152.0
head11,293,141.0,140.0
head11,294,143.0,116.0
head11,295,157.0,88.0
head11,296,183.0,64.0
head11,297,189.0,60.0
head11,298,153.0,149.0
head11,299,121.0,234.0
head11,300,146.0,157.0
head11,301,147.0,154.0
head11,302,149.0,150.0
head11,303,161.0,147.0
head11,304,153.0,153.0
head11,305,156.0,153.0
head11,306,155.0,152.0
head11,307,159.0,152.0
head11,308,159.0,152.0
head11,309,158.0,151.0
head11,310,159.0,144.0
head11,311,161.0,151.0
head11,312,160.0,142.0
head11,313,160.0,149.0
head11,314,164.0,148.0
head11,315,180.0,127.0
head11,316,176.0,94.0
head11,317,184.0,65.0
head11,318,188.0,68.0
head11,319,172.0,51.0
head11,321,152.0,68.0
head11,322,152.0,73.0
head11,323,167.0,129.0
head12,348,130.0,230.0
head12,351,116.0,230.0
head12,352,121.0,234.0
head12,353,118.0,225.0
head12,355,118.0,232.0
head12,356,117.0,233.0
head12,358,119.0,231.0
head12,359,117.0,225.0
head12,360,121.0,226.0
head12,361,123.0,234.0
head12,362,113.0,222.0
head12,363,115.0,214.0
head12,364,105.0,186.0
head12,365,75.0,170.0
head12,366,28.0,174.0
head12,367,28.0,174.0
head12,368,68.0,178.0
head12,369,88.0,178.0
head12,370,88.0,182.0
head12,371,76.0,166.0
head12,372,76.0,170.0
head12,373,72.0,170.0
head12,374,72.0,166.0
head12,375,76.0,166.0
head12,376,76.0,170.0
head12,377,80.0,154.0
head12,378,80.0,142.0
head13,344,210.0,217.0
head13,346,198.0,217.0
head13,347,198.0,197.0
head13,348,202.0,214.0
head13,349,203.0,219.0
head13,350,200.0,212.0
head13,351,203.0,222.0
head13,352,186.0,212.0
head13,353,204.0,212.0
head13,354,205.0,219.0
head13,355,204.0,222.0
head13,356,201.0,217.0
head13,357,207.0,205.0
head13,358,193.0,213.0
head13,359,199.0,201.0
head13,360,201.0,201.0
head13,361,183.0,213.0
head13,362,185.0,213.0
head13,363,191.0,209.0
head13,364,201.0,201.0
head13,365,207.0,173.0
head13,366,193.0,125.0
head13,367,167.0,65.0
head13,368,161.0,68.0
head13,369,167.0,67.0
head13,370,169.0,86.0
head13,371,159.0,85.0
head13,372,161.0,80.0
head13,373,159.0,87.0
head13,374,161.0,82.0
head13,375,167.0,81.0
head13,376,193.0,76.0
head13,377,212.0,199.0
head13,379,206.0,199.0
head13,380,212.0,195.0
head13,381,230.0,187.0
head13,382,236.0,167.0
head13,384,261.0,143.0
head14,307,197.0,109.0
head14,312,200.0,110.0
head14,313,215.0,131.0
head14,314,234.0,132.0
head14,315,233.0,121.0
head14,316,236.0,122.0
head14,317,235.0,119.0
head14,318,214.0,120.0
head14,319,181.0,101.0
head14,320,168.0,62.0
head14,322,151.0,68.0
head14,324,154.0,78.0
head14,325,153.0,68.0
head14,326,156.0,62.0
head14,327,179.0,60.0
head14,328,182.0,54.0
head14,329,173.0,52.0
head14,330,168.0,54.0
head14,331,151.0,68.0
head14,332,154.0,62.0
head14,334,161.0,52.0
head14,335,164.0,60.0
head14,336,171.0,56.0
head14,337,166.0,64.0
head14,338,173.0,60.0
head14,339,192.0,52.0
head14,340,191.0,52.0
head14,341,170.0,72.0
head14,342,153.0,72.0
head14,343,156.0,84.0
head14,344,171.0,76.0
head14,346,166.0,64.0
head14,347,165.0,64.0
head14,348,168.0,68.0
head14,352,167.0,60.0
head14,353,162.0,64.0
head14,356,153.0,64.0
head14,357,148.0,52.0
head14,359,139.0,68.0
head14,360,150.0,88.0
head14,361,149.0,96.0
head14,362,152.0,84.0
head14,363,151.0,68.0
head14,365,162.0,64.0
head14,367,169.0,80.0
head14,368,156.0,92.0
head14,369,155.0,84.0
head14,370,166.0,80.0
head14,371,165.0,80.0
head14,372,168.0,68.0
head14,374,167.0,68.0
head14,375,170.0,80.0
head14,376,161.0,80.0
head14,377,172.0,76.0
head14,378,195.0,68.0
head14,383,198.0,72.0
head14,384,181.0,64.0
head14,385,168.0,68.0
head14,386,159.0,52.0
head14,388,185.0,93.0
head14,390,207.0,114.0
head14,391,209.0,115.0
head14,392,215.0,104.0
head14,393,201.0,105.0
head14,394,167.0,110.0
head14,395,145.0,103.0
head14,396,143.0,108.0
head14,397,153.0,101.0
head14,398,183.0,82.0
head15,352,57.0,250.0
head15,353,54.0,249.0
head15,354,31.0,228.0
head15,355,68.0,187.0
head15,356,61.0,249.0
head15,358,55.0,247.0
head15,359,29.0,225.0
head15,360,68.0,183.0
head15,361,103.0,121.0
head15,362,142.0,63.0
head15,363,161.0,68.0
head15,364,176.0,61.0
head15,367,171.0,74.0
head15,368,170.0,67.0
head15,369,157.0,80.0
head15,370,156.0,81.0
head15,371,159.0,86.0
head15,372,166.0,79.0
head15,373,161.0,84.0
head15,374,168.0,77.0
head15,375,171.0,74.0
head15,376,170.0,75.0
head15,377,165.0,88.0
head15,378,164.0,81.0
head15,379,175.0,70.0
head15,380,174.0,71.0
head15,381,169.0,52.0
head15,382,168.0,60.0
head15,383,171.0,64.0
head15,384,170.0,64.0
head15,385,173.0,68.0
head15,386,164.0,52.0
head15,387,175.0,60.0
head15,388,174.0,64.0
head15,389,185.0,88.0
head15,390,184.0,92.0
head15,391,187.0,84.0
head15,393,186.0,88.0
head15,394,189.0,88.0
head15,395,212.0,100.0
head15,397,215.0,108.0
head15,401,214.0,112.0
head15,402,217.0,104.0
head15,404,216.0,100.0
head15,405,211.0,100.0
head15,406,186.0,104.0
head15,407,141.0,96.0
head16,382,175.0,210.0
head16,385,180.0,216.0
head16,386,181.0,218.0
head16,387,202.0,208.0
head16,388,211.0,202.0
head16,389,240.0,176.0
head16,390,262.5,138.0
head16,392,177.0,217.0
head16,393,176.0,215.0
head16,394,187.0,201.0
head16,395,210.0,175.0
head16,396,229.0,145.0
head16,397,236.0,127.0
head16,398,188.0,201.0
head16,399,189.0,203.0
head16,400,186.0,207.0
head16,401,179.0,207.0
head16,402,184.0,208.0
head16,403,185.0,205.0
head16,404,182.0,198.0
head16,405,167.0,179.0
head16,407,164.0,180.0
head16,410,157.0,169.0
head17,288,85.0,134.0
head17,290,90.0,136.0
head17,291,93.0,136.0
head17,292,95.0,136.0
head17,293,93.0,124.0
head17,294,87.0,124.0
head17,295,93.0,128.0
head17,296,87.0,128.0
head17,297,93.0,124.0
head17,298,95.0,124.0
head17,299,101.0,128.0
head17,300,95.0,136.0
head17,301,93.0,124.0
head17,302,87.0,124.0
head17,303,93.0,144.0
head17,307,95.0,144.0
head17,309,93.0,124.0
head17,311,103.0,124.0
head17,312,93.0,120.0
head17,313,95.0,120.0
head17,314,93.0,116.0
head17,315,103.0,116.0
head17,316,93.0,120.0
head17,317,103.0,112.0
head17,318,101.0,116.0
head17,319,95.0,116.0
head17,320,101.0,112.0
head17,321,119.0,128.0
head17,322,157.0,132.0
head17,323,175.0,124.0
head17,324,181.0,96.0
head17,325,183.0,56.0
head17,326,181.0,52.0
head17,327,183.0,52.0
head17,328,189.0,56.0
head17,329,175.0,56.0
head17,330,173.0,52.0
head17,331,151.0,68.0
head17,332,149.0,64.0
head17,333,159.0,64.0
head17,334,165.0,52.0
head17,335,191.0,52.0
head17,336,197.0,64.0
head17,337,199.0,64.0
head17,338,181.0,76.0
head17,339,167.0,76.0
head17,340,173.0,80.0
head17,341,167.0,64.0
head17,342,173.0,60.0
head17,343,191.0,68.0
head17,344,189.0,72.0
head17,346,167.0,64.0
head17,347,165.0,68.0
head17,348,167.0,68.0
head17,352,165.0,64.0
head17,353,159.0,64.0
head17,354,165.0,60.0
head17,356,159.0,60.0
head17,357,149.0,56.0
head17,359,143.0,64.0
head17,360,157.0,52.0
head17,362,151.0,60.0
head17,363,165.0,72.0
head17,364,159.0,96.0
head17,365,157.0,100.0
head17,366,167.0,84.0
head17,367,157.0,88.0
head17,368,167.0,72.0
head17,369,165.0,76.0
head17,370,159.0,84.0
head17,371,165.0,80.0
head17,372,159.0,80.0
head17,373,157.0,84.0
head17,374,167.0,68.0
head17,375,165.0,72.0
head17,376,167.0,80.0
head17,377,113.0,124.0
head17,378,71.0,172.0
head17,379,114.0,120.0
head17,380,118.0,124.0
head17,384,118.0,116.0
head17,385,122.0,120.0
head17,386,122.0,129.0
head17,387,126.0,126.0
head17,388,121.0,126.0
head17,389,120.0,122.0
head17,390,115.0,122.0
head17,391,130.0,118.0
head17,392,125.0,125.0
head17,393,124.0,120.0
head17,394,127.0,119.0
head17,395,142.0,106.0
head17,396,137.0,113.0
head17,397,152.0,100.0
head17,398,179.0,75.0
head17,400,186.0,70.0
head17,403,181.0,61.0
head17,404,180.0,64.0
head17,409,143.0,98.0
head17,410,143.0,96.0
head17,411,147.0,82.0
head17,412,147.0,80.0
head17,413,151.0,90.0
head17,414,144.0,97.0
head17,415,141.0,84.0
head17,416,148.0,93.0
head17,419,175.0,82.0
head18,400,138.0,119.0
head18,402,144.0,112.0
head18,403,144.0,114.0
head18,404,140.0,104.0
head18,405,140.0,104.0
head18,406,150.0,104.0
head18,407,144.0,102.0
head18,408,146.0,99.0
head18,409,143.0,98.0
head18,410,143.0,96.0
head18,411,148.0,90.0
head18,412,147.0,92.0
head18,413,166.0,114.0
head18,414,144.0,97.0
head18,415,142.0,84.0
head18,416,148.0,93.0
head18,418,158.0,106.0
head18,419,188.0,107.0
head18,420,198.0,112.0
head18,421,188.0,105.0
head18,422,182.0,110.0
head18,423,156.0,95.0
head18,425,150.0,68.0
head18,426,156.0,60.0
head18,427,158.0,64.0
head18,428,156.0,56.0
head18,429,166.0,60.0
head18,430,180.0,60.0
head18,431,174.0,56.0
head18,432,188.0,64.0
head18,433,190.0,84.0
head18,434,180.0,92.0
head18,435,190.0,80.0
head18,436,188.0,80.0
head18,438,166.0,60.0
head18,439,164.0,60.0
head18,441,150.0,56.0
head19,385,108.0,216.0
head19,386,104.0,216.0
head19,387,120.0,228.0
head19,389,124.0,244.0
head19,390,116.0,240.0
head19,391,104.0,216.0
head19,392,113.0,225.0
head19,393,112.0,215.0
head19,394,107.0,209.0
head19,395,118.0,226.0
head19,396,117.0,223.0
head19,397,118.0,216.0
head19,398,123.0,197.0
head19,399,124.0,210.0
head19,400,125.0,209.0
head19,401,129.0,213.0
head19,402,128.0,216.0
head19,403,123.0,207.0
head19,404,98.0,178.0
head19,405,77.0,153.0
head19,407,68.0,148.0
head19,408,79.0,147.0
head19,409,78.0,150.0
head19,410,73.0,149.0
head19,411,72.0,152.0
head19,412,75.0,151.0
head19,413,82.0,146.0
head19,414,77.0,153.0
head19,416,84.0,140.0
head19,417,79.0,147.0
head19,418,86.0,150.0
head19,419,89.0,141.0
head19,420,136.0,209.0
head19,421,131.0,208.0
head19,422,130.0,203.0
head19,423,134.0,205.0
head19,424,126.0,203.0
head19,425,138.0,205.0
head19,426,130.0,195.0
head19,427,134.0,165.0
head19,428,126.0,139.0
head19,429,129.0,202.0
head19,430,112.0,245.0
head19,435,134.0,190.0
head19,436,133.0,197.0
head19,437,122.0,200.0
head19,438,123.0,183.0
head19,439,104.0,146.0
head19,440,127.0,189.0
head19,442,135.0,194.0
head19,443,129.0,185.0
head19,444,128.0,181.0
head19,446,122.0,182.0
head19,447,136.0,171.0
head19,449,123.0,190.0
head19,450,90.0,189.0
head19,451,133.0,186.0
head19,452,164.0,187.0
head19,453,128.0,185.0
head19,455,72.0,203.0
head19,456,52.0,217.0
head19,457,133.0,175.0
head19,458,194.0,137.0
head19,459,137.0,174.0
head19,460,60.0,223.0
head19,464,28.0,252.0
head20,437,109.0,251.0
head20,440,110.0,245.0
head20,441,118.0,254.0
head20,442,130.0,243.0
head20,443,130.0,212.0
head20,444,128.0,251.0
head20,445,119.0,242.0
head20,446,119.0,250.0
head20,447,115.0,246.0
head20,448,117.0,253.0
head20,449,115.0,240.0
head20,450,93.0,207.0
head20,451,119.0,243.0
head20,452,122.0,243.0
head20,453,124.0,249.0
head20,454,125.0,240.0
head20,455,126.0,241.0
head20,456,123.0,241.0
head20,457,127.0,242.0
head20,458,120.0,234.0
head20,459,130.0,235.0
head20,460,152.0,224.0
head20,461,136.0,245.0
head20,462,134.0,243.0
head20,463,129.0,236.0
head20,464,130.0,240.0
head20,465,111.0,224.0
head20,466,96.0,188.0
head20,467,61.0,132.0
head21,387,97.0,177.0
head21,388,97.0,174.0
head21,389,77.0,159.0
head21,390,77.0,164.0
head21,391,73.0,165.0
head21,392,81.0,170.0
head21,393,77.0,163.0
head21,394,77.0,160.0
head21,395,81.0,145.0
head21,396,81.0,150.0
head21,397,77.0,167.0
head21,399,77.0,172.0
head21,400,81.0,165.0
head21,401,81.0,162.0
head21,402,77.0,163.0
head21,404,77.0,168.0
head21,405,73.0,153.0
head21,406,81.0,150.0
head21,407,77.0,151.0
head21,408,77.0,148.0
head21,409,73.0,157.0
head21,410,73.0,146.0
head21,411,77.0,147.0
head21,412,77.0,152.0
head21,413,81.0,145.0
head21,414,73.0,150.0
head21,415,77.0,143.0
head21,416,77.0,140.0
head21,417,81.0,149.0
head21,418,89.0,146.0
head21,419,77.0,147.0
head21,420,85.0,144.0
head21,421,89.0,145.0
head21,423,89.0,142.0
head21,424,101.0,143.0
head21,425,101.0,140.0
head21,426,97.0,149.0
head21,427,97.0,138.0
head21,428,93.0,139.0
head21,429,101.0,136.0
head21,430,97.0,137.0
head21,431,105.0,134.0
head21,432,117.0,127.0
head21,433,109.0,132.0
head21,434,105.0,133.0
head21,435,105.0,138.0
head21,436,101.0,131.0
head21,437,109.0,128.0
head21,438,105.0,129.0
head21,439,105.0,126.0
head21,440,101.0,127.0
head21,441,109.0,124.0
head21,442,105.0,125.0
head21,443,105.0,122.0
head21,444,101.0,123.0
head21,445,101.0,120.0
head21,446,113.0,121.0
head21,447,105.0,118.0
head21,448,117.0,119.0
head21,449,109.0,116.0
head21,450,121.0,117.0
head21,451,113.0,114.0
head21,452,117.0,115.0
head21,453,125.0,112.0
head21,454,121.0,113.0
head21,455,121.0,110.0
head21,456,141.0,87.0
head21,457,173.0,52.0
head21,459,185.0,52.0
head21,462,177.0,56.0
head21,463,165.0,64.0
head21,464,173.0,60.0
head21,465,169.0,60.0
head21,466,169.0,56.0
head21,467,173.0,56.0
head21,468,165.0,60.0
head21,469,169.0,84.0
head21,470,153.0,112.0
head21,471,157.0,120.0
head21,472,141.0,108.0
head21,473,137.0,100.0
head21,474,137.0,96.0
head21,475,141.0,72.0
head22,485,126.0,227.0
head22,486,125.0,226.0
head22,487,132.0,232.0
head22,488,131.0,222.0
head22,489,123.0,219.0
head22,490,134.0,215.0
head22,491,165.0,191.0
head22,492,129.0,220.0
head22,493,129.0,217.0
head22,494,120.0,210.0
head22,495,115.0,215.0
head22,496,122.0,208.0
head22,497,141.0,181.0
head22,498,140.0,134.0
head22,499,143.0,83.0
head22,501,166.0,60.0
head22,502,177.0,60.0
head22,503,168.0,80.0
head22,504,155.0,80.0
head22,505,138.0,76.0
head22,509,141.0,76.0
head22,510,164.0,72.0
head22,511,167.0,64.0
head22,512,174.0,52.0
head22,513,169.0,68.0
head22,514,176.0,64.0
head22,515,179.0,48.0
head22,516,162.0,68.0
head22,517,149.0,68.0
head22,518,156.0,64.0
head22,519,175.0,64.0
head22,520,174.0,60.0
head22,521,126.0,208.0
head23,511,105.0,151.0
head23,516,99.0,142.0
head23,517,97.0,137.0
head23,518,104.0,133.0
head23,519,123.0,117.0
head23,520,154.0,121.0
head23,521,165.0,113.0
head23,522,188.0,85.0
head23,524,199.0,69.0
head23,525,198.0,65.0
head23,526,185.0,65.0
head23,527,160.0,61.0
head23,530,147.0,61.0
head23,531,154.0,81.0
head23,534,157.0,97.0
head23,535,172.0,109.0
head23,536,167.0,101.0
head23,538,150.0,81.0
head23,539,145.0,73.0
head23,542,152.0,69.0
head23,544,179.0,53.0
head24,454,44.0,221.0
head24,456,53.0,223.0
head24,457,42.0,221.0
head24,459,68.0,207.0
head24,461,82.0,205.0
head24,462,62.0,227.0
head24,463,65.0,228.0
head24,464,80.0,209.0
head24,465,75.0,170.0
head24,466,74.0,151.0
head24,467,69.0,136.0
head24,468,76.0,133.0
head24,471,95.0,134.0
head24,472,134.0,115.0
head24,473,169.0,76.0
head24,477,184.0,68.0
head24,478,179.0,72.0
head24,479,154.0,96.0
head24,480,141.0,100.0
head24,481,148.0,84.0
head24,482,151.0,64.0
head24,483,174.0,68.0
head24,484,70.0,212.0
head24,485,70.0,211.0
head24,486,69.0,210.0
head24,487,68.0,208.0
head24,488,67.0,206.0
head24,489,59.0,211.0
head24,490,63.0,197.0
head24,491,87.0,163.0
head24,492,65.0,204.0
head24,493,57.0,201.0
head24,494,56.0,194.0
head24,495,59.0,191.0
head24,496,58.0,192.0
head24,497,53.0,189.0
head24,498,52.0,190.0
head24,499,55.0,187.0
head24,500,46.0,188.0
head24,501,52.0,185.0
head24,502,62.0,186.0
head24,503,52.0,191.0
head24,504,60.0,184.0
head24,505,88.0,181.0
head24,506,128.0,174.0
head24,507,156.0,163.0
head24,508,164.0,156.0
head24,509,152.0,129.0
head24,510,144.0,82.0
head24,511,65.0,191.0
head24,516,67.0,198.0
head24,517,65.0,193.0
head24,518,71.0,198.0
head24,519,73.0,194.0
head24,520,71.0,194.0
head24,521,70.0,208.0
head24,522,65.0,202.0
head24,523,64.0,200.0
head24,524,67.0,202.0
head24,525,74.0,200.0
head24,526,101.0,178.0
head24,527,108.0,136.0
head24,528,111.0,114.0
head24,529,110.0,112.0
head24,530,113.0,114.0
head24,531,120.0,112.0
head24,532,115.0,114.0
head24,533,114.0,112.0
head24,534,109.0,114.0
head24,535,108.0,112.0
head24,536,111.0,122.0
head24,537,118.0,112.0
head24,538,113.0,114.0
head24,540,120.0,120.0
head24,541,147.0,114.0
head24,542,154.0,96.0
head24,543,157.0,74.0
head24,544,180.0,56.0
head24,545,183.0,52.0
head25,562,77.0,216.0
head25,563,84.0,212.0
head25,564,84.0,212.0
head25,565,85.0,211.0
head25,566,74.0,206.0
head25,567,80.0,211.0
head25,568,77.0,206.0
head25,569,78.0,203.0
head25,570,84.0,206.0
head25,571,85.0,199.0
head25,572,83.0,201.0
head25,573,78.0,201.0
head25,574,77.0,189.0
head25,575,80.0,189.0
head25,576,87.0,185.0
head25,577,114.0,177.0
head25,578,145.0,165.0
head25,581,188.0,141.0
head25,582,211.0,97.0
head25,584,76.0,189.0
head25,586,77.0,191.0
head25,587,74.0,181.0
head25,588,75.0,183.0
head25,589,79.0,185.0
head25,590,80.0,186.0
head25,591,88.0,192.0
head25,592,89.0,192.0
head25,593,88.0,200.0
head25,594,91.0,188.0
head25,595,106.0,156.0
head25,596,96.0,194.0
head25,597,96.0,195.0
head25,598,98.0,190.0
head25,599,96.0,189.0
head25,600,106.0,184.0
head25,601,104.0,159.0
head25,602,98.0,130.0
head26,352,226.0,116.0
head26,354,219.0,113.0
head26,355,224.0,106.0
head26,356,217.0,111.0
head26,357,222.0,104.0
head26,358,226.0,115.0
head26,359,210.0,114.0
head26,360,174.0,93.0
head26,361,142.0,60.0
head26,364,214.0,121.0
head26,365,214.0,120.0
head26,366,207.0,122.0
head26,367,209.0,121.0
head26,368,204.0,117.0
head26,369,204.0,128.0
head26,370,209.0,118.0
head26,371,211.0,118.0
head26,372,208.0,129.0
head26,373,208.0,120.0
head26,374,188.0,91.0
head26,375,210.0,134.0
head26,376,244.0,173.0
head26,377,204.0,119.0
head26,378,205.0,121.0
head26,379,206.0,119.0
head26,380,200.0,120.0
head26,381,203.0,127.0
head26,382,203.0,121.0
head26,383,203.0,119.0
head26,384,213.0,125.0
head26,385,211.0,111.0
head26,386,212.0,116.0
head26,387,210.0,124.0
head26,388,212.0,112.0
head26,389,194.0,88.0
head26,390,164.0,68.0
head26,395,215.0,104.0
head26,396,246.0,144.0
head26,397,257.0,204.0
head26,400,221.0,105.0
head26,401,181.0,60.0
head26,402,221.0,108.0
head26,403,241.0,176.0
head26,404,213.0,108.0
head26,405,181.0,68.0
head26,408,202.0,107.0
head26,409,207.0,106.0
head26,410,207.0,112.0
head26,411,204.0,106.0
head26,412,203.0,108.0
head26,413,198.0,107.0
head26,414,200.0,113.0
head26,415,192.0,106.0
head26,416,196.0,125.0
head26,417,196.0,110.0
head26,418,195.0,114.0
head26,419,197.0,113.0
head26,420,191.0,114.0
head26,421,187.0,120.0
head26,422,190.0,110.0
head26,423,187.0,116.0
head26,424,187.0,108.0
head26,425,184.0,113.0
head26,426,185.0,114.0
head26,427,181.0,118.0
head26,428,181.0,102.0
head26,429,161.0,66.0
head26,431,161.0,52.0
head26,433,165.0,52.0
head26,434,181.0,56.0
head26,435,177.0,72.0
head26,436,185.0,84.0
head26,438,181.0,76.0
head26,439,157.0,64.0
head26,441,153.0,64.0
head26,442,161.0,52.0
head26,443,189.0,68.0
head26,444,197.0,72.0
head26,445,193.0,64.0
head26,446,169.0,68.0
head26,447,133.0,68.0
head26,452,181.0,69.0
head26,453,165.0,68.0
head26,454,172.0,82.0
head26,456,183.0,76.0
head26,457,174.0,50.0
head26,458,177.0,52.0
head26,459,176.0,50.0
head26,462,179.0,60.0
head26,463,162.0,66.0
head26,464,165.0,68.0
head26,465,172.0,58.0
head26,466,175.0,60.0
head26,467,166.0,66.0
head26,468,169.0,60.0
head26,470,176.0,74.0
head26,471,163.0,100.0
head26,472,130.0,106.0
head26,474,77.0,132.0
head26,475,28.0,138.0
head26,476,36.0,124.0
head26,477,60.0,114.0
head26,480,80.0,124.0
head26,482,88.0,146.0
head26,483,76.0,148.0
head26,484,44.0,130.0
head26,485,28.0,124.0
head26,486,36.0,130.0
head26,487,36.0,132.0
head26,488,44.0,122.0
head26,489,40.0,132.0
head26,490,36.0,130.0
head26,491,44.0,132.0
head26,492,40.0,122.0
head26,493,36.0,132.0
head26,494,36.0,130.0
head26,495,36.0,132.0
head26,496,36.0,130.0
head26,497,36.0,132.0
head26,498,44.0,130.0
head26,499,40.0,132.0
head26,500,60.0,122.0
head26,503,60.0,132.0
head26,504,40.0,130.0
head26,505,44.0,140.0
head26,506,44.0,138.0
head26,507,52.0,132.0
head26,508,48.0,138.0
head26,509,44.0,140.0
head26,510,44.0,138.0
head26,511,44.0,140.0
head26,512,52.0,130.0
head26,513,48.0,132.0
head26,514,44.0,138.0
head26,515,44.0,132.0
head26,516,44.0,130.0
head26,517,44.0,132.0
head26,519,52.0,130.0
head26,520,48.0,132.0
head26,521,52.0,130.0
head26,522,52.0,124.0
head26,523,56.0,130.0
head26,524,56.0,124.0
head26,525,52.0,122.0
head26,526,52.0,124.0
head26,527,56.0,122.0
head26,528,48.0,124.0
head26,529,52.0,122.0
head26,530,52.0,124.0
head26,531,56.0,130.0
head26,532,64.0,124.0
head26,533,60.0,114.0
head26,534,52.0,124.0
head26,535,52.0,122.0
head26,536,56.0,124.0
head26,537,56.0,122.0
head26,538,60.0,124.0
head26,539,52.0,122.0
head26,540,60.0,116.0
head26,541,56.0,122.0
head26,542,56.0,124.0
head26,543,60.0,122.0
head26,544,60.0,124.0
head26,545,64.0,122.0
head26,546,64.0,116.0
head26,547,68.0,114.0
head26,548,60.0,124.0
head26,550,72.0,130.0
head26,551,64.0,140.0
head26,552,60.0,138.0
head26,553,68.0,132.0
head26,554,72.0,130.0
head26,555,64.0,132.0
head26,556,68.0,138.0
head26,557,68.0,140.0
head26,558,72.0,130.0
head26,559,72.0,132.0
head26,560,68.0,138.0
head26,561,76.0,132.0
head26,562,72.0,138.0
head26,563,72.0,140.0
head26,564,76.0,130.0
head26,565,76.0,132.0
head26,566,80.0,130.0
head26,567,80.0,132.0
head26,568,76.0,130.0
head26,570,84.0,124.0
head26,572,80.0,130.0
head26,573,80.0,132.0
head26,574,84.0,130.0
head26,575,84.0,124.0
head26,576,88.0,122.0
head26,577,88.0,124.0
head26,578,84.0,122.0
head26,579,84.0,124.0
head26,580,88.0,122.0
head26,581,88.0,124.0
head26,582,92.0,122.0
head26,583,84.0,124.0
head26,584,88.0,122.0
head26,585,88.0,124.0
head26,586,92.0,122.0
head26,587,92.0,124.0
head26,588,96.0,130.0
head26,589,96.0,124.0
head26,590,92.0,130.0
head26,591,92.0,124.0
head26,593,96.0,130.0
head26,594,104.0,124.0
head26,595,100.0,130.0
head26,596,92.0,132.0
head26,597,96.0,130.0
head26,598,120.0,132.0
head26,599,164.0,146.0
head26,600,188.0,156.0
head26,601,200.0,146.0
head26,602,232.0,116.0
head27,572,225.0,125.0
head27,573,224.0,119.0
head27,574,203.0,101.0
head27,575,226.0,113.0
head27,576,229.0,113.0
head27,577,212.0,93.0
head27,578,175.0,61.0
head27,579,150.0,68.0
head27,580,145.0,95.0
head27,581,144.0,102.0
head27,582,155.0,97.0
head27,583,170.0,72.0
head27,585,165.0,68.0
head27,586,180.0,68.0
head27,587,183.0,72.0
head27,588,182.0,72.0
head27,589,185.0,68.0
head27,590,184.0,68.0
head27,591,179.0,64.0
head27,592,170.0,64.0
head27,593,181.0,68.0
head27,594,180.0,60.0
head27,595,175.0,64.0
head27,596,182.0,56.0
head27,597,193.0,60.0
head27,598,184.0,52.0
head27,599,179.0,60.0
head27,600,186.0,48.0
head27,601,181.0,52.0
head27,602,164.0,52.0
head27,603,159.0,72.0
head27,604,174.0,80.0
head27,605,211.0,98.0
head27,606,252.0,120.0
head28,579,207.0,225.0
head28,580,212.0,225.0
head28,581,211.0,224.0
head28,582,206.0,219.0
head28,583,211.0,222.0
head28,584,210.0,229.0
head28,585,209.0,221.0
head28,586,208.0,227.0
head28,587,199.0,226.0
head28,588,198.0,226.0
head28,589,193.0,206.0
head28,590,184.0,166.0
head28,591,196.0,216.0
head28,592,199.0,213.0
head28,593,190.0,190.0
head28,594,195.0,214.0
head28,595,180.0,218.0
head28,596,188.0,217.0
head28,597,190.0,208.0
head28,598,189.0,221.0
head28,599,191.0,214.0
head28,600,185.0,213.0
head28,601,186.0,212.0
head28,602,182.0,207.0
head28,603,183.0,207.0
head28,604,184.0,207.0
head28,605,183.0,209.0
head28,606,183.0,204.0
head28,607,190.0,206.0
head28,608,185.0,188.0
head28,609,192.0,150.0
head28,610,188.0,193.0
head28,611,172.0,216.0
head28,612,198.0,191.0
head28,613,204.0,146.0
head28,614,190.0,81.0
head28,615,172.0,60.0
head28,618,174.0,68.0
head28,619,164.0,64.0
head28,620,142.0,64.0
head28,621,204.0,177.0
head28,622,204.0,177.0
head28,623,208.0,165.0
head28,624,232.0,133.0
head28,625,236.0,121.0
head28,626,228.0,129.0
head28,627,200.0,125.0
head28,628,176.0,101.0
head28,629,205.0,163.0
head28,630,254.0,229.0
head29,564,132.0,188.0
head29,565,141.0,195.0
head29,566,130.0,182.0
head29,567,131.0,181.0
head29,568,152.0,176.0
head29,569,153.0,175.0
head29,570,145.0,181.0
head29,571,141.0,183.0
head29,572,149.0,173.0
head29,573,169.0,167.0
head29,574,185.0,141.0
head29,575,189.0,95.0
head29,576,173.0,69.0
head29,578,161.0,60.0
head29,579,161.0,71.0
head29,580,165.0,70.0
head29,581,181.0,73.0
head29,582,193.0,72.0
head29,583,193.0,75.0
head29,584,173.0,66.0
head29,585,165.0,61.0
head29,586,177.0,76.0
head29,587,193.0,71.0
head29,588,134.0,168.0
head29,589,135.0,177.0
head29,591,136.0,176.0
head29,592,137.0,176.0
head29,593,158.0,156.0
head29,594,175.0,116.0
head29,595,172.0,64.0
head29,596,173.0,60.0
head29,597,186.0,60.0
head29,598,179.0,56.0
head29,599,168.0,56.0
head29,600,169.0,52.0
head29,601,174.0,52.0
head29,602,175.0,56.0
head29,603,180.0,56.0
head29,604,173.0,52.0
head29,605,178.0,52.0
head29,606,187.0,48.0
head29,607,176.0,68.0
head29,608,177.0,68.0
head29,609,190.0,48.0
head29,610,183.0,52.0
head29,611,172.0,60.0
head29,613,181.0,88.0
head29,614,186.0,96.0
head29,615,203.0,92.0
head29,616,200.0,68.0
head29,617,193.0,52.0
head29,618,190.0,60.0
head29,619,183.0,64.0
head29,620,172.0,64.0
head29,621,173.0,60.0
head29,622,178.0,52.0
head29,623,195.0,52.0
head29,624,192.0,72.0
head29,625,193.0,72.0
head29,626,190.0,68.0
head29,627,191.0,68.0
head29,628,172.0,64.0
head29,629,173.0,72.0
head29,630,170.0,68.0
head29,631,155.0,52.0
head29,634,144.0,60.0
head30,602,174.0,151.0
head30,605,175.0,153.0
head30,606,172.0,135.0
head30,607,181.0,97.0
head30,608,194.0,63.0
head30,610,195.0,68.0
head30,611,200.0,61.0
head30,612,201.0,66.0
head30,613,206.0,59.0
head30,614,191.0,48.0
head30,615,172.0,60.0
head30,616,149.0,68.0
head30,620,146.0,64.0
head30,621,163.0,72.0
head30,622,184.0,60.0
head30,623,193.0,52.0
head30,624,190.0,60.0
head30,625,191.0,72.0
head30,626,196.0,64.0
head30,627,189.0,60.0
head30,628,162.0,68.0
head30,632,169.0,121.0
head30,633,172.0,154.0
head30,636,195.0,191.0
head30,638,198.0,208.0
head30,639,189.0,205.0
head30,640,200.0,198.0
head30,641,215.0,179.0
head30,642,210.0,140.0
head30,643,185.0,121.0
head30,644,140.0,106.0
head31,538,198.0,126.0
head31,539,196.0,125.0
head31,540,198.0,120.0
head31,541,188.0,127.0
head31,542,158.0,114.0
head31,543,148.0,97.0
head31,544,158.0,68.0
head31,545,148.0,68.0
head31,546,158.0,64.0
head31,548,148.0,64.0
head31,549,150.0,60.0
head31,550,148.0,68.0
head31,551,150.0,96.0
head31,553,164.0,112.0
head31,554,166.0,108.0
head31,555,172.0,116.0
head31,556,190.0,104.0
head31,557,188.0,104.0
head31,558,182.0,100.0
head31,559,156.0,108.0
head31,560,142.0,112.0
head31,561,140.0,112.0
head31,562,158.0,92.0
head31,564,180.0,92.0
head31,565,182.0,96.0
head31,566,164.0,96.0
head31,567,158.0,100.0
head31,568,148.0,100.0
head31,569,150.0,96.0
head31,570,172.0,112.0
head31,571,182.0,108.0
head31,572,180.0,92.0
head31,573,158.0,64.0
head31,574,148.0,68.0
head31,576,150.0,68.0
head31,577,172.0,80.0
head31,578,174.0,80.0
head31,579,164.0,60.0
head31,580,166.0,68.0
head31,581,148.0,72.0
head31,582,150.0,96.0
head31,583,148.0,100.0
head31,584,166.0,84.0
head31,585,164.0,64.0
head31,586,174.0,68.0
head31,587,196.0,68.0
head31,588,198.0,72.0
head31,589,188.0,72.0
head31,590,182.0,68.0
head31,591,188.0,60.0
head31,592,174.0,64.0
head31,593,180.0,64.0
head31,594,182.0,60.0
head31,595,172.0,60.0
head31,596,182.0,56.0
head31,597,180.0,56.0
head31,598,174.0,60.0
head31,599,172.0,60.0
head31,600,182.0,56.0
head31,601,172.0,56.0
head31,602,174.0,52.0
head31,603,164.0,68.0
head31,604,166.0,64.0
head31,605,172.0,56.0
head31,606,198.0,68.0
head31,607,204.0,68.0
head31,608,190.0,64.0
head31,609,188.0,48.0
head31,610,190.0,52.0
head31,611,204.0,52.0
head31,612,198.0,64.0
head31,613,180.0,64.0
head31,615,182.0,60.0
head31,616,188.0,60.0
head31,617,198.0,56.0
head31,618,188.0,64.0
head31,619,190.0,60.0
head31,620,180.0,60.0
head31,621,166.0,64.0
head31,622,164.0,48.0
head31,624,182.0,68.0
head31,625,188.0,76.0
head31,626,190.0,64.0
head31,627,180.0,72.0
head31,628,158.0,68.0
head31,631,156.0,52.0
head31,632,166.0,68.0
head31,633,172.0,64.0
head31,634,174.0,56.0
head31,635,172.0,68.0
head31,636,166.0,68.0
head31,637,180.0,72.0
head31,638,182.0,72.0
head31,639,180.0,68.0
head31,640,182.0,60.0
head31,641,180.0,64.0
head31,643,166.0,64.0
head31,644,156.0,60.0
head31,645,158.0,60.0
head31,646,156.0,64.0
head31,647,158.0,72.0
head31,652,156.0,60.0
head31,653,150.0,68.0
head31,655,148.0,88.0
head31,656,150.0,88.0
head31,657,148.0,68.0
head32,649,191.0,142.0
head32,651,188.0,153.0
head32,652,181.0,144.0
head32,653,187.0,153.0
head32,654,181.0,142.0
head32,655,178.0,143.0
head32,656,181.0,149.0
head32,657,180.0,135.0
head32,658,179.0,145.0
head32,659,179.0,138.0
head32,660,159.0,111.0
head32,662,143.0,80.0
head32,665,186.0,134.0
head32,666,249.0,168.0
head32,667,182.0,133.0
head32,668,192.0,127.0
head32,669,191.0,134.0
head32,670,191.0,132.0
head32,671,196.0,126.0
head32,672,195.0,128.0
head32,673,198.0,127.0
head32,674,196.0,119.0
head32,675,195.0,122.0
head32,676,199.0,118.0
head32,677,183.0,94.0
head32,678,155.0,74.0
head32,680,207.0,119.0
head32,681,239.0,144.0
head32,682,202.0,113.0
head32,683,145.0,102.0
head33,518,56.0,133.0
head33,519,57.0,130.0
head33,520,54.0,131.0
head33,521,55.0,128.0
head33,522,52.0,129.0
head33,523,61.0,126.0
head33,524,50.0,127.0
head33,525,60.0,116.0
head33,526,50.0,125.0
head33,527,52.0,122.0
head33,528,50.0,131.0
head33,529,52.0,128.0
head33,530,50.0,129.0
head33,531,52.0,126.0
head33,532,58.0,127.0
head33,533,60.0,116.0
head33,534,58.0,125.0
head33,535,52.0,122.0
head33,536,60.0,123.0
head33,537,56.0,120.0
head33,538,56.0,121.0
head33,539,57.0,134.0
head33,540,54.0,127.0
head33,541,63.0,116.0
head33,542,65.0,127.0
head33,543,65.0,128.0
head33,544,66.0,128.0
head33,545,66.0,129.0
head33,546,67.0,122.0
head33,547,68.0,132.0
head33,548,61.0,132.0
head33,550,70.0,134.0
head33,551,71.0,135.0
head33,552,71.0,127.0
head33,553,72.0,136.0
head33,554,72.0,137.0
head33,555,73.0,137.0
head33,556,70.0,133.0
head33,557,71.0,133.0
head33,558,68.0,137.0
head33,559,69.0,137.0
head33,560,66.0,141.0
head33,561,75.0,133.0
head33,562,72.0,137.0
head33,563,73.0,137.0
head33,564,78.0,133.0
head33,565,79.0,133.0
head33,566,76.0,137.0
head33,567,77.0,129.0
head33,568,74.0,133.0
head33,570,83.0,125.0
head33,571,80.0,129.0
head33,572,85.0,127.0
head33,573,86.0,145.0
head33,574,83.0,143.0
head33,575,84.0,121.0
head33,576,89.0,119.0
head33,577,90.0,121.0
head33,578,87.0,127.0
head33,579,88.0,121.0
head33,580,93.0,119.0
head33,581,86.0,121.0
head33,582,96.0,129.0
head33,583,86.0,125.0
head33,584,92.0,125.0
head33,585,93.0,126.0
head33,586,93.0,127.0
head33,587,94.0,127.0
head33,588,94.0,128.0
head33,589,95.0,129.0
head33,590,96.0,130.0
head33,591,93.0,127.0
head33,592,94.0,136.0
head33,593,99.0,125.0
head33,594,100.0,126.0
head33,595,105.0,123.0
head33,596,90.0,132.0
head33,597,95.0,137.0
head33,598,96.0,138.0
head33,599,101.0,135.0
head33,600,102.0,128.0
head33,601,107.0,141.0
head33,602,100.0,134.0
head33,603,105.0,131.0
head33,604,114.0,132.0
head33,605,103.0,129.0
head33,606,104.0,130.0
head33,607,101.0,135.0
head33,608,110.0,128.0
head33,609,107.0,133.0
head33,610,112.0,139.0
head33,611,105.0,133.0
head33,613,102.0,139.0
head33,614,103.0,133.0
head33,615,106.0,132.0
head33,617,107.0,124.0
head33,619,104.0,120.0
head33,620,105.0,120.0
head33,621,102.0,124.0
head33,622,111.0,124.0
head33,623,108.0,120.0
head33,624,109.0,120.0
head33,625,106.0,124.0
head33,626,107.0,124.0
head33,627,112.0,120.0
head33,628,113.0,120.0
head33,629,126.0,116.0
head33,630,119.0,116.0
head33,631,115.0,120.0
head33,632,113.0,121.0
head33,633,114.0,125.0
head33,634,121.0,126.0
head33,635,116.0,126.0
head33,636,119.0,127.0
head33,637,119.0,128.0
head33,638,118.0,128.0
head33,639,121.0,124.0
head33,640,123.0,130.0
head33,641,137.0,116.0
head33,642,147.0,114.0
head33,643,153.0,116.0
head33,644,147.0,98.0
head33,645,153.0,60.0
head33,646,155.0,60.0
head33,647,161.0,64.0
head33,648,179.0,64.0
head33,650,185.0,60.0
head33,651,187.0,60.0
head33,654,185.0,64.0
head33,656,187.0,64.0
head33,657,193.0,60.0
head33,658,179.0,60.0
head33,660,185.0,64.0
head33,661,187.0,64.0
head33,662,193.0,44.0
head33,663,179.0,60.0
head33,664,185.0,64.0
head33,666,129.0,121.0
head33,667,61.0,158.0
head33,668,132.0,120.0
head33,669,130.0,120.0
head33,670,132.0,108.0
head33,671,138.0,108.0
head33,672,132.0,112.0
head33,673,129.0,113.0
head33,674,132.0,120.0
head33,675,131.0,107.0
head33,676,135.0,110.0
head33,677,143.0,101.0
head33,678,139.0,109.0
head33,679,141.0,108.0
head33,680,147.0,112.0
head33,681,142.0,107.0
head33,682,146.0,105.0
head33,683,146.0,99.0
head33,684,153.0,105.0
head33,685,148.0,99.0
head33,686,147.0,97.0
head33,687,142.0,75.0
head33,688,149.0,65.0
head33,689,160.0,59.0
head33,690,151.0,65.0
head33,691,162.0,59.0
head33,692,153.0,65.0
head33,693,164.0,59.0
head33,694,155.0,65.0
head33,695,150.0,59.0
head33,696,165.0,65.0
head33,697,160.0,91.0
head33,698,135.0,97.0
head33,703,130.0,107.0
head33,704,137.0,97.0
head33,705,140.0,99.0
head33,706,139.0,89.0
head33,707,150.0,67.0
head34,665,87.0,228.0
head34,669,97.0,237.0
head34,671,103.0,250.0
head34,672,89.0,243.0
head34,673,79.0,236.0
head34,674,81.0,241.0
head34,675,71.0,234.0
head34,676,73.0,239.0
head34,677,79.0,240.0
head34,679,89.0,237.0
head34,680,79.0,238.0
head34,681,81.0,243.0
head34,682,87.0,228.0
head34,683,89.0,233.0
head34,684,87.0,234.0
head34,685,81.0,239.0
head34,686,79.0,240.0
head34,687,81.0,237.0
head34,688,87.0,230.0
head34,689,81.0,235.0
head34,690,87.0,236.0
head34,691,81.0,241.0
head34,692,87.0,242.0
head34,693,89.0,239.0
head34,694,87.0,240.0
head34,695,89.0,245.0
head34,696,87.0,246.0
head34,697,89.0,243.0
head34,698,95.0,236.0
head34,699,97.0,233.0
head34,700,103.0,242.0
head34,701,137.0,231.0
head34,703,159.0,232.0
head34,704,169.0,229.0
head34,707,167.0,230.0
head34,710,161.0,251.0
head34,711,175.0,252.0
head34,712,169.0,249.0
head34,715,167.0,226.0
head35,712,92.0,240.0
head35,713,91.0,238.0
head35,714,86.0,232.0
head35,715,85.0,230.0
head35,716,80.0,232.0
head35,717,79.0,230.0
head35,718,90.0,224.0
head35,719,81.0,230.0
head35,720,89.0,237.0
head35,721,125.0,224.0
head35,722,89.0,230.0
head35,723,89.0,227.0
head35,724,90.0,227.0
head35,725,79.0,231.0
head35,726,84.0,233.0
head35,728,85.0,223.0
head35,729,86.0,224.0
head35,730,83.0,221.0
head35,731,84.0,222.0
head35,732,95.0,222.0
head35,733,110.0,218.0
head35,735,80.0,228.0
head36,720,73.0,173.0
head36,722,73.0,174.0
head36,723,77.0,171.0
head36,724,82.0,171.0
head36,725,75.0,151.0
head36,726,92.0,169.0
head36,727,89.0,167.0
head36,728,85.0,168.0
head36,729,86.0,168.0
head36,730,94.0,168.0
head36,731,94.0,167.0
head36,732,82.0,146.0
head36,733,95.0,166.0
head36,734,88.0,166.0
head36,736,77.0,146.0
head36,737,78.0,138.0
head36,738,75.0,150.0
head36,739,76.0,142.0
head36,740,89.0,138.0
head36,741,82.0,130.0
head36,742,79.0,142.0
head36,743,88.0,134.0
head36,744,85.0,130.0
head36,745,86.0,130.0
head36,746,83.0,134.0
head36,747,84.0,126.0
head36,748,81.0,138.0
head36,749,82.0,130.0
head37,711,202.0,110.0
head37,712,192.0,108.0
head37,713,162.0,86.0
head37,714,206.0,121.0
head37,715,193.0,110.0
head37,716,160.0,87.0
head37,717,139.0,52.0
head37,718,138.0,52.0
head37,719,149.0,48.0
head37,720,172.0,60.0
head37,721,175.0,68.0
head37,722,166.0,64.0
head37,723,169.0,64.0
head37,724,152.0,68.0
head37,727,147.0,68.0
head37,728,154.0,64.0
head37,729,149.0,64.0
head37,730,164.0,68.0
head37,731,167.0,60.0
head37,732,158.0,64.0
head37,733,161.0,64.0
head37,734,160.0,60.0
head37,735,193.0,101.0
head37,736,188.0,101.0
head37,737,171.0,89.0
head37,738,166.0,57.0
head37,739,165.0,52.0
head37,740,187.0,94.0
head37,741,186.0,93.0
head37,742,181.0,72.0
head37,743,156.0,55.0
head37,745,151.0,52.0
head37,746,166.0,69.0
head37,747,169.0,66.0
head37,748,152.0,75.0
head37,749,147.0,72.0
head37,750,146.0,65.0
head37,751,141.0,70.0
head37,752,156.0,63.0
head37,753,151.0,60.0
head37,754,150.0,69.0
head37,755,153.0,66.0
head37,756,160.0,59.0
head37,758,163.0,64.0
head37,759,162.0,65.0
head37,760,165.0,62.0
head37,761,164.0,63.0
head37,762,167.0,68.0
head37,763,174.0,69.0
head37,764,201.0,74.0
head38,764,246.0,126.0
head38,767,237.0,124.0
head38,768,236.0,123.0
head38,769,231.0,110.0
head38,770,236.0,124.0
head38,771,227.0,124.0
head38,772,222.0,112.0
head38,773,221.0,112.0
head38,774,224.0,108.0
head38,775,223.0,108.0
head38,776,226.0,112.0
head38,777,217.0,112.0
head38,778,220.0,108.0
head38,779,219.0,116.0
head38,780,214.0,112.0
head38,781,213.0,112.0
head38,782,192.0,108.0
head38,784,238.0,131.0
head38,786,212.0,126.0
head38,787,198.0,101.0
head38,788,164.0,56.0
head38,793,216.0,121.0
head38,795,248.0,214.0
head39,602,110.0,191.0
head39,603,111.0,191.0
head39,604,120.0,191.0
head39,605,117.0,187.0
head39,606,125.0,193.0
head39,607,118.0,190.0
head39,608,115.0,183.0
head39,609,108.0,156.0
head39,610,120.0,187.0
head39,611,120.0,198.0
head39,612,130.0,183.0
head39,613,126.0,182.0
head39,614,127.0,181.0
head39,615,130.0,188.0
head39,616,128.0,186.0
head39,617,131.0,180.0
head39,618,130.0,170.0
head39,619,149.0,140.0
head39,620,148.0,90.0
head39,622,151.0,60.0
head39,627,122.0,169.0
head39,628,73.0,266.0
head39,632,122.0,170.0
head39,633,167.0,70.0
head39,635,109.0,174.0
head39,637,110.0,175.0
head39,638,107.0,156.0
head39,639,124.0,133.0
head39,640,121.0,122.0
head39,641,114.0,123.0
head39,642,102.0,163.0
head39,644,86.0,183.0
head39,645,90.0,183.0
head39,646,90.0,163.0
head39,647,94.0,155.0
head39,648,105.0,161.0
head39,649,96.0,155.0
head39,650,107.0,164.0
head39,651,108.0,169.0
head39,652,106.0,165.0
head39,653,106.0,162.0
head39,654,106.0,168.0
head39,655,106.0,167.0
head39,656,102.0,162.0
head39,657,86.0,153.0
head39,658,50.0,140.0
head39,659,107.0,186.0
head39,660,152.0,236.0
head39,661,105.0,161.0
head39,664,107.0,159.0
head39,665,121.0,137.0
head39,666,105.0,161.0
head39,667,69.0,165.0
head39,668,108.0,160.0
head39,669,106.0,160.0
head39,670,103.0,162.0
head39,671,108.0,161.0
head39,672,113.0,159.0
head39,673,111.0,164.0
head39,674,111.0,168.0
head39,675,117.0,168.0
head39,676,119.0,166.0
head39,677,116.0,169.0
head39,678,124.0,167.0
head39,679,125.0,164.0
head39,680,127.0,167.0
head39,681,129.0,167.0
head39,682,130.0,167.0
head39,683,132.0,166.0
head39,684,133.0,165.0
head39,685,134.0,165.0
head39,686,135.0,165.0
head39,687,132.0,161.0
head39,688,133.0,161.0
head39,689,130.0,165.0
head39,690,131.0,165.0
head39,691,136.0,161.0
head39,692,129.0,161.0
head39,693,134.0,157.0
head39,694,143.0,157.0
head39,695,140.0,161.0
head39,696,133.0,161.0
head39,697,138.0,157.0
head39,698,147.0,133.0
head39,699,152.0,89.0
head39,701,145.0,68.0
head39,702,150.0,68.0
head39,703,151.0,72.0
head39,704,164.0,64.0
head39,705,134.0,155.0
head39,706,134.0,154.0
head39,707,135.0,154.0
head39,708,136.0,153.0
head39,709,137.0,152.0
head39,710,129.0,151.0
head39,711,130.0,150.0
head39,712,128.0,148.0
head39,713,129.0,146.0
head39,714,134.0,145.0
head39,715,137.0,142.0
head39,716,139.0,142.0
head39,717,128.0,146.0
head39,718,136.0,145.0
head39,719,138.0,145.0
head39,720,128.0,141.0
head39,721,130.0,133.0
head39,722,136.0,137.0
head39,723,130.0,145.0
head39,724,120.0,141.0
head39,725,122.0,141.0
head39,726,136.0,145.0
head39,727,132.0,144.0
head39,728,124.0,139.0
head39,729,136.0,138.0
head39,730,128.0,141.0
head39,731,140.0,140.0
head39,732,147.0,139.0
head39,733,174.0,126.0
head39,734,151.0,145.0
head39,735,153.0,141.0
head39,736,156.0,149.0
head39,737,150.0,141.0
head39,738,152.0,146.0
head39,739,150.0,144.0
head39,740,147.0,142.0
head39,741,154.0,141.0
head39,742,173.0,120.0
head39,743,188.0,79.0
head39,744,183.0,52.0
head39,745,158.0,52.0
head39,747,145.0,72.0
head39,748,152.0,72.0
head39,749,150.0,126.0
head39,750,148.0,129.0
head39,751,148.0,129.0
head39,752,148.0,120.0
head39,753,147.0,126.0
head39,754,141.0,126.0
head39,755,147.0,118.0
head39,756,140.0,118.0
head39,757,140.0,117.0
head39,758,141.0,117.0
head39,759,143.0,117.0
head39,760,143.0,117.0
head39,761,145.0,117.0
head39,762,146.0,109.0
head39,763,143.0,105.0
head39,764,144.0,113.0
head39,765,133.0,117.0
head39,766,142.0,109.0
head39,767,147.0,105.0
head39,768,149.0,118.0
head39,769,149.0,118.0
head39,770,150.0,117.0
head39,771,152.0,116.0
head39,772,152.0,114.0
head39,773,154.0,116.0
head39,774,155.0,115.0
head39,775,166.0,112.0
head39,776,158.0,114.0
head39,777,169.0,114.0
head39,778,160.0,102.0
head39,779,163.0,113.0
head39,780,165.0,112.0
head39,781,166.0,111.0
head39,782,163.0,106.0
head39,783,172.0,81.0
head39,784,169.0,60.0
head39,785,170.0,60.0
head39,786,175.0,56.0
head39,787,168.0,56.0
head39,788,173.0,52.0
head39,789,174.0,52.0
head39,790,171.0,56.0
head39,791,172.0,56.0
head39,793,156.0,97.0
head39,795,120.0,142.0
head39,798,104.0,207.0
head40,764,262.0,214.0
head40,767,261.0,212.0
head40,768,252.0,211.0
head40,769,255.0,206.0
head40,770,260.0,212.0
head40,771,259.0,212.0
head40,772,258.0,212.0
head40,773,257.0,214.0
head40,774,258.0,214.0
head40,775,255.0,210.0
head40,776,253.0,213.0
head40,777,252.0,214.0
head40,778,251.0,215.0
head40,779,251.0,214.0
head40,780,250.0,211.0
head40,781,250.0,217.0
head40,782,246.0,211.0
head40,783,247.0,215.0
head40,784,246.0,211.0
head40,785,244.0,216.0
head40,786,244.0,214.0
head40,787,250.0,215.0
head40,788,244.0,212.0
head40,789,242.0,213.0
head40,790,244.0,218.0
head40,791,250.0,211.0
head40,792,244.0,216.0
head40,793,250.0,217.0
head40,794,244.0,214.0
head40,795,242.0,215.0
head40,796,236.0,220.0
head40,797,234.0,221.0
head40,798,244.0,210.0
head40,799,242.0,211.0
head40,800,236.0,224.0
head40,801,234.0,217.0
head40,802,244.0,214.0
head40,803,250.0,215.0
head40,804,236.0,212.0
head40,805,242.0,213.0
head40,806,244.0,210.0
head40,807,234.0,195.0
head41,759,85.0,216.0
head41,760,85.0,215.0
head41,761,86.0,215.0
head41,762,86.0,215.0
head41,763,86.0,215.0
head41,764,86.0,214.0
head41,765,95.0,213.0
head41,766,88.0,214.0
head41,767,77.0,219.0
head41,768,78.0,220.0
head41,769,91.0,209.0
head41,771,92.0,210.0
head41,772,97.0,215.0
head41,773,90.0,216.0
head41,774,95.0,221.0
head41,775,99.0,226.0
head41,777,107.0,219.0
head41,778,103.0,224.0
head41,779,103.0,217.0
head41,780,99.0,222.0
head41,781,115.0,223.0
head41,782,111.0,228.0
head41,783,119.0,221.0
head41,784,115.0,226.0
head41,785,115.0,219.0
head41,786,119.0,232.0
head41,787,111.0,225.0
head41,788,123.0,214.0
head41,789,115.0,215.0
head41,790,116.0,225.0
head41,791,117.0,218.0
head41,792,115.0,217.0
head41,793,114.0,224.0
head41,794,109.0,215.0
head41,795,103.0,214.0
head41,796,107.0,213.0
head41,797,117.0,212.0
head41,798,108.0,211.0
head41,799,99.0,212.0
head41,800,94.0,209.0
head41,801,109.0,202.0
head41,802,136.0,175.0
head41,803,143.0,168.0
head41,804,130.0,149.0
head41,805,121.0,142.0
head41,806,124.0,139.0
head41,807,123.0,148.0
head41,808,126.0,145.0
head41,809,125.0,138.0
head41,810,120.0,143.0
head41,811,127.0,136.0
head41,812,130.0,133.0
head41,813,129.0,134.0
head41,814,124.0,139.0
head41,815,123.0,140.0
head41,816,126.0,137.0
head41,817,125.0,138.0
head41,818,128.0,151.0
head41,819,151.0,184.0
head41,820,170.0,213.0
head41,825,169.0,246.0
head42,791,173.0,218.0
head42,792,171.0,225.0
head42,793,179.0,219.0
head42,794,173.0,223.0
head42,797,173.0,220.0
head42,798,172.0,219.0
head42,799,175.0,222.0
head42,800,174.0,229.0
head42,801,169.0,216.0
head42,802,144.0,215.0
head42,803,107.0,202.0
head42,804,90.0,209.0
head42,805,93.0,212.0
head42,806,108.0,195.0
head42,807,119.0,158.0
head42,808,150.0,101.0
head42,809,169.0,68.0
head42,810,168.0,68.0
head42,811,147.0,64.0
head42,812,146.0,72.0
head42,813,157.0,60.0
head42,814,156.0,60.0
head42,815,171.0,214.0
head42,816,173.0,212.0
head42,817,173.0,211.0
head42,818,170.0,210.0
head42,819,166.0,208.0
head42,820,176.0,214.0
head42,821,168.0,213.0
head42,822,168.0,212.0
head42,823,169.0,210.0
head42,824,170.0,209.0
head42,825,183.0,228.0
head42,826,165.0,208.0
head42,830,171.0,201.0
head42,831,170.0,201.0
head42,832,173.0,197.0
head42,834,156.0,189.0
head42,839,159.0,201.0
head42,840,166.0,193.0
head42,841,161.0,197.0
head42,842,168.0,197.0
head42,843,187.0,177.0
head42,844,176.0,193.0
head42,845,169.0,189.0
head42,846,166.0,189.0
head42,847,175.0,193.0
head42,849,164.0,209.0
head42,851,179.0,185.0
head42,852,179.0,182.0
head42,853,167.0,183.0
head42,855,135.0,204.0
head42,856,176.0,182.0
head42,857,183.0,180.0
head42,859,178.0,174.0
head42,861,179.0,187.0
head42,863,184.0,180.0
head43,817,216.0,111.0
head43,818,219.0,110.0
head43,819,209.0,109.0
head43,822,208.0,107.0
head43,823,209.0,109.0
head43,824,208.0,105.0
head43,825,203.0,105.0
head43,826,202.0,93.0
head43,827,205.0,102.0
head43,828,204.0,102.0
head43,829,199.0,90.0
head43,830,174.0,58.0
head43,831,194.0,105.0
head43,832,199.0,102.0
head43,833,184.0,95.0
head43,834,189.0,92.0
head43,835,198.0,101.0
head43,836,187.0,98.0
head43,837,180.0,91.0
head43,838,193.0,88.0
head43,839,186.0,89.0
head43,840,167.0,70.0
head43,841,168.0,71.0
head43,842,189.0,60.0
head43,843,190.0,61.0
head43,844,187.0,66.0
head43,845,180.0,59.0
head43,846,185.0,56.0
head43,847,199.0,89.0
head43,848,193.0,110.0
head43,849,191.0,119.0
head43,850,185.0,108.0
head43,851,187.0,81.0
head43,852,186.0,80.0
head43,853,185.0,75.0
head43,857,196.0,90.0
head43,858,187.0,93.0
head43,859,190.0,92.0
head43,861,189.0,87.0
head43,862,176.0,94.0
head43,863,143.0,121.0
head43,864,122.0,128.0
head43,865,121.0,139.0
head43,866,124.0,130.0
head43,867,139.0,117.0
head43,868,174.0,92.0
head44,829,255.0,202.0
head44,830,254.0,207.0
head44,831,252.0,198.0
head44,832,255.0,198.0
head44,833,243.0,198.0
head44,834,243.0,194.0
head44,835,254.0,205.0
head44,836,249.0,199.0
head44,837,256.0,189.0
head44,838,243.0,191.0
head44,839,250.0,189.0
head44,840,245.0,191.0
head44,841,252.0,189.0
head44,842,247.0,191.0
head44,843,246.0,189.0
head44,844,262.5,183.0
head44,848,250.0,192.0
head44,849,254.0,189.0
head44,850,254.0,182.0
head44,851,251.0,185.0
head44,852,252.0,184.0
head44,853,249.0,187.0
head44,854,250.0,186.0
head44,855,255.0,189.0
head44,856,256.0,188.0
head44,857,253.0,183.0
head44,858,254.0,190.0
head44,859,259.0,193.0
head44,861,252.0,184.0
head44,862,257.0,187.0
head44,863,258.0,194.0
head44,864,247.0,189.0
head44,865,248.0,188.0
head44,866,253.0,183.0
head44,867,254.0,182.0
head44,868,259.0,185.0
head44,869,244.0,192.0
head44,870,241.0,187.0
head44,871,242.0,186.0
head44,872,255.0,181.0
head44,873,248.0,188.0
head44,874,253.0,191.0
head44,875,238.0,190.0
head44,877,235.0,193.0
head44,878,236.0,184.0
head44,879,233.0,187.0
head44,880,226.0,186.0
head44,881,238.0,193.0
head44,882,238.0,188.0
head44,883,242.0,179.0
head44,884,226.0,182.0
head44,885,190.0,173.0
head44,887,158.0,144.0
head44,888,146.0,103.0
head45,898,131.0,176.0
head45,901,130.0,175.0
head45,902,133.0,154.0
head45,903,131.0,175.0
head45,904,132.0,175.0
head45,905,138.0,175.0
head45,906,139.0,174.0
head45,907,142.0,173.0
head45,908,133.0,160.0
head45,909,143.0,160.0
head45,910,141.0,172.0
head45,911,135.0,164.0
head45,912,145.0,161.0
head45,913,135.0,162.0
head45,914,129.0,167.0
head45,915,135.0,160.0
head45,916,129.0,165.0
head45,917,135.0,174.0
head45,918,137.0,163.0
head45,919,135.0,164.0
head45,920,145.0,153.0
head45,921,151.0,146.0
head45,922,161.0,119.0
head45,923,139.0,163.0
head45,924,146.0,154.0
head45,925,145.0,154.0
head45,926,145.0,150.0
head45,927,141.0,134.0
head45,928,157.0,98.0
head45,929,169.0,58.0
head45,930,169.0,52.0
head45,931,165.0,60.0
head45,932,149.0,56.0
head45,933,141.0,134.0
head45,934,153.0,232.0
head46,786,99.0,140.0
head46,787,109.0,141.0
head46,788,107.0,130.0
head46,789,109.0,131.0
head46,790,108.0,153.0
head46,791,106.0,143.0
head46,792,108.0,145.0
head46,793,123.0,147.0
head46,794,118.0,145.0
head46,795,117.0,139.0
head46,796,112.0,145.0
head46,797,119.0,147.0
head46,798,114.0,145.0
head46,799,121.0,147.0
head46,800,116.0,145.0
head46,801,123.0,139.0
head46,802,150.0,113.0
head46,805,157.0,67.0
head46,806,152.0,68.0
head46,807,143.0,65.0
head46,808,146.0,58.0
head46,809,145.0,63.0
head46,810,140.0,64.0
head46,811,155.0,61.0
head46,812,158.0,62.0
head46,813,149.0,67.0
head46,814,152.0,68.0
head46,816,151.0,65.0
head46,818,170.0,58.0
head46,819,122.0,140.0
head46,820,123.0,138.0
head46,821,131.0,137.0
head46,822,119.0,132.0
head46,823,128.0,134.0
head46,824,117.0,132.0
head46,825,126.0,118.0
head46,826,131.0,124.0
head46,827,124.0,118.0
head46,828,129.0,116.0
head46,829,130.0,118.0
head46,830,127.0,124.0
head46,831,128.0,118.0
head46,832,133.0,116.0
head46,833,134.0,110.0
head46,834,131.0,116.0
head46,835,116.0,118.0
head46,836,121.0,124.0
head46,837,122.0,118.0
head46,838,127.0,116.0
head46,839,120.0,118.0
head46,840,125.0,116.0
head46,841,126.0,118.0
head46,842,131.0,116.0
head46,843,148.0,110.0
head46,844,185.0,84.0
head46,846,202.0,70.0
head46,847,199.0,68.0
head46,848,184.0,62.0
head46,850,189.0,76.0
head46,851,190.0,78.0
head46,852,187.0,100.0
head46,854,188.0,102.0
head46,855,193.0,84.0
head46,857,194.0,86.0
head46,858,191.0,92.0
head46,859,192.0,86.0
head46,861,189.0,84.0
head46,862,190.0,86.0
head46,863,179.0,92.0
head46,864,188.0,86.0
head46,866,177.0,92.0
head46,867,178.0,86.0
head46,868,175.0,92.0
head46,869,184.0,86.0
head46,870,173.0,84.0
head46,871,182.0,78.0
head46,872,179.0,76.0
head46,874,144.0,116.0
head46,875,143.0,116.0
head46,876,141.0,109.0
head46,877,135.0,106.0
head46,878,149.0,99.0
head46,879,146.0,108.0
head46,880,145.0,108.0
head46,881,144.0,125.0
head46,882,139.0,122.0
head46,883,146.0,107.0
head46,884,155.0,112.0
head46,885,152.0,97.0
head46,886,158.0,103.0
head46,887,152.0,97.0
head46,888,142.0,103.0
head46,889,152.0,97.0
head46,890,150.0,95.0
head46,891,152.0,97.0
head46,892,150.0,95.0
head46,893,160.0,97.0
head46,894,158.0,95.0
head46,895,160.0,89.0
head46,896,158.0,87.0
head46,897,152.0,89.0
head46,898,150.0,87.0
head46,899,144.0,65.0
head46,903,150.0,68.0
head46,904,152.0,75.0
head46,905,150.0,78.0
head46,907,144.0,69.0
head46,908,142.0,72.0
head46,909,144.0,63.0
head46,911,142.0,66.0
head46,912,136.0,65.0
head46,913,150.0,68.0
head46,914,144.0,59.0
head46,915,134.0,62.0
head46,916,136.0,61.0
head46,917,142.0,64.0
head46,918,136.0,55.0
head46,919,134.0,52.0
head46,920,136.0,53.0
head46,921,134.0,58.0
head46,922,144.0,59.0
head46,923,151.0,68.0
head46,924,146.0,65.0
head46,925,153.0,58.0
head46,926,148.0,55.0
head46,927,155.0,56.0
head46,928,150.0,53.0
head46,929,165.0,62.0
head46,930,160.0,59.0
head46,931,167.0,60.0
head46,932,154.0,57.0
head46,933,153.0,66.0
head46,934,172.0,63.0
head46,935,171.0,56.0
head46,936,166.0,53.0
head46,937,165.0,54.0
head46,938,152.0,59.0
head46,939,151.0,76.0
head46,940,154.0,73.0
head46,941,153.0,66.0
head46,942,156.0,71.0
head46,943,155.0,64.0
head46,944,158.0,69.0
head46,945,157.0,54.0
head46,946,152.0,68.0
head46,947,151.0,70.0
head46,948,154.0,68.0
head46,949,153.0,70.0
head46,950,148.0,68.0
head46,951,163.0,62.0
head46,953,190.0,60.0
head47,951,145.0,131.0
head47,954,151.0,126.0
head47,955,177.0,109.0
head47,957,142.0,137.0
head47,959,145.0,136.0
head47,960,152.0,115.0
head47,961,147.0,74.0
head47,962,154.0,68.0
head47,963,157.0,58.0
head47,964,148.0,68.0
head47,965,143.0,58.0
head47,966,142.0,60.0
head47,967,145.0,58.0
head47,968,162.0,117.0
head47,969,155.0,117.0
head47,970,152.0,105.0
head47,971,159.0,110.0
head47,972,154.0,103.0
head47,974,153.0,108.0
head47,975,156.0,101.0
head47,976,155.0,98.0
head47,978,158.0,75.0
head47,979,173.0,48.0
head47,980,168.0,60.0
head47,981,151.0,84.0
head48,405,132.0,208.0
head48,406,134.0,208.0
head48,407,136.0,206.0
head48,408,138.0,203.0
head48,409,137.0,211.0
head48,411,148.0,239.0
head48,412,147.0,196.0
head48,413,134.0,195.0
head48,415,145.0,206.0
head48,416,140.0,189.0
head48,419,131.0,192.0
head48,420,136.0,209.0
head48,421,131.0,208.0
head48,422,141.0,206.0
head48,423,134.0,205.0
head48,424,145.0,202.0
head48,425,136.0,203.0
head48,426,139.0,204.0
head48,427,130.0,201.0
head48,428,133.0,186.0
head48,429,129.0,202.0
head48,430,129.0,198.0
head48,431,149.0,182.0
head48,432,173.0,146.0
head48,433,185.0,90.0
head48,434,177.0,52.0
head48,435,134.0,190.0
head48,436,133.0,197.0
head48,437,122.0,200.0
head48,438,123.0,183.0
head48,439,104.0,146.0
head48,440,127.0,189.0
head48,442,135.0,194.0
head48,443,129.0,185.0
head48,444,128.0,181.0
head48,446,122.0,182.0
head48,447,136.0,171.0
head48,448,131.0,174.0
head48,449,123.0,190.0
head48,450,127.0,186.0
head48,451,133.0,186.0
head48,452,159.0,190.0
head48,453,128.0,185.0
head48,454,85.0,200.0
head48,455,44.0,219.0
head48,456,44.0,226.0
head48,457,133.0,175.0
head48,458,242.0,128.0
head48,459,137.0,174.0
head48,460,142.0,166.0
head48,461,139.0,157.0
head48,462,140.0,152.0
head48,463,145.0,151.0
head48,464,138.0,154.0
head48,465,143.0,145.0
head48,466,128.0,116.0
head48,467,133.0,99.0
head48,468,134.0,94.0
head48,469,139.0,93.0
head48,470,164.0,80.0
head48,472,169.0,63.0
head48,473,170.0,68.0
head48,474,175.0,69.0
head48,475,176.0,66.0
head48,477,181.0,67.0
head48,478,166.0,72.0
head48,479,139.0,97.0
head48,483,132.0,102.0
head48,484,145.0,87.0
head48,485,178.0,52.0
head48,486,191.0,68.0
head48,487,184.0,64.0
head48,488,181.0,48.0
head48,489,174.0,68.0
head48,490,171.0,68.0
head48,491,180.0,64.0
head48,492,177.0,72.0
head48,493,170.0,84.0
head48,494,175.0,76.0
head48,495,176.0,56.0
head48,496,181.0,60.0
head48,497,166.0,68.0
head48,498,171.0,56.0
head48,499,172.0,68.0
head48,500,153.0,68.0
head48,501,146.0,72.0
head48,502,151.0,64.0
head48,503,168.0,76.0
head48,504,173.0,76.0
head48,505,158.0,80.0
head48,506,163.0,72.0
head48,507,172.0,68.0
head48,508,169.0,68.0
head48,509,186.0,48.0
head48,510,191.0,52.0
head48,511,176.0,60.0
head48,512,165.0,64.0
head48,513,174.0,64.0
head48,514,179.0,60.0
head48,515,180.0,52.0
head48,516,161.0,68.0
head48,517,154.0,72.0
head48,518,151.0,64.0
head48,519,160.0,68.0
head48,520,173.0,60.0
head48,521,182.0,64.0
head48,522,167.0,125.0
head48,523,140.0,166.0
head48,524,101.0,187.0
head48,525,74.0,204.0
head48,526,28.0,209.0
head48,527,28.0,194.0
head48,528,28.0,199.0
head48,529,28.0,200.0
head48,530,28.0,197.0
head48,531,28.0,198.0
head48,532,28.0,195.0
head48,533,28.0,196.0
head48,534,28.0,193.0
head48,535,28.0,194.0
head48,536,28.0,191.0
head48,537,28.0,192.0
head48,538,28.0,197.0
head48,540,28.0,190.0
head48,541,28.0,187.0
head48,542,28.0,188.0
head48,544,28.0,185.0
head48,545,28.0,186.0
head48,546,28.0,191.0
head48,547,28.0,184.0
head48,548,28.0,181.0
head48,549,28.0,190.0
head48,550,28.0,187.0
head48,551,28.0,180.0
head48,552,28.0,177.0
head48,554,28.0,178.0
head48,555,28.0,175.0
head48,556,28.0,176.0
head48,557,28.0,173.0
head48,558,68.0,150.0
head48,561,88.0,139.0
head48,563,88.0,140.0
head48,564,76.0,137.0
head48,565,76.0,138.0
head48,566,80.0,135.0
head48,567,80.0,128.0
head48,568,76.0,133.0
head48,570,84.0,126.0
head48,572,80.0,131.0
head48,573,80.0,132.0
head48,574,92.0,129.0
head48,575,92.0,122.0
head48,576,88.0,119.0
head48,577,88.0,120.0
head48,578,84.0,125.0
head48,579,84.0,118.0
head48,580,88.0,123.0
head48,581,88.0,124.0
head48,582,92.0,121.0
head48,583,84.0,122.0
head48,584,88.0,119.0
head48,585,88.0,120.0
head48,586,84.0,125.0
head48,587,84.0,126.0
head48,588,96.0,123.0
head48,589,96.0,124.0
head48,590,92.0,129.0
head48,591,92.0,130.0
head48,593,96.0,127.0
head48,594,96.0,128.0
head48,595,100.0,133.0
head48,596,100.0,126.0
head48,597,96.0,131.0
head48,598,96.0,140.0
head48,599,100.0,129.0
head48,600,100.0,130.0
head48,602,96.0,135.0
head48,603,96.0,136.0
head48,604,100.0,133.0
head48,605,100.0,134.0
head48,606,96.0,131.0
head48,607,104.0,132.0
head48,608,108.0,137.0
head48,609,100.0,130.0
head48,610,104.0,135.0
head48,611,112.0,128.0
head48,613,108.0,133.0
head48,614,100.0,134.0
head48,615,104.0,123.0
head48,616,104.0,132.0
head48,617,108.0,121.0
head48,619,108.0,122.0
head48,620,112.0,119.0
head48,621,112.0,120.0
head48,622,108.0,125.0
head48,623,116.0,118.0
head48,624,112.0,123.0
head48,625,112.0,124.0
head48,626,116.0,121.0
head48,627,108.0,122.0
head48,628,112.0,119.0
head48,629,112.0,120.0
head48,630,116.0,117.0
head48,631,116.0,118.0
head48,632,112.0,123.0
head48,633,112.0,124.0
head48,634,108.0,121.0
head48,635,116.0,122.0
head48,636,120.0,119.0
head48,637,120.0,128.0
head48,638,116.0,125.0
head48,639,124.0,126.0
head48,640,120.0,123.0
head48,641,136.0,116.0
head48,642,148.0,113.0
head48,643,172.0,114.0
head48,644,192.0,95.0
head48,645,192.0,64.0
head48,646,180.0,60.0
head48,650,188.0,60.0
head48,651,192.0,64.0
head48,652,200.0,64.0
head48,653,196.0,60.0
head48,654,180.0,60.0
head48,655,144.0,80.0
head48,656,120.0,120.0
head48,657,92.0,148.0
head48,658,60.0,156.0
head48,659,52.0,144.0
head48,660,52.0,136.0
head48,661,56.0,132.0
head48,662,56.0,140.0
head48,663,60.0,136.0
head48,664,52.0,136.0
head48,665,52.0,132.0
head48,666,56.0,140.0
head48,667,56.0,160.0
head48,668,52.0,160.0
head48,669,52.0,156.0
head48,670,56.0,156.0
head48,671,56.0,136.0
head48,672,68.0,136.0
head48,674,60.0,156.0
head48,675,56.0,156.0
head48,676,64.0,136.0
head48,680,60.0,136.0
head48,681,60.0,140.0
head48,682,64.0,140.0
head48,683,64.0,136.0
head48,684,60.0,144.0
head48,685,60.0,164.0
head48,686,56.0,164.0
head48,687,64.0,144.0
head48,688,68.0,144.0
head48,689,60.0,148.0
head48,690,56.0,148.0
head48,691,64.0,144.0
head48,692,60.0,144.0
head48,693,60.0,148.0
head48,694,64.0,148.0
head48,695,56.0,152.0
head48,696,60.0,152.0
head48,697,60.0,156.0
head48,698,64.0,148.0
head48,699,72.0,144.0
head48,700,68.0,152.0
head48,701,68.0,156.0
head48,702,72.0,148.0
head48,703,64.0,152.0
head48,704,68.0,152.0
head48,705,68.0,148.0
head48,706,72.0,148.0
head48,707,72.0,144.0
head48,708,68.0,152.0
head48,709,76.0,156.0
head48,710,72.0,148.0
head48,711,64.0,152.0
head48,712,76.0,144.0
head48,713,68.0,148.0
head48,714,72.0,140.0
head48,715,72.0,152.0
head48,716,76.0,152.0
head48,717,152.0,82.0
head48,719,162.0,73.0
head48,720,160.0,76.0
head48,721,170.0,67.0
head48,722,168.0,62.0
head48,723,170.0,61.0
head48,724,168.0,72.0
head48,725,162.0,71.0
head48,726,168.0,66.0
head48,728,154.0,65.0
head48,729,160.0,68.0
head48,730,146.0,67.0
head48,732,163.0,67.0
head48,733,163.0,67.0
head48,734,162.0,67.0
head48,735,149.0,63.0
head48,736,156.0,63.0
head48,737,183.0,51.0
head48,741,198.0,68.0
head48,742,193.0,65.0
head48,743,168.0,58.0
head48,744,163.0,71.0
head48,745,146.0,72.0
head48,747,141.0,77.0
head48,748,148.0,70.0
head48,749,175.0,43.0
head48,751,190.0,68.0
head48,752,193.0,73.0
head48,753,192.0,74.0
head48,754,171.0,71.0
head48,755,162.0,64.0
head48,756,157.0,69.0
head48,757,164.0,62.0
head48,758,159.0,59.0
head48,759,159.0,61.0
head48,760,159.0,61.0
head48,761,163.0,65.0
head48,762,179.0,65.0
head48,763,175.0,61.0
head48,765,175.0,69.0
head48,766,171.0,65.0
head48,769,187.0,65.0
head48,773,183.0,61.0
head48,774,191.0,61.0
head48,779,179.0,57.0
head48,780,179.0,57.0
head48,781,175.0,61.0
head48,782,183.0,53.0
head48,783,171.0,60.0
head48,784,163.0,63.0
head48,785,175.0,54.0
head48,786,175.0,60.0
head48,787,179.0,54.0
head48,788,171.0,52.0
head48,789,167.0,54.0
head48,790,167.0,52.0
head48,791,171.0,54.0
head48,794,179.0,52.0
head48,795,183.0,54.0
head48,796,175.0,52.0
head48,797,171.0,54.0
head48,798,171.0,60.0
head48,799,175.0,54.0
head48,801,183.0,60.0
head48,802,179.0,54.0
head48,805,155.0,68.0
head48,806,151.0,70.0
head48,807,143.0,68.0
head48,808,139.0,62.0
head48,809,147.0,68.0
head48,810,151.0,62.0
head48,811,151.0,60.0
head48,812,147.0,70.0
head48,813,155.0,60.0
head48,814,159.0,62.0
head48,816,151.0,60.0
head48,817,163.0,62.0
head48,818,163.0,70.0
head48,819,159.0,58.0
head48,820,159.0,60.0
head48,821,171.0,58.0
head48,822,163.0,60.0
head48,823,167.0,66.0
head48,824,167.0,60.0
head48,825,171.0,58.0
head48,826,171.0,68.0
head48,828,167.0,58.0
head48,830,167.0,52.0
head48,833,171.0,60.0
head48,834,163.0,56.0
head48,838,167.0,72.0
head48,839,167.0,68.0
head48,840,187.0,60.0
head48,842,187.0,64.0
head48,843,167.0,64.0
head48,844,167.0,68.0
head48,845,187.0,60.0
head48,846,187.0,56.0
head48,847,191.0,72.0
head48,848,199.0,68.0
head48,850,187.0,76.0
head48,851,187.0,104.0
head48,852,183.0,112.0
head48,854,183.0,108.0
head48,855,187.0,92.0
head48,856,187.0,96.0
head48,857,191.0,88.0
head48,858,191.0,92.0
head48,861,187.0,84.0
head48,862,179.0,88.0
head48,863,183.0,88.0
head48,864,183.0,92.0
head48,866,187.0,76.0
head48,869,179.0,80.0
head48,871,167.0,80.0
head48,872,167.0,84.0
head48,873,147.0,108.0
head48,874,147.0,112.0
head48,875,135.0,128.0
head48,877,135.0,124.0
head48,878,139.0,108.0
head48,879,147.0,104.0
head48,880,143.0,104.0
head48,881,151.0,108.0
head48,882,139.0,100.0
head48,883,147.0,104.0
head48,884,151.0,104.0
head48,885,151.0,100.0
head48,886,155.0,100.0
head48,887,179.0,80.0
head48,889,183.0,72.0
head48,890,183.0,68.0
head48,891,187.0,68.0
head48,892,187.0,72.0
head48,894,191.0,64.0
head48,895,191.0,76.0
head48,896,187.0,100.0
head48,897,163.0,120.0
head48,898,151.0,120.0
head48,899,151.0,100.0
head48,900,147.0,84.0
head48,901,147.0,80.0
head48,902,143.0,80.0
head48,903,143.0,76.0
head48,904,155.0,76.0
head48,905,155.0,80.0
head48,906,167.0,64.0
head48,909,167.0,60.0
head48,910,147.0,68.0
head48,911,147.0,64.0
head48,912,143.0,64.0
head48,913,143.0,60.0
head48,914,147.0,60.0
head48,915,131.0,64.0
head48,916,135.0,64.0
head48,917,143.0,52.0
head48,918,131.0,60.0
head48,919,139.0,64.0
head48,920,135.0,56.0
head48,921,143.0,52.0
head48,922,147.0,60.0
head48,923,147.0,56.0
head48,924,143.0,56.0
head48,925,151.0,60.0
head48,926,147.0,60.0
head48,927,155.0,56.0
head48,928,143.0,56.0
head48,929,151.0,68.0
head48,930,155.0,60.0
head48,931,155.0,64.0
head48,932,151.0,56.0
head48,933,159.0,60.0
head48,934,179.0,52.0
head48,935,179.0,68.0
head48,936,167.0,64.0
head48,937,151.0,64.0
head48,938,155.0,76.0
head48,939,179.0,68.0
head48,940,183.0,72.0
head48,941,167.0,64.0
head48,942,155.0,68.0
head48,943,155.0,68.0
head48,944,151.0,56.0
head48,945,167.0,68.0
head48,946,163.0,68.0
head48,947,155.0,64.0
head48,948,151.0,72.0
head48,949,159.0,68.0
head48,950,155.0,68.0
head48,951,155.0,64.0
head48,952,151.0,64.0
head48,953,151.0,68.0
head48,954,147.0,68.0
head48,955,147.0,64.0
head48,956,151.0,64.0
head48,957,151.0,68.0
head48,958,147.0,68.0
head48,959,155.0,64.0
head48,960,151.0,64.0
head48,961,159.0,60.0
head48,962,147.0,68.0
head48,963,147.0,64.0
head48,964,151.0,64.0
head48,965,143.0,60.0
head48,966,147.0,60.0
head48,967,147.0,56.0
head48,968,143.0,56.0
head48,969,143.0,60.0
head48,970,139.0,60.0
head48,971,155.0,56.0
head48,972,151.0,56.0
head48,973,159.0,52.0
head48,974,155.0,52.0
head48,975,147.0,64.0
head48,976,151.0,56.0
head48,977,159.0,52.0
head48,978,163.0,60.0
head48,979,171.0,48.0
head48,980,167.0,60.0
head48,981,151.0,84.0
head49,909,135.0,248.0
head49,910,141.0,244.0
head49,911,135.0,244.0
head49,912,133.0,248.0
head49,913,127.0,248.0
head49,914,141.0,244.0
head49,915,135.0,244.0
head49,916,141.0,240.0
head49,917,135.0,240.0
head49,918,133.0,244.0
head49,919,135.0,244.0
head49,920,133.0,248.0
head49,921,135.0,240.0
head49,922,141.0,236.0
head49,923,135.0,244.0
head49,924,133.0,240.0
head49,925,135.0,240.0
head49,926,141.0,244.0
head49,927,135.0,236.0
head49,928,141.0,232.0
head49,929,143.0,232.0
head49,930,141.0,236.0
head49,931,135.0,236.0
head49,932,141.0,232.0
head49,933,151.0,240.0
head49,934,141.0,236.0
head49,935,151.0,236.0
head49,936,157.0,232.0
head49,937,151.0,240.0
head49,940,165.0,236.0
head49,941,167.0,236.0
head49,943,174.0,236.0
head49,944,186.0,236.0
head49,945,184.0,242.0
head49,946,183.0,242.0
head49,947,181.0,233.0
head49,948,188.0,231.0
head49,949,187.0,239.0
head49,950,177.0,231.0
head49,951,177.0,240.0
head49,952,184.0,231.0
head49,953,183.0,233.0
head49,954,178.0,231.0
head49,955,185.0,217.0
head49,956,180.0,223.0
head49,957,179.0,217.0
head49,958,192.0,216.0
head49,959,185.0,219.0
head49,960,182.0,210.0
head49,961,175.0,221.0
head49,962,180.0,212.0
head49,963,173.0,215.0
head49,964,162.0,214.0
head49,965,171.0,209.0
head49,966,160.0,208.0
head49,967,161.0,203.0
head49,968,166.0,207.0
head49,969,159.0,207.0
head49,970,164.0,203.0
head49,971,157.0,203.0
head49,972,156.0,204.0
head49,973,157.0,205.0
head49,974,156.0,198.0
head49,975,152.0,197.0
head49,976,152.0,203.0
head49,977,149.0,196.0
head49,978,145.0,195.0
head49,979,141.0,195.0
head49,980,148.0,193.0
head49,981,156.0,194.0
head49,982,141.0,191.0
head49,983,140.0,190.0
head49,984,139.0,188.0
head49,985,141.0,190.0
head49,986,148.0,188.0
head49,987,146.0,185.0
head49,988,153.0,188.0
head49,989,137.0,187.0
head49,990,141.0,182.0
head49,991,141.0,181.0
head49,992,153.0,176.0
head49,993,145.0,183.0
head49,994,146.0,185.0
head49,995,154.0,182.0
head49,996,155.0,182.0
head49,997,155.0,192.0
head49,998,156.0,181.0
head49,999,170.0,183.0
head49,1000,172.0,181.0
head49,1001,158.0,179.0
head49,1002,159.0,179.0
head49,1003,168.0,185.0
head49,1004,167.0,178.0
head49,1005,164.0,182.0
head49,1006,173.0,174.0
head49,1007,170.0,170.0
head49,1008,171.0,170.0
head49,1009,176.0,174.0
head49,1010,177.0,166.0
head49,1011,174.0,170.0
head49,1012,183.0,162.0
head49,1013,188.0,158.0
head49,1014,181.0,134.0
head49,1015,154.0,106.0
head49,1016,147.0,66.0
head49,1017,160.0,52.0
head49,1018,153.0,52.0
head49,1019,158.0,56.0
head49,1020,184.0,169.0
head49,1021,191.0,166.0
head49,1022,192.0,163.0
head49,1023,198.0,171.0
head49,1024,192.0,161.0
head49,1025,189.0,157.0
head49,1026,187.0,159.0
head49,1027,181.0,157.0
head49,1028,179.0,151.0
head49,1029,181.0,149.0
head49,1031,187.0,151.0
head49,1032,173.0,149.0
head49,1033,179.0,135.0
head49,1034,181.0,101.0
head49,1035,163.0,71.0
head49,1036,141.0,68.0
head49,1037,174.0,142.0
head49,1038,187.0,196.0
head50,911,224.0,181.0
head50,912,231.0,178.0
head50,913,228.0,172.0
head50,914,221.0,171.0
head50,915,226.0,166.0
head50,916,221.0,177.0
head50,917,220.0,168.0
head50,918,199.0,163.0
head50,919,174.0,162.0
head50,920,153.0,149.0
head50,921,152.0,148.0
head50,922,147.0,151.0
head50,923,138.0,158.0
head50,924,149.0,153.0
head50,925,156.0,144.0
head50,926,151.0,139.0
head50,927,142.0,138.0
head50,928,137.0,141.0
head50,929,152.0,140.0
head50,930,179.0,159.0
head50,931,194.0,158.0
head50,932,197.0,137.0
head50,934,180.0,96.0
head50,935,175.0,51.0
head50,936,166.0,60.0
head50,937,153.0,73.0
head50,938,218.0,156.0
head50,939,216.0,156.0
head50,940,215.0,156.0
head50,941,211.0,154.0
head50,942,212.0,153.0
head50,943,206.0,148.0
head50,944,210.0,156.0
head50,945,208.0,146.0
head50,946,207.0,154.0
head50,947,204.0,162.0
head50,948,204.0,159.0
head50,949,203.0,159.0
head50,950,209.0,159.0
head50,951,201.0,152.0
head50,952,208.0,159.0
head50,953,195.0,146.0
head50,954,191.0,150.0
head50,955,191.0,134.0
head50,956,197.0,145.0
head50,957,198.0,145.0
head50,958,200.0,152.0
head50,959,201.0,152.0
head50,960,190.0,140.0
head50,961,159.0,116.0
head50,963,148.0,72.0
head50,964,157.0,60.0
head50,965,146.0,60.0
head50,966,155.0,56.0
head50,967,144.0,56.0
head50,968,145.0,60.0
head50,969,195.0,141.0
head50,970,194.0,136.0
head50,971,173.0,111.0
head50,972,193.0,131.0
head50,973,200.0,130.0
head50,974,195.0,133.0
head50,975,198.0,126.0
head50,976,189.0,132.0
head50,977,196.0,129.0
head50,978,193.0,131.0
head50,979,194.0,129.0
head50,980,196.0,137.0
head50,981,186.0,125.0
head50,982,195.0,126.0
head50,983,188.0,134.0
head50,984,193.0,130.0
head50,985,186.0,122.0
head50,986,191.0,110.0
head50,987,194.0,129.0
head50,988,193.0,124.0
head50,989,193.0,123.0
head50,990,189.0,102.0
head50,991,165.0,77.0
head50,992,145.0,72.0
head50,993,145.0,71.0
head50,994,186.0,121.0
head50,995,192.0,121.0
head50,996,190.0,122.0
head50,997,184.0,123.0
head50,998,174.0,112.0
head50,999,160.0,113.0
head50,1000,172.0,125.0
head50,1001,172.0,117.0
head50,1002,168.0,113.0
head50,1003,168.0,113.0
head50,1004,167.0,114.0
head50,1005,164.0,110.0
head50,1006,165.0,86.0
head50,1007,162.0,66.0
head50,1008,155.0,60.0
head50,1009,168.0,66.0
head50,1010,161.0,60.0
head50,1011,158.0,58.0
head50,1012,151.0,60.0
head50,1013,148.0,58.0
head50,1014,157.0,52.0
head50,1015,154.0,60.0
head50,1016,155.0,56.0
head50,1017,152.0,56.0
head50,1018,153.0,52.0
head50,1019,166.0,104.0
head50,1020,160.0,105.0
head50,1021,159.0,110.0
head50,1022,160.0,107.0
head50,1023,158.0,107.0
head50,1024,160.0,105.0
head50,1025,155.0,103.0
head50,1026,159.0,96.0
head50,1027,143.0,69.0
head50,1031,147.0,68.0
head50,1032,155.0,71.0
head50,1033,183.0,62.0
head50,1034,191.0,73.0
head50,1035,195.0,64.0
head50,1036,179.0,67.0
head50,1037,159.0,66.0
head50,1038,159.0,61.0
head50,1039,155.0,68.0
head50,1040,155.0,71.0
head50,1041,151.0,70.0
head50,1042,159.0,65.0
head50,1043,187.0,64.0
head51,917,158.0,108.0
head51,919,158.0,100.0
head51,920,158.0,108.0
head51,922,154.0,96.0
head51,923,138.0,64.0
head51,924,142.0,60.0
head51,925,142.0,60.0
head51,926,146.0,64.0
head51,927,154.0,56.0
head51,928,158.0,52.0
head51,929,182.0,52.0
head51,931,194.0,64.0
head51,932,186.0,64.0
head51,933,174.0,60.0
head51,934,174.0,52.0
head51,935,154.0,60.0
head51,936,154.0,56.0
head51,937,166.0,56.0
head51,938,174.0,60.0
head51,939,186.0,60.0
head51,940,178.0,72.0
head51,941,158.0,64.0
head51,942,150.0,68.0
head51,943,154.0,60.0
head51,944,154.0,56.0
head51,945,158.0,56.0
head51,946,158.0,68.0
head51,947,178.0,60.0
head51,948,178.0,72.0
head51,949,190.0,64.0
head51,950,182.0,68.0
head51,951,154.0,60.0
head51,954,146.0,64.0
head51,955,150.0,64.0
head51,956,150.0,68.0
head51,957,154.0,60.0
head51,958,154.0,64.0
head51,959,150.0,64.0
head51,960,150.0,68.0
head51,961,146.0,68.0
head51,962,154.0,64.0
head51,963,150.0,64.0
head51,964,142.0,68.0
head51,965,146.0,60.0
head51,966,154.0,56.0
head51,967,142.0,56.0
head51,968,142.0,60.0
head51,969,146.0,52.0
head51,970,138.0,60.0
head51,971,142.0,64.0
head51,972,150.0,56.0
head51,973,154.0,52.0
head51,974,154.0,52.0
head51,975,158.0,56.0
head51,976,158.0,48.0
head51,977,162.0,52.0
head51,978,162.0,60.0
head51,979,158.0,64.0
head51,980,158.0,56.0
head51,982,162.0,52.0
head51,984,186.0,68.0
head51,985,190.0,64.0
head51,986,190.0,64.0
head51,987,186.0,60.0
head51,988,178.0,60.0
head51,989,182.0,64.0
head51,990,166.0,72.0
head51,991,146.0,60.0
head51,992,146.0,60.0
head51,993,150.0,64.0
head51,994,150.0,72.0
head51,998,154.0,92.0
head51,999,162.0,116.0
head51,1000,158.0,120.0
head51,1001,174.0,112.0
head51,1002,170.0,108.0
head51,1003,162.0,108.0
head51,1004,158.0,88.0
head51,1006,158.0,64.0
head51,1007,162.0,68.0
head51,1008,162.0,60.0
head51,1009,166.0,64.0
head51,1010,150.0,64.0
head51,1011,154.0,60.0
head51,1012,146.0,60.0
head51,1013,158.0,56.0
head51,1014,150.0,56.0
head51,1015,154.0,60.0
head51,1016,154.0,60.0
head51,1017,150.0,56.0
head51,1019,158.0,56.0
head51,1023,186.0,60.0
head51,1024,194.0,60.0
head51,1025,182.0,64.0
head51,1027,158.0,64.0
head51,1028,154.0,76.0
head51,1029,154.0,68.0
head51,1030,150.0,72.0
head51,1031,158.0,72.0
head51,1032,154.0,68.0
head51,1033,154.0,68.0
head51,1034,150.0,72.0
head51,1035,150.0,72.0
head51,1036,146.0,68.0
head51,1037,154.0,68.0
head51,1038,150.0,64.0
head51,1039,150.0,64.0
head51,1040,154.0,68.0
head51,1041,146.0,68.0
head51,1042,158.0,72.0
head51,1043,150.0,64.0
head51,1044,146.0,68.0
head51,1045,154.0,68.0
head51,1046,150.0,64.0
head51,1047,150.0,64.0
head51,1048,146.0,68.0
head51,1049,154.0,60.0
head51,1050,142.0,64.0
head51,1051,142.0,64.0
head51,1052,146.0,60.0
head51,1053,146.0,68.0
head51,1054,142.0,64.0
head51,1055,142.0,64.0
head51,1056,146.0,60.0
head51,1058,146.0,60.0
head51,1059,142.0,56.0
head51,1060,142.0,56.0
head51,1061,146.0,60.0
head51,1062,146.0,60.0
head51,1064,158.0,48.0
head51,1065,158.0,52.0
head51,1066,154.0,52.0
head51,1067,146.0,48.0
head51,1069,150.0,52.0
head51,1071,150.0,52.0
head51,1074,154.0,48.0
head51,1076,178.0,68.0
head51,1077,182.0,68.0
head51,1078,166.0,80.0
head51,1081,170.0,88.0
head51,1082,178.0,76.0
head51,1083,174.0,76.0
head51,1084,182.0,72.0
head51,1085,178.0,64.0
head51,1086,178.0,76.0
head51,1087,182.0,76.0
head51,1088,174.0,80.0
head51,1089,178.0,72.0
head51,1090,178.0,68.0
head51,1091,182.0,68.0
head51,1092,182.0,72.0
head51,1093,178.0,80.0
head51,1094,178.0,68.0
head51,1095,182.0,68.0
head51,1096,174.0,72.0
head51,1097,170.0,72.0
head51,1098,178.0,60.0
head51,1099,174.0,68.0
head51,1100,166.0,64.0
head51,1101,162.0,64.0
head51,1102,178.0,60.0
head51,1103,174.0,68.0
head51,1104,166.0,64.0
head51,1105,170.0,64.0
head51,1106,162.0,68.0
head51,1107,166.0,68.0
head51,1108,166.0,64.0
head51,1109,162.0,64.0
head51,1110,162.0,68.0
head51,1111,158.0,60.0
head51,1112,158.0,56.0
head51,1113,154.0,64.0
head51,1114,162.0,60.0
head51,1115,166.0,68.0
head51,1116,174.0,64.0
head51,1117,170.0,64.0
head51,1118,178.0,60.0
head51,1119,182.0,52.0
head51,1120,182.0,60.0
head51,1121,178.0,64.0
head51,1122,170.0,64.0
head51,1123,166.0,60.0
head51,1124,158.0,60.0
head51,1125,154.0,56.0
head51,1128,170.0,56.0
head51,1129,190.0,60.0
head51,1130,190.0,60.0
head51,1131,178.0,56.0
head51,1132,170.0,56.0
head51,1133,174.0,60.0
head51,1134,182.0,60.0
head51,1135,186.0,64.0
head51,1136,178.0,56.0
head51,1137,182.0,52.0
head51,1138,182.0,52.0
head51,1139,170.0,64.0
head51,1140,178.0,64.0
head51,1141,174.0,68.0
head51,1142,174.0,60.0
head51,1143,178.0,64.0
head51,1144,170.0,64.0
head51,1145,182.0,60.0
head51,1146,174.0,60.0
head51,1147,178.0,64.0
head51,1148,178.0,64.0
head51,1149,166.0,68.0
head51,1150,174.0,68.0
head51,1151,178.0,56.0
head51,1152,186.0,60.0
head51,1153,182.0,60.0
head51,1154,182.0,64.0
head51,1155,194.0,64.0
head51,1156,186.0,68.0
head51,1157,190.0,60.0
head51,1158,174.0,64.0
head51,1159,170.0,64.0
head51,1160,178.0,60.0
head51,1161,190.0,60.0
head51,1162,182.0,56.0
head51,1163,186.0,56.0
head51,1164,170.0,60.0
head51,1165,174.0,68.0
head51,1166,174.0,64.0
head51,1167,170.0,64.0
head51,1168,178.0,52.0
head51,1169,174.0,60.0
head51,1170,174.0,56.0
head51,1171,186.0,56.0
head51,1172,178.0,60.0
head51,1173,182.0,52.0
head51,1174,174.0,60.0
head51,1175,178.0,64.0
head51,1177,178.0,56.0
head51,1178,174.0,60.0
head51,1179,174.0,60.0
head51,1180,178.0,56.0
head51,1181,170.0,56.0
head51,1182,182.0,52.0
head51,1183,174.0,60.0
head51,1184,178.0,56.0
head51,1185,186.0,56.0
head51,1186,182.0,60.0
head51,1187,198.0,60.0
head51,1188,194.0,64.0
head51,1189,186.0,64.0
head51,1190,182.0,60.0
head51,1191,182.0,60.0
