head0, 614, 187, 144
head0, 616, 183, 147
head0, 617, 187, 150
head0, 618, 183, 139
head0, 619, 184, 132
head0, 620, 184, 132
head0, 621, 186, 131
head0, 622, 185, 132
head0, 623, 187, 135
head0, 624, 185, 142
head0, 627, 185, 149
head0, 628, 185, 150
head0, 629, 185, 142
head0, 630, 185, 141
head0, 632, 187, 142
head0, 633, 185, 147
head0, 634, 186, 149
head0, 635, 183, 147
head0, 636, 184, 141
head0, 637, 181, 147
head0, 638, 182, 141
head1, 564, 100, 97
head1, 565, 100, 97
head1, 566, 101, 98
head1, 567, 98, 95
head1, 568, 99, 96
head1, 569, 96, 101
head1, 570, 97, 102
head1, 571, 102, 99
head1, 572, 103, 100
head1, 573, 100, 97
head1, 574, 101, 98
head1, 575, 98, 95
head1, 576, 99, 96
head1, 577, 96, 101
head1, 578, 105, 102
head1, 579, 102, 99
head1, 580, 103, 100
head1, 581, 100, 97
head1, 582, 101, 98
head1, 584, 106, 103
head1, 589, 99, 104
head1, 590, 104, 101
head1, 591, 105, 102
head1, 592, 102, 99
head1, 593, 103, 100
head1, 594, 100, 97
head1, 595, 101, 98
head1, 596, 106, 103
head1, 597, 107, 104
head1, 598, 104, 101
head1, 599, 105, 102
head1, 600, 102, 99
head1, 601, 103, 100
head1, 602, 100, 105
head1, 603, 109, 98
head1, 604, 106, 103
head1, 605, 107, 104
head1, 606, 104, 101
head1, 607, 105, 102
head1, 608, 110, 99
head1, 609, 111, 100
head1, 610, 108, 97
head1, 611, 109, 98
head1, 612, 106, 103
head1, 613, 107, 96
head1, 614, 104, 101
head1, 615, 105, 102
head1, 616, 110, 99
head1, 617, 111, 100
head1, 618, 108, 97
head1, 619, 109, 98
head1, 620, 106, 103
head1, 621, 107, 96
head1, 622, 104, 101
head1, 623, 105, 102
head1, 624, 102, 99
head1, 625, 103, 100
head1, 626, 108, 97
head1, 627, 109, 98
head1, 628, 106, 103
head1, 629, 107, 104
head1, 630, 104, 101
head1, 631, 105, 102
head1, 632, 102, 99
head1, 633, 103, 100
head1, 634, 100, 97
head1, 635, 101, 98
head1, 636, 106, 103
head1, 637, 99, 104
head1, 638, 104, 101
head1, 639, 105, 102
head1, 640, 102, 99
head1, 641, 103, 100
head1, 642, 100, 105
head1, 643, 109, 98
head1, 644, 98, 103
head1, 645, 99, 104
head1, 646, 104, 101
head1, 648, 105, 102
head1, 649, 102, 99
head1, 650, 95, 100
head1, 651, 92, 97
head1, 652, 93, 98
head1, 653, 90, 87
head1, 654, 91, 88
head2, 644, 153, 67
head2, 645, 152, 73
head2, 646, 152, 69
head2, 647, 159, 69
head2, 648, 146, 89
head2, 649, 153, 113
head2, 650, 148, 117
head2, 651, 147, 117
head2, 652, 150, 113
head2, 653, 149, 113
head2, 654, 152, 109
head2, 655, 151, 109
head2, 656, 146, 113
head2, 657, 153, 113
head2, 658, 148, 109
head2, 659, 147, 117
head2, 660, 150, 113
head2, 661, 149, 113
head2, 662, 152, 117
head2, 663, 151, 117
head2, 664, 154, 113
head2, 665, 153, 113
head2, 666, 148, 109
head2, 667, 155, 109
head2, 668, 150, 113
head2, 669, 149, 113
head2, 670, 152, 109
head2, 671, 151, 109
head2, 672, 146, 105
head2, 673, 145, 105
head2, 674, 148, 109
head2, 675, 147, 109
head2, 676, 142, 105
head2, 677, 146, 106
head2, 678, 146, 106
head2, 679, 145, 105
head2, 680, 144, 103
head2, 681, 144, 103
head2, 682, 144, 103
head2, 683, 143, 102
head2, 684, 143, 102
head2, 685, 144, 103
head2, 686, 143, 101
head2, 687, 146, 101
head2, 688, 138, 103
head2, 689, 141, 103
head2, 690, 138, 103
head2, 691, 136, 102
head2, 692, 138, 105
head2, 693, 136, 104
head2, 694, 137, 104
head2, 695, 138, 104
head2, 696, 137, 104
head2, 697, 139, 104
head2, 698, 137, 100
head2, 699, 139, 100
head2, 700, 139, 104
head2, 701, 143, 96
head2, 702, 143, 100
head2, 703, 139, 100
head2, 704, 139, 96
head2, 705, 143, 96
head2, 706, 143, 100
head2, 707, 139, 100
head2, 708, 139, 96
head2, 709, 143, 96
head2, 710, 135, 100
head2, 711, 139, 100
head2, 712, 139, 96
head2, 713, 135, 96
head2, 714, 135, 100
head2, 715, 139, 100
head2, 716, 139, 96
head2, 717, 135, 96
head2, 718, 135, 100
head2, 719, 139, 100
head2, 720, 139, 96
head2, 721, 135, 96
head2, 722, 135, 100
head2, 723, 139, 100
head2, 724, 139, 96
head2, 725, 135, 96
head2, 726, 135, 100
head2, 727, 139, 100
head2, 728, 139, 96
head2, 729, 143, 96
head2, 730, 135, 100
head2, 731, 139, 100
head2, 732, 139, 96
head2, 733, 135, 96
head2, 734, 135, 100
head2, 735, 139, 100
head2, 736, 139, 96
head2, 737, 143, 96
head2, 738, 135, 100
head2, 739, 139, 100
head2, 740, 139, 104
head2, 741, 135, 104
head2, 742, 135, 100
head2, 743, 139, 100
head2, 744, 139, 104
head2, 745, 135, 104
head2, 746, 135, 100
head2, 747, 139, 100
head2, 748, 139, 104
head2, 749, 135, 104
head2, 750, 135, 100
head2, 751, 139, 100
head2, 752, 139, 96
head2, 753, 143, 96
head2, 754, 135, 100
head2, 755, 139, 100
head2, 756, 139, 96
head2, 757, 143, 96
head2, 758, 135, 100
head2, 759, 139, 100
head2, 760, 139, 96
head2, 761, 143, 96
head2, 762, 143, 92
head2, 763, 139, 92
head2, 764, 139, 96
head2, 765, 143, 96
head2, 766, 143, 92
head2, 767, 139, 92
head2, 768, 139, 96
head2, 769, 143, 96
head2, 770, 143, 92
head2, 771, 147, 92
head2, 772, 147, 96
head2, 773, 143, 96
head2, 774, 143, 92
head2, 775, 147, 92
head2, 776, 147, 96
head2, 777, 151, 96
head2, 778, 151, 92
head2, 779, 147, 92
head2, 780, 147, 96
head2, 781, 158, 93
head2, 782, 159, 101
head2, 783, 156, 97
head2, 784, 157, 97
head2, 785, 154, 101
head2, 786, 155, 101
head2, 787, 164, 104
head2, 788, 161, 103
head2, 789, 162, 106
head2, 790, 167, 105
head2, 791, 170, 115
head2, 792, 173, 115
head2, 793, 175, 116
head2, 794, 172, 115
head2, 795, 178, 114
head2, 796, 186, 119
head2, 797, 183, 122
head2, 798, 185, 124
head2, 799, 188, 123
head2, 800, 190, 121
head2, 801, 191, 125
head2, 802, 191, 125
head2, 803, 191, 124
head2, 804, 187, 135
head3, 497, 237, 156
head3, 499, 232, 155
head3, 500, 233, 158
head3, 501, 214, 173
head3, 502, 215, 176
head3, 503, 212, 175
head3, 507, 205, 170
head3, 508, 210, 145
head3, 509, 210, 150
head3, 510, 215, 149
head3, 511, 215, 150
head3, 512, 209, 146
head3, 513, 210, 152
head3, 514, 207, 148
head3, 515, 210, 151
head3, 516, 207, 147
head3, 517, 209, 151
head3, 518, 206, 147
head3, 519, 202, 150
head3, 520, 202, 150
head3, 521, 201, 146
head3, 522, 206, 145
head3, 523, 198, 145
head3, 524, 201, 147
head3, 525, 201, 149
head3, 526, 196, 145
head3, 527, 202, 145
head3, 528, 197, 145
head3, 529, 201, 149
head3, 530, 201, 143
head3, 531, 196, 145
head3, 532, 201, 149
head3, 533, 202, 145
head3, 534, 202, 146
head3, 535, 202, 148
head3, 536, 202, 145
head3, 537, 202, 146
head3, 538, 196, 143
head3, 539, 196, 144
head3, 540, 198, 144
head3, 541, 204, 144
head3, 542, 203, 145
head3, 543, 201, 143
head3, 544, 203, 142
head3, 545, 199, 140
head3, 546, 196, 141
head3, 547, 204, 143
head3, 548, 196, 143
head3, 549, 196, 139
head3, 550, 191, 143
head3, 551, 191, 137
head3, 552, 188, 138
head3, 553, 189, 143
head3, 554, 181, 142
head3, 555, 178, 137
head3, 556, 182, 138
head3, 557, 176, 139
head3, 558, 179, 145
head3, 559, 174, 142
head3, 560, 176, 136
head3, 561, 171, 133
head3, 562, 169, 137
head3, 563, 163, 137
head3, 564, 161, 133
head3, 565, 166, 132
head3, 566, 159, 135
head3, 567, 160, 136
head3, 568, 157, 133
head3, 569, 163, 136
head3, 570, 164, 132
head3, 571, 165, 129
head3, 572, 168, 128
head3, 573, 163, 128
head3, 574, 167, 126
head3, 575, 176, 128
head3, 576, 170, 125
head3, 577, 170, 125
head3, 581, 174, 121
head3, 582, 174, 123
head3, 583, 170, 121
head3, 584, 173, 124
head3, 585, 174, 124
head3, 586, 173, 121
head3, 587, 173, 121
head3, 588, 181, 121
head3, 589, 176, 116
head3, 590, 182, 116
head3, 591, 177, 117
head3, 592, 181, 114
head3, 593, 185, 120
head3, 594, 185, 114
head3, 595, 185, 124
head3, 596, 181, 114
head3, 597, 181, 116
head3, 598, 185, 114
head3, 599, 185, 116
head3, 600, 189, 114
head3, 601, 189, 116
head3, 602, 185, 114
head3, 603, 188, 119
head3, 604, 180, 119
head3, 605, 171, 114
head3, 606, 170, 114
head3, 607, 168, 116
head3, 608, 165, 110
head3, 609, 165, 116
head3, 610, 161, 113
head3, 611, 161, 112
head3, 612, 157, 115
head3, 613, 149, 114
head3, 614, 153, 109
head3, 615, 153, 108
head3, 616, 149, 111
head3, 617, 149, 110
head3, 618, 153, 113
head3, 619, 153, 112
head3, 620, 149, 115
head3, 621, 149, 114
head3, 622, 153, 117
head3, 623, 153, 116
head3, 624, 163, 116
head3, 625, 153, 112
head3, 626, 147, 112
head3, 627, 153, 116
head3, 628, 155, 116
head3, 629, 153, 112
head3, 630, 147, 112
head3, 631, 153, 116
head3, 632, 147, 116
head3, 633, 153, 112
head3, 634, 147, 112
head3, 635, 159, 117
head3, 636, 151, 118
head3, 637, 155, 115
head3, 638, 155, 116
head3, 639, 155, 125
head3, 640, 151, 114
head3, 641, 151, 115
head3, 642, 147, 112
head3, 643, 147, 113
head3, 644, 151, 118
head3, 645, 151, 119
head3, 646, 147, 116
head3, 647, 147, 117
head3, 648, 151, 114
head3, 649, 151, 115
head3, 650, 147, 112
head3, 651, 147, 113
head3, 652, 151, 118
head3, 653, 151, 111
head3, 654, 147, 116
head3, 655, 147, 117
head3, 656, 151, 114
head3, 657, 151, 115
head3, 658, 147, 112
head3, 659, 147, 113
head3, 660, 151, 110
head3, 661, 151, 111
head3, 662, 155, 116
head3, 663, 155, 117
head3, 664, 151, 114
head3, 665, 151, 115
head3, 666, 155, 112
head3, 667, 155, 113
head3, 668, 151, 110
head3, 669, 151, 111
head3, 670, 147, 108
head3, 671, 147, 109
head3, 672, 151, 106
head3, 673, 151, 107
head3, 674, 147, 104
head3, 675, 147, 105
head3, 676, 143, 102
head3, 677, 146, 106
head3, 678, 146, 106
head3, 679, 145, 105
head3, 680, 144, 103
head3, 681, 144, 103
head3, 682, 144, 103
head3, 683, 143, 102
head3, 684, 143, 102
head3, 685, 144, 103
head3, 686, 143, 101
head3, 687, 146, 101
head3, 688, 138, 103
head3, 689, 141, 103
head3, 690, 138, 103
head3, 691, 136, 102
head3, 692, 138, 105
head3, 693, 136, 104
head3, 694, 137, 104
head3, 695, 138, 104
head3, 696, 137, 104
head3, 697, 139, 104
head3, 698, 137, 100
head3, 699, 139, 100
head3, 700, 139, 104
head3, 701, 143, 96
head3, 702, 143, 100
head3, 703, 139, 100
head3, 704, 139, 96
head3, 705, 143, 96
head3, 706, 143, 100
head3, 707, 139, 100
head3, 708, 139, 96
head3, 709, 143, 96
head3, 710, 135, 100
head3, 711, 139, 100
head3, 712, 139, 96
head3, 713, 135, 96
head3, 714, 135, 100
head3, 715, 139, 100
head3, 716, 139, 96
head3, 717, 135, 96
head3, 718, 135, 100
head3, 719, 139, 100
head3, 720, 139, 96
head3, 721, 135, 96
head3, 722, 135, 100
head3, 723, 139, 100
head3, 724, 139, 96
head3, 725, 135, 96
head3, 726, 135, 100
head3, 727, 139, 100
head3, 728, 139, 96
head3, 729, 143, 96
head3, 730, 135, 100
head3, 731, 139, 100
head3, 732, 139, 96
head3, 733, 135, 96
head3, 734, 135, 100
head3, 735, 139, 100
head3, 736, 139, 96
head3, 737, 143, 96
head3, 738, 135, 100
head3, 739, 139, 100
head3, 740, 139, 104
head3, 741, 135, 104
head3, 742, 135, 100
head3, 743, 139, 100
head3, 744, 139, 104
head3, 745, 135, 104
head3, 746, 135, 100
head3, 747, 139, 100
head3, 748, 139, 104
head3, 749, 135, 104
head3, 750, 135, 100
head3, 751, 139, 100
head3, 752, 139, 96
head3, 753, 143, 96
head3, 754, 135, 100
head3, 755, 139, 100
head3, 756, 139, 96
head3, 757, 143, 96
head3, 758, 135, 100
head3, 759, 139, 100
head3, 760, 139, 96
head3, 761, 143, 96
head3, 762, 143, 92
head3, 763, 139, 92
head3, 764, 139, 96
head3, 765, 143, 96
head3, 766, 143, 92
head3, 767, 139, 92
head3, 768, 139, 96
head3, 769, 143, 96
head3, 770, 143, 92
head3, 771, 147, 92
head3, 772, 147, 96
head3, 773, 143, 96
head3, 774, 143, 92
head3, 775, 147, 92
head3, 776, 147, 96
head3, 777, 151, 96
head3, 778, 151, 92
head3, 779, 147, 92
head3, 780, 147, 96
head3, 781, 158, 93
head3, 782, 159, 101
head3, 783, 156, 97
head3, 784, 157, 97
head3, 785, 154, 101
head3, 786, 155, 101
head3, 787, 164, 104
head3, 788, 161, 103
head3, 789, 162, 106
head3, 790, 167, 105
head3, 791, 170, 115
head3, 792, 173, 115
head3, 793, 175, 116
head3, 794, 172, 115
head3, 795, 178, 114
head3, 796, 186, 119
head3, 797, 183, 122
head3, 798, 185, 124
head3, 799, 188, 123
head3, 800, 190, 121
head3, 801, 191, 125
head3, 802, 191, 125
head3, 803, 191, 124
head3, 804, 187, 135
head3, 807, 203, 126
head3, 808, 208, 129
head3, 809, 211, 129
head3, 810, 212, 130
head3, 811, 220, 129
head3, 812, 225, 128
head3, 813, 228, 127
head3, 814, 232, 127
head3, 815, 234, 122
head3, 816, 240, 129
head3, 817, 242, 125
head3, 818, 242, 123
head3, 819, 246, 125
head3, 820, 254, 131
head3, 821, 258, 133
head3, 822, 266, 131
head3, 823, 270, 133
head3, 824, 278, 139
head3, 825, 282, 141
head3, 826, 282, 147
head3, 827, 294, 149
head3, 828, 294, 155
head3, 829, 298, 157
head3, 830, 306, 163
head3, 831, 310, 165
head3, 832, 318, 171
head3, 833, 322, 173
head3, 834, 327, 171
head4, 816, 191, 82
head4, 820, 199, 72
head4, 821, 187, 82
head4, 822, 196, 73
head4, 823, 185, 84
head4, 824, 186, 83
head4, 825, 183, 86
head4, 826, 176, 69
head4, 827, 173, 72
head4, 828, 174, 71
head4, 829, 171, 74
head4, 830, 172, 81
head4, 831, 169, 84
head4, 832, 162, 83
head4, 833, 159, 86
head4, 834, 157, 91
head4, 835, 155, 97
head4, 836, 157, 99
head4, 837, 150, 99
head4, 838, 151, 103
head4, 839, 148, 103
head4, 840, 149, 107
head4, 841, 154, 107
head4, 842, 147, 111
head4, 843, 152, 111
head4, 844, 153, 115
head4, 845, 150, 123
head4, 846, 151, 127
head4, 847, 156, 127
head4, 848, 157, 131
head4, 849, 154, 139
head4, 850, 161, 143
head4, 851, 161, 151
head4, 852, 161, 151
head4, 853, 163, 156
head4, 854, 164, 161
head4, 855, 161, 162
head4, 856, 168, 167
head4, 857, 163, 168
head4, 858, 162, 173
head4, 859, 165, 174
head4, 860, 164, 179
head4, 861, 167, 180
head4, 862, 166, 185
head4, 863, 169, 194
head4, 864, 168, 199
head4, 865, 171, 200
head4, 866, 170, 213
head4, 867, 173, 214
head4, 868, 172, 219
head4, 869, 175, 228
head4, 870, 174, 233
head4, 871, 177, 234
head4, 872, 176, 239
head4, 873, 179, 248
head4, 874, 178, 253
head4, 875, 181, 254
head4, 876, 188, 259
head4, 877, 183, 260
head4, 878, 190, 262
head5, 856, 166, 73
head5, 857, 166, 69
head5, 858, 169, 75
head5, 859, 169, 76
head5, 860, 165, 73
head5, 861, 171, 74
head5, 862, 171, 75
head5, 863, 171, 75
head5, 864, 172, 86
head5, 865, 167, 84
head5, 866, 170, 84
head5, 867, 170, 90
head5, 868, 170, 90
head5, 869, 172, 97
head5, 870, 168, 98
head5, 871, 171, 100
head5, 872, 166, 101
head5, 873, 165, 106
head5, 874, 165, 108
head5, 875, 166, 115
head5, 876, 159, 115
head5, 877, 162, 114
head5, 878, 161, 117
head5, 879, 156, 124
head5, 880, 155, 125
head5, 881, 156, 128
head5, 882, 159, 135
head5, 883, 157, 139
head5, 884, 148, 144
head5, 885, 154, 150
head5, 886, 155, 152
head5, 887, 153, 151
head5, 888, 147, 162
head5, 889, 145, 161
head5, 890, 145, 169
head5, 891, 141, 173
head5, 892, 141, 173
head5, 893, 137, 177
head5, 894, 137, 185
head5, 895, 133, 189
head5, 896, 133, 189
head5, 897, 137, 201
head5, 898, 129, 201
head5, 899, 133, 205
head5, 900, 125, 213
head5, 901, 121, 217
head5, 902, 121, 217
head5, 903, 125, 229
head5, 904, 125, 229
head5, 905, 113, 233
head5, 906, 113, 241
head5, 907, 117, 245
head5, 908, 117, 245
head5, 909, 113, 249
head6, 888, 149, 74
head6, 889, 147, 87
head6, 890, 149, 80
head6, 891, 155, 77
head6, 892, 153, 90
head6, 893, 159, 88
head6, 894, 152, 91
head6, 895, 151, 90
head6, 896, 158, 86
head6, 897, 167, 90
head6, 899, 180, 98
head6, 900, 181, 102
head6, 904, 162, 110
head6, 905, 155, 122
head6, 906, 160, 122
head6, 909, 153, 118
head6, 910, 142, 112
head6, 911, 135, 118
head6, 912, 133, 120
head6, 913, 122, 121
head6, 914, 123, 126
head6, 915, 121, 132
head6, 916, 122, 136
head6, 917, 112, 131
head6, 918, 114, 138
head6, 919, 108, 140
head6, 920, 105, 144
head6, 921, 98, 144
head6, 922, 97, 151
head6, 923, 100, 146
head6, 924, 115, 129
head7, 918, 184, 109
head7, 921, 192, 117
head7, 922, 185, 119
head7, 923, 194, 120
head7, 924, 195, 124
head7, 925, 195, 126
head7, 926, 196, 128
head7, 927, 195, 131
head7, 928, 190, 130
head7, 932, 197, 141
head7, 933, 198, 147
head7, 934, 195, 149
head7, 935, 196, 147
head7, 936, 196, 159
head7, 937, 192, 159
head7, 938, 192, 163
head7, 939, 196, 163
head7, 940, 201, 173
head7, 941, 201, 177
head7, 942, 197, 177
head7, 943, 197, 181
head7, 944, 201, 181
head7, 948, 185, 177
head7, 949, 181, 185
head7, 951, 181, 189
head7, 953, 185, 197
head7, 954, 193, 201
head7, 955, 189, 209
head7, 956, 197, 205
head7, 957, 201, 213
head7, 958, 201, 217
head7, 959, 205, 225
head7, 960, 205, 229
head7, 961, 209, 229
head7, 962, 209, 233
head7, 963, 213, 241
head7, 964, 221, 245
head7, 965, 225, 245
head7, 966, 225, 249
head8, 955, 177, 103
head8, 956, 174, 104
head8, 957, 175, 110
head8, 958, 178, 114
head8, 959, 179, 117
head8, 960, 176, 122
head8, 961, 176, 126
head8, 963, 178, 135
head8, 964, 168, 140
head8, 965, 170, 141
head8, 967, 171, 150
head8, 968, 168, 155
head8, 969, 169, 161
head8, 970, 169, 169
head8, 971, 175, 168
head8, 972, 169, 177
head8, 973, 170, 183
head8, 974, 170, 189
head8, 975, 166, 191
head8, 976, 166, 205
head8, 977, 162, 207
head8, 978, 162, 213
head8, 979, 166, 215
head8, 980, 166, 221
head8, 981, 162, 231
head8, 982, 170, 237
head8, 983, 174, 239
head8, 984, 174, 245
head8, 985, 170, 247
head8, 986, 178, 253
head9, 1026, 197, 79
head9, 1028, 196, 86
head9, 1029, 197, 86
head9, 1030, 196, 85
head9, 1031, 197, 82
head9, 1032, 198, 83
head9, 1033, 197, 83
head9, 1034, 193, 94
head9, 1035, 194, 87
head9, 1036, 189, 85
head9, 1037, 191, 95
head9, 1038, 191, 88
head9, 1039, 190, 96
head9, 1040, 185, 92
head9, 1041, 188, 95
head9, 1042, 189, 103
head9, 1043, 186, 99
head9, 1044, 189, 104
head9, 1045, 188, 105
head9, 1046, 183, 102
head9, 1047, 182, 103
head9, 1048, 183, 110
head9, 1049, 180, 105
head9, 1050, 181, 104
head9, 1051, 186, 93
head9, 1052, 187, 92
head9, 1053, 184, 111
head9, 1054, 189, 99
head9, 1055, 190, 100
head9, 1056, 191, 99
head9, 1057, 199, 98
head9, 1058, 201, 102
head9, 1059, 204, 103
head9, 1061, 203, 108
head9, 1062, 206, 109
head9, 1063, 214, 108
head9, 1064, 215, 110
head9, 1065, 216, 113
head9, 1066, 213, 112
head9, 1067, 214, 115
head9, 1068, 220, 118
head9, 1069, 214, 123
head9, 1070, 212, 124
head9, 1071, 219, 127
head9, 1072, 214, 134
head9, 1073, 225, 138
head9, 1074, 223, 141
head9, 1075, 225, 140
head9, 1076, 223, 143
head10, 1049, 138, 154
head10, 1050, 131, 155
head10, 1051, 132, 162
head10, 1052, 137, 165
head10, 1053, 133, 169
head10, 1054, 128, 171
head10, 1055, 127, 169
head10, 1056, 122, 171
head10, 1057, 121, 177
head10, 1058, 123, 180
head10, 1059, 119, 182
head10, 1060, 119, 180
head10, 1061, 115, 182
head10, 1062, 115, 188
head10, 1063, 111, 190
head10, 1064, 103, 188
head10, 1065, 99, 190
head10, 1066, 99, 196
head10, 1067, 95, 198
head10, 1068, 87, 196
head10, 1069, 83, 198
head10, 1070, 83, 204
head10, 1071, 79, 206
head10, 1072, 79, 212
head10, 1073, 75, 214
head10, 1074, 75, 212
head10, 1075, 71, 214
head10, 1076, 71, 220
head10, 1077, 67, 222
head10, 1078, 67, 228
head10, 1079, 63, 230
head10, 1080, 63, 236
head10, 1081, 59, 238
head10, 1082, 59, 244
head10, 1083, 55, 246
head10, 1084, 55, 252
head10, 1085, 51, 254
head10, 1086, 52, 252
head11, 1076, 173, 66
head11, 1077, 171, 67
head11, 1078, 168, 65
head11, 1079, 169, 67
head11, 1080, 174, 73
head11, 1081, 173, 77
head11, 1082, 168, 77
head11, 1083, 175, 81
head11, 1084, 170, 81
head11, 1085, 169, 85
head11, 1086, 173, 84
head11, 1087, 172, 90
head11, 1088, 169, 88
head11, 1089, 171, 96
head11, 1090, 171, 96
head11, 1091, 171, 98
head11, 1092, 166, 95
head11, 1093, 164, 97
head11, 1094, 160, 105
head11, 1095, 158, 106
head11, 1096, 156, 98
head11, 1097, 155, 109
head11, 1098, 151, 112
head11, 1099, 150, 114
head11, 1100, 147, 121
head11, 1101, 144, 123
head11, 1102, 139, 124
head11, 1103, 142, 123
head11, 1104, 133, 126
head11, 1105, 138, 132
head11, 1106, 137, 135
head11, 1107, 133, 141
head11, 1108, 133, 143
head11, 1109, 131, 144
head11, 1110, 130, 147
head11, 1111, 125, 154
head11, 1112, 130, 153
head11, 1113, 125, 164
head11, 1114, 128, 163
head11, 1115, 127, 165
head11, 1117, 114, 171
head11, 1118, 113, 173
head11, 1119, 108, 179
head11, 1120, 107, 176
head11, 1121, 105, 186
head11, 1122, 100, 188
head11, 1123, 96, 190
head11, 1124, 112, 180
head11, 1125, 108, 178
head11, 1126, 84, 188
head11, 1127, 80, 194
head11, 1128, 72, 196
head11, 1129, 70, 198
head11, 1130, 64, 196
head11, 1131, 59, 196
head11, 1132, 58, 200
head11, 1133, 53, 200
head11, 1134, 52, 196
head11, 1136, 47, 204
head11, 1137, 36, 200
head12, 1111, 168, 215
head12, 1116, 171, 228
head12, 1117, 170, 221
head12, 1122, 157, 218
head12, 1124, 140, 195
head12, 1125, 111, 184
head12, 1126, 86, 193
head12, 1127, 81, 190
head12, 1128, 96, 183
head12, 1129, 91, 188
head12, 1130, 86, 186
head12, 1131, 61, 196
head12, 1132, 60, 194
head12, 1133, 47, 196
head12, 1134, 52, 202
head12, 1135, 69, 196
head12, 1136, 66, 194
head12, 1137, 59, 196
head12, 1138, 32, 202
head12, 1139, 52, 196
head12, 1140, 52, 202
head12, 1141, 48, 204
head12, 1142, 44, 202
head12, 1143, 44, 204
head12, 1144, 36, 210
head12, 1145, 36, 212
head12, 1146, 36, 210
head12, 1147, 28, 212
head12, 1148, 28, 210
head12, 1149, 60, 228
head12, 1152, 96, 250
head13, 1126, 139, 75
head13, 1128, 139, 77
head13, 1130, 151, 91
head13, 1131, 143, 117
head13, 1132, 139, 123
head13, 1133, 139, 117
head13, 1134, 135, 123
head13, 1135, 135, 125
head13, 1136, 139, 131
head13, 1137, 133, 128
head13, 1138, 129, 133
head13, 1139, 131, 139
head13, 1140, 130, 139
head13, 1141, 129, 140
head13, 1142, 120, 143
head13, 1143, 121, 143
head13, 1144, 119, 144
head13, 1145, 114, 143
head13, 1146, 111, 151
head13, 1147, 108, 146
head13, 1149, 101, 153
head13, 1150, 98, 148
head13, 1151, 99, 155
head13, 1152, 93, 152
head13, 1153, 92, 155
head13, 1155, 87, 162
head13, 1156, 86, 165
head13, 1157, 85, 169
head13, 1158, 80, 169
head13, 1159, 79, 173
head13, 1160, 74, 173
head13, 1161, 73, 177
head13, 1163, 68, 185
head13, 1164, 67, 189
head13, 1165, 62, 189
head13, 1166, 61, 193
head13, 1167, 64, 193
head13, 1168, 55, 197
head13, 1169, 52, 197
head13, 1170, 53, 201
head13, 1171, 50, 201
head13, 1172, 48, 202
head13, 1173, 45, 203
head13, 1174, 45, 206
head13, 1175, 52, 229
head13, 1176, 55, 232
head13, 1177, 38, 215
head13, 1178, 36, 210
head13, 1179, 28, 217
head13, 1180, 28, 212
head14, 1176, 217, 161
head14, 1177, 217, 165
head14, 1178, 213, 165
head14, 1179, 213, 169
head14, 1180, 217, 169
head14, 1181, 217, 173
head14, 1182, 213, 173
head14, 1183, 205, 185
head14, 1184, 203, 192
head14, 1185, 201, 196
head14, 1186, 207, 187
head14, 1187, 210, 192
head14, 1188, 205, 206
head14, 1189, 213, 201
head14, 1190, 208, 198
head14, 1191, 199, 199
head14, 1192, 202, 204
head14, 1193, 202, 208
head14, 1194, 197, 208
head14, 1195, 204, 212
head14, 1196, 205, 215
head14, 1197, 204, 222
head14, 1198, 201, 218
head14, 1199, 202, 219
head14, 1200, 199, 224
head14, 1201, 200, 225
head14, 1202, 197, 230
head14, 1203, 198, 231
head14, 1204, 195, 236
head14, 1205, 204, 245
head14, 1206, 201, 250
head14, 1207, 202, 251
head14, 1208, 199, 256
head14, 1209, 200, 257
head14, 1211, 197, 261
head15, 1138, 146, 67
head15, 1139, 146, 68
head15, 1140, 145, 67
head15, 1141, 145, 70
head15, 1142, 144, 70
head15, 1143, 139, 66
head15, 1144, 146, 74
head15, 1145, 143, 70
head15, 1146, 147, 76
head15, 1147, 144, 71
head15, 1148, 147, 74
head15, 1149, 144, 77
head15, 1150, 146, 82
head15, 1151, 148, 79
head15, 1152, 152, 79
head15, 1153, 149, 85
head15, 1154, 158, 87
head15, 1155, 153, 83
head15, 1156, 153, 83
head15, 1157, 158, 84
head15, 1158, 155, 87
head15, 1159, 156, 86
head15, 1160, 157, 88
head15, 1161, 156, 89
head15, 1162, 156, 95
head15, 1163, 156, 97
head15, 1164, 157, 99
head15, 1165, 158, 104
head15, 1166, 154, 100
head15, 1167, 158, 107
head15, 1168, 159, 104
head15, 1169, 152, 110
head15, 1170, 155, 112
head15, 1171, 150, 113
head15, 1172, 150, 113
head15, 1173, 149, 115
head15, 1174, 152, 121
head15, 1175, 151, 123
head15, 1176, 146, 121
head15, 1177, 145, 123
head15, 1178, 148, 129
head15, 1179, 147, 131
head15, 1180, 150, 129
head15, 1181, 149, 131
head15, 1182, 152, 137
head15, 1183, 151, 139
head15, 1184, 154, 145
head15, 1185, 153, 147
head15, 1186, 156, 145
head15, 1187, 155, 147
head15, 1188, 158, 153
head15, 1189, 157, 155
head15, 1190, 162, 159
head15, 1191, 167, 164
head15, 1192, 167, 163
head15, 1193, 162, 168
head15, 1194, 164, 167
head15, 1195, 164, 172
head15, 1196, 168, 173
head15, 1197, 164, 174
head15, 1198, 169, 178
head15, 1199, 170, 179
head15, 1200, 167, 184
head15, 1201, 168, 185
head15, 1202, 168, 188
head15, 1203, 171, 191
head15, 1204, 170, 190
head15, 1205, 173, 193
head15, 1206, 172, 200
head15, 1207, 175, 203
head15, 1208, 174, 202
head15, 1209, 169, 205
head15, 1210, 175, 212
head15, 1211, 175, 215
head15, 1212, 175, 215
head15, 1213, 176, 218
head15, 1214, 165, 209
head15, 1215, 174, 220
head15, 1216, 183, 225
head15, 1217, 183, 226
head15, 1218, 183, 233
head15, 1219, 183, 235
head15, 1220, 187, 233
head15, 1221, 187, 235
head15, 1222, 191, 233
head15, 1223, 191, 235
head15, 1224, 195, 241
head15, 1225, 195, 243
head15, 1226, 199, 241
head15, 1227, 199, 243
head15, 1228, 211, 249
head15, 1229, 211, 251
head15, 1230, 215, 249
head15, 1231, 223, 251
head15, 1232, 219, 249
head16, 1213, 122, 143
head16, 1214, 119, 144
head16, 1215, 119, 141
head16, 1216, 116, 142
head16, 1217, 113, 148
head16, 1218, 112, 146
head16, 1219, 107, 148
head16, 1220, 98, 146
head16, 1221, 93, 148
head16, 1222, 90, 147
head16, 1223, 86, 147
head16, 1224, 83, 148
head16, 1225, 76, 145
head16, 1226, 77, 148
head16, 1227, 72, 149
head16, 1228, 73, 149
head16, 1229, 71, 154
head16, 1230, 71, 151
head16, 1231, 67, 160
head16, 1232, 62, 157
head16, 1233, 58, 160
head16, 1234, 56, 170
head16, 1235, 58, 168
head16, 1236, 52, 175
head16, 1237, 48, 176
head16, 1239, 44, 181
head16, 1240, 44, 182
head16, 1241, 36, 187
head16, 1242, 36, 188
head16, 1243, 36, 193
head16, 1244, 28, 194
head16, 1245, 28, 199
head16, 1246, 28, 192
head17, 1236, 212, 153
head17, 1237, 218, 152
head17, 1238, 212, 155
head17, 1239, 218, 154
head17, 1240, 225, 158
head17, 1241, 220, 158
head17, 1242, 227, 162
head17, 1243, 235, 166
head17, 1244, 231, 158
head17, 1245, 231, 162
head17, 1246, 235, 162
head17, 1247, 235, 166
head17, 1248, 247, 166
head17, 1249, 247, 162
head17, 1250, 251, 170
head17, 1251, 259, 166
head17, 1252, 263, 166
head17, 1253, 271, 162
head17, 1254, 275, 170
head17, 1255, 275, 166
head17, 1256, 279, 166
head17, 1257, 287, 170
head17, 1258, 291, 170
head17, 1259, 291, 174
head17, 1260, 295, 174
head17, 1261, 295, 178
head17, 1262, 275, 186
head17, 1263, 275, 182
head17, 1264, 271, 190
head17, 1266, 255, 194
head17, 1267, 259, 194
head18, 1267, 131, 153
head18, 1268, 132, 154
head18, 1269, 131, 154
head18, 1270, 129, 158
head18, 1271, 123, 158
head18, 1272, 125, 163
head18, 1273, 115, 164
head18, 1274, 117, 169
head18, 1275, 115, 170
head18, 1276, 109, 167
head18, 1278, 99, 176
head18, 1279, 101, 173
head18, 1280, 99, 174
head18, 1281, 95, 177
head18, 1282, 87, 184
head18, 1283, 91, 179
head18, 1284, 83, 186
head18, 1285, 79, 189
head18, 1286, 79, 188
head18, 1287, 75, 191
head18, 1288, 75, 198
head18, 1289, 71, 201
head18, 1290, 71, 200
head18, 1291, 67, 203
head18, 1292, 67, 210
head18, 1293, 63, 213
head18, 1294, 63, 212
head18, 1295, 59, 215
head18, 1296, 59, 222
head18, 1297, 55, 225
head18, 1298, 55, 224
head18, 1299, 51, 227
head18, 1300, 52, 234
head18, 1301, 49, 237
head18, 1302, 44, 236
head18, 1303, 44, 239
head18, 1304, 44, 238
head18, 1305, 36, 241
head18, 1306, 36, 248
head18, 1307, 36, 251
head18, 1308, 28, 250
head18, 1309, 28, 245
head19, 1256, 201, 73
head19, 1257, 201, 71
head19, 1258, 200, 72
head19, 1259, 200, 78
head19, 1260, 195, 73
head19, 1261, 193, 81
head19, 1262, 193, 82
head19, 1263, 192, 81
head19, 1264, 192, 83
head19, 1265, 190, 86
head19, 1266, 189, 95
head19, 1267, 191, 90
head19, 1268, 192, 93
head19, 1269, 189, 92
head19, 1270, 190, 95
head19, 1271, 187, 86
head19, 1272, 188, 81
head19, 1273, 185, 88
head19, 1274, 189, 100
head19, 1275, 185, 110
head19, 1276, 191, 110
head19, 1277, 188, 105
head19, 1278, 179, 104
head19, 1279, 182, 106
head19, 1280, 183, 108
head19, 1281, 175, 108
head19, 1282, 180, 122
head19, 1283, 178, 123
head19, 1284, 177, 124
head19, 1285, 178, 129
head19, 1286, 178, 129
head19, 1287, 173, 120
head19, 1288, 170, 121
head19, 1289, 171, 126
head19, 1290, 174, 127
head19, 1291, 179, 128
head19, 1292, 180, 136
head19, 1293, 180, 137
head19, 1294, 180, 138
head19, 1295, 181, 140
head19, 1296, 184, 137
head19, 1297, 183, 146
head19, 1298, 182, 157
head19, 1299, 185, 148
head19, 1300, 186, 160
head19, 1301, 187, 161
head19, 1302, 192, 165
head19, 1303, 199, 160
head19, 1304, 203, 165
head19, 1305, 201, 164
head19, 1306, 202, 167
head19, 1307, 197, 181
head19, 1308, 203, 181
head19, 1309, 205, 177
head19, 1310, 203, 185
head19, 1311, 205, 181
head19, 1312, 211, 189
head19, 1313, 213, 193
head19, 1314, 217, 198
head19, 1315, 217, 199
head19, 1316, 221, 204
head19, 1317, 221, 205
head19, 1318, 225, 210
head19, 1319, 225, 211
head19, 1320, 229, 216
head19, 1321, 234, 219
head19, 1322, 238, 220
head19, 1323, 230, 225
head19, 1324, 234, 226
head19, 1325, 234, 231
head19, 1326, 238, 232
head19, 1327, 246, 237
head19, 1328, 250, 238
head19, 1329, 250, 243
head19, 1330, 254, 244
head19, 1331, 262, 249
head19, 1332, 258, 250
head19, 1333, 266, 255
head19, 1334, 270, 256
head19, 1335, 270, 260
head19, 1336, 274, 261
head19, 1337, 282, 263
head19, 1338, 270, 260
head19, 1343, 270, 257
head19, 1344, 274, 258
head19, 1346, 274, 255
head19, 1347, 278, 256
head19, 1348, 278, 260
head19, 1349, 274, 254
head19, 1350, 274, 259
head20, 1315, 171, 68
head20, 1316, 165, 76
head20, 1317, 147, 88
head20, 1318, 149, 88
head20, 1319, 171, 68
head20, 1320, 171, 77
head20, 1321, 167, 74
head20, 1322, 167, 67
head20, 1323, 170, 65
head20, 1324, 171, 67
head20, 1325, 172, 77
head20, 1326, 173, 78
head20, 1327, 173, 80
head20, 1328, 169, 86
head20, 1329, 169, 88
head20, 1330, 165, 102
head20, 1331, 174, 92
head20, 1332, 171, 94
head20, 1333, 172, 84
head20, 1334, 174, 87
head20, 1335, 175, 88
head20, 1336, 175, 91
head20, 1337, 171, 98
head20, 1338, 171, 100
head20, 1339, 175, 98
head20, 1340, 179, 97
head20, 1341, 177, 98
head20, 1342, 177, 103
head20, 1343, 177, 105
head20, 1344, 178, 106
head20, 1345, 179, 107
head20, 1346, 179, 113
head20, 1347, 177, 111
head20, 1348, 177, 117
head20, 1349, 178, 116
head20, 1350, 168, 116
head20, 1351, 170, 124
head20, 1352, 168, 129
head20, 1353, 166, 128
head20, 1354, 165, 135
head20, 1355, 163, 128
head20, 1356, 156, 131
head20, 1357, 163, 141
head20, 1358, 157, 141
head20, 1359, 155, 149
head20, 1360, 154, 152
head20, 1361, 154, 157
head20, 1362, 153, 160
head20, 1363, 153, 160
head20, 1364, 150, 161
head20, 1365, 147, 169
head20, 1366, 148, 165
head20, 1367, 153, 168
head20, 1368, 146, 172
head20, 1369, 143, 180
head20, 1370, 150, 185
head20, 1371, 145, 186
head20, 1372, 144, 191
head20, 1373, 143, 193
head20, 1374, 146, 199
head20, 1375, 145, 201
head20, 1376, 140, 207
head20, 1377, 139, 209
head20, 1378, 142, 215
head20, 1379, 141, 217
head20, 1380, 136, 223
head20, 1381, 135, 225
head20, 1382, 130, 231
head20, 1383, 129, 233
head20, 1384, 132, 231
head20, 1385, 131, 241
head20, 1386, 134, 239
head20, 1387, 125, 241
head20, 1388, 128, 247
head21, 1355, 147, 72
head21, 1356, 148, 75
head21, 1357, 155, 77
head21, 1358, 149, 77
head21, 1359, 155, 81
head21, 1360, 159, 80
head21, 1361, 155, 83
head21, 1362, 157, 88
head21, 1363, 156, 93
head21, 1364, 155, 94
head21, 1365, 153, 92
head21, 1366, 155, 98
head21, 1367, 157, 99
head21, 1368, 158, 104
head21, 1369, 149, 104
head21, 1370, 148, 104
head21, 1371, 150, 109
head21, 1372, 148, 112
head21, 1373, 146, 113
head21, 1374, 142, 116
head21, 1375, 135, 117
head21, 1376, 136, 113
head21, 1377, 133, 121
head21, 1378, 135, 125
head21, 1379, 125, 125
head21, 1380, 127, 129
head21, 1381, 125, 129
head21, 1382, 119, 133
head21, 1383, 117, 133
head21, 1384, 119, 137
head21, 1385, 117, 137
head21, 1386, 111, 141
head21, 1387, 113, 147
head21, 1388, 113, 153
head21, 1389, 109, 155
head21, 1390, 112, 161
head21, 1391, 111, 163
head21, 1392, 105, 165
head21, 1393, 103, 171
head21, 1394, 105, 173
head21, 1395, 103, 179
head21, 1396, 97, 181
head21, 1397, 98, 183
head21, 1398, 91, 191
head21, 1399, 94, 192
head21, 1400, 93, 197
head21, 1401, 92, 195
head21, 1402, 87, 197
head21, 1403, 83, 199
head21, 1404, 80, 203
head21, 1405, 80, 206
head21, 1406, 79, 206
head21, 1407, 74, 210
head21, 1408, 73, 210
head21, 1409, 68, 214
head21, 1410, 67, 214
head21, 1411, 62, 218
head21, 1412, 61, 218
head21, 1413, 64, 222
head21, 1414, 63, 222
head21, 1415, 58, 226
head21, 1416, 57, 226
head21, 1417, 52, 230
head21, 1419, 52, 238
head21, 1420, 56, 242
head21, 1422, 56, 250
head21, 1423, 52, 246
head21, 1424, 52, 254
head21, 1425, 48, 258
head21, 1426, 52, 258
head22, 1380, 176, 69
head22, 1381, 179, 70
head22, 1382, 177, 70
head22, 1383, 179, 66
head22, 1384, 185, 72
head22, 1385, 186, 74
head22, 1386, 186, 83
head22, 1387, 185, 81
head22, 1388, 180, 83
head22, 1389, 187, 81
head22, 1390, 182, 83
head22, 1391, 184, 85
head22, 1392, 182, 83
head22, 1393, 184, 93
head22, 1394, 182, 99
head22, 1395, 184, 103
head22, 1396, 185, 103
head22, 1397, 187, 96
head22, 1398, 188, 104
head22, 1399, 187, 104
head22, 1400, 188, 102
head22, 1401, 189, 103
head22, 1402, 190, 105
head22, 1403, 193, 107
head22, 1404, 192, 105
head22, 1405, 195, 107
head22, 1406, 194, 113
head22, 1407, 197, 115
head22, 1408, 196, 121
head22, 1409, 200, 121
head22, 1410, 207, 124
head22, 1411, 202, 123
head22, 1412, 209, 122
head22, 1413, 206, 124
head22, 1414, 213, 130
head22, 1415, 222, 130
head22, 1416, 215, 131
head22, 1417, 220, 128
head22, 1418, 223, 136
head22, 1419, 222, 132
head22, 1420, 225, 132
head22, 1421, 227, 134
head22, 1422, 232, 135
head22, 1423, 234, 140
head22, 1424, 238, 136
head22, 1425, 235, 139
head22, 1426, 241, 145
head22, 1427, 243, 143
head22, 1428, 245, 148
head22, 1429, 243, 149
head22, 1430, 245, 146
head22, 1431, 248, 151
head22, 1432, 258, 148
head22, 1433, 256, 149
head22, 1434, 258, 154
head22, 1435, 264, 156
head22, 1436, 266, 162
head22, 1437, 256, 188
head22, 1438, 260, 193
head22, 1439, 263, 193
head22, 1440, 262, 189
head22, 1441, 273, 165
head22, 1442, 282, 166
head22, 1443, 279, 171
head22, 1444, 280, 172
head22, 1445, 285, 169
head22, 1446, 286, 170
head22, 1447, 291, 167
head22, 1448, 292, 168
head22, 1449, 297, 173
head22, 1450, 298, 174
head22, 1451, 303, 171
head22, 1452, 304, 180
head22, 1453, 309, 177
head22, 1454, 310, 178
head22, 1455, 315, 175
head22, 1456, 316, 176
head22, 1457, 321, 181
head22, 1458, 322, 174
head22, 1459, 325, 179
head22, 1460, 326, 180
head22, 1461, 324, 177
head22, 1462, 325, 178
head22, 1463, 327, 175
head22, 1464, 316, 192
head22, 1469, 313, 205
head22, 1472, 322, 214
head22, 1473, 319, 211
head22, 1475, 326, 220
head22, 1476, 317, 217
head22, 1477, 318, 218
head23, 1465, 117, 151
head23, 1466, 109, 150
head23, 1468, 105, 153
head23, 1469, 105, 152
head23, 1470, 101, 155
head23, 1471, 101, 154
head23, 1472, 102, 151
head23, 1473, 100, 150
head23, 1474, 94, 153
head23, 1475, 92, 152
head23, 1477, 86, 147
head23, 1478, 84, 146
head23, 1479, 86, 149
head23, 1480, 84, 148
head23, 1481, 78, 151
head23, 1482, 87, 161
head23, 1483, 76, 151
head23, 1484, 77, 161
head23, 1485, 74, 151
head23, 1486, 67, 145
head23, 1487, 71, 149
head23, 1488, 63, 149
head23, 1489, 67, 161
head23, 1490, 67, 161
head23, 1491, 55, 149
head23, 1492, 52, 149
head23, 1493, 48, 154
head23, 1494, 53, 153
head23, 1495, 47, 151
head23, 1496, 44, 153
head23, 1497, 44, 159
head23, 1498, 36, 153
head24, 1469, 151, 101
head24, 1470, 149, 102
head24, 1471, 159, 123
head24, 1472, 157, 124
head24, 1473, 159, 129
head24, 1474, 149, 114
head24, 1475, 151, 111
head24, 1476, 149, 112
head24, 1477, 151, 117
head24, 1478, 149, 118
head24, 1479, 151, 115
head24, 1480, 149, 116
head24, 1481, 151, 121
head24, 1482, 149, 122
head24, 1483, 151, 127
head24, 1484, 149, 128
head24, 1485, 151, 133
head24, 1486, 149, 134
head24, 1487, 143, 147
head24, 1488, 149, 140
head24, 1489, 143, 145
head24, 1490, 141, 146
head24, 1491, 141, 157
head24, 1492, 134, 161
head24, 1493, 131, 161
head24, 1494, 132, 165
head24, 1495, 129, 173
head24, 1496, 146, 193
head24, 1497, 143, 193
head24, 1498, 144, 197
head24, 1499, 125, 181
head24, 1500, 126, 185
head24, 1501, 123, 185
head24, 1502, 119, 188
head24, 1503, 117, 186
head24, 1504, 125, 194
head24, 1505, 123, 195
head24, 1506, 120, 194
head24, 1507, 121, 203
head24, 1508, 123, 204
head24, 1509, 123, 205
head24, 1510, 124, 207
head24, 1511, 125, 210
head24, 1512, 126, 213
head24, 1513, 125, 216
head24, 1514, 128, 215
head24, 1515, 127, 218
head24, 1516, 122, 225
head24, 1517, 121, 228
head24, 1518, 124, 227
head24, 1519, 123, 230
head24, 1520, 118, 229
head24, 1521, 117, 232
head24, 1522, 112, 239
head24, 1523, 119, 242
head24, 1524, 122, 241
head24, 1525, 113, 244
head24, 1526, 116, 251
head24, 1527, 115, 246
head24, 1528, 118, 253
head24, 1529, 109, 256
head24, 1530, 112, 255
head24, 1531, 111, 258
head24, 1532, 106, 262
head24, 1533, 105, 260
head24, 1534, 108, 263
head25, 1514, 165, 109
head25, 1515, 164, 111
head25, 1516, 165, 112
head25, 1517, 162, 117
head25, 1518, 163, 118
head25, 1519, 164, 117
head25, 1520, 166, 130
head25, 1521, 164, 123
head25, 1522, 166, 128
head25, 1523, 164, 129
head25, 1524, 166, 134
head25, 1525, 165, 143
head25, 1526, 165, 144
head25, 1527, 164, 146
head25, 1528, 164, 148
head25, 1529, 159, 149
head25, 1530, 163, 153
head25, 1531, 162, 158
head25, 1532, 165, 163
head25, 1533, 165, 165
head25, 1534, 161, 163
head25, 1535, 168, 169
head25, 1536, 161, 171
head25, 1537, 166, 177
head25, 1538, 167, 181
head25, 1539, 169, 186
head25, 1540, 165, 181
head25, 1541, 165, 183
head25, 1542, 169, 189
head25, 1543, 168, 190
head25, 1544, 171, 195
head25, 1545, 170, 196
head25, 1546, 173, 201
head25, 1547, 172, 202
head25, 1548, 175, 207
head25, 1549, 174, 208
head25, 1550, 177, 213
head25, 1551, 176, 214
head25, 1552, 179, 219
head25, 1553, 178, 220
head25, 1554, 181, 225
head25, 1555, 180, 226
head25, 1556, 175, 223
head25, 1557, 182, 232
head25, 1558, 177, 229
head25, 1559, 176, 230
head25, 1560, 179, 235
head25, 1561, 178, 236
head25, 1562, 181, 241
head25, 1563, 180, 250
head25, 1564, 183, 247
head25, 1565, 182, 248
head25, 1566, 177, 253
head25, 1567, 184, 254
head25, 1568, 179, 259
head25, 1569, 178, 260
head25, 1570, 181, 262
head25, 1571, 180, 263
head25, 1572, 183, 261
head25, 1573, 182, 262
head26, 1517, 178, 63
head26, 1518, 179, 66
head26, 1519, 180, 69
head26, 1520, 182, 66
head26, 1521, 179, 68
head26, 1522, 180, 74
head26, 1523, 184, 72
head26, 1524, 183, 71
head26, 1525, 183, 71
head26, 1526, 187, 75
head26, 1527, 187, 83
head26, 1528, 183, 79
head26, 1529, 191, 79
head26, 1530, 187, 83
head26, 1531, 195, 83
head26, 1532, 195, 83
head26, 1533, 190, 81
head26, 1534, 193, 83
head26, 1535, 194, 84
head26, 1536, 194, 85
head26, 1537, 197, 92
head26, 1538, 196, 88
head26, 1539, 194, 92
head26, 1540, 196, 90
head26, 1541, 194, 92
head26, 1542, 196, 94
head26, 1543, 193, 94
head26, 1544, 195, 96
head26, 1545, 200, 103
head26, 1546, 193, 98
head26, 1547, 198, 105
head26, 1548, 200, 109
head26, 1549, 193, 112
head26, 1550, 195, 115
head26, 1551, 195, 115
head26, 1552, 193, 114
head26, 1553, 194, 116
head26, 1554, 200, 118
head26, 1555, 194, 121
head26, 1556, 199, 123
head26, 1557, 192, 124
head26, 1558, 194, 128
head26, 1559, 194, 129
head26, 1560, 202, 129
head26, 1561, 198, 133
head26, 1562, 198, 133
head26, 1563, 202, 137
head26, 1564, 202, 137
head26, 1565, 198, 141
head26, 1566, 198, 141
head26, 1567, 202, 137
head26, 1568, 210, 137
head26, 1569, 214, 141
head26, 1570, 214, 141
head26, 1571, 218, 137
head26, 1572, 218, 137
head26, 1573, 222, 141
head26, 1574, 222, 141
head26, 1575, 226, 137
head26, 1576, 232, 144
head26, 1577, 233, 140
head26, 1578, 235, 140
head26, 1579, 236, 136
head26, 1580, 241, 136
head26, 1581, 242, 140
head26, 1582, 243, 146
head26, 1583, 244, 146
head26, 1584, 245, 145
head26, 1585, 250, 138
head26, 1586, 252, 139
head26, 1587, 259, 138
head26, 1588, 257, 140
head26, 1589, 259, 146
head26, 1590, 257, 140
head26, 1591, 259, 146
head26, 1592, 268, 147
head26, 1593, 272, 147
head26, 1594, 272, 143
head26, 1595, 276, 147
head26, 1596, 279, 148
head26, 1597, 282, 148
head26, 1598, 286, 149
head26, 1599, 289, 149
head26, 1600, 299, 149
head26, 1601, 294, 150
head26, 1602, 293, 147
head26, 1603, 296, 156
head26, 1604, 303, 153
head26, 1605, 306, 154
head26, 1606, 305, 159
head26, 1607, 308, 152
head26, 1608, 315, 157
head26, 1609, 302, 150
head26, 1610, 309, 155
head26, 1611, 320, 156
head26, 1612, 319, 153
head26, 1613, 322, 154
head26, 1614, 326, 151
head26, 1615, 324, 152
head26, 1616, 327, 149
head26, 1617, 325, 158
head27, 1599, 148, 91
head27, 1600, 146, 99
head27, 1601, 148, 98
head27, 1602, 148, 98
head27, 1603, 156, 106
head27, 1604, 150, 108
head27, 1605, 151, 110
head27, 1606, 156, 111
head27, 1607, 158, 113
head27, 1608, 159, 115
head27, 1609, 161, 117
head27, 1610, 160, 118
head27, 1611, 161, 121
head27, 1612, 160, 122
head27, 1613, 162, 123
head27, 1614, 157, 122
head27, 1615, 161, 127
head27, 1616, 160, 128
head27, 1617, 159, 129
head27, 1618, 159, 132
head27, 1619, 156, 132
head27, 1620, 155, 134
head27, 1621, 153, 135
head27, 1622, 152, 137
head27, 1623, 147, 135
head27, 1624, 153, 142
head27, 1625, 147, 145
head27, 1626, 145, 144
head27, 1627, 139, 147
head27, 1628, 137, 146
head27, 1629, 139, 149
head27, 1630, 137, 148
head27, 1631, 139, 151
head27, 1632, 137, 150
head27, 1633, 131, 153
head27, 1634, 129, 152
head27, 1635, 131, 155
head27, 1636, 129, 154
head27, 1637, 131, 157
head27, 1641, 129, 164
head27, 1642, 131, 167
head27, 1643, 137, 166
head27, 1644, 131, 169
head27, 1646, 137, 184
head27, 1649, 140, 183
head27, 1650, 142, 179
head27, 1651, 144, 183
head27, 1652, 142, 183
head27, 1653, 144, 187
head27, 1654, 142, 187
head27, 1655, 146, 190
head27, 1656, 146, 189
head27, 1657, 142, 192
head27, 1658, 142, 191
head27, 1660, 138, 194
head27, 1661, 138, 201
head28, 1640, 200, 155
head28, 1641, 202, 156
head28, 1642, 202, 151
head28, 1643, 201, 156
head28, 1644, 204, 149
head28, 1645, 203, 154
head28, 1646, 204, 165
head28, 1647, 205, 164
head28, 1648, 202, 167
head28, 1649, 203, 166
head28, 1650, 216, 145
head28, 1651, 233, 128
head28, 1652, 246, 123
head28, 1653, 247, 122
head28, 1654, 252, 125
head28, 1655, 245, 132
head28, 1656, 250, 135
head28, 1657, 251, 134
head28, 1658, 248, 137
head28, 1659, 249, 136
head28, 1660, 254, 139
head28, 1661, 263, 138
head28, 1662, 260, 141
head28, 1663, 237, 124
head29, 1633, 163, 104
head29, 1638, 169, 91
head29, 1639, 163, 66
head29, 1640, 161, 68
head29, 1641, 163, 66
head29, 1642, 161, 68
head29, 1643, 163, 66
head29, 1644, 165, 76
head29, 1645, 165, 77
head29, 1646, 165, 76
head29, 1647, 165, 77
head29, 1648, 164, 78
head29, 1649, 167, 83
head29, 1650, 166, 84
head29, 1651, 167, 83
head29, 1652, 166, 86
head29, 1653, 165, 92
head29, 1654, 165, 91
head29, 1655, 161, 94
head29, 1656, 166, 98
head29, 1657, 170, 97
head29, 1658, 162, 100
head29, 1659, 168, 103
head29, 1661, 162, 102
head29, 1662, 160, 107
head29, 1663, 164, 109
head29, 1664, 165, 110
head29, 1665, 168, 112
head29, 1666, 169, 113
head29, 1667, 169, 115
head29, 1668, 172, 124
head29, 1669, 172, 118
head29, 1670, 175, 126
head29, 1671, 178, 121
head29, 1672, 180, 130
head29, 1673, 180, 124
head29, 1674, 182, 124
head29, 1675, 186, 127
head29, 1676, 189, 130
head29, 1677, 188, 129
head29, 1678, 195, 132
head29, 1679, 193, 136
head29, 1680, 197, 137
head29, 1681, 199, 137
head29, 1682, 199, 141
head29, 1683, 195, 141
head29, 1684, 203, 145
head29, 1685, 207, 148
head29, 1686, 207, 150
head29, 1687, 199, 151
head29, 1688, 208, 151
head29, 1689, 206, 153
head29, 1690, 202, 158
head29, 1691, 202, 159
head29, 1692, 202, 163
head29, 1693, 202, 166
head29, 1694, 202, 169
head29, 1695, 202, 172
head29, 1696, 202, 175
head29, 1697, 201, 177
head29, 1698, 200, 180
head29, 1699, 200, 183
head29, 1700, 201, 185
head29, 1701, 201, 185
head29, 1702, 202, 189
head29, 1703, 202, 191
head29, 1704, 206, 189
head29, 1705, 206, 191
head29, 1706, 202, 189
head29, 1707, 202, 191
head29, 1708, 206, 197
head29, 1709, 206, 199
head29, 1710, 202, 197
head29, 1711, 202, 199
head29, 1712, 206, 205
head29, 1713, 206, 207
head29, 1714, 202, 205
head29, 1715, 210, 207
head29, 1716, 206, 213
head29, 1717, 206, 215
head29, 1718, 210, 213
head29, 1719, 210, 215
head29, 1720, 214, 221
head29, 1721, 214, 223
head29, 1722, 210, 221
head29, 1723, 210, 223
head29, 1724, 214, 229
head29, 1725, 214, 231
head29, 1726, 218, 229
head29, 1727, 218, 231
head29, 1728, 214, 229
head29, 1729, 222, 231
head29, 1730, 218, 237
head29, 1731, 226, 231
head29, 1732, 222, 237
head29, 1733, 222, 239
head29, 1734, 226, 237
head29, 1735, 218, 239
head29, 1740, 230, 245
head29, 1741, 222, 247
head29, 1742, 226, 237
head30, 1671, 194, 77
head30, 1673, 192, 80
head30, 1674, 192, 79
head30, 1675, 191, 79
head30, 1676, 194, 83
head30, 1677, 190, 87
head30, 1678, 190, 87
head30, 1679, 190, 87
head30, 1680, 190, 87
head30, 1681, 192, 92
head30, 1682, 190, 88
head30, 1683, 197, 95
head30, 1684, 197, 103
head30, 1685, 197, 103
head30, 1686, 191, 98
head30, 1687, 186, 92
head30, 1688, 192, 97
head30, 1689, 194, 100
head30, 1690, 192, 99
head30, 1691, 192, 104
head30, 1692, 195, 99
head30, 1693, 194, 98
head30, 1694, 196, 98
head30, 1695, 200, 105
head30, 1696, 200, 108
head30, 1697, 204, 99
head30, 1698, 206, 99
head30, 1699, 204, 103
head30, 1700, 205, 113
head30, 1701, 186, 135
head30, 1702, 187, 137
head30, 1703, 192, 135
head30, 1704, 217, 113
head30, 1705, 222, 111
head30, 1706, 223, 113
head30, 1707, 228, 111
head30, 1708, 229, 113
head30, 1709, 226, 119
head30, 1710, 227, 121
head30, 1711, 232, 119
head30, 1712, 233, 121
head30, 1713, 238, 119
head30, 1714, 239, 121
head30, 1715, 236, 119
head30, 1716, 237, 129
head30, 1717, 245, 129
head30, 1718, 242, 131
head30, 1719, 246, 131
head30, 1720, 247, 133
head30, 1721, 247, 127
head30, 1722, 252, 130
head30, 1723, 255, 138
head30, 1724, 257, 141
head30, 1725, 256, 136
head30, 1726, 258, 137
head30, 1727, 258, 138
head30, 1728, 260, 140
head30, 1729, 267, 138
head30, 1730, 262, 140
head30, 1731, 264, 139
head30, 1732, 266, 141
head30, 1733, 268, 141
head30, 1734, 271, 140
head30, 1735, 272, 141
head30, 1736, 277, 146
head30, 1737, 278, 139
head30, 1738, 283, 144
head30, 1739, 284, 145
head30, 1740, 281, 142
head30, 1741, 290, 143
head30, 1742, 287, 140
head30, 1743, 296, 141
head30, 1745, 301, 146
head30, 1746, 302, 147
head31, 1704, 187, 73
head31, 1705, 183, 74
head31, 1706, 183, 79
head31, 1707, 181, 80
head31, 1708, 182, 84
head31, 1709, 179, 89
head31, 1710, 176, 90
head31, 1711, 173, 92
head31, 1712, 171, 96
head31, 1713, 177, 96
head31, 1714, 176, 99
head31, 1715, 175, 102
head31, 1716, 169, 100
head31, 1717, 169, 108
head31, 1718, 175, 102
head31, 1719, 175, 112
head31, 1720, 177, 112
head31, 1721, 178, 114
head31, 1722, 186, 118
head31, 1723, 185, 122
head31, 1724, 188, 122
head31, 1725, 190, 127
head31, 1726, 194, 123
head31, 1727, 203, 129
head31, 1728, 200, 129
head31, 1729, 204, 134
head31, 1730, 209, 136
head31, 1731, 210, 137
head31, 1732, 210, 132
head31, 1733, 214, 139
head31, 1734, 220, 142
head31, 1735, 222, 141
head31, 1736, 221, 140
head31, 1737, 224, 143
head31, 1738, 232, 152
head31, 1739, 232, 153
head31, 1740, 234, 156
head31, 1741, 224, 147
head31, 1742, 234, 126
head31, 1743, 240, 125
head31, 1744, 266, 128
head31, 1745, 272, 143
head31, 1746, 274, 146
head31, 1747, 280, 145
head31, 1748, 282, 148
head31, 1749, 280, 147
head31, 1750, 282, 142
head31, 1753, 288, 133
head31, 1754, 290, 128
head31, 1758, 296, 135
head31, 1759, 290, 154
head31, 1760, 296, 161
head31, 1761, 290, 164
head31, 1762, 272, 187
head31, 1763, 242, 214
head32, 1830, 104, 147
head32, 1835, 97, 157
head32, 1836, 94, 158
head32, 1837, 87, 155
head32, 1838, 84, 156
head32, 1839, 77, 161
head32, 1841, 72, 165
head32, 1842, 63, 165
head32, 1846, 53, 175
head32, 1847, 60, 173
head32, 1849, 55, 175
head32, 1851, 62, 197
head32, 1852, 57, 199
head32, 1853, 40, 189
head32, 1854, 52, 199
head32, 1855, 44, 197
head32, 1856, 36, 191
head32, 1857, 36, 197
head32, 1858, 36, 199
head32, 1859, 28, 197
head32, 1861, 28, 207
head32, 1864, 28, 213
head32, 1865, 28, 215
head32, 1866, 52, 197
head32, 1869, 80, 159
head33, 1874, 95, 181
head33, 1875, 86, 175
head33, 1876, 57, 173
head33, 1877, 52, 175
head33, 1878, 52, 173
head33, 1879, 72, 183
head33, 1880, 72, 189
head33, 1881, 60, 183
head33, 1882, 60, 189
head33, 1883, 56, 199
head33, 1884, 56, 197
head33, 1885, 52, 199
head33, 1886, 44, 189
head33, 1887, 44, 199
head33, 1888, 44, 197
head33, 1889, 36, 199
head33, 1890, 36, 197
head33, 1891, 44, 199
head33, 1892, 32, 197
head33, 1893, 36, 199
head33, 1894, 36, 205
head34, 1889, 148, 102
head34, 1891, 149, 96
head34, 1892, 154, 95
head34, 1893, 150, 105
head34, 1894, 151, 106
head34, 1895, 150, 106
head34, 1896, 153, 102
head34, 1897, 152, 102
head34, 1898, 155, 106
head34, 1899, 154, 106
head34, 1900, 149, 102
head34, 1901, 148, 102
head34, 1902, 153, 106
head34, 1903, 154, 108
head34, 1904, 153, 113
head34, 1905, 153, 113
head34, 1906, 149, 109
head34, 1907, 151, 120
head34, 1908, 159, 120
head34, 1909, 159, 121
head34, 1911, 159, 121
head34, 1913, 151, 121
head34, 1914, 158, 123
head34, 1915, 153, 121
head34, 1916, 152, 123
head35, 1848, 155, 77
head35, 1849, 156, 80
head35, 1850, 156, 79
head35, 1851, 160, 74
head35, 1852, 160, 73
head35, 1853, 156, 68
head35, 1854, 156, 67
head35, 1855, 160, 70
head35, 1856, 160, 69
head35, 1857, 164, 80
head35, 1858, 172, 87
head35, 1859, 168, 82
head35, 1860, 168, 89
head35, 1861, 172, 92
head35, 1862, 172, 91
head35, 1863, 168, 94
head35, 1864, 168, 93
head35, 1865, 172, 96
head35, 1866, 172, 95
head35, 1867, 176, 98
head35, 1868, 176, 97
head35, 1869, 172, 100
head35, 1870, 172, 99
head35, 1871, 168, 94
head35, 1872, 168, 101
head35, 1873, 172, 112
head35, 1874, 172, 111
head35, 1875, 176, 114
head35, 1876, 176, 113
head35, 1877, 180, 116
head35, 1878, 180, 115
head35, 1879, 176, 118
head35, 1880, 184, 117
head35, 1881, 180, 120
head35, 1882, 188, 119
head35, 1883, 184, 122
head35, 1884, 193, 126
head35, 1885, 190, 126
head35, 1886, 191, 122
head35, 1887, 196, 122
head35, 1888, 197, 126
head35, 1889, 202, 126
head35, 1890, 203, 130
head35, 1891, 208, 130
head35, 1892, 209, 134
head35, 1893, 206, 134
head35, 1894, 215, 130
head35, 1897, 220, 138
head35, 1898, 221, 142
head35, 1899, 218, 142
head35, 1900, 227, 146
head35, 1901, 224, 146
head35, 1902, 225, 142
head35, 1903, 230, 150
head35, 1904, 231, 146
head35, 1905, 236, 154
head35, 1906, 237, 150
head35, 1907, 234, 158
head35, 1908, 235, 154
head35, 1909, 240, 162
head35, 1910, 241, 158
head35, 1911, 246, 166
head35, 1912, 247, 162
head35, 1913, 244, 170
head35, 1914, 245, 166
head35, 1915, 250, 166
head35, 1916, 251, 170
head35, 1917, 248, 170
head35, 1918, 249, 174
head35, 1919, 254, 174
head35, 1920, 255, 178
head35, 1921, 260, 178
head35, 1922, 261, 174
head35, 1925, 266, 182
head35, 1928, 278, 183
head35, 1929, 278, 180
head35, 1930, 282, 181
head35, 1931, 266, 202
head35, 1936, 270, 203
head35, 1937, 262, 224
head35, 1938, 266, 225
head35, 1940, 266, 222
head35, 1941, 262, 223
head35, 1942, 262, 228
head35, 1943, 266, 221
head35, 1944, 266, 226
head36, 1938, 169, 164
head36, 1943, 160, 173
head36, 1944, 167, 180
head36, 1945, 168, 178
head36, 1946, 158, 178
head36, 1947, 156, 180
head36, 1948, 156, 187
head36, 1949, 153, 187
head36, 1950, 156, 194
head36, 1951, 147, 189
head36, 1952, 145, 187
head36, 1953, 140, 187
head36, 1954, 139, 194
head36, 1955, 135, 195
head36, 1956, 127, 192
head36, 1957, 123, 193
head36, 1958, 123, 190
head36, 1959, 119, 191
head36, 1960, 119, 196
head36, 1961, 115, 197
head36, 1962, 115, 194
head36, 1963, 111, 195
head36, 1964, 127, 216
head36, 1965, 123, 217
head36, 1966, 99, 198
head36, 1967, 95, 199
head36, 1968, 71, 188
head37, 1957, 167, 76
head37, 1959, 172, 70
head37, 1960, 172, 69
head37, 1961, 165, 81
head37, 1962, 164, 89
head37, 1963, 162, 86
head37, 1964, 164, 87
head37, 1965, 162, 84
head37, 1966, 156, 93
head37, 1967, 155, 93
head37, 1968, 158, 97
head37, 1969, 157, 97
head37, 1970, 152, 93
head37, 1971, 151, 93
head37, 1972, 154, 97
head37, 1973, 153, 97
head37, 1974, 148, 101
head37, 1975, 147, 101
head37, 1976, 150, 105
head37, 1977, 149, 105
head37, 1978, 152, 93
head37, 1980, 151, 101
head37, 1981, 146, 105
head37, 1982, 145, 112
head37, 1983, 152, 111
head37, 1984, 149, 116
head37, 1985, 151, 117
head37, 1986, 145, 113
head37, 1987, 147, 121
head37, 1988, 151, 126
head37, 1989, 151, 127
head37, 1990, 147, 124
head37, 1991, 152, 126
head37, 1992, 153, 128
head37, 1993, 153, 130
head37, 1994, 149, 134
head37, 1995, 151, 136
head37, 1996, 151, 136
head37, 1997, 152, 137
head37, 1998, 152, 137
head37, 1999, 152, 138
head37, 2000, 150, 138
head37, 2001, 157, 138
head37, 2002, 153, 140
head37, 2003, 152, 142
head37, 2004, 158, 145
head37, 2005, 155, 144
head37, 2006, 154, 142
head37, 2007, 153, 143
head37, 2008, 155, 145
head37, 2009, 155, 147
head37, 2010, 152, 147
head37, 2011, 149, 147
head37, 2012, 146, 140
head37, 2013, 146, 142
head37, 2014, 141, 151
head37, 2015, 138, 139
head37, 2016, 130, 145
head37, 2017, 136, 148
head37, 2018, 130, 145
head37, 2019, 129, 146
head37, 2020, 119, 151
head37, 2021, 121, 152
head37, 2022, 117, 155
head37, 2023, 115, 156
head37, 2024, 114, 152
head37, 2025, 116, 157
head37, 2026, 114, 158
head37, 2027, 108, 155
head37, 2028, 112, 167
head37, 2029, 110, 163
head37, 2030, 116, 177
head37, 2031, 107, 176
head37, 2032, 102, 171
head37, 2033, 104, 178
head37, 2034, 102, 179
head37, 2035, 96, 184
head37, 2036, 94, 177
head37, 2037, 96, 182
head37, 2038, 94, 183
head37, 2039, 96, 180
head37, 2040, 94, 181
head37, 2041, 88, 178
head37, 2042, 94, 187
head37, 2043, 90, 188
head37, 2044, 90, 185
head38, 1951, 166, 84
head38, 1956, 164, 101
head38, 1957, 182, 122
head38, 1958, 180, 123
head38, 1959, 166, 104
head38, 1960, 164, 81
head38, 1961, 165, 81
head38, 1962, 164, 89
head38, 1963, 162, 86
head38, 1964, 164, 87
head38, 1965, 162, 84
head38, 1966, 156, 93
head38, 1967, 155, 93
head38, 1968, 158, 97
head38, 1969, 157, 97
head38, 1970, 152, 93
head38, 1971, 151, 93
head38, 1972, 154, 97
head38, 1973, 153, 97
head38, 1974, 148, 101
head38, 1975, 147, 101
head38, 1976, 150, 105
head38, 1977, 149, 105
head38, 1978, 152, 93
head38, 1979, 148, 108
head38, 1980, 147, 105
head38, 1981, 150, 106
head38, 1982, 145, 112
head38, 1983, 152, 111
head38, 1984, 149, 116
head38, 1985, 151, 117
head38, 1986, 145, 113
head38, 1987, 147, 121
head38, 1988, 151, 126
head38, 1989, 151, 127
head38, 1990, 147, 124
head38, 1991, 152, 126
head38, 1992, 153, 128
head38, 1993, 153, 130
head38, 1994, 149, 134
head38, 1995, 151, 136
head38, 1996, 151, 136
head38, 1997, 152, 137
head38, 1998, 152, 137
head38, 1999, 152, 138
head38, 2000, 150, 138
head38, 2001, 157, 138
head38, 2002, 153, 140
head38, 2003, 152, 142
head38, 2004, 158, 145
head38, 2005, 155, 144
head38, 2006, 154, 142
head38, 2007, 153, 143
head38, 2008, 155, 145
head38, 2009, 155, 147
head38, 2010, 152, 147
head38, 2011, 149, 147
head38, 2012, 146, 140
head38, 2013, 146, 142
head38, 2014, 141, 151
head38, 2015, 138, 139
head38, 2016, 130, 145
head38, 2017, 136, 148
head38, 2018, 130, 145
head38, 2019, 129, 146
head38, 2020, 119, 151
head38, 2021, 121, 152
head38, 2022, 117, 155
head38, 2023, 115, 156
head38, 2024, 114, 152
head38, 2025, 116, 157
head38, 2026, 114, 158
head38, 2027, 108, 155
head38, 2028, 112, 167
head38, 2029, 110, 163
head38, 2030, 116, 177
head38, 2031, 107, 176
head38, 2032, 102, 171
head38, 2033, 104, 178
head38, 2034, 102, 179
head38, 2035, 96, 184
head38, 2036, 94, 177
head38, 2037, 96, 182
head38, 2038, 94, 183
head38, 2039, 96, 180
head38, 2040, 94, 181
head38, 2041, 88, 178
head38, 2042, 94, 187
head38, 2043, 90, 188
head38, 2044, 90, 185
head39, 2024, 197, 123
head39, 2026, 200, 132
head39, 2027, 198, 134
head39, 2028, 202, 132
head39, 2029, 210, 132
head39, 2030, 212, 139
head39, 2031, 219, 137
head39, 2032, 214, 139
head39, 2033, 221, 137
head39, 2034, 216, 139
head39, 2035, 223, 145
head39, 2036, 226, 147
head39, 2037, 233, 145
head39, 2038, 236, 147
head39, 2039, 243, 153
head39, 2040, 246, 155
head39, 2041, 254, 157
head39, 2042, 250, 155
head39, 2043, 258, 157
head39, 2044, 262, 163
head39, 2045, 270, 165
head39, 2046, 266, 163
head39, 2047, 266, 165
head39, 2048, 270, 171
head39, 2049, 278, 173
head39, 2050, 274, 171
head39, 2051, 282, 173
head39, 2052, 283, 180
head39, 2053, 288, 181
head39, 2054, 289, 178
head39, 2055, 294, 187
head39, 2056, 295, 184
head39, 2057, 300, 185
head39, 2058, 301, 190
head39, 2059, 306, 191
head39, 2060, 315, 196
head39, 2061, 312, 197
head39, 2062, 321, 202
head39, 2063, 318, 203
head39, 2064, 319, 200
head39, 2065, 324, 201
head39, 2066, 324, 206
head39, 2067, 327, 207
head39, 2068, 327, 204
head40, 2045, 151, 123
head40, 2047, 152, 108
head40, 2048, 149, 105
head40, 2049, 150, 106
head40, 2050, 147, 103
head40, 2051, 148, 104
head40, 2052, 145, 109
head40, 2053, 146, 110
head40, 2054, 151, 123
head40, 2055, 152, 124
head40, 2056, 149, 121
head40, 2057, 150, 122
head40, 2058, 147, 127
head40, 2059, 148, 112
head40, 2060, 145, 109
head40, 2061, 154, 126
head40, 2062, 151, 123
head40, 2063, 152, 116
head40, 2065, 149, 121
head40, 2066, 150, 122
head40, 2067, 155, 127
head40, 2069, 148, 136
head40, 2070, 153, 133
head40, 2071, 154, 134
head40, 2072, 151, 131
head41, 2029, 195, 79
head41, 2030, 196, 81
head41, 2031, 195, 81
head41, 2032, 190, 77
head41, 2033, 189, 85
head41, 2034, 184, 81
head41, 2035, 191, 89
head41, 2036, 186, 85
head41, 2037, 185, 93
head41, 2038, 188, 89
head41, 2039, 187, 89
head41, 2040, 190, 93
head41, 2041, 189, 93
head41, 2042, 192, 97
head41, 2043, 191, 97
head41, 2044, 194, 101
head41, 2045, 193, 101
head41, 2046, 196, 105
head41, 2047, 195, 105
head41, 2048, 198, 101
head41, 2049, 197, 109
head41, 2050, 200, 105
head41, 2051, 199, 105
head41, 2052, 202, 109
head41, 2053, 209, 109
head41, 2054, 196, 105
head41, 2055, 195, 105
head41, 2056, 192, 104
head41, 2057, 201, 115
head41, 2058, 214, 122
head41, 2059, 223, 117
head41, 2060, 220, 124
head41, 2061, 205, 127
head41, 2062, 210, 126
head41, 2063, 227, 129
head41, 2064, 229, 134
head41, 2065, 227, 135
head41, 2066, 220, 141
head41, 2067, 233, 143
head41, 2068, 234, 149
head41, 2069, 239, 143
head41, 2070, 240, 149
head41, 2071, 245, 151
head41, 2072, 246, 149
head41, 2073, 243, 159
head41, 2074, 252, 157
head41, 2075, 249, 159
head41, 2076, 258, 157
head41, 2077, 255, 159
head41, 2078, 264, 165
head41, 2079, 269, 167
head41, 2080, 270, 165
head41, 2081, 275, 167
head41, 2082, 276, 165
head41, 2083, 281, 167
head41, 2084, 282, 165
head41, 2085, 287, 167
head41, 2086, 288, 165
head41, 2087, 293, 167
head41, 2088, 289, 168
head41, 2089, 288, 167
head41, 2092, 307, 170
head41, 2093, 306, 177
head41, 2094, 309, 172
head41, 2095, 316, 171
head41, 2096, 319, 182
head41, 2097, 318, 181
head41, 2100, 326, 184
head41, 2101, 326, 183
head41, 2102, 327, 186
head41, 2103, 327, 185
head41, 2105, 324, 196
head42, 2104, 154, 157
head42, 2105, 151, 165
head42, 2106, 149, 165
head42, 2107, 127, 153
head42, 2108, 101, 137
head42, 2109, 95, 133
head42, 2110, 93, 133
head42, 2111, 87, 137
head42, 2112, 85, 137
head42, 2113, 87, 133
head42, 2114, 85, 141
head42, 2116, 71, 137
head42, 2117, 77, 145
head42, 2119, 87, 173
head42, 2120, 109, 181
head42, 2121, 111, 179
head42, 2122, 109, 197
head42, 2123, 103, 195
head42, 2124, 104, 200
head42, 2125, 101, 191
head42, 2126, 94, 194
head42, 2127, 91, 193
head42, 2128, 94, 202
head42, 2129, 85, 199
head42, 2130, 88, 200
head42, 2132, 79, 205
head42, 2135, 74, 198
head42, 2136, 73, 211
head42, 2137, 68, 212
head42, 2138, 67, 209
head42, 2140, 62, 202
head42, 2141, 53, 199
head42, 2142, 52, 200
head42, 2143, 55, 197
head42, 2144, 54, 198
head42, 2145, 49, 203
head42, 2146, 52, 204
head42, 2147, 43, 201
head42, 2148, 36, 202
head42, 2149, 28, 207
head42, 2150, 28, 208
head42, 2152, 28, 205
head42, 2153, 28, 206
head42, 2154, 28, 211
head42, 2155, 28, 204
head42, 2156, 28, 209
head42, 2157, 28, 210
head42, 2158, 28, 207
head43, 2090, 155, 83
head43, 2092, 147, 83
head43, 2093, 143, 103
head43, 2094, 149, 89
head43, 2095, 151, 63
head43, 2096, 154, 70
head43, 2097, 155, 64
head43, 2098, 152, 62
head43, 2099, 153, 56
head43, 2104, 150, 62
head43, 2105, 151, 64
head43, 2106, 156, 70
head43, 2107, 149, 96
head43, 2108, 146, 102
head43, 2109, 147, 104
head43, 2110, 168, 126
head43, 2111, 177, 128
head43, 2112, 174, 134
head43, 2113, 175, 136
head43, 2114, 172, 134
head43, 2115, 181, 144
head43, 2116, 178, 142
head43, 2117, 179, 144
head43, 2118, 186, 154
head43, 2119, 189, 155
head43, 2120, 190, 155
head43, 2121, 193, 154
head43, 2122, 196, 162
head43, 2123, 203, 166
head43, 2124, 198, 166
head43, 2125, 205, 170
head43, 2126, 208, 170
head43, 2127, 207, 174
head43, 2128, 218, 174
head43, 2129, 217, 178
head43, 2130, 220, 178
head43, 2131, 219, 182
head43, 2132, 230, 190
head43, 2133, 237, 194
head43, 2134, 232, 194
head43, 2135, 239, 198
head43, 2136, 242, 198
head43, 2137, 249, 202
head43, 2138, 252, 210
head43, 2139, 259, 206
head43, 2140, 262, 214
head43, 2141, 261, 210
head43, 2142, 264, 210
head43, 2143, 271, 214
head43, 2144, 274, 214
head43, 2146, 289, 218
head43, 2149, 300, 218
head43, 2150, 307, 222
head43, 2151, 310, 222
head43, 2152, 309, 226
head43, 2153, 312, 218
head43, 2154, 319, 222
head43, 2155, 322, 222
head43, 2156, 321, 218
head43, 2157, 324, 218
head43, 2158, 327, 222
head43, 2159, 325, 222
head43, 2160, 309, 226
head43, 2162, 312, 234
head43, 2163, 295, 238
head43, 2164, 282, 238
head43, 2165, 281, 234
head43, 2166, 276, 242
head44, 2134, 164, 67
head44, 2135, 164, 66
head44, 2136, 168, 69
head44, 2137, 170, 76
head44, 2139, 169, 80
head44, 2140, 169, 82
head44, 2141, 165, 80
head44, 2142, 165, 82
head44, 2143, 161, 88
head44, 2144, 166, 89
head44, 2145, 168, 92
head44, 2146, 159, 94
head44, 2147, 165, 93
head44, 2148, 158, 97
head44, 2149, 155, 97
head44, 2150, 156, 102
head44, 2151, 155, 107
head44, 2152, 152, 110
head44, 2153, 147, 108
head44, 2154, 148, 110
head44, 2155, 150, 119
head44, 2156, 146, 117
head44, 2157, 143, 124
head44, 2158, 141, 125
head44, 2159, 139, 126
head44, 2160, 137, 127
head44, 2161, 133, 130
head44, 2162, 135, 132
head44, 2163, 134, 133
head44, 2164, 135, 137
head44, 2165, 127, 136
head44, 2166, 129, 139
head44, 2167, 130, 143
head44, 2168, 130, 145
head44, 2169, 128, 154
head44, 2170, 123, 148
head44, 2171, 121, 153
head44, 2172, 121, 156
head44, 2173, 117, 163
head44, 2174, 115, 170
head44, 2175, 116, 164
head44, 2176, 116, 166
head44, 2177, 115, 167
head44, 2178, 113, 168
head44, 2179, 111, 183
head44, 2180, 109, 182
head44, 2181, 103, 185
head44, 2182, 103, 196
head44, 2183, 101, 190
head44, 2184, 100, 184
head44, 2185, 95, 190
head44, 2187, 94, 184
head44, 2190, 81, 198
head45, 2189, 184, 66
head45, 2192, 184, 66
head45, 2193, 183, 66
head45, 2194, 183, 65
head45, 2195, 184, 65
head45, 2196, 185, 68
head45, 2197, 182, 67
head45, 2198, 183, 70
head45, 2199, 187, 74
head45, 2200, 187, 69
head45, 2201, 183, 68
head45, 2202, 183, 71
head45, 2203, 179, 70
head45, 2204, 179, 65
head45, 2205, 188, 75
head45, 2206, 181, 72
head45, 2207, 187, 79
head45, 2208, 186, 80
head45, 2209, 181, 78
head45, 2210, 174, 81
head45, 2211, 174, 78
head45, 2212, 171, 81
head45, 2213, 172, 84
head45, 2214, 171, 85
head45, 2215, 171, 87
head45, 2216, 171, 87
head45, 2217, 167, 83
head45, 2218, 167, 83
head45, 2219, 163, 87
head45, 2220, 163, 87
head45, 2221, 167, 91
head45, 2222, 159, 91
head45, 2223, 163, 95
head45, 2224, 160, 95
head45, 2225, 161, 99
head46, 2255, 147, 82
head46, 2256, 141, 82
head46, 2257, 147, 81
head46, 2258, 143, 80
head46, 2259, 143, 83
head46, 2260, 147, 106
head46, 2261, 147, 109
head46, 2262, 151, 100
head46, 2263, 151, 103
head46, 2264, 147, 110
head46, 2265, 147, 105
head46, 2266, 151, 104
head46, 2267, 151, 115
head46, 2268, 147, 114
head46, 2269, 155, 117
head46, 2270, 151, 116
head46, 2271, 151, 119
head46, 2272, 147, 118
head46, 2273, 147, 121
head46, 2274, 151, 120
head46, 2275, 151, 123
head46, 2276, 147, 122
head46, 2277, 147, 125
head46, 2278, 151, 124
head46, 2281, 151, 135
head46, 2282, 155, 134
head46, 2283, 147, 137
head47, 2284, 164, 75
head47, 2285, 167, 72
head47, 2286, 158, 73
head47, 2287, 161, 78
head47, 2288, 164, 82
head47, 2289, 163, 82
head47, 2290, 168, 81
head47, 2291, 167, 81
head47, 2292, 168, 81
head47, 2293, 169, 82
head47, 2294, 170, 82
head47, 2295, 169, 87
head47, 2296, 164, 88
head47, 2297, 163, 85
head47, 2298, 174, 87
head47, 2299, 168, 95
head47, 2300, 171, 92
head47, 2301, 170, 93
head47, 2302, 173, 98
head47, 2303, 172, 99
head47, 2304, 175, 96
head47, 2305, 174, 97
head47, 2306, 177, 102
head47, 2307, 176, 103
head47, 2308, 179, 100
head47, 2309, 183, 107
head47, 2310, 183, 102
head47, 2311, 179, 101
head47, 2312, 183, 106
head47, 2313, 187, 110
head47, 2314, 183, 107
head47, 2315, 188, 111
head47, 2316, 184, 109
head47, 2317, 185, 110
head47, 2318, 189, 114
head47, 2319, 187, 114
head47, 2320, 184, 114
head47, 2321, 187, 118
head47, 2322, 187, 119
head47, 2323, 187, 119
head47, 2324, 187, 121
head47, 2325, 187, 123
head47, 2326, 193, 123
head47, 2327, 193, 123
head47, 2328, 186, 127
head47, 2329, 186, 130
head47, 2330, 187, 132
head47, 2331, 193, 132
head47, 2332, 193, 133
head47, 2333, 192, 134
head47, 2334, 192, 141
head47, 2335, 193, 138
head47, 2336, 193, 139
head47, 2337, 187, 143
head47, 2338, 187, 152
head47, 2339, 188, 146
head47, 2340, 186, 153
head47, 2341, 192, 152
head47, 2342, 200, 153
head47, 2343, 193, 154
head47, 2344, 189, 157
head47, 2345, 190, 156
head47, 2346, 191, 156
head47, 2347, 199, 159
head47, 2348, 202, 164
head47, 2350, 201, 157
head47, 2352, 180, 170
head47, 2353, 179, 171
head47, 2354, 183, 173
head47, 2357, 191, 171
head47, 2359, 195, 173
head47, 2363, 203, 171
head48, 2385, 267, 170
head48, 2386, 262, 174
head48, 2387, 264, 174
head48, 2388, 265, 182
head48, 2389, 268, 176
head48, 2390, 265, 184
head48, 2391, 266, 184
head48, 2392, 269, 183
head48, 2393, 272, 185
head48, 2394, 266, 188
head48, 2395, 274, 187
head48, 2396, 267, 195
head48, 2398, 274, 187
head48, 2400, 273, 196
head48, 2401, 274, 196
head48, 2402, 274, 197
head48, 2403, 278, 190
head48, 2404, 276, 197
head48, 2406, 270, 192
head48, 2407, 276, 191
head48, 2408, 279, 196
head48, 2409, 281, 196
head48, 2410, 279, 192
head48, 2411, 281, 193
head48, 2412, 279, 190
head48, 2413, 257, 207
head49, 2230, 160, 105
head49, 2231, 165, 113
head49, 2232, 163, 111
head49, 2233, 163, 118
head49, 2234, 159, 113
head49, 2235, 162, 125
head49, 2236, 159, 127
head49, 2237, 159, 128
head49, 2238, 155, 125
head49, 2239, 155, 126
head49, 2240, 159, 131
head49, 2241, 159, 130
head49, 2242, 155, 125
head49, 2243, 155, 132
head49, 2244, 151, 127
head49, 2245, 151, 126
head49, 2246, 147, 129
head49, 2247, 147, 128
head49, 2248, 151, 131
head49, 2249, 143, 130
head49, 2250, 147, 133
head49, 2251, 139, 132
head49, 2252, 135, 135
head49, 2253, 135, 134
head49, 2254, 131, 129
head49, 2255, 131, 136
head49, 2256, 119, 131
head49, 2257, 119, 130
head49, 2258, 115, 133
head49, 2259, 115, 132
head49, 2260, 112, 136
head49, 2261, 111, 134
head49, 2262, 110, 135
head49, 2263, 110, 127
head49, 2264, 107, 133
head49, 2265, 107, 133
head49, 2266, 106, 131
head49, 2267, 108, 128
head49, 2268, 107, 128
head49, 2269, 108, 129
head49, 2270, 106, 124
head49, 2271, 106, 128
head49, 2272, 105, 127
head49, 2273, 105, 122
head49, 2274, 106, 124
head49, 2275, 107, 126
head49, 2276, 108, 126
head49, 2277, 107, 125
head49, 2278, 104, 121
head49, 2279, 100, 124
head49, 2280, 99, 124
head49, 2281, 99, 124
head49, 2282, 106, 123
head49, 2283, 106, 123
head49, 2284, 106, 123
head49, 2285, 101, 122
head49, 2286, 100, 122
head49, 2287, 100, 122
head49, 2288, 100, 122
head49, 2289, 100, 122
head49, 2290, 99, 118
head49, 2291, 99, 118
head49, 2292, 101, 119
head49, 2293, 101, 122
head49, 2294, 100, 122
head49, 2295, 102, 122
head49, 2296, 101, 122
head49, 2297, 101, 122
head49, 2298, 101, 119
head49, 2299, 100, 118
head49, 2300, 102, 120
head49, 2301, 101, 119
head49, 2302, 99, 118
head49, 2303, 100, 118
head49, 2304, 101, 119
head49, 2305, 101, 119
head49, 2306, 103, 120
head49, 2307, 108, 127
head49, 2308, 102, 125
head49, 2309, 100, 119
head49, 2310, 102, 117
head49, 2311, 111, 126
head49, 2312, 100, 123
head49, 2313, 101, 116
head49, 2314, 106, 121
head49, 2315, 107, 122
head49, 2316, 104, 119
head49, 2317, 105, 120
head49, 2318, 102, 117
head49, 2319, 103, 118
head49, 2320, 100, 115
head49, 2321, 101, 116
head49, 2322, 106, 121
head49, 2323, 107, 122
head49, 2324, 104, 119
head49, 2325, 105, 120
head49, 2326, 102, 117
head49, 2327, 103, 118
head49, 2328, 100, 115
head49, 2329, 101, 116
head49, 2330, 106, 121
head49, 2331, 107, 122
head49, 2332, 104, 119
head49, 2333, 105, 120
head49, 2334, 102, 117
head49, 2335, 103, 118
head49, 2336, 100, 115
head49, 2337, 101, 116
head49, 2338, 106, 121
head49, 2339, 107, 122
head49, 2340, 104, 119
head49, 2341, 105, 120
head49, 2342, 102, 125
head49, 2343, 103, 118
head49, 2344, 100, 123
head49, 2345, 101, 124
head49, 2346, 106, 121
head49, 2347, 99, 122
head49, 2348, 104, 127
head49, 2349, 105, 120
head49, 2350, 102, 125
head49, 2351, 103, 126
head49, 2352, 100, 123
head49, 2353, 101, 124
head49, 2354, 98, 121
head49, 2355, 99, 122
head49, 2356, 104, 127
head49, 2357, 105, 126
head49, 2358, 105, 126
head49, 2359, 105, 125
head49, 2360, 105, 125
head49, 2361, 105, 125
head49, 2362, 105, 124
head49, 2363, 105, 123
head49, 2364, 105, 123
head49, 2365, 105, 122
head49, 2366, 105, 122
head49, 2367, 105, 126
head49, 2368, 105, 125
head49, 2369, 105, 130
head49, 2370, 105, 130
head49, 2371, 104, 129
head49, 2372, 105, 130
head49, 2373, 105, 130
head49, 2374, 105, 130
head49, 2375, 105, 130
head49, 2376, 105, 130
head49, 2377, 105, 130
head49, 2378, 105, 130
head49, 2379, 105, 125
head49, 2380, 105, 130
head49, 2381, 98, 125
head49, 2382, 106, 125
head49, 2383, 106, 126
head49, 2384, 107, 128
head49, 2385, 104, 126
head49, 2386, 97, 120
head49, 2387, 102, 126
head49, 2388, 103, 128
head49, 2389, 100, 126
head49, 2390, 101, 128
head49, 2391, 106, 126
head49, 2392, 99, 120
head49, 2393, 104, 126
head49, 2394, 105, 128
head49, 2395, 102, 126
head49, 2396, 95, 120
head49, 2397, 100, 126
head49, 2398, 101, 128
head49, 2399, 98, 126
head49, 2400, 99, 120
head49, 2401, 104, 126
head49, 2402, 97, 120
head49, 2403, 102, 126
head49, 2404, 95, 120
head49, 2405, 100, 126
head49, 2406, 101, 128
head49, 2407, 98, 126
head49, 2408, 99, 120
head49, 2409, 104, 126
head49, 2410, 97, 120
head49, 2411, 102, 126
head49, 2412, 103, 128
head49, 2413, 100, 126
head49, 2414, 101, 120
head49, 2415, 106, 126
head49, 2416, 99, 120
head49, 2417, 104, 126
head49, 2418, 105, 128
head49, 2419, 102, 126
head49, 2420, 103, 120
head49, 2421, 100, 126
head49, 2422, 101, 120
head49, 2423, 106, 126
head49, 2424, 99, 120
head49, 2425, 104, 126
head49, 2426, 105, 128
head49, 2427, 102, 126
head49, 2428, 103, 120
head49, 2429, 100, 126
head49, 2430, 101, 120
head49, 2431, 106, 126
head49, 2432, 99, 120
head49, 2433, 104, 126
head49, 2434, 97, 120
head49, 2435, 102, 126
head49, 2436, 103, 120
head49, 2437, 100, 126
head49, 2438, 101, 120
head49, 2439, 106, 126
head49, 2440, 99, 120
head49, 2441, 104, 126
head49, 2442, 105, 120
head49, 2443, 102, 126
head49, 2444, 103, 120
head49, 2445, 100, 118
head49, 2446, 101, 120
head49, 2447, 106, 126
head49, 2448, 99, 120
head49, 2449, 104, 126
head49, 2450, 105, 120
head49, 2451, 102, 126
head49, 2452, 103, 120
head49, 2453, 108, 126
head49, 2454, 101, 120
head49, 2455, 106, 126
head49, 2456, 99, 120
head49, 2457, 104, 126
head49, 2458, 105, 120
head49, 2459, 102, 126
head49, 2460, 103, 120
head49, 2461, 100, 118
head49, 2462, 101, 120
head49, 2463, 106, 126
head49, 2464, 99, 120
head49, 2465, 104, 126
head49, 2466, 97, 120
head49, 2467, 102, 126
head49, 2468, 103, 120
head49, 2469, 100, 118
head49, 2470, 101, 120
head49, 2471, 98, 118
head49, 2472, 99, 120
head49, 2473, 104, 126
head49, 2474, 105, 120
head49, 2475, 102, 126
head49, 2476, 103, 120
head49, 2477, 100, 118
head49, 2478, 101, 120
head49, 2479, 98, 118
head49, 2480, 99, 120
head49, 2481, 104, 126
head49, 2482, 97, 120
head49, 2483, 102, 126
head49, 2484, 95, 120
head49, 2485, 100, 126
head49, 2486, 101, 128
head49, 2487, 106, 134
head49, 2488, 99, 128
head49, 2489, 104, 134
head49, 2490, 105, 136
head49, 2494, 94, 134
head49, 2495, 95, 128
head49, 2496, 92, 134
head49, 2497, 93, 136
head49, 2498, 98, 134
head49, 2499, 107, 152
head49, 2500, 112, 150
head49, 2502, 105, 152
head49, 2503, 110, 158
head49, 2504, 103, 144
head49, 2505, 108, 126
head49, 2506, 109, 128
head49, 2507, 114, 126
head49, 2508, 115, 128
head49, 2509, 120, 126
head49, 2510, 121, 128
head49, 2511, 126, 126
head49, 2512, 127, 120
head49, 2513, 134, 128
head49, 2514, 134, 128
head49, 2515, 135, 127
head49, 2516, 143, 127
head49, 2517, 144, 126
head49, 2518, 149, 113
head49, 2519, 150, 112
head49, 2520, 147, 107
head49, 2521, 148, 106
head49, 2522, 153, 109
head49, 2523, 154, 108
head49, 2524, 151, 103
head49, 2525, 152, 102
head49, 2526, 157, 105
head49, 2527, 158, 96
