head0, 382, 237, 185
head0, 383, 237, 185
head0, 384, 233, 181
head0, 385, 236, 182
head0, 386, 235, 179
head0, 387, 235, 179
head0, 388, 231, 175
head0, 389, 231, 175
head0, 390, 235, 171
head0, 391, 238, 176
head0, 393, 237, 169
head0, 394, 232, 166
head0, 395, 231, 167
head0, 396, 234, 164
head0, 397, 233, 165
head0, 398, 236, 162
head0, 399, 235, 163
head0, 400, 235, 160
head0, 401, 231, 161
head0, 402, 231, 158
head0, 403, 235, 159
head1, 328, 163, 194
head1, 330, 168, 190
head1, 331, 169, 189
head1, 332, 172, 188
head1, 333, 174, 187
head1, 334, 176, 178
head1, 335, 179, 184
head1, 336, 181, 177
head1, 337, 183, 173
head1, 338, 181, 177
head1, 339, 184, 175
head1, 340, 180, 175
head1, 341, 182, 173
head1, 342, 182, 174
head1, 343, 183, 171
head1, 344, 183, 172
head1, 345, 188, 167
head1, 346, 182, 166
head1, 347, 180, 161
head1, 348, 182, 160
head1, 349, 178, 169
head1, 350, 178, 158
head1, 351, 182, 159
head1, 352, 182, 156
head1, 353, 178, 157
head1, 354, 178, 154
head1, 355, 174, 155
head1, 356, 174, 152
head1, 357, 178, 153
head1, 358, 170, 150
head1, 359, 174, 151
head1, 360, 174, 148
head1, 361, 170, 141
head1, 362, 170, 146
head1, 363, 166, 139
head1, 364, 165, 148
head1, 365, 170, 147
head1, 366, 166, 147
head1, 367, 166, 135
head1, 368, 168, 144
head1, 369, 166, 133
head1, 370, 168, 134
head1, 371, 166, 131
head1, 372, 168, 132
head1, 373, 166, 129
head1, 374, 168, 130
head1, 375, 166, 127
head1, 376, 168, 120
head1, 377, 166, 117
head1, 378, 168, 118
head1, 379, 174, 115
head1, 380, 176, 116
head1, 381, 171, 114
head1, 382, 178, 108
head1, 383, 176, 106
head1, 384, 182, 104
head1, 385, 183, 97
head1, 386, 183, 97
head1, 387, 183, 95
head1, 388, 186, 89
head1, 389, 180, 86
head1, 390, 187, 87
head1, 391, 183, 92
head1, 392, 180, 86
head1, 393, 185, 84
head1, 394, 181, 86
head1, 395, 181, 79
head1, 396, 182, 78
head1, 397, 182, 78
head1, 398, 179, 77
head1, 399, 180, 76
head1, 400, 177, 71
head1, 401, 170, 70
head1, 402, 175, 65
head1, 403, 168, 64
head1, 404, 149, 59
head2, 353, 75, 174
head2, 356, 76, 173
head2, 357, 73, 176
head2, 358, 74, 175
head2, 359, 79, 170
head2, 360, 80, 169
head2, 361, 77, 172
head2, 362, 81, 177
head2, 363, 81, 178
head2, 364, 77, 167
head2, 365, 77, 168
head2, 366, 73, 165
head2, 367, 78, 173
head2, 368, 79, 169
head2, 369, 76, 169
head2, 370, 85, 173
head2, 371, 82, 165
head2, 372, 82, 163
head2, 373, 78, 165
head2, 374, 62, 147
head2, 375, 60, 149
head2, 376, 62, 147
head2, 377, 84, 157
head2, 378, 86, 155
head2, 379, 84, 157
head2, 380, 87, 155
head2, 381, 88, 151
head2, 382, 69, 151
head2, 383, 62, 147
head2, 384, 67, 147
head2, 385, 68, 151
head2, 386, 65, 151
head2, 387, 66, 147
head2, 388, 71, 147
head2, 389, 64, 151
head2, 390, 69, 151
head2, 391, 70, 147
head2, 392, 67, 147
head2, 393, 68, 151
head2, 394, 73, 159
head2, 395, 74, 179
head2, 396, 71, 203
head2, 397, 88, 207
head2, 398, 85, 207
head2, 399, 86, 203
head2, 400, 91, 203
head2, 401, 100, 215
head2, 403, 97, 207
head2, 404, 98, 203
head2, 405, 87, 195
head2, 407, 88, 191
head2, 409, 93, 191
head2, 410, 102, 195
head2, 411, 99, 219
head3, 369, 208, 196
head3, 373, 190, 196
head3, 374, 184, 192
head3, 375, 184, 190
head3, 376, 180, 184
head3, 377, 180, 192
head3, 378, 176, 188
head3, 379, 176, 188
head3, 380, 172, 184
head3, 381, 172, 184
head3, 382, 168, 180
head3, 383, 168, 172
head3, 384, 164, 176
head3, 385, 164, 176
head3, 386, 167, 169
head3, 387, 166, 174
head3, 388, 161, 167
head3, 389, 164, 170
head3, 390, 163, 169
head3, 391, 166, 164
head3, 392, 165, 163
head3, 393, 168, 166
head3, 394, 167, 165
head3, 395, 170, 160
head3, 396, 169, 159
head3, 397, 172, 154
head3, 398, 171, 153
head3, 399, 174, 164
head3, 401, 157, 163
head3, 402, 136, 166
head3, 403, 135, 157
head3, 404, 138, 160
head3, 405, 145, 159
head3, 406, 140, 154
head3, 408, 143, 154
head3, 409, 150, 150
head3, 410, 145, 150
head3, 411, 153, 151
head3, 412, 150, 146
head3, 413, 151, 145
head3, 414, 155, 144
head3, 415, 147, 139
head3, 416, 151, 130
head3, 417, 156, 132
head3, 418, 151, 125
head3, 419, 157, 129
head3, 420, 151, 121
head3, 421, 157, 117
head3, 422, 151, 109
head3, 423, 157, 105
head3, 424, 161, 97
head3, 425, 145, 93
head3, 426, 149, 101
head3, 427, 157, 89
head3, 428, 161, 89
head3, 429, 161, 85
head3, 430, 165, 69
head3, 431, 165, 73
head3, 432, 161, 65
head3, 433, 145, 77
head3, 434, 141, 69
head3, 435, 141, 65
head3, 436, 137, 65
head3, 437, 137, 61
head3, 438, 141, 61
head3, 439, 141, 65
head3, 440, 145, 65
head3, 441, 145, 61
head4, 408, 151, 106
head4, 409, 150, 112
head4, 410, 145, 106
head4, 411, 152, 104
head4, 412, 147, 106
head4, 413, 146, 90
head4, 414, 149, 86
head4, 415, 147, 90
head4, 416, 149, 98
head4, 420, 155, 118
head4, 421, 141, 142
head4, 422, 147, 146
head4, 423, 148, 134
head4, 424, 145, 126
head4, 426, 154, 130
head4, 430, 151, 114
head4, 431, 160, 110
head4, 432, 157, 110
head4, 433, 158, 106
head4, 434, 163, 106
head4, 435, 156, 102
head4, 436, 161, 94
head4, 438, 170, 66
head4, 439, 183, 68
head4, 440, 192, 82
head4, 441, 189, 84
head4, 442, 190, 82
head4, 443, 195, 84
head4, 444, 188, 82
head4, 445, 161, 76
head4, 447, 146, 90
head4, 448, 143, 84
head4, 449, 144, 82
head4, 450, 141, 84
head4, 451, 142, 82
head4, 452, 147, 84
head4, 453, 164, 98
head5, 425, 71, 152
head5, 426, 72, 153
head5, 427, 73, 152
head5, 428, 74, 150
head5, 429, 71, 152
head5, 430, 76, 152
head5, 431, 77, 150
head5, 432, 74, 144
head5, 433, 83, 150
head5, 434, 80, 144
head5, 435, 81, 142
head5, 436, 84, 144
head5, 437, 83, 142
head5, 438, 92, 141
head5, 439, 89, 136
head5, 440, 89, 138
head5, 441, 93, 133
head5, 442, 95, 132
head5, 443, 93, 127
head5, 444, 96, 130
head5, 445, 95, 129
head5, 446, 94, 129
head5, 447, 97, 131
head5, 448, 96, 129
head5, 449, 98, 129
head5, 450, 105, 129
head5, 451, 100, 125
head5, 452, 107, 125
head5, 453, 111, 125
head5, 454, 111, 121
head5, 455, 112, 129
head5, 456, 114, 122
head5, 457, 119, 125
head5, 458, 120, 124
head5, 459, 120, 125
head5, 460, 122, 126
head5, 461, 120, 123
head5, 462, 122, 123
head6, 436, 201, 151
head6, 437, 201, 151
head6, 438, 201, 150
head6, 439, 200, 149
head6, 440, 199, 147
head6, 441, 200, 147
head6, 442, 199, 146
head6, 443, 198, 143
head6, 444, 199, 144
head6, 445, 198, 142
head6, 446, 198, 140
head6, 447, 198, 137
head6, 448, 197, 134
head6, 449, 200, 134
head6, 450, 198, 130
head6, 451, 200, 133
head6, 452, 198, 127
head6, 453, 199, 126
head6, 454, 201, 129
head6, 455, 191, 120
head6, 456, 202, 126
head6, 457, 193, 120
head6, 458, 196, 118
head6, 459, 198, 119
head6, 460, 194, 116
head6, 461, 196, 116
head6, 462, 194, 116
head6, 463, 192, 114
head6, 464, 192, 114
head6, 465, 192, 113
head6, 466, 188, 108
head6, 467, 187, 108
head6, 468, 187, 108
head6, 469, 183, 112
head6, 470, 183, 112
head6, 471, 179, 108
head6, 472, 178, 105
head6, 473, 178, 103
head6, 474, 178, 104
head6, 475, 178, 104
head6, 476, 179, 105
head6, 477, 175, 102
head6, 478, 183, 99
head6, 479, 179, 92
head6, 480, 179, 89
head6, 481, 175, 90
head6, 482, 175, 87
head6, 483, 179, 80
head6, 484, 179, 77
head6, 485, 185, 78
head6, 486, 180, 77
head6, 487, 182, 73
head6, 488, 188, 65
head6, 489, 182, 69
head6, 490, 188, 69
head6, 491, 190, 65
head6, 492, 188, 65
head7, 434, 272, 138
head7, 435, 270, 137
head7, 436, 271, 138
head7, 437, 267, 142
head7, 438, 267, 134
head7, 439, 262, 139
head7, 440, 264, 139
head7, 441, 268, 138
head7, 442, 260, 141
head7, 443, 256, 140
head7, 444, 256, 135
head7, 445, 261, 137
head7, 446, 259, 136
head7, 447, 257, 136
head7, 448, 259, 136
head7, 449, 262, 136
head7, 450, 260, 134
head7, 451, 254, 136
head7, 452, 252, 134
head7, 453, 254, 128
head7, 454, 260, 132
head7, 455, 253, 131
head7, 456, 252, 130
head7, 457, 251, 130
head7, 458, 259, 130
head7, 459, 252, 130
head7, 460, 252, 129
head7, 461, 249, 129
head7, 462, 252, 129
head7, 463, 249, 129
head7, 464, 250, 129
head7, 465, 250, 129
head7, 466, 249, 129
head7, 467, 245, 129
head7, 468, 245, 125
head7, 469, 241, 129
head7, 470, 241, 129
head7, 471, 237, 125
head7, 472, 237, 125
head7, 473, 240, 131
head7, 474, 239, 131
head7, 475, 234, 127
head7, 476, 233, 127
head7, 477, 235, 131
head7, 478, 235, 129
head7, 479, 236, 129
head7, 480, 230, 129
head7, 481, 231, 129
head7, 482, 230, 130
head7, 483, 225, 127
head7, 484, 220, 129
head7, 485, 218, 129
head7, 486, 220, 125
head7, 487, 216, 129
head7, 488, 216, 129
head7, 489, 212, 125
head7, 490, 212, 125
head7, 491, 216, 127
head7, 493, 213, 125
head7, 494, 208, 122
head7, 495, 212, 120
head7, 496, 211, 119
head7, 497, 206, 111
head7, 498, 205, 110
head7, 499, 211, 115
head7, 500, 204, 108
head7, 501, 204, 109
head7, 502, 205, 108
head7, 503, 202, 103
head7, 504, 196, 104
head7, 505, 203, 104
head7, 506, 197, 106
head7, 507, 199, 105
head7, 508, 201, 98
head7, 509, 191, 95
head7, 510, 193, 96
head7, 511, 191, 93
head7, 512, 193, 94
head7, 513, 191, 91
head7, 514, 188, 94
head7, 515, 186, 92
head7, 516, 189, 89
head7, 517, 189, 87
head7, 518, 185, 85
head7, 519, 183, 83
head7, 520, 182, 81
head7, 521, 182, 80
head7, 522, 181, 78
head7, 523, 181, 77
head7, 524, 177, 72
head7, 525, 180, 70
head7, 526, 179, 74
head7, 527, 182, 66
head7, 528, 181, 70
head8, 419, 142, 219
head8, 420, 141, 222
head8, 421, 142, 225
head8, 422, 142, 219
head8, 423, 150, 225
head8, 424, 151, 224
head8, 425, 150, 222
head8, 426, 152, 222
head8, 427, 155, 226
head8, 428, 156, 224
head8, 429, 151, 220
head8, 430, 154, 222
head8, 431, 159, 223
head8, 432, 157, 224
head8, 433, 158, 221
head8, 434, 158, 220
head8, 435, 158, 214
head8, 436, 160, 214
head8, 437, 152, 215
head8, 438, 154, 215
head8, 439, 156, 216
head8, 440, 158, 217
head8, 441, 154, 214
head8, 442, 155, 207
head8, 443, 156, 209
head8, 444, 156, 209
head8, 445, 149, 203
head8, 446, 149, 211
head8, 447, 145, 207
head8, 448, 151, 211
head8, 449, 145, 203
head8, 450, 143, 199
head8, 451, 145, 199
head8, 452, 149, 208
head8, 453, 141, 197
head8, 454, 147, 204
head8, 455, 141, 199
head8, 456, 139, 198
head8, 457, 141, 193
head8, 458, 139, 192
head8, 459, 141, 195
head8, 460, 139, 194
head8, 461, 140, 195
head8, 462, 141, 194
head8, 463, 141, 192
head8, 464, 141, 192
head8, 465, 142, 191
head8, 466, 141, 187
head8, 467, 142, 188
head8, 468, 144, 185
head8, 469, 144, 186
head8, 470, 145, 184
head8, 471, 144, 181
head8, 472, 148, 180
head8, 473, 146, 177
head8, 474, 150, 175
head8, 475, 146, 182
head8, 476, 150, 182
head8, 477, 151, 173
head8, 478, 151, 175
head8, 479, 151, 177
head8, 480, 154, 171
head8, 481, 152, 177
head8, 482, 153, 169
head8, 483, 155, 172
head8, 484, 156, 174
head8, 485, 156, 173
head8, 486, 157, 174
head8, 487, 156, 173
head8, 488, 156, 173
head8, 489, 149, 165
head8, 490, 157, 171
head8, 491, 158, 171
head8, 492, 150, 171
head8, 493, 158, 171
head8, 494, 150, 163
head8, 495, 158, 166
head8, 496, 158, 163
head8, 497, 157, 165
head8, 498, 158, 166
head8, 499, 156, 164
head8, 500, 160, 167
head8, 501, 161, 164
head8, 502, 159, 165
head8, 503, 161, 164
head8, 504, 159, 157
head8, 505, 162, 163
head8, 506, 162, 158
head8, 507, 160, 160
head8, 508, 155, 153
head8, 509, 159, 153
head8, 510, 159, 153
head8, 511, 157, 155
head8, 512, 157, 154
head8, 513, 156, 154
head8, 514, 157, 154
head8, 515, 158, 154
head8, 516, 157, 153
head8, 517, 158, 153
head8, 518, 152, 153
head8, 519, 153, 156
head8, 520, 153, 156
head8, 521, 153, 153
head8, 522, 151, 155
head8, 523, 149, 156
head8, 524, 148, 154
head8, 525, 148, 154
head8, 526, 148, 154
head8, 527, 144, 150
head8, 528, 144, 150
head8, 529, 148, 154
head8, 530, 148, 154
head8, 531, 144, 150
head8, 532, 144, 150
head8, 533, 148, 154
head8, 534, 140, 154
head8, 535, 144, 158
head8, 536, 144, 157
head9, 569, 152, 113
head9, 570, 153, 120
head9, 571, 153, 112
head9, 572, 149, 108
head9, 573, 149, 108
head9, 574, 153, 112
head9, 575, 153, 104
head9, 576, 157, 108
head9, 577, 157, 108
head9, 578, 153, 104
head9, 579, 153, 96
head9, 580, 157, 100
head9, 581, 157, 100
head9, 582, 161, 96
head9, 583, 154, 101
head9, 584, 161, 90
head9, 585, 162, 87
head9, 586, 153, 83
head9, 587, 156, 83
head9, 588, 155, 82
head9, 589, 156, 80
head9, 590, 155, 77
head9, 591, 156, 75
head9, 592, 156, 73
head9, 593, 157, 69
head9, 594, 156, 65
head9, 595, 156, 67
head9, 596, 157, 62
head9, 597, 152, 72
head9, 598, 151, 78
head9, 599, 154, 64
head9, 600, 153, 70
head9, 601, 156, 72
head9, 602, 155, 70
head9, 603, 158, 64
head9, 604, 157, 70
head9, 605, 160, 64
head9, 606, 159, 62
head9, 607, 162, 64
head9, 608, 169, 70
head9, 612, 172, 64
head9, 613, 171, 70
head9, 614, 150, 80
head10, 528, 84, 162
head10, 530, 78, 155
head10, 531, 77, 157
head10, 532, 78, 152
head10, 533, 79, 152
head10, 534, 76, 148
head10, 535, 77, 148
head10, 537, 84, 151
head10, 538, 79, 150
head10, 539, 84, 142
head10, 540, 83, 148
head10, 541, 78, 142
head10, 542, 77, 148
head10, 543, 80, 142
head10, 544, 86, 139
head10, 545, 80, 140
head10, 546, 87, 138
head10, 547, 88, 139
head10, 548, 85, 144
head10, 549, 85, 144
head10, 550, 86, 144
head10, 551, 83, 140
head10, 552, 84, 140
head10, 557, 89, 144
head10, 558, 82, 136
head10, 559, 87, 140
head10, 560, 88, 140
head10, 561, 85, 136
head10, 562, 89, 135
head10, 563, 89, 138
head10, 564, 93, 137
head10, 565, 93, 132
head10, 566, 95, 134
head10, 567, 93, 132
head10, 568, 95, 134
head10, 569, 93, 132
head10, 570, 96, 131
head10, 571, 103, 135
head10, 572, 104, 128
head10, 573, 103, 139
head10, 574, 111, 134
head10, 575, 112, 133
head10, 576, 111, 132
head10, 577, 112, 132
head10, 578, 112, 124
head10, 579, 115, 126
head10, 580, 113, 122
head10, 581, 118, 126
head10, 582, 112, 128
head10, 583, 117, 128
head10, 584, 116, 127
head10, 585, 117, 120
head10, 586, 121, 116
head10, 587, 121, 118
head10, 588, 122, 120
head10, 589, 123, 120
head10, 590, 120, 116
head10, 591, 121, 116
head10, 592, 118, 112
head10, 593, 119, 120
head10, 594, 124, 116
head10, 595, 125, 116
head10, 596, 130, 112
head10, 597, 131, 112
head10, 598, 128, 116
head10, 599, 133, 109
head10, 600, 135, 116
head10, 601, 137, 114
head10, 602, 135, 117
head10, 603, 136, 116
head10, 604, 141, 111
head10, 605, 142, 110
head10, 606, 139, 113
head10, 607, 142, 105
head10, 608, 141, 109
head10, 609, 144, 109
head10, 610, 143, 113
head10, 611, 141, 113
head10, 612, 141, 117
head10, 613, 141, 118
head10, 614, 145, 107
head10, 615, 144, 117
head11, 534, 107, 222
head11, 539, 102, 211
head11, 540, 101, 212
head11, 541, 96, 209
head11, 542, 103, 210
head11, 543, 98, 207
head11, 544, 97, 208
head11, 545, 100, 213
head11, 546, 115, 230
head11, 547, 118, 227
head11, 548, 117, 228
head11, 549, 96, 209
head11, 550, 95, 210
head11, 551, 98, 207
head11, 552, 97, 208
head11, 553, 116, 229
head11, 554, 115, 230
head11, 555, 118, 227
head11, 556, 117, 228
head11, 557, 120, 225
head11, 558, 119, 226
head11, 559, 98, 207
head11, 560, 97, 208
head11, 561, 103, 196
head11, 562, 105, 196
head11, 563, 103, 192
head11, 564, 105, 192
head11, 565, 106, 199
head11, 566, 106, 192
head11, 567, 106, 192
head11, 568, 106, 192
head11, 569, 110, 188
head11, 570, 110, 188
head11, 571, 106, 192
head11, 572, 115, 190
head11, 573, 116, 187
head11, 574, 116, 191
head11, 575, 118, 191
head11, 576, 117, 193
head11, 577, 117, 191
head11, 578, 121, 185
head11, 579, 118, 191
head11, 580, 120, 189
head11, 581, 118, 201
head11, 582, 119, 185
head11, 583, 116, 181
head11, 584, 120, 176
head11, 585, 120, 175
head11, 586, 121, 180
head11, 587, 127, 180
head11, 588, 125, 180
head11, 589, 125, 180
head11, 590, 121, 174
head11, 591, 122, 173
head11, 592, 122, 175
head11, 593, 122, 174
head11, 594, 125, 171
head11, 595, 116, 164
head11, 596, 119, 169
head11, 597, 118, 170
head11, 598, 121, 167
head11, 599, 120, 168
head11, 600, 123, 165
head11, 601, 122, 166
head11, 602, 125, 163
head11, 603, 124, 164
head11, 604, 119, 161
head11, 605, 126, 162
head11, 606, 121, 159
head11, 607, 124, 158
head11, 608, 133, 161
head11, 609, 133, 161
head11, 610, 130, 153
head11, 611, 131, 157
head11, 612, 136, 157
head11, 613, 137, 153
head11, 614, 144, 152
head11, 615, 139, 147
head11, 616, 147, 152
head11, 617, 146, 156
head11, 618, 147, 155
head11, 619, 150, 151
head11, 620, 151, 147
head11, 621, 148, 147
head11, 622, 152, 148
head11, 623, 153, 150
head11, 624, 153, 146
head11, 625, 153, 145
head11, 626, 149, 148
head11, 627, 155, 146
head11, 628, 149, 124
head11, 629, 147, 98
head12, 638, 148, 229
head12, 639, 149, 228
head12, 640, 149, 227
head12, 641, 146, 227
head12, 642, 146, 226
head12, 643, 150, 226
head12, 644, 150, 224
head12, 645, 149, 225
head12, 646, 150, 225
head12, 647, 148, 225
head12, 648, 142, 221
head12, 649, 149, 219
head12, 650, 148, 217
head12, 651, 147, 217
head12, 652, 146, 223
head12, 653, 145, 223
head12, 654, 145, 215
head12, 655, 145, 214
head12, 656, 141, 209
head12, 657, 141, 208
head12, 658, 137, 211
head12, 659, 137, 202
head12, 660, 133, 205
head12, 661, 133, 204
head12, 662, 129, 199
head12, 663, 129, 198
head12, 664, 133, 201
head13, 527, 183, 113
head13, 528, 182, 104
head13, 529, 189, 103
head13, 530, 189, 103
head13, 531, 185, 107
head13, 532, 181, 102
head13, 533, 165, 109
head13, 534, 161, 104
head13, 535, 161, 103
head13, 536, 181, 106
head13, 537, 187, 104
head13, 538, 189, 106
head13, 539, 187, 104
head13, 541, 197, 106
head13, 542, 187, 104
head13, 543, 165, 90
head13, 544, 164, 91
head13, 545, 166, 88
head13, 547, 148, 65
head13, 548, 150, 60
head13, 549, 164, 75
head13, 550, 190, 70
head13, 551, 196, 85
head13, 552, 190, 80
head13, 554, 196, 79
head13, 555, 198, 82
head13, 556, 196, 81
head13, 557, 198, 76
head13, 558, 196, 59
head13, 559, 190, 60
head13, 560, 172, 81
head13, 561, 179, 83
head13, 562, 180, 82
head13, 563, 183, 81
head13, 564, 180, 75
head13, 565, 182, 74
head13, 566, 181, 73
head13, 567, 186, 76
head13, 568, 187, 67
head13, 569, 192, 73
head13, 570, 185, 67
head13, 571, 190, 65
head13, 575, 191, 83
head13, 576, 188, 105
head13, 580, 181, 147
head13, 581, 186, 169
head13, 582, 171, 211
head13, 583, 160, 233
head13, 584, 161, 235
head13, 585, 174, 217
head13, 586, 175, 219
head13, 587, 172, 217
head13, 588, 173, 211
head13, 589, 170, 209
head13, 590, 171, 211
head13, 591, 176, 217
head13, 592, 169, 211
head13, 593, 174, 217
head13, 594, 175, 211
head13, 595, 172, 209
head13, 596, 174, 215
head13, 597, 172, 209
head13, 598, 174, 207
head13, 599, 172, 209
head13, 600, 166, 207
head13, 601, 164, 201
head13, 602, 166, 199
head13, 603, 172, 201
head13, 604, 166, 199
head13, 605, 172, 201
head13, 606, 166, 199
head13, 607, 164, 201
head13, 608, 166, 199
head13, 609, 164, 201
head13, 610, 166, 199
head13, 611, 164, 201
head13, 612, 166, 199
head13, 613, 148, 177
head13, 614, 142, 151
head13, 615, 140, 145
head13, 616, 147, 152
head13, 617, 146, 156
head13, 618, 147, 155
head13, 619, 150, 151
head13, 620, 151, 147
head13, 621, 148, 147
head13, 622, 152, 148
head13, 623, 153, 150
head13, 624, 153, 146
head13, 625, 153, 145
head13, 626, 149, 148
head13, 627, 155, 146
head13, 628, 149, 124
head13, 629, 147, 98
head13, 630, 149, 84
head13, 631, 145, 85
head13, 632, 145, 82
head13, 633, 157, 83
head13, 634, 149, 80
head13, 635, 145, 81
head13, 636, 154, 77
head13, 637, 151, 77
head13, 638, 152, 73
head13, 639, 149, 73
head13, 640, 152, 76
head13, 641, 152, 70
head13, 642, 148, 68
head13, 643, 153, 71
head13, 644, 154, 70
head13, 645, 153, 67
head13, 646, 146, 67
head13, 647, 154, 65
head13, 648, 155, 65
head13, 649, 152, 61
head13, 650, 155, 65
head13, 651, 154, 65
head13, 652, 157, 61
head13, 653, 156, 61
head13, 654, 151, 65
head13, 655, 158, 89
head13, 656, 153, 109
head13, 657, 152, 109
head13, 658, 155, 113
head13, 659, 154, 113
head13, 660, 157, 109
head13, 661, 156, 109
head13, 662, 159, 105
head13, 663, 158, 105
head13, 664, 161, 101
head13, 665, 160, 101
head13, 666, 163, 97
head13, 667, 163, 79
head13, 668, 165, 74
head13, 669, 165, 72
head13, 670, 166, 72
head13, 671, 171, 84
head13, 672, 172, 84
head13, 673, 169, 104
head13, 674, 170, 104
head13, 675, 175, 100
head13, 676, 176, 100
head13, 677, 173, 96
head13, 678, 158, 72
head13, 679, 163, 68
head13, 680, 164, 68
head13, 681, 161, 64
head13, 682, 162, 64
head13, 683, 159, 68
head13, 684, 176, 92
head14, 520, 277, 182
head14, 523, 276, 181
head14, 524, 279, 182
head14, 525, 278, 187
head14, 526, 277, 190
head14, 527, 272, 181
head14, 528, 271, 184
head14, 529, 273, 188
head14, 530, 271, 188
head14, 531, 272, 189
head14, 532, 270, 192
head14, 533, 272, 187
head14, 534, 262, 186
head14, 535, 269, 194
head14, 536, 264, 190
head14, 537, 264, 187
head14, 538, 263, 189
head14, 539, 258, 187
head14, 540, 261, 193
head14, 541, 260, 187
head14, 542, 264, 187
head14, 543, 260, 193
head14, 544, 260, 185
head14, 545, 256, 189
head14, 546, 256, 189
head14, 547, 260, 186
head14, 548, 262, 191
head14, 549, 261, 194
head14, 550, 260, 194
head14, 551, 262, 194
head14, 552, 261, 195
head14, 553, 256, 192
head14, 554, 260, 190
head14, 555, 259, 191
head14, 556, 262, 188
head14, 557, 258, 190
head14, 558, 259, 189
head14, 559, 257, 190
head14, 560, 256, 191
head14, 561, 261, 187
head14, 562, 258, 192
head14, 563, 266, 191
head14, 564, 254, 194
head14, 565, 254, 193
head14, 566, 258, 188
head14, 567, 254, 194
head14, 568, 254, 188
head14, 569, 261, 188
head14, 570, 255, 191
head14, 571, 253, 190
head14, 572, 255, 196
head14, 573, 255, 192
head14, 574, 251, 192
head14, 575, 255, 196
head14, 576, 255, 196
head14, 577, 251, 192
head14, 578, 251, 192
head14, 579, 251, 192
head14, 580, 231, 212
head14, 581, 231, 212
head14, 586, 243, 192
head14, 587, 243, 192
head14, 588, 247, 188
head14, 589, 247, 188
head14, 590, 250, 189
head14, 591, 251, 188
head14, 592, 240, 183
head14, 593, 250, 185
head14, 594, 247, 181
head14, 595, 248, 187
head14, 596, 248, 186
head14, 597, 246, 181
head14, 598, 245, 179
head14, 599, 245, 179
head14, 600, 246, 179
head14, 601, 244, 177
head14, 602, 238, 171
head14, 603, 244, 172
head14, 604, 245, 169
head14, 605, 239, 170
head14, 606, 244, 172
head14, 607, 242, 168
head14, 608, 241, 168
head14, 609, 242, 166
head14, 610, 239, 166
head14, 611, 237, 164
head14, 612, 243, 163
head14, 613, 235, 162
head14, 614, 234, 162
head14, 615, 238, 160
head14, 616, 238, 160
head14, 617, 239, 160
head14, 618, 238, 160
head14, 619, 238, 160
head14, 620, 232, 160
head14, 621, 238, 158
head14, 622, 229, 159
head14, 623, 229, 160
head14, 625, 227, 156
head14, 626, 229, 156
head14, 627, 228, 156
head14, 628, 228, 156
head14, 629, 225, 156
head14, 630, 225, 156
head14, 631, 223, 156
head14, 632, 218, 158
head14, 633, 217, 157
head14, 634, 217, 158
head14, 635, 213, 155
head14, 636, 213, 148
head14, 637, 193, 153
head14, 639, 161, 138
head14, 641, 160, 134
head14, 642, 163, 134
head14, 643, 162, 130
head14, 644, 157, 130
head14, 645, 161, 131
head14, 646, 154, 123
head14, 647, 159, 127
head14, 648, 160, 127
head14, 649, 157, 123
head14, 650, 158, 123
head14, 651, 155, 119
head14, 652, 156, 119
head14, 653, 153, 115
head14, 654, 151, 118
head14, 655, 151, 116
head14, 656, 155, 110
head14, 657, 155, 116
head14, 658, 151, 110
head14, 659, 151, 108
head14, 660, 155, 110
head14, 661, 155, 108
head14, 662, 159, 110
head14, 663, 159, 108
head14, 664, 155, 102
head14, 665, 163, 100
head14, 666, 159, 78
head14, 667, 163, 79
head14, 668, 165, 74
head14, 669, 165, 72
head14, 670, 166, 72
head14, 671, 171, 84
head14, 672, 172, 84
head14, 673, 169, 104
head14, 674, 170, 104
head14, 675, 175, 100
head14, 676, 176, 100
head14, 677, 173, 96
head14, 678, 158, 72
head14, 679, 163, 68
head14, 680, 164, 68
head14, 681, 161, 64
head14, 682, 162, 64
head14, 683, 159, 68
head14, 684, 176, 92
head15, 672, 211, 132
head15, 677, 209, 127
head15, 678, 209, 124
head15, 679, 213, 125
head15, 680, 213, 127
head15, 681, 215, 137
head15, 682, 215, 125
head15, 683, 215, 123
head15, 684, 211, 117
head15, 685, 215, 123
head15, 686, 215, 122
head15, 687, 211, 117
head15, 688, 211, 116
head15, 689, 215, 135
head15, 690, 215, 134
head15, 691, 211, 113
head15, 692, 211, 112
head15, 693, 216, 117
head15, 694, 209, 110
head15, 695, 216, 114
head15, 696, 203, 114
head15, 700, 203, 109
head15, 701, 199, 108
head15, 702, 191, 103
head15, 703, 187, 102
head15, 705, 163, 121
head15, 706, 159, 120
head15, 707, 159, 123
head15, 708, 155, 122
head15, 709, 155, 117
head15, 710, 151, 116
head15, 711, 151, 111
head15, 712, 147, 110
head15, 713, 146, 110
head15, 714, 149, 114
head15, 715, 148, 106
head15, 716, 149, 112
head15, 717, 147, 104
head15, 718, 141, 100
head15, 719, 147, 108
head15, 720, 141, 104
head15, 721, 144, 101
head15, 722, 143, 102
head15, 723, 138, 99
head15, 724, 147, 101
head15, 725, 176, 99
head15, 729, 185, 117
head15, 730, 182, 115
head15, 731, 167, 101
head15, 732, 140, 99
head16, 624, 176, 197
head16, 625, 171, 197
head16, 626, 180, 198
head16, 627, 178, 195
head16, 628, 172, 196
head16, 629, 178, 193
head16, 630, 178, 192
head16, 631, 180, 193
head16, 632, 182, 190
head16, 633, 180, 191
head16, 634, 181, 188
head16, 635, 182, 185
head16, 636, 186, 185
head16, 637, 185, 189
head16, 638, 187, 182
head16, 639, 189, 180
head16, 640, 189, 179
head16, 641, 186, 179
head16, 642, 186, 170
head16, 643, 190, 178
head16, 644, 190, 176
head16, 645, 189, 169
head16, 646, 190, 169
head16, 647, 188, 169
head16, 648, 182, 172
head16, 649, 189, 171
head16, 650, 188, 169
head16, 651, 187, 169
head16, 652, 186, 167
head16, 653, 177, 167
head16, 654, 177, 167
head16, 655, 177, 166
head16, 656, 176, 165
head16, 657, 175, 165
head16, 658, 175, 165
head16, 659, 175, 166
head16, 660, 174, 165
head16, 661, 175, 167
head16, 662, 175, 164
head16, 663, 174, 163
head16, 664, 174, 162
head16, 665, 170, 160
head16, 666, 171, 163
head16, 667, 168, 162
head16, 668, 169, 157
head16, 669, 169, 160
head16, 670, 172, 158
head16, 671, 174, 159
head16, 672, 172, 157
head16, 673, 171, 156
head16, 674, 171, 157
head16, 675, 170, 157
head16, 676, 168, 157
head16, 677, 169, 155
head16, 678, 169, 154
head16, 679, 173, 159
head16, 680, 168, 154
head16, 681, 167, 150
head16, 682, 171, 156
head16, 683, 170, 154
head16, 684, 165, 148
head16, 685, 169, 149
head16, 686, 169, 151
head16, 687, 176, 146
head16, 688, 175, 146
head16, 689, 175, 144
head16, 690, 175, 147
head16, 691, 174, 139
head16, 692, 174, 140
head16, 693, 173, 136
head16, 694, 173, 137
head16, 695, 171, 138
head16, 696, 168, 137
head16, 697, 171, 137
head16, 698, 168, 137
head16, 699, 169, 134
head16, 700, 166, 135
head16, 701, 167, 129
head16, 702, 163, 132
head16, 703, 163, 131
head16, 704, 162, 129
head16, 705, 165, 123
head16, 706, 164, 121
head16, 707, 159, 123
head16, 708, 158, 121
head16, 709, 153, 115
head16, 710, 152, 113
head16, 711, 155, 115
head16, 712, 146, 113
head16, 713, 146, 110
head16, 714, 150, 111
head16, 715, 150, 108
head16, 716, 149, 112
head16, 717, 147, 104
head16, 718, 141, 100
head16, 719, 147, 108
head16, 720, 141, 104
head16, 721, 144, 101
head16, 722, 143, 102
head16, 723, 138, 99
head16, 724, 147, 101
head16, 725, 176, 99
head16, 729, 185, 117
head16, 730, 182, 115
head16, 731, 167, 101
head16, 732, 140, 99
head17, 713, 154, 166
head17, 714, 154, 165
head17, 715, 158, 164
head17, 716, 150, 167
head17, 717, 154, 166
head17, 718, 161, 161
head17, 719, 160, 164
head17, 720, 159, 166
head17, 721, 160, 165
head17, 722, 163, 157
head17, 723, 157, 159
head17, 724, 163, 157
head17, 725, 154, 155
head17, 726, 154, 151
head17, 727, 153, 155
head17, 728, 152, 151
head17, 729, 151, 151
head17, 730, 158, 148
head17, 731, 152, 150
head17, 732, 150, 142
head17, 733, 152, 145
head17, 734, 142, 136
head17, 735, 144, 139
head17, 736, 142, 138
head17, 737, 149, 133
head17, 738, 140, 132
head17, 739, 142, 136
head17, 740, 140, 128
head17, 741, 140, 132
head17, 742, 141, 125
head17, 743, 143, 127
head17, 744, 143, 127
head17, 745, 145, 128
head17, 746, 146, 127
head17, 747, 143, 122
head17, 748, 144, 120
head17, 749, 149, 114
head17, 750, 151, 120
head17, 751, 152, 119
head17, 752, 160, 117
head17, 753, 161, 116
head17, 754, 160, 114
head17, 755, 163, 108
head17, 756, 169, 110
head17, 757, 168, 105
head17, 758, 175, 105
head17, 759, 175, 107
head17, 760, 178, 105
head17, 761, 179, 105
head17, 762, 176, 101
head17, 763, 177, 101
head17, 764, 182, 93
head17, 765, 183, 97
head17, 766, 180, 89
head17, 767, 181, 93
head17, 768, 178, 85
head17, 769, 179, 89
head17, 770, 184, 89
head17, 771, 201, 69
head18, 749, 120, 199
head18, 753, 124, 195
head18, 754, 124, 187
head18, 755, 128, 191
head18, 757, 128, 189
head18, 758, 124, 183
head18, 759, 124, 181
head18, 760, 123, 181
head18, 761, 123, 177
head18, 762, 124, 174
head18, 763, 121, 167
head18, 764, 122, 164
head18, 765, 119, 165
head18, 766, 120, 162
head18, 767, 125, 155
head18, 768, 126, 152
head18, 769, 131, 153
head18, 770, 132, 150
head18, 771, 129, 151
head18, 772, 138, 148
head18, 773, 135, 149
head18, 774, 144, 146
head18, 775, 141, 147
head18, 776, 142, 144
head18, 777, 147, 137
head18, 778, 148, 142
head18, 779, 153, 135
head18, 780, 154, 132
head18, 781, 151, 133
head18, 782, 152, 130
head18, 783, 149, 131
head18, 784, 150, 128
head18, 785, 151, 126
head18, 786, 148, 120
head18, 787, 149, 118
head18, 788, 146, 120
head18, 789, 147, 118
head18, 790, 144, 112
head18, 791, 153, 110
head18, 792, 150, 104
head18, 793, 151, 110
head18, 794, 148, 104
head18, 795, 149, 102
head18, 796, 154, 104
head18, 798, 163, 102
head18, 799, 168, 104
head18, 800, 169, 102
head18, 801, 166, 104
head18, 802, 167, 102
head18, 803, 172, 96
head18, 804, 181, 110
head19, 747, 229, 147
head19, 748, 225, 147
head19, 749, 228, 147
head19, 750, 219, 143
head19, 751, 223, 145
head19, 752, 223, 143
head19, 753, 221, 147
head19, 754, 223, 147
head19, 755, 221, 143
head19, 756, 215, 143
head19, 758, 218, 147
head19, 759, 216, 164
head19, 763, 216, 158
head19, 764, 214, 158
head19, 765, 214, 158
head19, 766, 218, 158
head19, 767, 218, 138
head19, 768, 222, 140
head19, 769, 214, 138
head19, 770, 218, 132
head19, 771, 218, 138
head19, 772, 214, 140
head19, 773, 214, 138
head19, 774, 218, 132
head19, 775, 218, 130
head19, 776, 214, 148
head19, 777, 214, 146
head19, 778, 218, 132
head19, 779, 218, 130
head19, 780, 222, 124
head19, 781, 222, 130
head19, 782, 226, 124
head19, 783, 226, 122
head19, 784, 222, 124
head19, 785, 222, 122
head19, 786, 226, 124
head19, 787, 226, 122
head19, 788, 222, 124
head19, 789, 222, 122
head19, 790, 218, 140
head19, 791, 218, 138
head19, 792, 238, 148
head19, 793, 246, 170
head19, 797, 242, 204
head19, 798, 234, 226
head19, 799, 238, 236
head19, 800, 238, 226
head19, 801, 234, 212
head19, 802, 234, 210
head19, 803, 230, 220
head19, 804, 230, 226
head19, 805, 234, 212
head19, 806, 234, 210
head19, 807, 230, 212
head19, 808, 230, 218
head19, 809, 234, 212
head19, 810, 234, 218
head19, 811, 230, 212
head19, 812, 230, 218
head19, 813, 234, 220
head19, 814, 226, 218
head19, 815, 230, 212
head19, 816, 230, 218
head19, 817, 226, 212
head19, 818, 234, 218
head19, 819, 230, 212
head19, 820, 230, 210
head19, 821, 226, 212
head19, 822, 226, 210
head19, 823, 222, 220
head19, 824, 230, 210
head19, 825, 226, 212
head19, 826, 226, 210
head19, 827, 230, 204
head19, 828, 230, 202
head19, 829, 226, 212
head19, 830, 226, 210
head19, 831, 230, 196
head19, 832, 230, 194
head19, 833, 227, 209
head19, 834, 228, 220
head19, 835, 233, 251
head20, 733, 62, 153
head20, 734, 62, 152
head20, 735, 67, 151
head20, 736, 69, 151
head20, 737, 67, 147
head20, 738, 66, 145
head20, 739, 67, 144
head20, 740, 67, 143
head20, 741, 75, 142
head20, 742, 69, 142
head20, 743, 67, 138
head20, 744, 69, 138
head20, 745, 67, 134
head20, 746, 69, 134
head20, 747, 75, 138
head20, 748, 69, 138
head20, 749, 75, 142
head20, 750, 69, 142
head20, 751, 75, 138
head20, 752, 77, 138
head20, 753, 75, 142
head20, 754, 77, 142
head20, 755, 75, 138
head20, 756, 77, 146
head20, 757, 75, 142
head20, 758, 71, 151
head20, 759, 79, 152
head20, 760, 76, 148
head20, 761, 78, 152
head20, 762, 75, 154
head20, 763, 77, 152
head20, 764, 78, 153
head20, 765, 75, 153
head20, 766, 74, 155
head20, 767, 81, 152
head20, 768, 78, 155
head20, 769, 76, 155
head20, 770, 84, 157
head20, 771, 86, 156
head20, 772, 78, 156
head20, 773, 86, 154
head20, 774, 88, 153
head20, 775, 91, 155
head20, 776, 92, 154
head20, 777, 89, 145
head20, 778, 97, 145
head20, 779, 95, 140
head20, 780, 98, 139
head20, 781, 97, 134
head20, 782, 93, 140
head20, 783, 93, 134
head20, 784, 103, 132
head20, 785, 101, 128
head20, 786, 106, 127
head20, 787, 107, 126
head20, 788, 108, 126
head20, 789, 109, 120
head20, 790, 107, 114
head20, 791, 109, 120
head20, 792, 107, 114
head20, 793, 109, 112
head20, 794, 107, 106
head20, 795, 109, 112
head20, 796, 107, 106
head20, 797, 109, 112
head20, 798, 115, 114
head20, 799, 112, 113
head20, 800, 114, 114
head20, 801, 119, 116
head20, 802, 121, 116
head20, 803, 125, 118
head20, 804, 127, 119
head20, 805, 128, 120
head20, 806, 130, 122
head20, 807, 131, 123
head20, 808, 133, 124
head20, 809, 133, 126
head20, 810, 142, 120
head20, 811, 135, 120
head20, 812, 145, 119
head20, 813, 149, 117
head20, 814, 144, 117
head20, 815, 149, 121
head20, 816, 148, 119
head20, 817, 149, 117
head20, 818, 149, 116
head20, 819, 149, 116
head20, 820, 149, 109
head20, 821, 150, 111
head20, 822, 147, 109
head20, 823, 145, 105
head20, 824, 146, 105
head20, 825, 147, 103
head20, 826, 148, 102
head20, 827, 150, 100
head20, 828, 148, 94
head20, 829, 154, 98
head20, 830, 153, 95
head20, 831, 154, 93
head20, 832, 154, 94
head20, 833, 154, 92
head20, 834, 162, 90
head20, 835, 158, 84
head20, 836, 158, 82
head20, 837, 162, 68
head20, 838, 146, 66
head20, 839, 150, 68
head20, 840, 174, 74
head20, 842, 178, 68
head20, 843, 178, 66
head20, 845, 182, 60
head21, 847, 202, 110
head21, 848, 198, 107
head21, 849, 198, 104
head21, 850, 194, 97
head21, 851, 194, 97
head21, 852, 196, 104
head21, 853, 194, 104
head21, 854, 193, 105
head21, 855, 194, 102
head21, 856, 190, 104
head21, 857, 191, 104
head21, 858, 191, 103
head21, 859, 187, 98
head21, 860, 192, 103
head21, 861, 190, 92
head21, 862, 196, 97
head21, 863, 191, 96
head21, 864, 193, 92
head21, 865, 197, 97
head21, 866, 198, 95
head21, 867, 199, 94
head21, 868, 196, 89
head21, 869, 205, 84
head21, 870, 202, 83
head21, 871, 203, 78
head21, 872, 203, 81
head21, 873, 199, 80
head21, 874, 200, 81
head21, 875, 204, 84
head21, 876, 199, 84
head21, 877, 198, 80
head21, 878, 201, 80
head21, 879, 200, 76
head21, 880, 195, 76
head21, 881, 202, 72
head21, 882, 198, 79
head21, 883, 200, 78
head21, 884, 205, 73
head21, 885, 200, 77
head21, 886, 199, 69
head21, 887, 194, 73
head21, 888, 198, 73
head21, 889, 199, 74
head21, 890, 196, 71
head21, 891, 192, 66
head21, 892, 184, 73
head21, 893, 188, 68
head21, 894, 188, 67
head21, 895, 184, 70
head21, 896, 184, 69
head21, 897, 180, 72
head21, 898, 196, 95
head21, 899, 192, 98
head21, 901, 184, 113
head21, 902, 180, 116
head22, 870, 202, 187
head22, 871, 204, 187
head22, 872, 205, 181
head22, 873, 202, 179
head22, 874, 203, 181
head22, 875, 200, 179
head22, 876, 201, 181
head22, 877, 198, 179
head22, 878, 199, 173
head22, 880, 196, 179
head22, 881, 197, 173
head22, 882, 194, 171
head22, 883, 195, 173
head22, 884, 192, 171
head22, 885, 193, 173
head22, 886, 195, 174
head22, 887, 194, 166
head22, 888, 189, 170
head22, 889, 188, 170
head22, 890, 186, 171
head22, 891, 180, 168
head22, 892, 178, 169
head22, 893, 180, 166
head22, 894, 178, 167
head22, 895, 180, 164
head22, 896, 178, 165
head22, 897, 180, 162
head22, 898, 178, 163
head22, 899, 172, 168
head22, 900, 178, 161
head22, 901, 172, 166
head22, 902, 170, 167
head22, 903, 172, 164
head22, 904, 170, 165
head22, 905, 172, 162
head22, 906, 178, 166
head22, 907, 180, 167
head22, 908, 177, 163
head22, 909, 180, 167
head22, 910, 177, 164
head22, 911, 177, 163
head22, 912, 181, 158
head22, 913, 165, 133
head23, 759, 179, 219
head23, 760, 178, 217
head23, 761, 181, 218
head23, 762, 172, 215
head23, 763, 178, 216
head23, 764, 176, 216
head23, 765, 170, 220
head23, 766, 176, 212
head23, 767, 175, 215
head23, 768, 178, 218
head23, 769, 169, 217
head23, 770, 172, 212
head23, 771, 176, 216
head23, 772, 168, 216
head23, 773, 172, 212
head23, 774, 172, 212
head23, 775, 168, 208
head23, 776, 168, 208
head23, 777, 166, 214
head23, 778, 174, 213
head23, 779, 173, 212
head23, 780, 168, 207
head23, 781, 173, 211
head23, 782, 173, 210
head23, 783, 169, 205
head23, 784, 173, 208
head23, 785, 166, 208
head23, 786, 163, 204
head23, 787, 164, 204
head23, 788, 168, 198
head23, 789, 169, 197
head23, 790, 172, 200
head23, 791, 171, 199
head23, 792, 172, 199
head23, 793, 173, 197
head23, 794, 178, 199
head23, 795, 171, 197
head23, 796, 178, 201
head23, 797, 181, 193
head23, 798, 179, 199
head23, 799, 177, 196
head23, 800, 176, 195
head23, 801, 177, 195
head23, 802, 176, 196
head23, 803, 177, 187
head23, 804, 175, 193
head23, 805, 173, 196
head23, 806, 174, 195
head23, 807, 177, 191
head23, 808, 171, 192
head23, 809, 173, 191
head23, 810, 171, 190
head23, 811, 169, 190
head23, 812, 159, 192
head23, 813, 165, 190
head23, 814, 157, 191
head23, 815, 156, 192
head23, 816, 155, 192
head23, 817, 154, 192
head23, 818, 152, 185
head23, 819, 150, 185
head23, 820, 150, 185
head23, 821, 149, 185
head23, 822, 144, 181
head23, 823, 143, 181
head23, 824, 138, 177
head23, 825, 145, 177
head23, 826, 140, 173
head23, 827, 139, 173
head23, 828, 143, 173
head23, 830, 143, 169
head23, 831, 139, 169
head23, 832, 139, 165
head23, 833, 143, 165
head23, 834, 146, 168
head23, 835, 148, 168
head23, 836, 149, 160
head23, 837, 150, 163
head23, 838, 147, 154
head23, 839, 155, 162
head23, 840, 160, 155
head23, 841, 161, 154
head23, 842, 160, 153
head23, 843, 155, 156
head23, 844, 154, 147
head23, 845, 157, 150
head23, 846, 156, 149
head23, 847, 159, 152
head23, 848, 158, 143
head23, 849, 161, 146
head23, 850, 160, 145
head23, 851, 155, 140
head23, 852, 154, 139
head23, 853, 157, 142
head23, 854, 156, 141
head23, 855, 151, 136
head23, 856, 150, 135
head23, 857, 152, 137
head23, 858, 149, 133
head23, 859, 149, 132
head23, 860, 147, 138
head23, 861, 141, 132
head23, 862, 147, 130
head23, 863, 141, 132
head23, 864, 139, 130
head23, 865, 141, 132
head23, 866, 139, 130
head23, 867, 133, 124
head23, 868, 139, 130
head23, 869, 133, 124
head23, 870, 131, 122
head23, 871, 133, 124
head23, 872, 131, 122
head23, 873, 133, 124
head23, 874, 131, 122
head23, 875, 133, 124
head23, 876, 131, 122
head23, 877, 133, 124
head23, 878, 131, 122
head23, 879, 133, 124
head23, 880, 131, 122
head23, 881, 133, 124
head23, 882, 131, 122
head23, 883, 133, 124
head23, 884, 131, 122
head23, 885, 133, 124
head23, 886, 131, 122
head23, 887, 133, 124
head23, 888, 131, 122
head23, 889, 133, 124
head23, 890, 131, 122
head23, 891, 133, 124
head23, 892, 139, 122
head23, 893, 141, 124
head23, 894, 139, 122
head23, 895, 141, 116
head23, 896, 139, 122
head23, 897, 141, 116
head23, 898, 147, 114
head23, 899, 150, 118
head23, 900, 151, 112
head23, 901, 155, 111
head23, 902, 155, 114
head23, 903, 151, 105
head23, 904, 161, 109
head23, 905, 159, 109
head23, 906, 164, 107
head23, 907, 164, 106
head23, 908, 165, 113
head23, 909, 173, 103
head23, 910, 174, 111
head23, 911, 174, 105
head23, 912, 173, 103
head23, 913, 171, 107
head23, 914, 174, 105
head23, 915, 175, 105
head23, 916, 176, 106
head23, 917, 173, 103
head23, 918, 174, 104
head23, 919, 176, 105
head23, 920, 174, 110
head23, 921, 176, 103
head23, 922, 176, 104
head23, 923, 176, 104
head23, 924, 182, 104
head23, 925, 181, 104
head23, 926, 176, 104
head23, 927, 175, 108
head23, 928, 180, 105
head23, 929, 180, 105
head23, 930, 180, 106
head23, 931, 178, 103
head23, 932, 180, 104
head23, 933, 176, 102
head23, 934, 179, 103
head23, 936, 178, 103
head23, 937, 177, 103
head23, 938, 172, 99
head23, 939, 171, 99
head23, 940, 174, 95
head23, 941, 173, 95
head23, 942, 168, 91
head23, 943, 167, 91
head23, 944, 170, 87
head23, 945, 169, 87
head23, 946, 165, 87
head23, 947, 169, 85
head23, 948, 169, 87
head23, 949, 171, 82
head23, 950, 169, 81
head23, 951, 170, 80
head23, 952, 173, 77
head23, 953, 170, 78
head23, 954, 166, 78
head23, 955, 171, 74
head23, 956, 165, 77
head23, 957, 172, 75
head23, 958, 172, 73
head23, 959, 166, 72
head23, 960, 172, 72
head23, 961, 167, 71
head23, 962, 170, 71
head23, 963, 175, 68
head23, 964, 174, 69
head23, 965, 175, 74
head23, 966, 173, 66
head23, 967, 175, 68
head23, 968, 174, 66
head23, 969, 175, 65
head23, 970, 182, 64
head23, 974, 193, 83
head23, 975, 192, 90
head23, 976, 195, 85
head23, 977, 194, 84
head23, 978, 197, 88
head23, 979, 200, 83
head23, 980, 199, 82
head23, 981, 194, 85
head23, 982, 201, 108
head23, 983, 188, 143
head24, 968, 242, 192
head24, 969, 244, 194
head24, 970, 234, 192
head24, 971, 233, 191
head24, 972, 232, 190
head24, 973, 233, 190
head24, 974, 239, 188
head24, 975, 237, 188
head24, 976, 229, 187
head24, 977, 234, 184
head24, 978, 233, 183
head24, 979, 228, 187
head24, 980, 227, 189
head24, 981, 223, 190
head24, 982, 222, 182
head24, 983, 222, 190
head24, 984, 219, 189
head24, 985, 220, 184
head24, 986, 219, 186
head24, 987, 216, 183
head24, 988, 209, 176
head24, 989, 214, 181
head24, 990, 213, 186
head24, 991, 213, 188
head24, 992, 213, 181
head24, 993, 206, 181
head24, 994, 203, 177
head24, 995, 210, 185
head24, 996, 203, 186
head24, 997, 209, 187
head24, 998, 202, 186
head24, 999, 203, 183
head24, 1000, 208, 184
head24, 1001, 209, 192
head24, 1002, 198, 180
head24, 1003, 199, 180
head24, 1004, 196, 176
head24, 1005, 201, 185
head24, 1006, 202, 174
head24, 1007, 203, 179
head24, 1008, 204, 180
head24, 1009, 193, 201
head25, 918, 178, 162
head25, 919, 184, 157
head25, 920, 176, 157
head25, 921, 177, 157
head25, 922, 174, 153
head25, 923, 180, 159
head25, 924, 176, 155
head25, 925, 179, 156
head25, 926, 176, 159
head25, 927, 178, 160
head25, 928, 173, 161
head25, 929, 180, 158
head25, 930, 175, 159
head25, 931, 173, 159
head25, 932, 173, 160
head25, 933, 171, 158
head25, 934, 165, 158
head25, 935, 163, 154
head25, 936, 164, 158
head25, 937, 161, 158
head25, 938, 162, 154
head25, 939, 159, 154
head25, 940, 160, 158
head25, 941, 165, 182
head25, 944, 158, 177
head25, 945, 159, 160
head25, 946, 156, 163
head25, 947, 149, 162
head25, 948, 154, 173
head25, 949, 155, 172
head25, 950, 152, 159
head25, 951, 153, 158
head25, 952, 156, 158
head25, 953, 147, 162
head25, 954, 150, 162
head25, 955, 149, 158
head25, 956, 152, 174
head25, 957, 151, 170
head25, 958, 154, 162
head25, 959, 153, 158
head25, 960, 148, 158
head25, 961, 147, 162
head25, 962, 155, 161
head25, 963, 153, 159
head25, 964, 156, 159
head25, 965, 147, 163
head25, 966, 150, 155
head25, 967, 149, 159
head25, 968, 152, 159
head25, 969, 151, 155
head25, 970, 154, 155
head25, 971, 153, 159
head25, 972, 148, 159
head25, 973, 149, 159
head25, 974, 148, 162
head25, 975, 151, 153
head25, 976, 150, 156
head25, 977, 153, 155
head25, 978, 152, 150
head25, 979, 147, 157
head25, 980, 146, 160
head25, 981, 149, 159
head25, 982, 148, 154
head25, 985, 148, 155
head25, 986, 144, 160
head25, 987, 144, 153
head25, 989, 149, 159
head25, 990, 142, 153
head25, 991, 147, 151
head25, 992, 140, 153
head25, 993, 145, 151
head25, 994, 145, 151
head25, 995, 141, 155
head25, 996, 141, 155
head25, 997, 145, 151
head25, 999, 145, 148
head25, 1000, 149, 148
head25, 1001, 141, 144
head25, 1002, 145, 144
head25, 1003, 145, 140
head25, 1004, 149, 140
head25, 1005, 152, 144
head25, 1006, 151, 136
head25, 1007, 146, 132
head25, 1008, 153, 140
head25, 1009, 148, 128
head25, 1010, 149, 130
head25, 1011, 154, 130
head25, 1012, 155, 126
head25, 1013, 152, 118
head25, 1014, 158, 124
head25, 1015, 159, 120
head25, 1017, 156, 120
head25, 1018, 141, 140
head25, 1019, 146, 140
head25, 1020, 155, 120
head25, 1021, 152, 112
head25, 1022, 159, 115
head25, 1023, 154, 114
head25, 1024, 158, 112
head25, 1025, 150, 106
head25, 1026, 154, 104
head25, 1027, 154, 106
head25, 1028, 150, 104
head26, 1033, 151, 120
head26, 1034, 156, 124
head26, 1035, 149, 116
head26, 1036, 150, 114
head26, 1037, 149, 113
head26, 1038, 148, 108
head26, 1039, 147, 101
head26, 1040, 150, 98
head26, 1041, 142, 102
head26, 1042, 149, 101
head26, 1043, 141, 96
head26, 1044, 145, 95
head26, 1045, 145, 90
head26, 1046, 141, 89
head26, 1047, 141, 84
head26, 1048, 145, 83
head26, 1049, 145, 86
head26, 1050, 141, 85
head26, 1051, 141, 80
head26, 1052, 145, 79
head26, 1053, 145, 82
head26, 1054, 141, 81
head26, 1055, 141, 76
head26, 1056, 148, 84
head26, 1057, 143, 80
head26, 1058, 145, 78
head26, 1059, 143, 72
head26, 1060, 146, 75
head26, 1061, 145, 74
head26, 1062, 140, 69
head26, 1063, 139, 68
head26, 1064, 148, 75
head27, 1014, 200, 179
head27, 1015, 199, 180
head27, 1016, 199, 178
head27, 1017, 199, 179
head27, 1018, 199, 180
head27, 1019, 195, 177
head27, 1020, 195, 178
head27, 1021, 199, 191
head27, 1022, 194, 177
head27, 1023, 196, 177
head27, 1024, 194, 173
head27, 1025, 196, 165
head27, 1026, 194, 169
head27, 1027, 195, 171
head27, 1028, 192, 161
head27, 1029, 200, 168
head27, 1030, 196, 163
head27, 1031, 196, 162
head27, 1032, 198, 162
head27, 1033, 196, 158
head27, 1034, 198, 150
head27, 1035, 196, 154
head27, 1036, 198, 146
head27, 1037, 196, 150
head27, 1038, 198, 150
head27, 1039, 196, 146
head27, 1040, 198, 146
head27, 1041, 196, 142
head27, 1042, 198, 142
head27, 1043, 196, 138
head27, 1044, 190, 138
head27, 1045, 188, 134
head27, 1046, 190, 134
head27, 1047, 188, 130
head27, 1048, 183, 135
head27, 1049, 182, 128
head27, 1050, 185, 125
head27, 1051, 176, 126
head27, 1052, 179, 123
head27, 1053, 178, 124
head27, 1054, 173, 121
head27, 1055, 172, 124
head27, 1056, 172, 124
head27, 1057, 168, 112
head27, 1059, 162, 111
head27, 1060, 160, 106
head27, 1061, 162, 107
head27, 1062, 163, 107
head27, 1063, 163, 107
head27, 1064, 159, 103
head27, 1065, 156, 99
head27, 1066, 157, 99
head27, 1067, 159, 92
head27, 1068, 157, 90
head27, 1069, 161, 96
head27, 1070, 163, 91
head27, 1071, 163, 91
head27, 1072, 159, 87
head27, 1073, 164, 90
head27, 1074, 164, 91
head27, 1075, 165, 85
head27, 1076, 167, 84
head27, 1077, 165, 75
head27, 1078, 167, 70
head27, 1079, 167, 77
head27, 1080, 167, 69
head27, 1081, 165, 69
head27, 1082, 159, 73
head27, 1083, 164, 73
head27, 1084, 165, 69
head27, 1085, 162, 69
head27, 1086, 163, 65
head27, 1087, 160, 65
head27, 1088, 161, 61
head28, 1036, 266, 179
head28, 1037, 261, 187
head28, 1038, 263, 180
head28, 1039, 265, 180
head28, 1040, 255, 184
head28, 1041, 257, 184
head28, 1042, 254, 190
head28, 1043, 254, 191
head28, 1044, 250, 188
head28, 1045, 258, 181
head28, 1046, 250, 188
head28, 1047, 254, 183
head28, 1048, 250, 192
head28, 1049, 249, 193
head28, 1050, 248, 187
head28, 1051, 247, 189
head28, 1052, 247, 192
head28, 1053, 251, 183
head28, 1054, 248, 183
head28, 1055, 249, 179
head28, 1056, 246, 179
head28, 1057, 255, 182
head28, 1058, 249, 181
head28, 1059, 249, 181
head28, 1060, 247, 182
head28, 1061, 254, 174
head28, 1062, 248, 181
head28, 1063, 246, 178
head28, 1064, 245, 177
head28, 1065, 245, 175
head28, 1066, 241, 175
head28, 1067, 241, 177
head28, 1068, 241, 177
head28, 1069, 238, 177
head28, 1070, 236, 176
head28, 1071, 234, 176
head28, 1072, 231, 176
head28, 1073, 229, 177
head28, 1074, 226, 170
head28, 1075, 224, 169
head28, 1076, 218, 172
head28, 1077, 216, 171
head28, 1078, 220, 170
head28, 1079, 217, 169
head28, 1080, 216, 169
head28, 1081, 215, 169
head28, 1082, 214, 168
head28, 1083, 213, 167
head28, 1084, 212, 158
head28, 1085, 213, 157
head28, 1086, 212, 158
head28, 1087, 211, 153
head28, 1088, 210, 151
head28, 1089, 210, 150
head28, 1090, 208, 148
head28, 1091, 202, 150
head28, 1092, 206, 148
head28, 1093, 207, 139
head28, 1094, 204, 134
head28, 1095, 206, 138
head28, 1096, 204, 130
head28, 1097, 204, 131
head28, 1098, 205, 130
head28, 1099, 199, 130
head28, 1100, 206, 129
head28, 1101, 205, 126
head28, 1102, 200, 127
head28, 1103, 199, 124
head28, 1104, 197, 121
head28, 1105, 199, 122
head28, 1106, 197, 119
head28, 1107, 199, 120
head28, 1108, 197, 117
head28, 1109, 191, 110
head28, 1110, 189, 107
head28, 1111, 191, 108
head28, 1112, 189, 105
head28, 1113, 191, 106
head28, 1114, 189, 103
head28, 1115, 183, 104
head28, 1116, 189, 101
head28, 1117, 183, 102
head28, 1118, 189, 99
head28, 1119, 183, 100
head28, 1120, 189, 97
head28, 1121, 183, 98
head28, 1122, 181, 95
head28, 1123, 183, 96
head28, 1124, 181, 93
head28, 1125, 183, 94
head28, 1126, 189, 99
head28, 1127, 183, 92
head28, 1128, 189, 89
head28, 1129, 183, 90
head28, 1130, 189, 87
head28, 1131, 183, 88
head28, 1132, 189, 77
head28, 1133, 183, 78
head28, 1134, 189, 75
head28, 1135, 183, 84
head28, 1136, 189, 81
head28, 1137, 183, 82
head28, 1139, 181, 103
head28, 1143, 183, 104
head28, 1144, 181, 101
head28, 1145, 199, 86
head28, 1146, 197, 83
head29, 880, 291, 122
head29, 881, 291, 124
head29, 882, 287, 122
head29, 883, 287, 124
head29, 884, 283, 130
head29, 885, 283, 132
head29, 886, 279, 130
head29, 887, 279, 132
head29, 888, 283, 130
head29, 889, 284, 134
head29, 890, 281, 126
head29, 891, 282, 130
head29, 892, 282, 132
head29, 893, 282, 132
head29, 894, 282, 132
head29, 895, 280, 131
head29, 896, 279, 128
head29, 897, 278, 127
head29, 898, 278, 127
head29, 899, 286, 126
head29, 900, 277, 125
head29, 901, 285, 125
head29, 902, 273, 121
head29, 903, 273, 121
head29, 904, 277, 125
head29, 905, 277, 117
head29, 906, 273, 121
head29, 907, 273, 121
head29, 908, 277, 125
head29, 909, 277, 117
head29, 910, 273, 121
head29, 911, 273, 121
head29, 912, 269, 117
head29, 913, 269, 117
head29, 914, 273, 113
head29, 915, 273, 121
head29, 916, 269, 117
head29, 917, 269, 117
head29, 918, 265, 113
head29, 919, 265, 113
head29, 920, 269, 117
head29, 921, 261, 109
head29, 922, 265, 113
head29, 923, 265, 113
head29, 924, 261, 109
head29, 925, 261, 109
head29, 926, 265, 113
head29, 927, 265, 113
head29, 928, 261, 109
head29, 929, 261, 117
head29, 930, 265, 113
head29, 931, 265, 113
head29, 932, 261, 117
head29, 933, 261, 117
head29, 934, 265, 121
head29, 935, 265, 121
head29, 936, 261, 117
head29, 937, 261, 117
head29, 938, 265, 121
head29, 939, 265, 121
head29, 940, 261, 117
head29, 941, 261, 117
head29, 942, 265, 121
head29, 943, 265, 121
head29, 944, 261, 125
head29, 945, 261, 125
head29, 946, 265, 121
head29, 947, 265, 121
head29, 948, 261, 125
head29, 949, 261, 125
head29, 950, 265, 129
head29, 951, 265, 121
head29, 952, 261, 125
head29, 953, 261, 125
head29, 954, 265, 121
head29, 955, 265, 121
head29, 956, 261, 125
head29, 957, 261, 125
head29, 958, 265, 121
head29, 959, 257, 121
head29, 960, 261, 125
head29, 961, 261, 125
head29, 962, 265, 121
head29, 963, 265, 121
head29, 964, 261, 125
head29, 965, 261, 125
head29, 966, 265, 121
head29, 967, 265, 121
head29, 968, 261, 125
head29, 969, 261, 125
head29, 970, 265, 121
head29, 971, 265, 121
head29, 972, 261, 125
head29, 973, 261, 125
head29, 974, 265, 121
head29, 975, 265, 121
head29, 976, 269, 125
head29, 977, 261, 125
head29, 978, 265, 121
head29, 979, 265, 121
head29, 980, 261, 125
head29, 981, 261, 125
head29, 982, 265, 121
head29, 983, 265, 121
head29, 984, 261, 125
head29, 985, 261, 125
head29, 986, 265, 121
head29, 987, 265, 121
head29, 988, 261, 125
head29, 989, 261, 125
head29, 990, 265, 121
head29, 991, 265, 121
head29, 992, 261, 125
head29, 993, 261, 125
head29, 994, 265, 121
head29, 995, 265, 121
head29, 996, 261, 125
head29, 997, 261, 125
head29, 998, 261, 125
head29, 999, 268, 124
head29, 1000, 263, 119
head29, 1001, 262, 126
head29, 1002, 257, 121
head29, 1003, 256, 120
head29, 1004, 259, 123
head29, 1005, 258, 122
head29, 1006, 261, 125
head29, 1007, 260, 124
head29, 1008, 255, 127
head29, 1009, 254, 126
head29, 1010, 257, 129
head29, 1011, 256, 128
head29, 1012, 251, 123
head29, 1013, 258, 122
head29, 1014, 253, 125
head29, 1015, 252, 124
head29, 1016, 257, 119
head29, 1017, 255, 121
head29, 1018, 257, 117
head29, 1019, 254, 117
head29, 1020, 253, 117
head29, 1021, 256, 115
head29, 1022, 255, 115
head29, 1023, 254, 114
head29, 1024, 255, 114
head29, 1025, 255, 114
head29, 1026, 255, 113
head29, 1027, 254, 113
head29, 1028, 254, 105
head29, 1029, 253, 112
head29, 1030, 252, 104
head29, 1031, 252, 106
head29, 1032, 248, 104
head29, 1033, 251, 105
head29, 1034, 252, 106
head29, 1035, 251, 105
head29, 1036, 251, 107
head29, 1037, 247, 107
head29, 1038, 251, 107
head29, 1039, 251, 106
head29, 1040, 245, 109
head29, 1041, 245, 109
head29, 1042, 245, 109
head29, 1043, 246, 109
head29, 1044, 246, 109
head29, 1045, 246, 109
head29, 1046, 245, 108
head29, 1047, 246, 108
head29, 1048, 246, 108
head29, 1049, 247, 108
head29, 1050, 242, 106
head29, 1051, 242, 114
head29, 1052, 238, 110
head29, 1053, 243, 113
head29, 1054, 240, 107
head29, 1055, 244, 114
head29, 1056, 244, 113
head29, 1057, 244, 113
head29, 1058, 241, 115
head29, 1059, 242, 114
head29, 1060, 242, 115
head29, 1061, 248, 116
head29, 1062, 243, 115
head29, 1063, 242, 115
head29, 1064, 240, 115
head29, 1065, 245, 115
head29, 1066, 241, 115
head29, 1067, 241, 111
head29, 1068, 245, 111
head29, 1069, 245, 115
head29, 1070, 241, 115
head29, 1071, 246, 115
head29, 1072, 246, 113
head29, 1073, 246, 114
head29, 1074, 245, 115
head29, 1075, 244, 115
head29, 1076, 250, 115
head29, 1077, 244, 111
head29, 1078, 250, 111
head29, 1079, 244, 115
head29, 1080, 247, 116
head29, 1081, 246, 113
head29, 1082, 249, 114
head29, 1083, 248, 119
head29, 1084, 251, 120
head29, 1085, 250, 117
head29, 1086, 253, 118
head29, 1087, 252, 123
head29, 1088, 247, 124
head29, 1089, 254, 129
head29, 1090, 249, 122
head29, 1091, 248, 129
head29, 1092, 251, 132
head29, 1093, 254, 130
head29, 1094, 252, 131
head29, 1095, 254, 136
head29, 1096, 252, 137
head29, 1097, 258, 140
head29, 1098, 252, 131
head29, 1099, 250, 134
head29, 1100, 252, 133
head29, 1101, 251, 137
head29, 1102, 251, 136
head29, 1103, 253, 131
head29, 1104, 251, 133
head29, 1105, 252, 131
head29, 1106, 248, 134
head29, 1107, 250, 136
head29, 1108, 246, 135
head29, 1109, 248, 133
head29, 1110, 248, 129
head29, 1111, 248, 132
head29, 1112, 241, 124
head29, 1113, 241, 124
head29, 1114, 239, 123
head29, 1115, 240, 121
head29, 1116, 241, 122
head29, 1117, 233, 122
head29, 1118, 232, 115
head29, 1119, 235, 123
head29, 1120, 226, 111
head29, 1121, 231, 117
head29, 1122, 229, 116
head29, 1123, 227, 113
head29, 1124, 229, 122
head29, 1125, 224, 114
head29, 1126, 228, 119
head29, 1127, 225, 116
head29, 1128, 226, 120
head29, 1129, 225, 120
head29, 1130, 223, 119
head29, 1131, 220, 119
head29, 1132, 221, 119
head29, 1133, 218, 124
head29, 1135, 217, 117
head29, 1136, 215, 117
head29, 1137, 209, 113
head29, 1138, 214, 118
head29, 1139, 213, 117
head29, 1140, 213, 116
head29, 1141, 212, 118
head29, 1142, 213, 117
head29, 1143, 212, 114
head29, 1144, 215, 119
head29, 1145, 211, 110
head29, 1146, 215, 118
head29, 1147, 213, 110
head29, 1148, 214, 109
head29, 1149, 214, 108
head29, 1150, 213, 108
head29, 1151, 213, 107
head29, 1152, 215, 112
head29, 1153, 213, 108
head29, 1154, 206, 106
head29, 1155, 206, 106
head29, 1156, 206, 106
head29, 1157, 207, 109
head29, 1158, 204, 100
head29, 1159, 205, 103
head29, 1160, 209, 111
head29, 1161, 207, 111
head29, 1162, 207, 108
head29, 1163, 207, 110
head29, 1164, 208, 111
head29, 1165, 210, 112
head29, 1166, 209, 111
head29, 1167, 211, 112
head29, 1168, 211, 112
head29, 1169, 211, 112
head29, 1170, 211, 113
head29, 1171, 213, 110
head29, 1172, 212, 112
head29, 1173, 206, 111
head29, 1174, 211, 111
head29, 1175, 206, 110
head29, 1176, 205, 105
head29, 1177, 208, 110
head29, 1178, 207, 103
head29, 1179, 210, 100
head29, 1180, 209, 101
head29, 1181, 212, 106
head29, 1182, 211, 99
head29, 1183, 214, 104
head29, 1184, 213, 105
head29, 1185, 208, 102
head29, 1186, 215, 103
head29, 1187, 210, 100
head29, 1188, 209, 101
head29, 1189, 212, 98
head29, 1190, 211, 99
head29, 1192, 206, 88
head29, 1193, 205, 89
head29, 1194, 208, 94
head29, 1195, 207, 95
head29, 1196, 202, 92
head29, 1197, 201, 97
head29, 1198, 196, 90
head29, 1199, 195, 87
head29, 1200, 190, 88
head29, 1201, 193, 95
head29, 1202, 192, 93
head29, 1203, 190, 95
head29, 1204, 188, 94
head29, 1205, 183, 92
head29, 1206, 189, 93
head29, 1207, 183, 90
head29, 1208, 181, 83
head29, 1209, 185, 90
head29, 1210, 183, 89
head29, 1211, 185, 84
head29, 1212, 183, 83
head29, 1215, 185, 78
head29, 1216, 183, 77
head30, 1205, 215, 132
head30, 1207, 216, 135
head30, 1208, 213, 134
head30, 1209, 209, 130
head30, 1210, 207, 129
head30, 1211, 207, 130
head30, 1212, 208, 129
head30, 1213, 205, 124
head30, 1214, 206, 131
head30, 1215, 203, 126
head30, 1218, 196, 117
head30, 1219, 193, 112
head30, 1220, 194, 111
head30, 1221, 191, 106
head30, 1222, 192, 105
head30, 1223, 197, 108
head30, 1224, 190, 107
head30, 1225, 195, 105
head30, 1226, 188, 107
head30, 1227, 191, 101
head30, 1228, 190, 91
head30, 1229, 192, 97
head30, 1230, 187, 96
head30, 1231, 187, 92
head30, 1232, 187, 91
head30, 1233, 183, 90
head30, 1234, 182, 87
head30, 1235, 181, 90
head30, 1236, 181, 87
head30, 1237, 177, 88
head30, 1238, 177, 85
head30, 1239, 182, 88
head30, 1240, 175, 79
head30, 1241, 180, 84
head30, 1242, 180, 75
head30, 1243, 181, 75
head30, 1244, 178, 71
head30, 1245, 179, 71
head30, 1246, 178, 71
head30, 1248, 181, 75
head30, 1252, 180, 67
head30, 1253, 183, 71
head30, 1254, 182, 71
head30, 1255, 187, 75
head30, 1256, 188, 73
head30, 1257, 185, 67
head30, 1258, 189, 65
head30, 1259, 181, 67
head31, 1179, 132, 190
head31, 1180, 130, 187
head31, 1181, 130, 187
head31, 1182, 130, 187
head31, 1183, 131, 185
head31, 1184, 131, 186
head31, 1185, 130, 185
head31, 1186, 138, 184
head31, 1187, 131, 184
head31, 1188, 138, 184
head31, 1189, 132, 184
head31, 1190, 130, 180
head31, 1191, 132, 180
head31, 1192, 129, 181
head31, 1193, 129, 181
head31, 1194, 133, 177
head31, 1195, 128, 179
head31, 1196, 127, 179
head31, 1197, 130, 175
head31, 1198, 129, 175
head31, 1199, 124, 171
head31, 1200, 123, 171
head31, 1201, 126, 167
head31, 1202, 120, 172
head31, 1203, 118, 165
head31, 1204, 120, 170
head31, 1205, 118, 163
head31, 1206, 120, 160
head31, 1207, 117, 168
head31, 1208, 118, 164
head31, 1209, 116, 167
head31, 1210, 118, 166
head31, 1211, 116, 161
head31, 1212, 118, 160
head31, 1213, 117, 162
head31, 1214, 116, 161
head31, 1215, 116, 168
head31, 1216, 115, 161
head31, 1217, 111, 164
head31, 1218, 111, 163
head31, 1219, 115, 158
head31, 1220, 114, 156
head31, 1221, 114, 159
head31, 1222, 110, 158
head31, 1223, 109, 162
head31, 1224, 113, 158
head31, 1225, 116, 161
head31, 1226, 115, 160
head31, 1227, 115, 159
head31, 1228, 114, 159
head31, 1229, 109, 155
head31, 1230, 115, 158
head31, 1231, 115, 158
head31, 1232, 111, 154
head31, 1233, 111, 154
head31, 1234, 115, 157
head31, 1235, 115, 157
head31, 1236, 114, 156
head31, 1237, 109, 151
head31, 1238, 115, 155
head31, 1239, 115, 156
head31, 1240, 111, 153
head31, 1241, 119, 146
head31, 1242, 115, 151
head31, 1243, 115, 152
head31, 1244, 119, 149
head31, 1245, 121, 151
head31, 1246, 119, 149
head31, 1247, 121, 143
head31, 1248, 127, 141
head31, 1249, 129, 143
head31, 1250, 127, 141
head31, 1251, 129, 143
head31, 1252, 135, 141
head31, 1253, 137, 135
head31, 1255, 143, 133
head31, 1256, 145, 135
head31, 1257, 143, 133
head31, 1260, 145, 127
head31, 1261, 151, 125
head31, 1262, 153, 119
head31, 1263, 151, 117
head31, 1264, 145, 119
head31, 1265, 151, 117
head31, 1266, 153, 111
head31, 1267, 151, 109
head31, 1268, 145, 111
head31, 1269, 151, 109
head31, 1270, 145, 111
head31, 1271, 151, 109
head31, 1272, 145, 111
head31, 1273, 151, 109
head31, 1274, 153, 103
head31, 1275, 151, 101
head31, 1276, 153, 103
head31, 1277, 151, 101
head31, 1278, 153, 103
head31, 1279, 154, 104
head31, 1280, 151, 101
head31, 1281, 154, 99
head31, 1282, 155, 98
head31, 1286, 147, 92
head31, 1287, 143, 90
head31, 1289, 143, 84
head31, 1290, 147, 82
head31, 1292, 171, 76
head31, 1293, 175, 80
head31, 1294, 175, 82
head31, 1295, 176, 80
head31, 1296, 173, 74
head31, 1297, 174, 72
head31, 1298, 171, 74
head31, 1303, 148, 72
head31, 1304, 145, 66
head31, 1305, 146, 64
head31, 1306, 167, 66
head32, 1331, 205, 103
head32, 1332, 204, 109
head32, 1333, 199, 103
head32, 1334, 203, 108
head32, 1335, 204, 106
head32, 1336, 205, 107
head32, 1337, 198, 101
head32, 1338, 196, 107
head32, 1339, 193, 106
head32, 1340, 192, 105
head32, 1341, 192, 105
head32, 1342, 192, 97
head32, 1343, 188, 101
head32, 1344, 164, 101
head32, 1345, 160, 105
head32, 1346, 160, 105
head32, 1347, 164, 101
head32, 1348, 188, 101
head32, 1349, 185, 97
head32, 1350, 190, 101
head32, 1351, 184, 96
head32, 1352, 184, 95
head32, 1353, 187, 96
head32, 1354, 187, 95
head32, 1355, 186, 94
head32, 1356, 186, 94
head32, 1357, 186, 94
head32, 1358, 186, 94
head32, 1359, 186, 94
head32, 1360, 190, 90
head32, 1361, 190, 90
head32, 1362, 187, 89
head32, 1363, 191, 87
head32, 1364, 194, 80
head32, 1365, 189, 78
head32, 1366, 188, 80
head32, 1367, 177, 79
head32, 1368, 162, 74
head32, 1369, 143, 65
head32, 1370, 136, 68
head32, 1371, 141, 67
head32, 1372, 142, 86
head32, 1375, 147, 85
head32, 1376, 140, 64
head32, 1377, 145, 60
head32, 1378, 146, 68
head32, 1379, 143, 80
head32, 1380, 144, 66
head32, 1381, 141, 64
head32, 1382, 145, 66
head32, 1383, 146, 65
head32, 1384, 151, 84
head33, 1284, 173, 143
head33, 1285, 171, 143
head33, 1286, 173, 139
head33, 1287, 174, 138
head33, 1288, 175, 137
head33, 1289, 175, 136
head33, 1290, 177, 134
head33, 1291, 191, 136
head33, 1293, 193, 134
head33, 1294, 175, 120
head33, 1295, 177, 118
head33, 1296, 175, 120
head33, 1297, 174, 123
head33, 1298, 173, 114
head33, 1299, 176, 117
head33, 1300, 178, 118
head33, 1301, 170, 117
head33, 1302, 176, 115
head33, 1303, 176, 115
head33, 1304, 176, 111
head33, 1305, 175, 110
head33, 1306, 175, 110
head33, 1307, 171, 106
head33, 1308, 173, 107
head33, 1309, 171, 104
head33, 1310, 149, 105
head33, 1312, 147, 102
head33, 1314, 160, 97
head33, 1315, 160, 97
head33, 1316, 160, 96
head33, 1317, 161, 95
head33, 1318, 161, 94
head33, 1319, 160, 94
head33, 1320, 160, 93
head33, 1321, 160, 92
head33, 1322, 160, 91
head33, 1323, 159, 87
head33, 1324, 161, 86
head33, 1325, 162, 80
head33, 1326, 161, 83
head33, 1327, 163, 82
head33, 1328, 163, 82
head33, 1329, 164, 80
head33, 1330, 165, 76
head33, 1331, 162, 68
head33, 1332, 163, 72
head33, 1333, 168, 72
head33, 1334, 169, 68
head33, 1335, 166, 68
head33, 1336, 167, 64
head33, 1337, 172, 64
head33, 1338, 157, 68
head33, 1339, 162, 92
head33, 1340, 163, 104
head33, 1341, 168, 104
head33, 1342, 185, 100
head33, 1343, 190, 100
head33, 1344, 183, 88
head33, 1345, 188, 96
head33, 1346, 187, 104
head33, 1347, 191, 95
head33, 1348, 184, 103
head33, 1349, 185, 97
head33, 1350, 190, 101
head33, 1351, 184, 96
head33, 1352, 184, 95
head33, 1353, 187, 96
head33, 1354, 187, 95
head33, 1355, 186, 94
head33, 1356, 186, 94
head33, 1357, 186, 94
head33, 1358, 186, 94
head33, 1359, 186, 94
head33, 1360, 190, 90
head33, 1361, 190, 90
head33, 1362, 187, 89
head33, 1363, 191, 87
head33, 1364, 194, 80
head33, 1365, 189, 78
head33, 1366, 188, 80
head33, 1367, 177, 79
head33, 1368, 162, 74
head33, 1369, 143, 65
head33, 1370, 136, 68
head33, 1371, 141, 67
head33, 1372, 142, 86
head33, 1375, 147, 85
head33, 1377, 149, 90
head33, 1378, 145, 85
head33, 1379, 152, 91
head33, 1380, 147, 85
head33, 1381, 146, 83
head33, 1382, 145, 66
head33, 1383, 146, 65
head33, 1384, 151, 84
head34, 1237, 261, 170
head34, 1240, 260, 166
head34, 1241, 263, 166
head34, 1242, 262, 162
head34, 1245, 262, 160
head34, 1246, 261, 160
head34, 1247, 256, 156
head34, 1248, 254, 158
head34, 1249, 256, 158
head34, 1250, 255, 157
head34, 1251, 257, 157
head34, 1252, 253, 155
head34, 1253, 252, 151
head34, 1254, 249, 153
head34, 1255, 250, 151
head34, 1256, 247, 145
head34, 1257, 240, 143
head34, 1258, 237, 145
head34, 1259, 239, 147
head34, 1260, 237, 140
head34, 1261, 237, 139
head34, 1262, 233, 145
head34, 1263, 234, 145
head34, 1264, 231, 141
head34, 1265, 232, 133
head34, 1266, 229, 137
head34, 1267, 232, 135
head34, 1268, 231, 135
head34, 1269, 226, 131
head34, 1270, 229, 134
head34, 1271, 228, 133
head34, 1272, 228, 133
head34, 1273, 226, 132
head34, 1274, 228, 135
head34, 1275, 234, 126
head34, 1276, 230, 130
head34, 1277, 230, 130
head34, 1278, 234, 126
head34, 1279, 231, 127
head34, 1280, 239, 126
head34, 1281, 235, 121
head34, 1282, 235, 120
head34, 1283, 240, 125
head34, 1284, 240, 125
head34, 1285, 239, 121
head34, 1286, 234, 121
head34, 1287, 225, 117
head34, 1288, 228, 117
head34, 1290, 235, 121
head34, 1291, 241, 121
head34, 1292, 242, 121
head34, 1293, 239, 117
head34, 1294, 240, 117
head34, 1295, 229, 113
head34, 1296, 238, 113
head34, 1297, 235, 117
head34, 1298, 236, 117
head34, 1300, 233, 113
head34, 1301, 226, 113
head34, 1302, 230, 115
head34, 1303, 229, 116
head34, 1304, 227, 118
head34, 1305, 225, 120
head34, 1306, 227, 118
head34, 1307, 223, 119
head34, 1308, 223, 116
head34, 1309, 222, 119
head34, 1310, 217, 118
head34, 1311, 216, 121
head34, 1312, 211, 120
head34, 1313, 194, 115
head34, 1316, 157, 98
head34, 1317, 161, 95
head34, 1318, 161, 94
head34, 1319, 160, 94
head34, 1320, 160, 93
head34, 1321, 160, 92
head34, 1322, 160, 91
head34, 1323, 159, 87
head34, 1324, 161, 86
head34, 1325, 162, 80
head34, 1326, 161, 83
head34, 1327, 163, 82
head34, 1328, 163, 82
head34, 1329, 164, 80
head34, 1330, 165, 76
head34, 1331, 162, 68
head34, 1332, 163, 72
head34, 1333, 168, 72
head34, 1334, 169, 68
head34, 1335, 166, 68
head34, 1336, 167, 64
head34, 1337, 172, 64
head34, 1338, 157, 68
head34, 1339, 162, 92
head34, 1340, 163, 104
head34, 1341, 168, 104
head34, 1342, 185, 100
head34, 1343, 190, 100
head34, 1344, 183, 88
head34, 1345, 188, 96
head34, 1346, 187, 104
head34, 1347, 191, 95
head34, 1348, 184, 103
head34, 1349, 185, 97
head34, 1350, 190, 101
head34, 1351, 184, 96
head34, 1352, 184, 95
head34, 1353, 187, 96
head34, 1354, 187, 95
head34, 1355, 186, 94
head34, 1356, 186, 94
head34, 1357, 186, 94
head34, 1358, 186, 94
head34, 1359, 186, 94
head34, 1360, 190, 90
head34, 1361, 190, 90
head34, 1362, 187, 89
head34, 1363, 191, 87
head34, 1364, 194, 80
head34, 1365, 189, 78
head34, 1366, 188, 80
head34, 1367, 177, 79
head34, 1368, 162, 74
head34, 1369, 143, 65
head34, 1370, 136, 68
head34, 1371, 141, 67
head34, 1372, 142, 86
head34, 1375, 147, 85
head34, 1377, 149, 90
head34, 1378, 145, 85
head34, 1379, 152, 91
head34, 1380, 147, 85
head34, 1381, 146, 83
head34, 1382, 145, 66
head34, 1383, 146, 65
head34, 1384, 151, 84
head35, 1359, 137, 153
head35, 1360, 137, 152
head35, 1361, 133, 147
head35, 1362, 137, 151
head35, 1363, 137, 151
head35, 1364, 133, 147
head35, 1365, 133, 147
head35, 1366, 129, 143
head35, 1367, 137, 143
head35, 1368, 133, 147
head35, 1369, 133, 147
head35, 1370, 137, 143
head35, 1371, 137, 143
head35, 1372, 133, 139
head35, 1373, 133, 139
head35, 1374, 137, 135
head35, 1375, 137, 135
head35, 1376, 141, 139
head35, 1377, 141, 139
head35, 1378, 145, 135
head35, 1379, 145, 135
head35, 1380, 149, 131
head35, 1381, 153, 131
head35, 1382, 153, 135
head35, 1383, 157, 135
head35, 1384, 157, 131
head35, 1385, 161, 131
head35, 1386, 159, 126
head35, 1387, 165, 134
head35, 1388, 167, 122
head35, 1389, 165, 122
head35, 1390, 167, 126
head35, 1391, 173, 126
head35, 1392, 178, 128
head35, 1393, 177, 128
head35, 1394, 176, 127
head35, 1395, 174, 120
head35, 1396, 173, 119
head35, 1397, 176, 122
head35, 1398, 175, 121
head35, 1399, 178, 116
head35, 1400, 177, 115
head35, 1401, 180, 118
head35, 1402, 179, 109
head35, 1403, 174, 112
head35, 1404, 173, 106
head35, 1405, 172, 105
head35, 1406, 172, 113
head35, 1407, 172, 112
head35, 1408, 164, 112
head35, 1409, 165, 113
head35, 1410, 165, 111
head35, 1411, 163, 112
head35, 1414, 157, 101
head35, 1415, 150, 97
head35, 1416, 150, 89
head35, 1417, 151, 96
head35, 1418, 152, 95
head35, 1419, 152, 95
head35, 1420, 152, 95
head35, 1421, 152, 95
head35, 1422, 152, 87
head35, 1423, 153, 93
head35, 1424, 153, 89
head35, 1425, 152, 88
head35, 1426, 152, 88
head35, 1427, 153, 81
head35, 1428, 152, 83
head35, 1429, 155, 81
head35, 1430, 154, 75
head35, 1431, 157, 81
head35, 1432, 159, 83
head35, 1433, 167, 83
head35, 1434, 195, 79
head36, 1441, 179, 72
head36, 1443, 179, 72
head36, 1444, 178, 72
head36, 1445, 181, 68
head36, 1446, 188, 68
head36, 1447, 183, 72
head36, 1448, 182, 64
head36, 1449, 185, 68
head36, 1450, 184, 68
head36, 1451, 187, 64
head36, 1452, 186, 64
head36, 1454, 189, 60
head36, 1455, 180, 60
head36, 1456, 183, 64
head36, 1457, 174, 64
head36, 1458, 177, 60
head36, 1459, 176, 60
head36, 1460, 171, 64
head36, 1461, 170, 64
head36, 1462, 173, 68
head36, 1463, 172, 68
head36, 1466, 167, 64
head36, 1467, 142, 64
