head0,534,154.0,72.0
head0,537,166.0,72.0
head0,538,160.0,72.0
head0,539,169.0,80.0
head0,541,172.0,73.0
head0,542,174.0,74.0
head0,543,183.0,83.0
head0,545,178.0,77.0
head0,546,187.0,78.0
head0,547,180.0,80.0
head0,548,181.0,82.0
head0,549,181.0,93.0
head0,551,182.0,96.0
head0,552,176.0,108.0
head0,553,186.0,112.0
head0,558,198.0,114.0
head0,559,204.0,116.0
head0,560,196.0,128.0
head0,561,204.0,126.0
head0,562,198.0,128.0
head0,563,204.0,124.0
head0,566,213.0,134.0
head0,567,208.0,144.0
head0,568,218.0,146.0
head0,569,217.0,142.0
head0,570,218.0,149.0
head1,606,158.0,148.0
head1,609,152.0,153.0
head1,610,150.0,138.0
head1,611,128.0,127.0
head1,612,118.0,128.0
head1,613,112.0,133.0
head1,614,102.0,130.0
head1,616,100.0,138.0
head1,617,97.0,130.0
head1,619,90.0,126.0
head1,620,87.0,134.0
head1,621,88.0,130.0
head1,622,79.0,134.0
head1,623,74.0,138.0
head1,624,78.0,146.0
head1,625,70.0,150.0
head1,626,68.0,153.0
head1,629,64.0,160.0
head1,630,64.0,171.0
head1,631,56.0,177.0
head1,632,56.0,186.0
head1,633,72.0,189.0
head2,609,175.0,60.0
head2,610,167.0,68.0
head2,611,166.0,68.0
head2,612,166.0,68.0
head2,613,171.0,69.0
head2,615,170.0,71.0
head2,616,166.0,74.0
head2,617,175.0,75.0
head2,618,169.0,77.0
head2,619,178.0,80.0
head2,620,177.0,89.0
head2,621,178.0,88.0
head2,622,180.0,99.0
head2,624,192.0,97.0
head2,625,187.0,102.0
head2,626,188.0,100.0
head2,627,190.0,107.0
head2,628,194.0,115.0
head2,629,200.0,119.0
head2,630,194.0,121.0
head2,631,200.0,120.0
head2,632,200.0,119.0
head2,633,203.0,128.0
head2,634,203.0,130.0
head2,635,205.0,134.0
head2,636,208.0,138.0
head2,638,216.0,145.0
head2,640,220.0,158.0
head2,641,219.0,161.0
head3,571,178.0,103.0
head3,572,184.0,106.0
head3,573,186.0,89.0
head3,574,168.0,52.0
head3,575,162.0,52.0
head3,577,152.0,72.0
head3,579,154.0,72.0
head3,580,152.0,68.0
head3,581,138.0,68.0
head3,582,144.0,64.0
head3,583,146.0,64.0
head3,584,144.0,68.0
head3,585,145.0,75.0
head3,586,154.0,76.0
head3,587,140.0,76.0
head3,588,139.0,76.0
head3,589,150.0,72.0
head3,590,141.0,80.0
head3,591,136.0,84.0
head3,592,143.0,92.0
head3,593,130.0,96.0
head3,594,135.0,100.0
head3,595,120.0,100.0
head3,596,117.0,104.0
head3,597,134.0,96.0
head3,598,134.0,107.0
head3,599,140.0,107.0
head3,600,140.0,115.0
head3,601,148.0,107.0
head3,602,136.0,111.0
head3,603,130.0,119.0
head3,604,136.0,126.0
head3,605,133.0,126.0
head3,606,118.0,124.0
head3,607,118.0,124.0
head3,608,118.0,130.0
head3,609,112.0,129.0
head3,610,118.0,124.0
head3,611,128.0,131.0
head3,613,118.0,134.0
head3,614,104.0,117.0
head3,617,97.0,130.0
head3,618,94.0,131.0
head3,619,87.0,128.0
head3,620,84.0,137.0
head3,621,85.0,134.0
head3,622,79.0,134.0
head3,623,74.0,138.0
head3,624,78.0,146.0
head3,625,70.0,150.0
head3,626,68.0,153.0
head3,629,64.0,160.0
head3,630,64.0,171.0
head3,631,56.0,177.0
head3,632,56.0,186.0
head3,633,72.0,189.0
head3,634,76.0,188.0
head3,635,60.0,183.0
head3,636,54.0,191.0
head3,637,46.0,200.0
head3,638,50.0,193.0
head3,639,51.0,202.0
head3,640,50.0,202.0
head3,641,45.0,206.0
head3,642,41.0,221.0
head3,643,44.0,216.0
head3,644,36.0,215.0
head3,645,38.0,219.0
head3,646,44.0,219.0
head3,647,70.0,223.0
head3,648,72.0,234.0
head3,649,68.0,236.0
head3,650,75.0,235.0
head3,651,72.0,238.0
head3,652,65.0,237.0
head3,653,61.0,244.0
head3,656,53.0,255.0
head3,657,63.0,256.0
head3,658,63.0,260.0
head3,659,67.0,260.0
head4,561,196.0,70.0
head4,562,188.0,65.0
head4,565,184.0,64.0
head4,567,176.0,83.0
head4,568,178.0,90.0
head4,569,177.0,86.0
head4,570,156.0,70.0
head4,571,139.0,74.0
head4,572,142.0,90.0
head4,573,141.0,86.0
head4,574,152.0,86.0
head4,575,159.0,66.0
head4,579,154.0,68.0
head4,580,153.0,66.0
head4,581,148.0,60.0
head4,582,139.0,58.0
head4,583,150.0,68.0
head4,584,163.0,75.0
head4,585,145.0,75.0
head4,586,154.0,76.0
head4,587,140.0,76.0
head4,588,139.0,76.0
head4,589,150.0,72.0
head4,590,141.0,80.0
head4,591,136.0,84.0
head4,592,143.0,92.0
head4,593,130.0,96.0
head4,594,135.0,100.0
head4,595,120.0,100.0
head4,596,117.0,104.0
head4,597,134.0,96.0
head4,598,134.0,107.0
head4,599,140.0,107.0
head4,600,140.0,115.0
head4,601,148.0,107.0
head4,602,136.0,111.0
head4,603,130.0,119.0
head4,604,136.0,126.0
head4,605,133.0,126.0
head4,606,118.0,124.0
head4,607,118.0,124.0
head4,608,118.0,130.0
head4,609,112.0,129.0
head4,610,118.0,124.0
head4,611,128.0,131.0
head4,613,118.0,134.0
head4,614,104.0,117.0
head4,617,97.0,130.0
head4,618,94.0,131.0
head4,619,87.0,128.0
head4,620,84.0,137.0
head4,621,85.0,134.0
head4,622,79.0,134.0
head4,623,74.0,138.0
head4,624,78.0,146.0
head4,625,70.0,150.0
head4,626,68.0,153.0
head4,629,64.0,160.0
head4,630,64.0,171.0
head4,631,56.0,177.0
head4,632,56.0,186.0
head4,633,72.0,189.0
head4,634,76.0,188.0
head4,635,60.0,183.0
head4,636,54.0,191.0
head4,637,46.0,200.0
head4,638,50.0,193.0
head4,639,51.0,202.0
head4,640,50.0,202.0
head4,641,45.0,206.0
head4,642,41.0,221.0
head4,643,44.0,216.0
head4,644,36.0,215.0
head4,645,38.0,219.0
head4,646,44.0,219.0
head4,647,70.0,223.0
head4,648,72.0,234.0
head4,649,68.0,236.0
head4,650,75.0,235.0
head4,651,72.0,238.0
head4,652,65.0,237.0
head4,653,61.0,244.0
head4,656,53.0,255.0
head4,657,63.0,256.0
head4,658,63.0,260.0
head4,659,67.0,260.0
head5,664,187.0,132.0
head5,665,186.0,136.0
head5,666,191.0,144.0
head5,668,186.0,134.0
head5,670,185.0,133.0
head5,671,184.0,135.0
head5,672,185.0,134.0
head5,676,183.0,150.0
head5,677,183.0,162.0
head5,678,185.0,162.0
head5,679,191.0,164.0
head5,680,183.0,159.0
head5,681,182.0,170.0
head5,682,182.0,182.0
head5,683,180.0,176.0
head5,685,184.0,179.0
head5,686,181.0,180.0
head5,687,183.0,187.0
head5,688,182.0,192.0
head5,689,180.0,196.0
head5,690,180.0,200.0
head5,691,175.0,204.0
head5,692,178.0,208.0
head5,693,171.0,212.0
head5,694,175.0,216.0
head5,695,168.0,219.0
head5,697,165.0,226.0
head5,698,164.0,229.0
head5,699,164.0,233.0
head5,700,162.0,236.0
head5,701,169.0,239.0
head5,702,166.0,250.0
head5,703,164.0,252.0
head5,704,160.0,247.0
head5,705,167.0,249.0
head6,704,157.0,148.0
head6,705,155.0,138.0
head6,706,160.0,148.0
head6,707,156.0,143.0
head6,708,163.0,148.0
head6,710,164.0,154.0
head6,711,164.0,161.0
head6,712,165.0,162.0
head6,713,158.0,170.0
head6,715,170.0,175.0
head6,716,170.0,181.0
head6,717,165.0,183.0
head6,718,173.0,189.0
head6,719,168.0,184.0
head6,721,170.0,192.0
head6,722,180.0,200.0
head6,723,174.0,206.0
head6,724,185.0,203.0
head6,725,181.0,205.0
head6,726,180.0,221.0
head6,727,179.0,220.0
head6,728,177.0,216.0
head6,729,180.0,223.0
head6,730,176.0,230.0
head6,731,180.0,225.0
head6,732,187.0,236.0
head6,733,180.0,230.0
head6,735,179.0,247.0
head6,736,170.0,249.0
head6,737,170.0,254.0
head6,738,177.0,258.0
head6,739,176.0,262.0
head6,740,175.0,266.0
head7,744,198.0,124.0
head7,749,203.0,131.0
head7,750,196.0,118.0
head7,751,192.0,112.0
head7,752,196.0,116.0
head7,753,191.0,116.0
head7,754,174.0,104.0
head7,755,153.0,72.0
head7,758,136.0,68.0
head7,759,139.0,76.0
head7,760,162.0,64.0
head7,761,177.0,68.0
head7,762,169.0,68.0
head7,763,165.0,56.0
head7,764,171.0,52.0
head7,767,189.0,68.0
head7,768,193.0,68.0
head7,770,195.0,69.0
head7,771,193.0,66.0
head7,773,187.0,69.0
head7,774,171.0,69.0
head7,775,135.0,65.0
head8,636,151.0,108.0
head8,641,155.0,113.0
head8,642,155.0,98.0
head8,643,175.0,87.0
head8,644,175.0,56.0
head8,645,182.0,61.0
head8,646,181.0,63.0
head8,647,181.0,61.0
head8,648,161.0,63.0
head8,649,161.0,61.0
head8,650,175.0,60.0
head8,651,169.0,63.0
head8,653,175.0,70.0
head8,654,177.0,65.0
head8,655,190.0,60.0
head8,658,189.0,68.0
head8,659,200.0,72.0
head8,660,191.0,64.0
head8,661,162.0,68.0
head8,662,148.0,68.0
head8,663,164.0,69.0
head8,664,147.0,68.0
head8,665,142.0,55.0
head8,667,149.0,68.0
head8,668,168.0,61.0
head8,669,199.0,58.0
head8,674,200.0,74.0
head8,675,197.0,78.0
head8,676,182.0,78.0
head8,677,191.0,80.0
head8,678,185.0,66.0
head8,679,193.0,68.0
head8,680,187.0,77.0
head8,681,169.0,98.0
head8,682,171.0,99.0
head8,683,153.0,88.0
head8,684,155.0,89.0
head8,685,169.0,70.0
head8,688,171.0,71.0
head8,689,169.0,84.0
head8,690,163.0,93.0
head8,691,169.0,82.0
head8,692,187.0,91.0
head8,693,185.0,96.0
head8,694,190.0,102.0
head8,695,191.0,104.0
head8,696,191.0,106.0
head8,697,183.0,109.0
head8,698,184.0,112.0
head8,699,184.0,114.0
head8,700,182.0,117.0
head8,701,196.0,119.0
head8,702,190.0,117.0
head8,703,186.0,110.0
head8,704,170.0,83.0
head8,705,174.0,68.0
head8,706,182.0,57.0
head8,707,178.0,60.0
head8,708,186.0,51.0
head8,709,190.0,52.0
head8,710,182.0,57.0
head8,711,186.0,50.0
head8,712,178.0,52.0
head8,713,182.0,50.0
head8,714,190.0,52.0
head8,715,186.0,50.0
head8,716,178.0,52.0
head8,717,158.0,58.0
head8,718,150.0,60.0
head8,720,138.0,58.0
head8,721,138.0,60.0
head8,722,134.0,66.0
head8,723,142.0,76.0
head8,724,138.0,66.0
head8,725,138.0,68.0
head8,726,142.0,90.0
head8,727,158.0,92.0
head8,728,178.0,74.0
head8,729,186.0,52.0
head8,730,190.0,68.0
head8,731,174.0,64.0
head8,732,162.0,56.0
head8,733,162.0,60.0
head8,734,166.0,68.0
head8,735,190.0,88.0
head8,736,194.0,104.0
head8,739,186.0,108.0
head8,740,184.0,110.0
head8,741,182.0,120.0
head8,742,166.0,121.0
head8,743,160.0,123.0
head8,744,150.0,105.0
head8,745,144.0,67.0
head8,746,142.0,68.0
head8,747,152.0,57.0
head8,748,150.0,52.0
head8,749,152.0,68.0
head8,750,166.0,96.0
head8,751,168.0,104.0
head8,752,166.0,108.0
head8,755,168.0,108.0
head8,758,150.0,88.0
head8,759,144.0,72.0
head8,760,150.0,68.0
head8,761,144.0,68.0
head8,762,142.0,64.0
head8,763,160.0,56.0
head8,764,171.0,52.0
head8,765,194.0,68.0
head8,767,193.0,68.0
head8,768,193.0,68.0
head8,770,195.0,69.0
head8,771,193.0,66.0
head8,773,187.0,69.0
head8,774,171.0,69.0
head8,775,135.0,65.0
head9,776,138.0,133.0
head9,777,136.0,133.0
head9,778,130.0,113.0
head9,779,128.0,113.0
head9,780,130.0,109.0
head9,781,128.0,117.0
head9,782,132.0,119.0
head9,783,128.0,121.0
head9,785,129.0,122.0
head9,786,120.0,129.0
head9,787,120.0,130.0
head9,788,116.0,119.0
head9,789,108.0,128.0
head9,790,111.0,133.0
head9,791,100.0,136.0
head9,792,101.0,143.0
head9,793,90.0,138.0
head9,794,83.0,137.0
head9,795,80.0,132.0
head9,796,82.0,141.0
head9,797,80.0,138.0
head9,798,74.0,131.0
head9,799,64.0,136.0
head9,800,66.0,137.0
head9,801,56.0,142.0
head9,802,62.0,142.0
head9,803,56.0,146.0
head9,805,52.0,148.0
head9,806,68.0,162.0
head9,807,72.0,164.0
head9,808,74.0,175.0
head9,809,79.0,182.0
head9,810,68.0,181.0
head9,811,64.0,182.0
head9,812,40.0,171.0
head9,813,28.0,172.0
head9,814,28.0,169.0
head9,815,28.0,178.0
head9,816,28.0,175.0
head9,817,28.0,176.0
head9,818,28.0,181.0
head9,819,28.0,182.0
head9,820,28.0,179.0
head9,821,28.0,188.0
head10,810,198.0,68.0
head10,811,190.0,68.0
head10,812,162.0,64.0
head10,813,146.0,56.0
head10,814,142.0,60.0
head10,815,150.0,68.0
head10,816,146.0,64.0
head10,817,146.0,64.0
head10,818,142.0,52.0
head10,819,150.0,68.0
head10,820,138.0,64.0
head10,821,146.0,56.0
head10,822,142.0,60.0
head10,823,140.0,68.0
head10,824,148.0,68.0
head10,825,136.0,64.0
head10,826,141.0,68.0
head10,827,150.0,68.0
head10,828,142.0,69.0
head10,829,143.0,69.0
head10,830,144.0,77.0
head10,831,133.0,65.0
head10,832,142.0,65.0
head10,833,147.0,61.0
head10,834,148.0,61.0
head10,835,153.0,65.0
head10,836,153.0,68.0
head10,837,154.0,84.0
head10,838,143.0,80.0
head10,839,148.0,84.0
head10,840,157.0,68.0
head10,841,186.0,64.0
head11,780,197.0,69.0
head11,781,198.0,61.0
head11,783,179.0,57.0
head11,785,156.0,49.0
head11,789,153.0,52.0
head11,790,154.0,51.0
head11,791,151.0,54.0
head11,793,136.0,53.0
head11,797,141.0,64.0
head11,798,148.0,70.0
head11,799,143.0,64.0
head11,800,150.0,62.0
head11,801,145.0,64.0
head11,802,150.0,76.0
head11,805,143.0,68.0
head11,806,145.0,76.0
head11,807,143.0,64.0
head11,808,153.0,56.0
head11,809,151.0,68.0
head11,810,145.0,60.0
head11,811,151.0,56.0
head11,812,153.0,56.0
head11,813,151.0,60.0
head11,814,145.0,60.0
head11,816,143.0,64.0
head11,817,145.0,64.0
head11,819,159.0,60.0
head11,820,169.0,60.0
head11,821,183.0,80.0
head11,822,195.0,83.0
head11,824,195.0,90.0
head11,825,191.0,77.0
head11,826,189.0,84.0
head11,827,183.0,87.0
head11,828,194.0,91.0
head11,831,193.0,107.0
head11,833,188.0,103.0
head11,835,195.0,103.0
head11,836,201.0,108.0
head11,837,199.0,116.0
head11,839,196.0,124.0
head11,840,213.0,144.0
head11,843,220.0,137.0
head11,844,220.0,140.0
head11,848,222.0,156.0
head11,849,223.0,156.0
head12,816,133.0,137.0
head12,817,133.0,147.0
head12,818,129.0,145.0
head12,820,128.0,147.0
head12,821,129.0,155.0
head12,822,124.0,158.0
head12,823,122.0,160.0
head12,824,124.0,155.0
head12,825,117.0,165.0
head12,827,116.0,166.0
head12,828,116.0,164.0
head12,829,106.0,164.0
head12,830,111.0,170.0
head12,831,100.0,169.0
head12,832,100.0,172.0
head12,833,96.0,178.0
head12,834,91.0,175.0
head12,835,86.0,174.0
head12,836,92.0,175.0
head12,837,80.0,181.0
head12,838,85.0,172.0
head12,839,82.0,171.0
head12,842,72.0,180.0
head12,843,69.0,181.0
head12,844,57.0,183.0
head12,845,54.0,184.0
head12,846,59.0,184.0
head12,847,49.0,192.0
head12,848,46.0,190.0
head12,849,52.0,188.0
head12,850,61.0,189.0
head12,851,47.0,189.0
head12,852,45.0,196.0
head13,818,156.0,108.0
head13,819,156.0,100.0
head13,820,156.0,107.0
head13,821,164.0,115.0
head13,824,172.0,124.0
head13,825,180.0,132.0
head13,828,180.0,148.0
head13,829,175.0,141.0
head13,830,184.0,141.0
head13,832,185.0,154.0
head13,834,186.0,166.0
head13,835,182.0,162.0
head13,836,187.0,175.0
head13,837,186.0,172.0
head13,838,186.0,184.0
head13,839,186.0,185.0
head13,840,180.0,194.0
head13,841,188.0,203.0
head13,842,180.0,198.0
head13,843,182.0,208.0
head13,844,181.0,206.0
head13,845,175.0,220.0
head13,846,184.0,227.0
head13,847,184.0,223.0
head13,848,184.0,227.0
head13,849,186.0,233.0
head13,851,188.0,239.0
head13,852,188.0,242.0
head13,856,194.0,252.0
head14,844,148.0,92.0
head14,845,153.0,94.0
head14,846,159.0,107.0
head14,847,159.0,107.0
head14,849,151.0,108.0
head14,850,143.0,108.0
head14,851,143.0,115.0
head14,852,142.0,116.0
head14,853,143.0,116.0
head14,854,134.0,114.0
head14,855,135.0,111.0
head14,856,136.0,113.0
head14,857,138.0,120.0
head14,858,138.0,121.0
head14,860,136.0,125.0
head14,861,132.0,135.0
head14,862,126.0,131.0
head14,863,134.0,136.0
head14,864,126.0,140.0
head14,865,129.0,153.0
head14,866,128.0,145.0
head14,867,126.0,147.0
head14,868,123.0,158.0
head14,869,122.0,153.0
head14,870,122.0,157.0
head14,871,122.0,167.0
head14,872,132.0,170.0
head14,873,129.0,173.0
head14,874,128.0,176.0
head14,877,127.0,190.0
head14,878,122.0,193.0
head14,879,130.0,197.0
head14,880,129.0,201.0
head14,881,128.0,204.0
head14,882,118.0,209.0
head14,883,117.0,213.0
head14,884,117.0,217.0
head14,885,116.0,221.0
head14,886,115.0,225.0
head14,887,115.0,229.0
head14,888,115.0,233.0
head14,889,115.0,237.0
head14,890,120.0,240.0
head14,891,118.0,242.0
head14,892,110.0,245.0
head14,894,121.0,251.0
head15,898,173.0,191.0
head15,899,166.0,195.0
head15,900,173.0,197.0
head15,901,172.0,200.0
head15,902,173.0,202.0
head15,905,171.0,211.0
head15,906,162.0,220.0
head15,907,166.0,222.0
head15,908,163.0,225.0
head15,909,160.0,227.0
head15,910,153.0,222.0
head15,911,152.0,233.0
head15,912,152.0,228.0
head15,914,145.0,233.0
head15,915,143.0,241.0
head15,916,140.0,249.0
head15,917,137.0,241.0
head15,918,134.0,250.0
head15,919,132.0,246.0
head15,920,127.0,257.0
head15,921,133.0,251.0
head15,925,126.0,255.0
head15,926,131.0,259.0
head16,864,150.0,68.0
head16,867,156.0,69.0
head16,868,150.0,66.0
head16,869,148.0,67.0
head16,871,148.0,70.0
head16,872,144.0,69.0
head16,873,145.0,85.0
head16,874,151.0,84.0
head16,875,151.0,84.0
head16,876,150.0,84.0
head16,877,151.0,78.0
head16,878,152.0,84.0
head16,879,152.0,84.0
head16,880,152.0,84.0
head16,881,155.0,86.0
head16,882,147.0,89.0
head16,883,158.0,90.0
head16,884,148.0,93.0
head16,885,153.0,84.0
head16,886,147.0,96.0
head16,887,154.0,92.0
head16,888,145.0,96.0
head16,889,145.0,105.0
head16,890,145.0,105.0
head16,891,153.0,109.0
head16,892,143.0,109.0
head16,893,139.0,110.0
head16,894,142.0,111.0
head16,895,134.0,111.0
head16,896,134.0,120.0
head16,897,136.0,114.0
head16,898,139.0,116.0
head16,899,134.0,118.0
head16,900,128.0,120.0
head16,901,131.0,121.0
head16,902,123.0,128.0
head16,903,134.0,130.0
head16,904,133.0,130.0
head16,905,133.0,138.0
head16,906,135.0,135.0
head16,907,124.0,142.0
head16,908,130.0,139.0
head16,910,130.0,144.0
head16,911,124.0,149.0
head16,912,124.0,157.0
head16,913,124.0,159.0
head16,914,124.0,158.0
head16,915,125.0,166.0
head16,916,134.0,161.0
head16,917,131.0,162.0
head16,918,124.0,170.0
head16,919,139.0,170.0
head16,920,139.0,178.0
head16,921,132.0,177.0
head16,922,127.0,174.0
head16,923,126.0,177.0
head16,924,125.0,178.0
head16,925,126.0,178.0
head16,926,121.0,185.0
head16,927,119.0,181.0
head16,928,115.0,186.0
head16,929,113.0,188.0
head16,930,110.0,190.0
head16,931,107.0,191.0
head16,932,111.0,191.0
head16,933,110.0,199.0
head16,934,99.0,199.0
head16,935,96.0,199.0
head16,936,87.0,199.0
head16,937,94.0,200.0
head16,938,91.0,208.0
head16,939,90.0,208.0
head16,940,80.0,208.0
head16,941,88.0,208.0
head16,942,88.0,217.0
head16,943,89.0,210.0
head16,944,89.0,209.0
head16,945,80.0,202.0
head16,946,80.0,202.0
head16,947,80.0,202.0
head16,948,80.0,210.0
head16,949,73.0,209.0
head16,950,79.0,210.0
head16,951,71.0,202.0
head16,952,69.0,202.0
head16,953,68.0,194.0
head16,954,68.0,202.0
head16,955,68.0,202.0
head16,956,66.0,210.0
head16,957,65.0,209.0
head16,958,55.0,206.0
head16,959,62.0,207.0
head16,960,69.0,204.0
head16,961,60.0,203.0
head16,962,62.0,205.0
head16,963,59.0,202.0
head16,964,60.0,207.0
head16,965,59.0,210.0
head16,966,51.0,202.0
head16,967,58.0,199.0
head16,968,50.0,206.0
head16,969,50.0,205.0
head16,970,58.0,214.0
head16,971,49.0,210.0
head16,972,56.0,217.0
head16,973,49.0,214.0
head16,974,57.0,215.0
head16,975,50.0,213.0
head16,976,49.0,214.0
head16,977,51.0,219.0
head16,978,51.0,227.0
head16,979,51.0,232.0
head16,980,52.0,235.0
head16,981,51.0,239.0
head16,982,51.0,242.0
head16,983,51.0,243.0
head16,984,50.0,244.0
head16,985,54.0,241.0
head16,986,55.0,249.0
head16,987,56.0,248.0
head16,988,55.0,254.0
head16,989,47.0,256.0
head16,990,54.0,255.0
head16,991,60.0,249.0
head16,993,59.0,249.0
head16,994,59.0,248.0
head16,996,63.0,254.0
head17,981,191.0,149.0
head17,982,201.0,151.0
head17,983,196.0,157.0
head17,984,203.0,161.0
head17,985,202.0,160.0
head17,987,205.0,170.0
head17,988,196.0,176.0
head17,989,196.0,178.0
head17,990,203.0,181.0
head17,991,202.0,183.0
head17,992,204.0,188.0
head17,993,204.0,183.0
head17,995,204.0,198.0
head17,996,206.0,200.0
head17,997,206.0,188.0
head17,998,208.0,198.0
head17,999,208.0,208.0
head17,1000,213.0,204.0
head17,1001,207.0,214.0
head17,1002,216.0,218.0
head17,1003,218.0,217.0
head18,919,192.0,123.0
head18,921,182.0,126.0
head18,924,184.0,109.0
head18,925,166.0,88.0
head18,926,174.0,97.0
head18,927,176.0,95.0
head18,928,174.0,97.0
head18,929,160.0,100.0
head18,930,172.0,100.0
head18,931,177.0,103.0
head18,932,170.0,118.0
head18,933,167.0,115.0
head18,934,168.0,108.0
head18,935,174.0,118.0
head18,936,160.0,124.0
head18,938,150.0,118.0
head18,939,160.0,116.0
head18,940,150.0,110.0
head18,941,160.0,124.0
head18,942,150.0,118.0
head18,943,144.0,124.0
head18,944,150.0,126.0
head18,945,152.0,124.0
head18,946,151.0,134.0
head18,947,154.0,124.0
head18,949,161.0,134.0
head18,951,160.0,149.0
head18,952,153.0,149.0
head18,953,161.0,149.0
head18,954,154.0,154.0
head18,955,156.0,158.0
head18,956,166.0,157.0
head18,957,158.0,159.0
head18,958,163.0,160.0
head18,959,153.0,159.0
head18,960,155.0,161.0
head18,961,157.0,162.0
head18,962,157.0,172.0
head18,964,157.0,175.0
head18,965,157.0,175.0
head18,966,157.0,178.0
head18,967,166.0,185.0
head18,969,158.0,187.0
head18,971,158.0,188.0
head18,973,168.0,195.0
head18,974,177.0,195.0
head18,975,164.0,199.0
head18,976,165.0,204.0
head18,977,176.0,207.0
head18,979,172.0,211.0
head18,981,175.0,221.0
head18,982,177.0,215.0
head18,983,161.0,218.0
head18,986,153.0,224.0
head18,987,153.0,230.0
head18,988,161.0,231.0
head18,989,153.0,235.0
head18,990,161.0,246.0
head18,991,161.0,240.0
head18,992,162.0,249.0
head18,993,163.0,243.0
head18,994,163.0,245.0
head18,995,164.0,247.0
head18,996,164.0,249.0
head18,997,165.0,251.0
head18,998,173.0,253.0
head18,999,158.0,255.0
head18,1000,166.0,256.0
head18,1001,150.0,258.0
head18,1002,157.0,268.0
head18,1003,150.0,262.0
head18,1004,150.0,268.0
head19,1030,184.0,124.0
head19,1032,184.0,116.0
head19,1033,164.0,88.0
head19,1035,140.0,64.0
head19,1039,136.0,60.0
head19,1040,144.0,76.0
head19,1041,148.0,104.0
head19,1042,156.0,112.0
head19,1043,152.0,108.0
head19,1044,168.0,84.0
head19,1045,179.0,84.0
head19,1046,185.0,92.0
head19,1047,185.0,91.0
head19,1048,187.0,100.0
head19,1049,179.0,92.0
head19,1050,187.0,92.0
head19,1051,186.0,100.0
head19,1052,186.0,92.0
head19,1053,178.0,99.0
head19,1054,191.0,92.0
head19,1056,191.0,92.0
head19,1057,183.0,99.0
head19,1058,180.0,101.0
head19,1059,179.0,103.0
head19,1060,179.0,96.0
head19,1061,184.0,104.0
head19,1063,184.0,108.0
head19,1064,183.0,108.0
head19,1065,175.0,108.0
head19,1066,183.0,108.0
head19,1068,178.0,109.0
head19,1069,186.0,110.0
head19,1070,186.0,117.0
head19,1071,185.0,110.0
head19,1072,191.0,118.0
head19,1073,191.0,126.0
head19,1074,193.0,126.0
head19,1075,193.0,136.0
head19,1076,193.0,129.0
head19,1078,200.0,133.0
head20,1028,184.0,116.0
head20,1029,170.0,113.0
head20,1030,144.0,90.0
head20,1032,138.0,71.0
head20,1033,152.0,64.0
head20,1035,170.0,53.0
head20,1036,176.0,60.0
head20,1037,186.0,63.0
head20,1039,176.0,62.0
head20,1040,174.0,68.0
head20,1041,176.0,78.0
head20,1042,176.0,75.0
head20,1043,183.0,83.0
head20,1044,177.0,84.0
head20,1045,179.0,84.0
head20,1046,185.0,92.0
head20,1047,185.0,91.0
head20,1048,187.0,100.0
head20,1049,179.0,92.0
head20,1050,187.0,92.0
head20,1051,186.0,100.0
head20,1052,186.0,92.0
head20,1053,178.0,99.0
head20,1054,191.0,92.0
head20,1056,191.0,92.0
head20,1057,183.0,99.0
head20,1058,180.0,101.0
head20,1059,179.0,103.0
head20,1060,179.0,96.0
head20,1061,184.0,104.0
head20,1063,184.0,108.0
head20,1064,183.0,108.0
head20,1065,175.0,108.0
head20,1066,183.0,108.0
head20,1068,178.0,109.0
head20,1069,186.0,110.0
head20,1070,186.0,117.0
head20,1071,185.0,110.0
head20,1072,191.0,118.0
head20,1073,191.0,126.0
head20,1074,193.0,126.0
head20,1075,193.0,136.0
head20,1076,193.0,129.0
head20,1078,200.0,133.0
head21,1063,184.0,60.0
head21,1065,183.0,60.0
head21,1066,183.0,60.0
head21,1067,175.0,68.0
head21,1068,178.0,61.0
head21,1069,178.0,62.0
head21,1071,177.0,62.0
head21,1072,183.0,70.0
head21,1073,183.0,70.0
head21,1074,185.0,78.0
head21,1075,185.0,72.0
head21,1076,185.0,73.0
head21,1078,184.0,85.0
head21,1080,188.0,84.0
head21,1081,180.0,85.0
head21,1082,180.0,86.0
head21,1083,179.0,88.0
head21,1084,179.0,81.0
head21,1085,194.0,84.0
head21,1086,194.0,83.0
head21,1089,189.0,98.0
head21,1090,187.0,100.0
head21,1091,189.0,102.0
head21,1092,191.0,101.0
head21,1094,184.0,103.0
head21,1096,187.0,104.0
head21,1097,193.0,115.0
head21,1098,194.0,116.0
head21,1099,195.0,106.0
head21,1100,196.0,110.0
head21,1101,199.0,118.0
head22,1083,219.0,144.0
head22,1084,219.0,145.0
head22,1085,218.0,148.0
head22,1086,226.0,147.0
head22,1087,227.0,153.0
head22,1088,228.0,150.0
head22,1089,229.0,162.0
head22,1090,235.0,164.0
head22,1091,237.0,166.0
head22,1092,231.0,170.0
head22,1093,233.0,179.0
head22,1094,232.0,175.0
head22,1095,233.0,183.0
head22,1096,235.0,184.0
head22,1097,233.0,187.0
head22,1098,234.0,188.0
head22,1099,235.0,194.0
head22,1100,239.0,196.0
head22,1101,239.0,206.0
head22,1102,231.0,208.0
head22,1103,239.0,200.0
head23,1147,200.0,115.0
head23,1152,190.0,115.0
head23,1153,178.0,114.0
head23,1154,185.0,113.0
head23,1155,177.0,120.0
head23,1156,177.0,121.0
head23,1157,185.0,115.0
head23,1158,183.0,121.0
head23,1159,175.0,118.0
head23,1160,174.0,124.0
head23,1161,174.0,125.0
head23,1162,182.0,126.0
head23,1163,181.0,128.0
head23,1164,176.0,129.0
head23,1165,183.0,137.0
head23,1166,176.0,129.0
head23,1167,178.0,129.0
head23,1168,178.0,129.0
head23,1169,179.0,136.0
head23,1170,177.0,137.0
head23,1171,184.0,135.0
head23,1172,184.0,127.0
head23,1173,192.0,135.0
head24,1147,192.0,179.0
head24,1149,190.0,184.0
head24,1150,198.0,185.0
head24,1151,188.0,186.0
head24,1152,190.0,187.0
head24,1153,194.0,186.0
head24,1154,193.0,193.0
head24,1155,193.0,192.0
head24,1156,193.0,193.0
head24,1157,193.0,195.0
head24,1159,191.0,198.0
head24,1162,190.0,206.0
head24,1163,197.0,208.0
head24,1164,192.0,209.0
head24,1165,207.0,209.0
head24,1166,208.0,209.0
head24,1169,203.0,216.0
head24,1170,209.0,217.0
head24,1171,200.0,215.0
head24,1172,208.0,215.0
head24,1173,216.0,215.0
head24,1174,206.0,215.0
head25,1116,188.0,68.0
head25,1118,187.0,72.0
head25,1119,166.0,56.0
head25,1120,157.0,44.0
head25,1121,152.0,52.0
head25,1122,159.0,48.0
head25,1123,154.0,52.0
head25,1124,169.0,52.0
head25,1125,172.0,48.0
head25,1126,171.0,60.0
head25,1127,158.0,60.0
head25,1128,149.0,64.0
head25,1130,152.0,64.0
head25,1131,159.0,52.0
head25,1132,162.0,60.0
head25,1133,161.0,56.0
head25,1134,172.0,56.0
head25,1135,171.0,60.0
head25,1136,182.0,76.0
head25,1137,181.0,72.0
head25,1138,168.0,56.0
head25,1139,175.0,60.0
head25,1140,162.0,68.0
head25,1141,153.0,64.0
head25,1142,148.0,64.0
head25,1143,147.0,68.0
head25,1144,142.0,68.0
head25,1145,141.0,64.0
head25,1146,160.0,72.0
head25,1147,183.0,60.0
head25,1148,186.0,68.0
head25,1149,177.0,56.0
head25,1150,180.0,60.0
head25,1151,179.0,60.0
head25,1152,158.0,64.0
head25,1154,157.0,72.0
head25,1155,152.0,68.0
head25,1156,159.0,68.0
head25,1157,154.0,64.0
head25,1158,153.0,64.0
head25,1161,148.0,68.0
head25,1162,155.0,68.0
head25,1166,166.0,72.0
head25,1167,157.0,64.0
head25,1171,152.0,60.0
head25,1172,151.0,52.0
head25,1173,154.0,60.0
head25,1174,145.0,64.0
head25,1175,148.0,64.0
head25,1176,171.0,76.0
head25,1177,174.0,92.0
head25,1178,178.0,99.0
head25,1179,178.0,86.0
head25,1180,182.0,93.0
head25,1181,190.0,80.0
head25,1182,199.0,75.0
head25,1183,204.0,58.0
head25,1184,189.0,68.0
head25,1185,186.0,58.0
head25,1186,163.0,60.0
head25,1187,136.0,58.0
head26,1125,169.0,127.0
head26,1126,168.0,130.0
head26,1127,155.0,113.0
head26,1128,154.0,100.0
head26,1129,149.0,67.0
head26,1130,148.0,60.0
head26,1131,159.0,57.0
head26,1132,158.0,58.0
head26,1133,177.0,55.0
head26,1134,176.0,56.0
head26,1135,171.0,61.0
head26,1136,170.0,70.0
head26,1137,165.0,67.0
head26,1138,156.0,68.0
head26,1139,151.0,65.0
head26,1140,150.0,66.0
head26,1141,161.0,63.0
head26,1142,152.0,72.0
head26,1143,147.0,69.0
head26,1144,154.0,70.0
head26,1145,141.0,67.0
head26,1146,148.0,60.0
head26,1147,175.0,65.0
head26,1148,182.0,90.0
head26,1149,177.0,103.0
head26,1150,182.0,113.0
head26,1151,172.0,114.0
head26,1152,182.0,95.0
head26,1153,180.0,88.0
head26,1154,158.0,69.0
head26,1155,148.0,62.0
head26,1156,158.0,67.0
head26,1157,148.0,84.0
head26,1159,150.0,113.0
head26,1160,156.0,122.0
head26,1161,174.0,111.0
head26,1162,172.0,112.0
head26,1163,150.0,101.0
head26,1167,148.0,70.0
head26,1171,150.0,52.0
head26,1172,156.0,60.0
head26,1173,150.0,56.0
head26,1174,164.0,56.0
head26,1175,158.0,60.0
head26,1176,156.0,52.0
head26,1177,150.0,60.0
head26,1178,148.0,88.0
head26,1180,158.0,112.0
head26,1181,148.0,116.0
head26,1182,158.0,108.0
head26,1183,188.0,80.0
head26,1184,191.0,76.0
head26,1185,198.0,60.0
head26,1186,201.0,52.0
head26,1187,184.0,60.0
head26,1188,155.0,56.0
head26,1192,159.0,68.0
head26,1193,151.0,60.0
head26,1194,155.0,56.0
head26,1195,163.0,56.0
head26,1196,151.0,60.0
head26,1197,151.0,60.0
head26,1198,171.0,56.0
head26,1199,171.0,56.0
head26,1200,183.0,52.0
head26,1201,191.0,28.0
head26,1202,187.0,60.0
head26,1203,195.0,80.0
head26,1204,196.0,92.0
head26,1205,185.0,92.0
head26,1206,192.0,94.0
head26,1207,195.0,84.0
head26,1208,197.0,100.0
head26,1209,187.0,120.0
head26,1212,189.0,131.0
head26,1213,195.0,122.0
head26,1214,198.0,116.0
head26,1215,195.0,102.0
head26,1217,188.0,76.0
head27,1214,141.0,194.0
head27,1215,140.0,195.0
head27,1216,139.0,196.0
head27,1217,135.0,198.0
head27,1218,132.0,201.0
head27,1219,122.0,199.0
head27,1220,128.0,201.0
head27,1221,126.0,203.0
head27,1222,124.0,203.0
head27,1223,122.0,205.0
head27,1224,121.0,215.0
head27,1225,119.0,224.0
head27,1226,118.0,218.0
head27,1227,116.0,228.0
head27,1228,107.0,222.0
head27,1229,114.0,232.0
head27,1230,105.0,227.0
head27,1231,106.0,229.0
head27,1232,105.0,235.0
head27,1233,103.0,242.0
head27,1234,104.0,245.0
head27,1235,102.0,242.0
head27,1236,102.0,245.0
head27,1237,100.0,256.0
head27,1238,103.0,260.0
head27,1239,102.0,255.0
head27,1240,100.0,257.0
head27,1241,98.0,253.0
head27,1242,97.0,247.0
head27,1246,99.0,257.0
head28,1234,183.0,60.0
head28,1238,180.0,69.0
head28,1239,181.0,58.0
head28,1240,180.0,70.0
head28,1241,183.0,62.0
head28,1242,174.0,58.0
head28,1243,185.0,66.0
head28,1244,176.0,62.0
head28,1245,179.0,68.0
head28,1246,179.0,69.0
head28,1247,183.0,58.0
head28,1248,183.0,68.0
head28,1249,188.0,72.0
head28,1250,181.0,72.0
head28,1251,186.0,68.0
head28,1252,187.0,68.0
head28,1253,184.0,72.0
head28,1254,201.0,72.0
head28,1255,198.0,68.0
head28,1257,183.0,60.0
head28,1258,148.0,48.0
head29,1275,173.0,113.0
head29,1276,171.0,119.0
head29,1277,171.0,120.0
head29,1278,172.0,126.0
head29,1279,164.0,123.0
head29,1280,165.0,127.0
head29,1281,165.0,130.0
head29,1282,169.0,129.0
head29,1283,169.0,130.0
head29,1284,166.0,134.0
head29,1285,169.0,140.0
head29,1286,158.0,137.0
head29,1287,162.0,150.0
head29,1288,154.0,150.0
head29,1289,154.0,150.0
head29,1290,154.0,150.0
head29,1291,159.0,161.0
head29,1292,160.0,161.0
head29,1293,158.0,161.0
head29,1294,156.0,161.0
head29,1295,155.0,161.0
head29,1296,153.0,163.0
head29,1297,151.0,166.0
head29,1298,147.0,169.0
head29,1299,145.0,169.0
head29,1300,150.0,168.0
head29,1301,142.0,175.0
head29,1302,134.0,177.0
head29,1303,131.0,178.0
head29,1304,128.0,171.0
head29,1305,125.0,176.0
head29,1306,130.0,183.0
head29,1307,119.0,176.0
head29,1308,119.0,182.0
head29,1309,121.0,181.0
head29,1310,119.0,186.0
head29,1311,118.0,182.0
head29,1312,118.0,184.0
head29,1313,107.0,192.0
head29,1314,109.0,192.0
head29,1315,107.0,194.0
head29,1316,108.0,193.0
head29,1317,102.0,200.0
head29,1318,86.0,202.0
head29,1319,84.0,210.0
head29,1320,74.0,212.0
head29,1321,72.0,214.0
head29,1322,63.0,214.0
head29,1323,65.0,213.0
head29,1324,74.0,206.0
head29,1325,59.0,209.0
head29,1326,65.0,210.0
head29,1327,65.0,212.0
head29,1328,52.0,209.0
head29,1329,41.0,208.0
head29,1330,51.0,209.0
head29,1331,41.0,209.0
head29,1332,30.0,207.0
head29,1336,43.0,204.0
head29,1337,42.0,206.0
head29,1338,42.0,207.0
head30,1187,159.0,124.0
head30,1188,158.0,123.0
head30,1189,177.0,102.0
head30,1190,192.0,69.0
head30,1193,196.0,68.0
head30,1194,185.0,60.0
head30,1195,154.0,72.0
head30,1197,143.0,72.0
head30,1198,152.0,60.0
head30,1199,165.0,52.0
head30,1200,158.0,68.0
head30,1201,155.0,72.0
head30,1202,154.0,82.0
head30,1203,157.0,80.0
head30,1204,148.0,82.0
head30,1205,151.0,80.0
head30,1207,158.0,66.0
head30,1208,153.0,72.0
head30,1209,152.0,74.0
head30,1210,147.0,72.0
head30,1211,138.0,66.0
head30,1212,141.0,64.0
head30,1213,140.0,66.0
head30,1214,143.0,72.0
head30,1215,158.0,82.0
head30,1216,158.0,83.0
head30,1217,170.0,80.0
head30,1218,160.0,76.0
head30,1219,162.0,84.0
head30,1220,156.0,76.0
head30,1221,154.0,80.0
head30,1222,159.0,84.0
head30,1223,160.0,108.0
head30,1224,165.0,112.0
head30,1225,158.0,96.0
head30,1226,139.0,68.0
head30,1230,140.0,68.0
head30,1231,137.0,64.0
head30,1232,130.0,72.0
head30,1233,143.0,76.0
head30,1234,144.0,92.0
head30,1235,141.0,88.0
head30,1236,150.0,104.0
head30,1237,147.0,100.0
head30,1238,142.0,105.0
head30,1239,146.0,105.0
head30,1240,162.0,125.0
head30,1241,156.0,118.0
head30,1242,143.0,111.0
head30,1243,134.0,116.0
head30,1244,137.0,109.0
head30,1245,135.0,117.0
head30,1246,136.0,117.0
head30,1247,149.0,105.0
head30,1248,182.0,73.0
head30,1249,188.0,72.0
head30,1250,182.0,67.0
head30,1251,180.0,74.0
head30,1252,182.0,69.0
head30,1253,188.0,76.0
head30,1254,190.0,71.0
head30,1255,188.0,70.0
head30,1256,190.0,81.0
head30,1257,188.0,80.0
head30,1258,198.0,59.0
head30,1260,196.0,68.0
head30,1261,190.0,57.0
head30,1262,188.0,68.0
head30,1263,198.0,75.0
head30,1264,188.0,78.0
head30,1265,158.0,61.0
head30,1266,148.0,68.0
head30,1267,150.0,63.0
head30,1268,148.0,62.0
head30,1269,150.0,65.0
head30,1270,148.0,64.0
head30,1271,150.0,59.0
head30,1272,148.0,58.0
head30,1273,150.0,61.0
head30,1274,140.0,60.0
head30,1275,142.0,79.0
head30,1276,140.0,78.0
head30,1277,149.0,67.0
head30,1278,140.0,78.0
head30,1279,143.0,69.0
head30,1280,149.0,79.0
head30,1282,151.0,85.0
head30,1287,141.0,87.0
head30,1288,140.0,97.0
head30,1289,134.0,107.0
head30,1290,142.0,103.0
head30,1291,141.0,104.0
head30,1292,132.0,109.0
head30,1293,132.0,111.0
head30,1294,126.0,101.0
head30,1295,126.0,103.0
head30,1296,131.0,105.0
head30,1297,130.0,114.0
head30,1298,126.0,107.0
head30,1299,126.0,108.0
head30,1300,123.0,114.0
head30,1301,135.0,115.0
head30,1302,135.0,115.0
head30,1303,134.0,116.0
head30,1304,134.0,117.0
head30,1305,114.0,114.0
head30,1306,114.0,123.0
head30,1308,111.0,118.0
head30,1309,109.0,126.0
head30,1310,111.0,122.0
head30,1311,102.0,118.0
head30,1312,102.0,123.0
head30,1313,99.0,128.0
head30,1314,105.0,120.0
head30,1315,107.0,130.0
head30,1316,100.0,129.0
head30,1317,99.0,124.0
head30,1318,97.0,126.0
head30,1319,103.0,127.0
head30,1320,92.0,134.0
head30,1321,90.0,134.0
head30,1322,88.0,135.0
head30,1323,86.0,136.0
head30,1324,82.0,134.0
head30,1325,72.0,136.0
head30,1326,81.0,130.0
head30,1327,81.0,140.0
head30,1328,72.0,142.0
head30,1329,66.0,143.0
head30,1330,75.0,145.0
head30,1331,66.0,147.0
head30,1332,64.0,149.0
head30,1333,70.0,151.0
head30,1334,68.0,153.0
head30,1335,74.0,155.0
head30,1336,67.0,164.0
head30,1337,66.0,158.0
head30,1338,66.0,167.0
head30,1340,56.0,170.0
head30,1341,55.0,171.0
head30,1342,58.0,160.0
head30,1343,53.0,174.0
head30,1344,53.0,167.0
head30,1345,52.0,169.0
head30,1346,51.0,170.0
head30,1347,50.0,172.0
head30,1348,45.0,162.0
head30,1350,44.0,172.0
head30,1352,36.0,178.0
head30,1353,28.0,180.0
head30,1354,28.0,178.0
head30,1355,28.0,188.0
head30,1356,28.0,178.0
head30,1357,28.0,188.0
head30,1358,28.0,186.0
head30,1359,28.0,188.0
head30,1360,28.0,186.0
head30,1361,28.0,188.0
head30,1362,28.0,194.0
head30,1363,28.0,204.0
head30,1364,52.0,218.0
head31,1368,154.0,132.0
head31,1370,153.0,132.0
head31,1371,172.0,112.0
head31,1372,169.0,108.0
head31,1373,162.0,84.0
head31,1374,175.0,56.0
head31,1375,177.0,65.0
head31,1376,169.0,66.0
head31,1377,176.0,68.0
head31,1378,167.0,69.0
head31,1379,159.0,71.0
head31,1380,166.0,69.0
head31,1381,164.0,70.0
head31,1382,156.0,80.0
head31,1383,156.0,79.0
head31,1384,156.0,81.0
head31,1385,163.0,92.0
head31,1389,149.0,94.0
head31,1390,149.0,97.0
head31,1391,157.0,99.0
head31,1392,151.0,104.0
head31,1393,154.0,104.0
head31,1394,157.0,107.0
head31,1395,150.0,109.0
head31,1396,157.0,112.0
head31,1397,143.0,117.0
head31,1398,144.0,120.0
head31,1401,136.0,117.0
head31,1404,130.0,128.0
head31,1405,120.0,125.0
head31,1406,124.0,126.0
head31,1407,122.0,127.0
head31,1408,118.0,128.0
head31,1409,109.0,139.0
head31,1410,110.0,139.0
head31,1411,116.0,142.0
head31,1412,112.0,141.0
head32,1382,133.0,189.0
head32,1383,131.0,200.0
head32,1384,129.0,202.0
head32,1385,126.0,204.0
head32,1386,127.0,206.0
head32,1387,124.0,209.0
head32,1388,122.0,212.0
head32,1389,112.0,215.0
head32,1390,115.0,218.0
head32,1391,112.0,218.0
head32,1392,110.0,220.0
head32,1393,106.0,219.0
head32,1394,104.0,221.0
head32,1395,100.0,223.0
head32,1396,97.0,233.0
head32,1397,94.0,229.0
head32,1398,91.0,227.0
head32,1399,88.0,228.0
head32,1400,85.0,231.0
head32,1401,81.0,228.0
head32,1402,79.0,228.0
head32,1403,76.0,236.0
head32,1404,73.0,230.0
head32,1405,78.0,230.0
head32,1406,68.0,230.0
head32,1407,65.0,229.0
head32,1408,64.0,228.0
head32,1409,62.0,218.0
head32,1410,53.0,216.0
head32,1411,51.0,214.0
head32,1412,57.0,212.0
head32,1413,55.0,207.0
head32,1414,52.0,207.0
head32,1415,50.0,205.0
head32,1416,48.0,195.0
head32,1417,46.0,201.0
head32,1418,44.0,192.0
head33,1444,96.0,162.0
head33,1446,97.0,178.0
head33,1450,87.0,178.0
head33,1451,81.0,169.0
head33,1452,82.0,184.0
head33,1454,76.0,185.0
head33,1455,74.0,185.0
head33,1456,71.0,185.0
head33,1457,68.0,185.0
head33,1458,65.0,185.0
head33,1459,70.0,177.0
head33,1460,61.0,177.0
head33,1461,59.0,185.0
head33,1462,58.0,177.0
head33,1463,55.0,177.0
head33,1464,45.0,177.0
head33,1465,49.0,185.0
head33,1466,46.0,184.0
head33,1467,56.0,176.0
head33,1468,46.0,177.0
head33,1469,45.0,175.0
head33,1471,47.0,177.0
head33,1473,50.0,179.0
head34,1472,141.0,108.0
head34,1473,133.0,113.0
head34,1474,133.0,113.0
head34,1475,134.0,115.0
head34,1476,135.0,118.0
head34,1477,134.0,130.0
head34,1478,137.0,121.0
head34,1479,142.0,131.0
head34,1480,142.0,133.0
head34,1481,141.0,142.0
head34,1482,137.0,145.0
head34,1483,134.0,149.0
head34,1484,134.0,148.0
head34,1485,140.0,153.0
head34,1486,140.0,153.0
head34,1487,134.0,154.0
head34,1488,134.0,161.0
head34,1489,134.0,169.0
head34,1490,136.0,169.0
head34,1491,134.0,169.0
head34,1492,127.0,177.0
head34,1493,125.0,177.0
head34,1494,130.0,178.0
head34,1495,129.0,190.0
head34,1496,118.0,185.0
head34,1497,119.0,196.0
head34,1498,109.0,199.0
head34,1499,106.0,200.0
head34,1500,103.0,204.0
head34,1501,101.0,210.0
head34,1502,107.0,212.0
head34,1503,97.0,216.0
head34,1504,96.0,218.0
head34,1505,103.0,218.0
head34,1506,101.0,225.0
head34,1507,93.0,229.0
head34,1508,92.0,233.0
head35,1469,196.0,67.0
head35,1470,195.0,67.0
head35,1471,193.0,67.0
head35,1472,192.0,67.0
head35,1473,200.0,67.0
head35,1476,190.0,59.0
head35,1477,190.0,68.0
head35,1478,188.0,68.0
head35,1479,184.0,60.0
head35,1481,184.0,68.0
head35,1483,181.0,68.0
head35,1484,180.0,68.0
head35,1485,165.0,68.0
head35,1490,174.0,76.0
head35,1491,170.0,86.0
head35,1492,169.0,88.0
head35,1494,173.0,99.0
head35,1495,168.0,96.0
head35,1496,174.0,100.0
head35,1497,174.0,99.0
head35,1498,174.0,100.0
head35,1499,167.0,106.0
head35,1501,182.0,105.0
head35,1502,172.0,110.0
head35,1503,183.0,115.0
head35,1504,183.0,114.0
head35,1505,184.0,117.0
head35,1506,185.0,126.0
head35,1507,187.0,121.0
head35,1509,192.0,131.0
head35,1510,191.0,131.0
head35,1511,200.0,132.0
head35,1512,192.0,141.0
head35,1513,199.0,143.0
head35,1514,191.0,147.0
head35,1516,205.0,152.0
head35,1517,206.0,155.0
head35,1518,206.0,160.0
head35,1519,206.0,162.0
head35,1520,206.0,170.0
head35,1521,210.0,167.0
head35,1522,199.0,173.0
head35,1523,208.0,182.0
head35,1524,210.0,180.0
head35,1528,206.0,186.0
head36,1538,164.0,68.0
head36,1541,166.0,66.0
head36,1542,171.0,76.0
head36,1543,170.0,60.0
head36,1544,168.0,61.0
head36,1545,169.0,63.0
head36,1546,167.0,64.0
head36,1547,175.0,64.0
head36,1548,168.0,73.0
head36,1549,175.0,66.0
head36,1550,176.0,67.0
head36,1551,176.0,67.0
head36,1552,175.0,69.0
head36,1553,174.0,79.0
head36,1554,180.0,72.0
head36,1555,182.0,76.0
head36,1556,174.0,82.0
head36,1557,179.0,96.0
head36,1558,179.0,98.0
head36,1561,179.0,110.0
head36,1562,179.0,109.0
head36,1563,178.0,106.0
head36,1564,186.0,101.0
head36,1565,180.0,111.0
head36,1566,189.0,105.0
head36,1568,183.0,111.0
head36,1569,185.0,114.0
head36,1570,195.0,116.0
head36,1571,189.0,116.0
head36,1572,197.0,116.0
head36,1573,197.0,124.0
head36,1574,200.0,125.0
head36,1575,207.0,129.0
head36,1576,204.0,131.0
head36,1577,209.0,127.0
head36,1578,217.0,126.0
head36,1579,217.0,129.0
head36,1580,224.0,134.0
head36,1581,231.0,135.0
head36,1582,234.0,132.0
head36,1583,221.0,136.0
head36,1584,233.0,132.0
head36,1587,236.0,134.0
head36,1589,237.0,144.0
head36,1590,238.0,144.0
head36,1592,239.0,147.0
head37,1579,155.0,76.0
head37,1580,147.0,76.0
head37,1581,146.0,76.0
head37,1582,146.0,76.0
head37,1583,153.0,84.0
head37,1584,145.0,84.0
head37,1585,152.0,84.0
head37,1586,144.0,84.0
head37,1587,144.0,84.0
head37,1588,145.0,83.0
head37,1589,153.0,92.0
head37,1590,160.0,99.0
head37,1591,159.0,92.0
head37,1593,149.0,98.0
head37,1595,152.0,99.0
head37,1600,149.0,99.0
head37,1602,155.0,108.0
head37,1604,154.0,99.0
head37,1609,154.0,108.0
head37,1613,153.0,124.0
head37,1614,157.0,130.0
head37,1616,165.0,139.0
head38,1626,179.0,100.0
head38,1627,179.0,96.0
head38,1628,187.0,99.0
head38,1631,187.0,113.0
head38,1632,195.0,119.0
head38,1633,185.0,118.0
head38,1634,185.0,122.0
head38,1635,185.0,124.0
head38,1636,185.0,126.0
head38,1637,187.0,130.0
head38,1638,184.0,136.0
head38,1639,184.0,138.0
head38,1640,176.0,149.0
head38,1641,176.0,150.0
head38,1642,175.0,147.0
head38,1643,174.0,160.0
head38,1644,170.0,160.0
head38,1645,167.0,161.0
head38,1646,165.0,169.0
head38,1647,163.0,169.0
head38,1648,165.0,180.0
head38,1649,168.0,178.0
head38,1650,158.0,181.0
head38,1651,157.0,187.0
head38,1652,153.0,189.0
head38,1653,158.0,198.0
head38,1654,154.0,198.0
head38,1655,153.0,207.0
head38,1656,145.0,208.0
head38,1657,144.0,208.0
head38,1658,149.0,217.0
head38,1659,143.0,225.0
head38,1660,145.0,229.0
head38,1661,144.0,233.0
head38,1662,141.0,240.0
head38,1663,138.0,246.0
head38,1664,134.0,250.0
head38,1665,130.0,256.0
head38,1666,134.0,258.0
head38,1667,129.0,262.0
head38,1668,134.0,264.0
head39,1623,150.0,129.0
head39,1624,143.0,131.0
head39,1625,140.0,129.0
head39,1626,139.0,140.0
head39,1627,142.0,139.0
head39,1628,147.0,139.0
head39,1630,138.0,150.0
head39,1631,139.0,153.0
head39,1632,139.0,156.0
head39,1633,128.0,158.0
head39,1634,137.0,162.0
head39,1635,130.0,166.0
head39,1636,137.0,174.0
head39,1637,126.0,173.0
head39,1642,121.0,183.0
head39,1643,114.0,191.0
head39,1646,113.0,194.0
head39,1647,111.0,200.0
head39,1648,109.0,196.0
head39,1650,103.0,200.0
head39,1651,101.0,203.0
head39,1652,97.0,205.0
head39,1653,94.0,206.0
head39,1654,90.0,214.0
head39,1655,81.0,215.0
head39,1656,81.0,216.0
head39,1657,80.0,224.0
head39,1658,77.0,225.0
head39,1659,79.0,233.0
head39,1660,76.0,234.0
head39,1661,78.0,234.0
head39,1662,71.0,234.0
head39,1663,66.0,237.0
head39,1664,59.0,231.0
head39,1665,58.0,232.0
head39,1666,54.0,234.0
head39,1668,48.0,238.0
head39,1669,44.0,240.0
head40,1613,161.0,68.0
head40,1614,157.0,74.0
head40,1615,157.0,68.0
head40,1616,157.0,67.0
head40,1617,156.0,75.0
head40,1618,159.0,63.0
head40,1619,158.0,63.0
head40,1620,145.0,59.0
head40,1623,152.0,51.0
head40,1624,155.0,60.0
head40,1625,154.0,73.0
head40,1626,141.0,66.0
head40,1627,147.0,57.0
head40,1628,133.0,68.0
head40,1629,139.0,67.0
head40,1631,147.0,73.0
head40,1632,139.0,76.0
head40,1633,153.0,78.0
head40,1634,153.0,74.0
head40,1635,169.0,76.0
head40,1636,165.0,58.0
head40,1637,149.0,68.0
head40,1638,145.0,74.0
head40,1639,153.0,84.0
head40,1640,149.0,74.0
head40,1641,149.0,68.0
head40,1642,153.0,66.0
head40,1643,153.0,68.0
head40,1644,149.0,78.0
head40,1645,141.0,84.0
head40,1646,153.0,78.0
head40,1647,161.0,76.0
head40,1649,149.0,78.0
head40,1650,157.0,84.0
head40,1651,145.0,94.0
head40,1653,145.0,100.0
head40,1654,157.0,94.0
head40,1655,173.0,68.0
head40,1656,177.0,60.0
head40,1657,177.0,64.0
head40,1658,173.0,56.0
head40,1659,173.0,60.0
head40,1660,161.0,60.0
head40,1661,169.0,64.0
head40,1662,165.0,64.0
head40,1663,173.0,67.0
head40,1664,169.0,66.0
head40,1665,161.0,69.0
head40,1666,165.0,67.0
head40,1667,173.0,67.0
head40,1668,165.0,67.0
head40,1669,166.0,67.0
head40,1670,164.0,69.0
head40,1671,157.0,69.0
head40,1672,162.0,65.0
head40,1673,165.0,69.0
head40,1674,149.0,69.0
head40,1675,153.0,65.0
head40,1676,169.0,73.0
head40,1677,181.0,61.0
head40,1679,181.0,61.0
head40,1680,185.0,65.0
head40,1681,169.0,81.0
head40,1683,149.0,77.0
head40,1684,149.0,85.0
head40,1685,145.0,73.0
head40,1686,145.0,73.0
head40,1687,149.0,69.0
head41,1687,184.0,104.0
head41,1688,183.0,107.0
head41,1689,187.0,104.0
head41,1690,185.0,102.0
head41,1692,189.0,110.0
head41,1693,190.0,104.0
head41,1694,193.0,107.0
head41,1695,192.0,116.0
head41,1696,194.0,117.0
head41,1697,199.0,115.0
head41,1698,201.0,122.0
head41,1699,200.0,124.0
head41,1700,208.0,132.0
head41,1701,204.0,134.0
head41,1702,204.0,130.0
head41,1703,214.0,131.0
head41,1704,206.0,139.0
head41,1705,219.0,140.0
head41,1706,212.0,147.0
head41,1707,222.0,147.0
head41,1708,225.0,160.0
head41,1709,226.0,156.0
head41,1710,225.0,163.0
head42,1686,101.0,158.0
head42,1687,100.0,165.0
head42,1688,119.0,176.0
head42,1689,118.0,175.0
head42,1690,97.0,162.0
head42,1691,88.0,169.0
head42,1692,88.0,175.0
head42,1693,92.0,169.0
head42,1694,84.0,175.0
head42,1695,86.0,184.0
head42,1696,85.0,183.0
head42,1697,85.0,184.0
head42,1698,73.0,181.0
head42,1699,73.0,187.0
head42,1700,71.0,189.0
head42,1701,71.0,191.0
head42,1702,71.0,193.0
head42,1703,69.0,194.0
head42,1704,64.0,195.0
head42,1705,63.0,197.0
head42,1706,61.0,190.0
head42,1707,59.0,201.0
head42,1708,58.0,202.0
head42,1709,55.0,212.0
head42,1710,52.0,208.0
head42,1711,43.0,208.0
head42,1712,52.0,210.0
head42,1713,39.0,204.0
head43,1696,152.0,83.0
head43,1697,151.0,83.0
head43,1698,146.0,71.0
head43,1701,145.0,71.0
head43,1702,148.0,91.0
head43,1706,155.0,115.0
head43,1708,174.0,135.0
head43,1709,213.0,159.0
head43,1710,225.0,163.0
head43,1711,225.0,163.0
head43,1712,237.0,167.0
head43,1713,229.0,159.0
head43,1714,225.0,171.0
head43,1715,225.0,171.0
head43,1716,229.0,175.0
head43,1717,229.0,175.0
head43,1718,233.0,179.0
head43,1719,241.0,171.0
head43,1720,245.0,175.0
head43,1721,248.0,180.0
head43,1722,239.0,181.0
head43,1723,235.0,187.0
head43,1724,251.0,181.0
head43,1725,255.0,179.0
head43,1726,255.0,173.0
head43,1727,263.5,171.0
head43,1728,259.0,173.0
head43,1729,261.5,179.0
head44,1708,114.0,226.0
head44,1710,116.0,224.0
head44,1714,106.0,242.0
head44,1716,76.0,240.0
head44,1717,36.0,218.0
head44,1718,36.0,216.0
head44,1719,36.0,226.0
head44,1721,51.0,231.0
head44,1722,62.0,240.0
head44,1723,55.0,237.0
head44,1724,53.0,239.0
head44,1725,31.0,229.0
head44,1726,28.0,231.0
head44,1727,28.0,237.0
head44,1728,28.0,231.0
head44,1729,28.0,229.0
head44,1730,28.0,239.0
head44,1731,28.0,245.0
head44,1732,28.0,247.0
head44,1733,44.0,245.0
head44,1734,40.0,247.0
head44,1735,28.0,245.0
head44,1736,28.0,255.0
head44,1737,28.0,253.0
head44,1739,28.0,263.0
head44,1741,28.0,253.0
head44,1742,28.0,263.0
head44,1743,28.0,253.0
head45,1758,152.0,100.0
head45,1759,162.0,97.0
head45,1760,154.0,105.0
head45,1761,162.0,100.0
head45,1762,156.0,113.0
head45,1763,155.0,115.0
head45,1764,161.0,116.0
head45,1765,157.0,122.0
head45,1766,155.0,124.0
head45,1767,155.0,123.0
head45,1768,165.0,132.0
head45,1770,171.0,131.0
head45,1771,179.0,132.0
head45,1772,170.0,138.0
head45,1773,169.0,146.0
head45,1774,177.0,140.0
head45,1775,177.0,140.0
head45,1777,183.0,154.0
head45,1778,181.0,145.0
head45,1779,181.0,153.0
head45,1780,184.0,156.0
head45,1781,185.0,157.0
head45,1782,186.0,158.0
head45,1783,186.0,165.0
head45,1784,187.0,166.0
head45,1785,188.0,175.0
head45,1786,194.0,168.0
head45,1787,190.0,169.0
head45,1788,190.0,177.0
head45,1789,191.0,182.0
head45,1790,192.0,181.0
head45,1791,186.0,191.0
head45,1792,195.0,195.0
head45,1793,196.0,198.0
head45,1794,189.0,201.0
head45,1795,190.0,205.0
head45,1796,199.0,208.0
head45,1797,192.0,211.0
head45,1798,201.0,214.0
head45,1799,202.0,216.0
head45,1800,211.0,226.0
head45,1801,205.0,228.0
head45,1802,206.0,230.0
head45,1803,208.0,232.0
head45,1804,210.0,233.0
head45,1805,212.0,227.0
