head0,203,238.0,118.0
head0,204,238.0,118.0
head0,205,250.0,114.0
head0,206,242.0,114.0
head0,207,246.0,110.0
head0,208,238.0,118.0
head0,209,234.0,114.0
head0,210,234.0,114.0
head0,211,238.0,110.0
head0,212,230.0,118.0
head0,213,242.0,114.0
head0,214,234.0,114.0
head0,215,246.0,118.0
head0,216,246.0,118.0
head0,217,242.0,122.0
head0,218,242.0,122.0
head0,219,246.0,110.0
head0,220,230.0,118.0
head0,221,234.0,122.0
head0,222,242.0,114.0
head0,223,230.0,118.0
head0,224,230.0,118.0
head0,225,242.0,114.0
head0,226,234.0,114.0
head0,227,230.0,118.0
head0,228,230.0,110.0
head0,229,226.0,114.0
head0,230,226.0,114.0
head0,231,222.0,118.0
head0,232,230.0,110.0
head0,233,226.0,106.0
head0,234,218.0,114.0
head0,235,214.0,110.0
head0,236,214.0,110.0
head0,237,218.0,106.0
head0,238,218.0,106.0
head0,239,222.0,102.0
head0,240,214.0,102.0
head0,241,210.0,106.0
head0,242,202.0,106.0
head0,243,215.0,102.0
head0,244,208.0,102.0
head0,245,211.0,100.0
head0,246,203.0,100.0
head0,247,209.0,108.0
head0,248,202.0,100.0
head0,249,195.0,100.0
head0,250,195.0,100.0
head0,252,189.0,92.0
head0,253,190.0,84.0
head0,254,192.0,83.0
head0,255,186.0,88.0
head0,256,192.0,83.0
head0,257,179.0,81.0
head0,258,179.0,75.0
head0,259,179.0,78.0
head0,260,175.0,77.0
head0,261,176.0,78.0
head0,262,170.0,70.0
head0,263,170.0,70.0
head0,264,166.0,58.0
head0,265,158.0,60.0
head0,266,162.0,58.0
head0,267,163.0,62.0
head0,268,171.0,62.0
head0,269,163.0,62.0
head0,270,168.0,54.0
head0,272,169.0,60.0
head1,252,226.0,146.0
head1,255,226.0,144.0
head1,256,219.0,145.0
head1,257,219.0,137.0
head1,258,219.0,139.0
head1,259,219.0,134.0
head1,262,213.0,132.0
head1,263,218.0,128.0
head1,264,212.0,131.0
head1,265,204.0,127.0
head1,266,204.0,126.0
head1,267,204.0,123.0
head1,268,203.0,123.0
head1,269,201.0,124.0
head1,270,198.0,123.0
head1,271,198.0,115.0
head1,272,198.0,115.0
head1,273,194.0,123.0
head1,274,195.0,122.0
head1,276,198.0,115.0
head1,277,190.0,114.0
head1,279,200.0,124.0
head1,281,198.0,139.0
head1,286,195.0,131.0
head2,235,106.0,189.0
head2,236,114.0,188.0
head2,237,114.0,188.0
head2,239,114.0,188.0
head2,240,113.0,196.0
head2,241,121.0,198.0
head2,242,118.0,198.0
head2,243,118.0,198.0
head2,244,125.0,190.0
head2,245,125.0,195.0
head2,246,132.0,197.0
head2,247,132.0,199.0
head2,248,132.0,200.0
head2,249,132.0,200.0
head2,250,133.0,202.0
head2,251,133.0,202.0
head2,252,134.0,203.0
head2,253,134.0,202.0
head2,254,134.0,203.0
head2,255,142.0,192.0
head2,256,141.0,202.0
head2,257,134.0,202.0
head2,258,137.0,195.0
head2,259,132.0,201.0
head2,260,132.0,200.0
head2,261,132.0,196.0
head2,262,133.0,198.0
head2,263,133.0,197.0
head2,264,133.0,195.0
head2,265,133.0,194.0
head2,266,126.0,185.0
head2,267,126.0,185.0
head2,268,128.0,189.0
head2,269,121.0,181.0
head2,270,131.0,188.0
head2,271,121.0,181.0
head2,272,130.0,185.0
head2,273,130.0,182.0
head2,274,121.0,173.0
head2,275,121.0,181.0
head2,276,121.0,175.0
head2,277,121.0,174.0
head2,278,119.0,170.0
head2,279,123.0,173.0
head2,280,123.0,165.0
head2,281,120.0,167.0
head2,282,128.0,167.0
head2,283,128.0,162.0
head2,284,131.0,169.0
head2,285,140.0,166.0
head2,286,139.0,158.0
head2,287,142.0,161.0
head3,292,156.0,145.0
head3,293,152.0,151.0
head3,294,150.0,144.0
head3,295,158.0,143.0
head3,297,166.0,134.0
head3,298,164.0,139.0
head3,299,158.0,141.0
head3,300,161.0,138.0
head3,301,157.0,128.0
head3,302,153.0,131.0
head3,303,152.0,127.0
head3,304,155.0,129.0
head3,305,148.0,122.0
head3,306,147.0,122.0
head3,307,150.0,122.0
head3,308,151.0,117.0
head3,309,164.0,115.0
head3,311,158.0,117.0
head3,312,150.0,116.0
head3,313,150.0,114.0
head3,314,152.0,110.0
head3,315,153.0,110.0
head3,316,154.0,108.0
head3,317,155.0,105.0
head3,318,157.0,102.0
head3,319,159.0,102.0
head4,282,249.0,253.0
head4,287,247.0,257.0
head4,289,247.0,250.0
head4,294,235.0,244.0
head4,295,235.0,243.0
head4,296,235.0,242.0
head4,297,235.0,241.0
head4,299,231.0,242.0
head4,300,235.0,254.0
head4,302,221.0,257.0
head4,303,221.0,259.0
head4,304,216.0,257.0
head4,305,217.0,258.0
head4,307,225.0,251.0
head4,308,225.0,250.0
head4,309,225.0,250.0
head4,310,224.0,248.0
head4,313,214.0,251.0
head4,314,215.0,245.0
head4,315,216.0,247.0
head4,317,214.0,251.0
head4,320,209.0,245.0
head4,321,209.0,244.0
head4,324,210.0,239.0
head4,326,212.0,242.0
head5,267,260.0,163.0
head5,269,264.0,164.0
head5,270,265.0,168.0
head5,272,259.0,173.0
head5,273,258.0,171.0
head5,274,259.0,178.0
head5,275,258.0,177.0
head5,276,252.0,176.0
head5,277,250.0,178.0
head5,281,254.0,171.0
head5,285,242.0,171.0
head5,286,241.0,176.0
head5,287,240.0,171.0
head5,288,238.0,172.0
head5,289,238.0,176.0
head5,290,231.0,169.0
head5,291,235.0,171.0
head5,292,236.0,162.0
head5,293,233.0,160.0
head5,294,233.0,153.0
head5,295,236.0,160.0
head5,296,233.0,152.0
head5,297,230.0,142.0
head5,298,228.0,146.0
head5,299,232.0,146.0
head5,301,217.0,143.0
head5,302,222.0,140.0
head5,303,223.0,146.0
head5,304,219.0,137.0
head5,305,222.0,131.0
head5,306,222.0,132.0
head5,307,214.0,138.0
head5,308,216.0,138.0
head5,312,206.0,140.0
head5,313,206.0,138.0
head5,314,208.0,142.0
head5,315,209.0,134.0
head5,316,202.0,140.0
head5,317,211.0,137.0
head5,318,205.0,134.0
head5,319,207.0,142.0
head5,320,200.0,138.0
head5,322,194.0,133.0
head5,323,195.0,132.0
head5,324,200.0,137.0
head5,325,193.0,135.0
head5,326,193.0,134.0
head5,327,192.0,142.0
head5,328,192.0,133.0
head5,329,198.0,134.0
head5,331,192.0,130.0
head5,332,190.0,131.0
head5,333,195.0,132.0
head5,334,194.0,128.0
head5,335,195.0,127.0
head5,336,191.0,131.0
head6,260,86.0,259.0
head6,261,88.0,258.0
head6,262,86.0,257.0
head6,263,84.0,256.0
head6,264,87.0,255.0
head6,268,80.0,245.0
head6,269,81.0,237.0
head6,270,97.0,237.0
head6,275,81.0,237.0
head6,276,73.0,239.0
head6,277,73.0,238.0
head6,278,74.0,238.0
head6,281,76.0,237.0
head6,282,77.0,237.0
head6,283,77.0,237.0
head6,284,75.0,233.0
head6,285,78.0,237.0
head6,287,79.0,235.0
head6,290,83.0,232.0
head6,291,84.0,232.0
head6,293,84.0,233.0
head6,294,92.0,233.0
head6,295,92.0,225.0
head6,296,100.0,228.0
head6,297,96.0,228.0
head6,298,100.0,225.0
head6,300,100.0,232.0
head6,301,101.0,225.0
head6,302,101.0,227.0
head6,303,101.0,227.0
head6,304,110.0,225.0
head6,305,102.0,220.0
head6,306,102.0,220.0
head6,307,102.0,219.0
head6,308,99.0,219.0
head6,309,107.0,218.0
head6,310,102.0,220.0
head6,311,112.0,216.0
head6,312,103.0,205.0
head6,313,109.0,211.0
head6,314,113.0,212.0
head6,315,110.0,210.0
head6,316,102.0,202.0
head6,317,98.0,194.0
head6,318,106.0,201.0
head6,319,98.0,194.0
head6,320,98.0,193.0
head6,321,98.0,192.0
head6,322,97.0,192.0
head6,324,93.0,193.0
head6,325,96.0,193.0
head6,326,98.0,191.0
head6,327,95.0,192.0
head6,328,97.0,193.0
head6,329,98.0,193.0
head6,330,100.0,193.0
head6,331,101.0,194.0
head6,333,107.0,193.0
head6,334,110.0,180.0
head6,335,119.0,188.0
head6,336,121.0,192.0
head6,337,110.0,187.0
head6,338,118.0,191.0
head6,339,112.0,180.0
head6,340,112.0,180.0
head6,341,114.0,179.0
head6,342,121.0,179.0
head6,343,119.0,180.0
head6,344,119.0,172.0
head6,345,122.0,178.0
head6,346,122.0,177.0
head6,347,113.0,176.0
head6,348,129.0,173.0
head6,349,121.0,174.0
head6,351,121.0,161.0
head6,352,120.0,164.0
head6,353,120.0,160.0
head6,354,122.0,157.0
head6,355,118.0,158.0
head6,356,111.0,159.0
head6,358,112.0,152.0
head7,246,195.0,248.0
head7,250,184.0,248.0
head7,255,178.0,258.0
head7,256,173.0,258.0
head7,257,168.0,254.0
head7,258,166.0,257.0
head7,259,173.0,265.0
head7,260,178.0,261.0
head7,261,179.0,260.0
head7,262,181.0,262.0
head7,263,181.0,261.0
head7,264,182.0,266.0
head7,265,183.0,257.0
head7,266,183.0,264.0
head7,267,181.0,263.0
head7,268,176.0,263.0
head7,269,185.0,263.0
head7,270,183.0,262.0
head7,271,183.0,253.0
head7,272,184.0,253.0
head7,273,186.0,253.0
head7,274,187.0,251.0
head7,275,179.0,251.0
head7,276,180.0,251.0
head7,277,179.0,261.0
head7,278,179.0,250.0
head7,279,179.0,250.0
head7,280,186.0,253.0
head7,281,185.0,253.0
head7,282,181.0,253.0
head7,283,177.0,245.0
head7,284,177.0,244.0
head7,285,176.0,243.0
head7,286,175.0,242.0
head7,287,167.0,241.0
head7,288,173.0,238.0
head7,289,173.0,245.0
head7,290,172.0,242.0
head7,292,169.0,242.0
head7,293,165.0,235.0
head7,294,163.0,236.0
head7,295,163.0,235.0
head7,296,155.0,234.0
head7,297,163.0,225.0
head7,298,157.0,231.0
head7,299,151.0,226.0
head7,300,155.0,230.0
head7,301,157.0,226.0
head7,302,157.0,225.0
head7,303,157.0,219.0
head7,304,160.0,217.0
head7,305,153.0,218.0
head7,306,153.0,219.0
head7,307,153.0,219.0
head7,308,153.0,218.0
head7,309,161.0,218.0
head7,310,160.0,216.0
head7,311,160.0,216.0
head7,312,164.0,211.0
head7,313,163.0,211.0
head7,314,159.0,205.0
head7,315,168.0,207.0
head7,316,168.0,204.0
head7,317,166.0,203.0
head7,318,167.0,203.0
head7,319,176.0,198.0
head7,320,177.0,197.0
head7,321,177.0,196.0
head7,322,178.0,198.0
head7,323,179.0,200.0
head7,324,178.0,199.0
head7,325,180.0,194.0
head7,326,180.0,194.0
head7,327,181.0,193.0
head7,328,184.0,197.0
head7,329,184.0,192.0
head7,330,181.0,187.0
head7,331,186.0,186.0
head7,332,182.0,187.0
head7,333,185.0,186.0
head7,334,179.0,184.0
head7,335,176.0,184.0
head7,336,176.0,183.0
head7,337,179.0,185.0
head7,338,173.0,182.0
head7,339,167.0,187.0
head7,340,170.0,180.0
head7,341,167.0,179.0
head7,342,167.0,178.0
head7,343,167.0,180.0
head7,347,162.0,174.0
head7,349,169.0,172.0
head7,350,165.0,171.0
head7,351,169.0,169.0
head7,352,168.0,177.0
head7,353,168.0,168.0
head7,355,172.0,163.0
head7,356,175.0,167.0
head7,357,179.0,162.0
head7,358,176.0,165.0
head7,359,177.0,164.0
head7,360,178.0,163.0
head7,361,187.0,163.0
head7,362,188.0,162.0
head7,363,181.0,161.0
head7,364,183.0,160.0
head7,365,184.0,152.0
head7,366,185.0,153.0
head7,367,193.0,157.0
head7,368,195.0,150.0
head7,369,186.0,153.0
head7,370,187.0,148.0
head7,371,188.0,151.0
head7,372,189.0,148.0
head7,373,195.0,152.0
head7,375,190.0,152.0
head7,376,190.0,153.0
head7,377,193.0,148.0
head7,378,189.0,154.0
head7,379,192.0,149.0
head8,326,241.0,110.0
head8,329,238.0,110.0
head8,330,239.0,106.0
head8,331,252.0,90.0
head8,332,260.5,86.0
head8,337,250.0,102.0
head8,338,243.0,98.0
head8,339,248.0,98.0
head8,340,241.0,94.0
head8,341,246.0,94.0
head8,342,231.0,106.0
head8,343,228.0,106.0
head8,344,227.0,113.0
head8,345,229.0,110.0
head8,346,226.0,108.0
head8,347,230.0,105.0
head8,348,229.0,111.0
head8,349,229.0,109.0
head8,350,230.0,114.0
head8,351,229.0,115.0
head8,352,226.0,115.0
head8,353,231.0,115.0
head8,354,230.0,115.0
head8,355,231.0,115.0
head8,356,234.0,114.0
head8,357,235.0,122.0
head8,358,234.0,123.0
head8,359,230.0,115.0
head8,360,237.0,122.0
head8,361,233.0,123.0
head8,362,226.0,123.0
head8,363,226.0,123.0
head8,364,236.0,123.0
head8,365,230.0,123.0
head8,366,232.0,123.0
head8,367,233.0,122.0
head8,369,233.0,124.0
head8,370,240.0,124.0
head8,372,233.0,124.0
head8,373,231.0,124.0
head8,374,231.0,123.0
head8,375,238.0,124.0
head8,376,231.0,116.0
head8,377,231.0,115.0
head8,378,232.0,123.0
head8,379,241.0,123.0
head8,380,235.0,123.0
head8,381,229.0,115.0
head9,331,242.0,250.0
head9,332,234.0,249.0
head9,333,241.0,250.0
head9,334,243.0,248.0
head9,336,240.0,247.0
head9,337,235.0,249.0
head9,338,237.0,246.0
head9,339,237.0,245.0
head9,340,234.0,244.0
head9,341,239.0,243.0
head9,342,239.0,242.0
head9,343,240.0,241.0
head9,344,238.0,240.0
head9,345,239.0,231.0
head9,346,234.0,239.0
head9,347,234.0,230.0
head9,348,233.0,245.0
head9,349,233.0,228.0
head9,350,237.0,219.0
head9,351,233.0,225.0
head9,353,240.0,232.0
head9,358,240.0,229.0
head9,359,245.0,238.0
head9,360,242.0,227.0
head9,361,243.0,227.0
head9,362,244.0,226.0
head9,363,245.0,225.0
head9,364,247.0,232.0
head9,365,240.0,232.0
head9,366,241.0,233.0
head9,367,242.0,223.0
head9,369,242.0,225.0
head9,370,243.0,236.0
head9,371,244.0,231.0
head9,372,245.0,228.0
head9,373,245.0,228.0
head9,375,246.0,224.0
head9,376,246.0,233.0
head9,378,247.0,233.0
head9,379,248.0,245.0
head9,380,239.0,245.0
head9,381,239.0,238.0
head9,383,238.0,223.0
head9,384,238.0,222.0
head9,385,241.0,232.0
head9,387,237.0,236.0
head9,388,239.0,237.0
head10,351,114.0,265.0
head10,352,113.0,258.0
head10,354,106.0,267.0
head10,356,100.0,267.0
head10,357,106.0,260.0
head10,358,108.0,254.0
head10,359,103.0,255.0
head10,360,95.0,255.0
head10,361,103.0,263.0
head10,362,104.0,259.0
head10,363,104.0,251.0
head10,364,97.0,261.0
head10,365,98.0,261.0
head10,367,100.0,260.0
head10,368,93.0,252.0
head10,369,101.0,253.0
head10,370,103.0,263.0
head10,371,97.0,255.0
head10,372,90.0,255.0
head10,373,93.0,261.0
head10,374,94.0,262.0
head10,375,94.0,255.0
head10,376,97.0,263.0
head10,377,95.0,263.0
head10,378,95.0,263.0
head10,379,96.0,255.0
head10,380,96.0,255.0
head10,381,96.0,263.0
head10,382,97.0,263.0
head10,383,97.0,256.0
head10,384,97.0,256.0
head10,385,97.0,256.0
head10,386,96.0,256.0
head10,387,96.0,257.0
head10,388,96.0,257.0
head10,389,98.0,257.0
head10,390,97.0,248.0
head10,391,96.0,248.0
head10,392,96.0,248.0
head10,393,94.0,253.0
head10,395,103.0,245.0
head10,396,103.0,246.0
head10,397,102.0,254.0
head10,398,102.0,246.0
head10,399,102.0,245.0
head10,400,102.0,248.0
head10,401,102.0,249.0
head10,402,110.0,242.0
head10,406,104.0,249.0
head11,389,196.0,193.0
head11,390,200.0,194.0
head11,391,193.0,186.0
head11,392,199.0,193.0
head11,393,188.0,193.0
head11,394,186.0,188.0
head11,397,194.0,186.0
head11,398,189.0,185.0
head11,399,186.0,181.0
head11,401,188.0,182.0
head11,402,185.0,182.0
head11,403,187.0,180.0
head11,404,181.0,182.0
head11,405,182.0,182.0
head11,406,176.0,181.0
head11,407,183.0,180.0
head11,408,178.0,179.0
head11,409,174.0,178.0
head11,410,176.0,177.0
head11,411,173.0,173.0
head11,412,177.0,176.0
head11,413,178.0,175.0
head11,416,171.0,173.0
head11,418,177.0,172.0
head12,388,136.0,146.0
head12,390,132.0,153.0
head12,391,137.0,153.0
head12,392,137.0,139.0
head12,393,134.0,146.0
head12,394,142.0,138.0
head12,395,134.0,138.0
head12,396,134.0,138.0
head12,397,134.0,139.0
head12,398,134.0,132.0
head12,399,142.0,131.0
head12,400,134.0,131.0
head12,401,134.0,131.0
head12,402,134.0,131.0
head12,403,134.0,131.0
head12,404,133.0,131.0
head12,405,130.0,131.0
head12,406,134.0,131.0
head12,407,138.0,131.0
head12,408,138.0,115.0
head12,409,134.0,122.0
head12,410,136.0,121.0
head12,411,137.0,121.0
head12,412,137.0,120.0
head12,413,138.0,119.0
head12,414,140.0,111.0
head12,415,139.0,118.0
head12,416,139.0,117.0
head12,417,142.0,116.0
head12,418,142.0,116.0
head12,419,144.0,115.0
head12,420,153.0,106.0
head12,421,144.0,113.0
head13,396,232.0,123.0
head13,399,242.0,117.0
head13,400,241.0,109.0
head13,401,234.0,112.0
head13,402,233.0,110.0
head13,403,227.0,108.0
head13,404,235.0,107.0
head13,405,227.0,106.0
head13,406,225.0,113.0
head13,407,225.0,102.0
head13,408,227.0,108.0
head13,409,227.0,108.0
head13,410,228.0,103.0
head13,411,221.0,109.0
head13,412,221.0,105.0
head13,413,218.0,111.0
head13,414,214.0,110.0
head13,415,211.0,110.0
head13,416,211.0,109.0
head13,417,214.0,108.0
head13,418,206.0,108.0
head13,419,208.0,107.0
head13,420,201.0,106.0
head13,421,200.0,105.0
head13,422,200.0,104.0
head13,423,200.0,111.0
head14,416,31.0,250.0
head14,418,31.0,234.0
head14,419,33.0,250.0
head14,420,33.0,250.0
head14,421,43.0,250.0
head14,422,36.0,241.0
head14,423,46.0,250.0
head14,425,48.0,249.0
head14,426,41.0,242.0
head14,428,42.0,250.0
head14,429,42.0,250.0
head14,431,43.0,249.0
head14,432,41.0,241.0
head14,433,41.0,241.0
head14,434,41.0,234.0
head14,435,41.0,243.0
head14,436,41.0,235.0
head14,437,43.0,243.0
head14,438,43.0,243.0
head14,439,43.0,241.0
head14,440,47.0,250.0
head14,441,48.0,251.0
head14,442,45.0,250.0
head14,443,48.0,250.0
head14,445,46.0,251.0
head14,447,46.0,243.0
head14,448,46.0,249.0
head14,449,60.0,255.0
head14,450,48.0,254.0
head14,451,54.0,253.0
head14,452,47.0,247.0
head14,454,47.0,246.0
head14,456,55.0,241.0
head14,457,45.0,240.0
head14,458,46.0,238.0
head14,459,48.0,241.0
head14,460,46.0,236.0
head14,461,48.0,240.0
head14,462,46.0,239.0
head14,463,50.0,238.0
head14,464,50.0,240.0
head14,465,46.0,240.0
head15,440,55.0,194.0
head15,443,56.0,194.0
head15,444,56.0,192.0
head15,446,63.0,188.0
head15,450,56.0,190.0
head15,451,54.0,197.0
head15,452,63.0,191.0
head15,453,56.0,190.0
head15,455,54.0,190.0
head15,456,63.0,193.0
head15,457,53.0,192.0
head15,458,70.0,190.0
head15,459,64.0,193.0
head15,460,54.0,188.0
head15,461,64.0,184.0
head15,462,70.0,183.0
head15,463,74.0,182.0
head15,464,66.0,184.0
head15,465,62.0,189.0
head15,466,71.0,184.0
head15,468,83.0,182.0
head15,469,81.0,184.0
head15,470,83.0,191.0
head15,474,83.0,184.0
head16,415,88.0,131.0
head16,416,87.0,139.0
head16,418,94.0,139.0
head16,421,93.0,139.0
head16,422,93.0,139.0
head16,423,89.0,139.0
head16,427,88.0,140.0
head16,430,98.0,137.0
head16,431,114.0,137.0
head16,432,108.0,136.0
head16,433,108.0,136.0
head16,434,100.0,140.0
head16,436,109.0,138.0
head16,437,101.0,137.0
head16,438,102.0,136.0
head16,439,102.0,135.0
head16,440,102.0,134.0
head16,441,103.0,133.0
head16,442,103.0,132.0
head16,443,102.0,131.0
head16,444,102.0,130.0
head16,445,102.0,128.0
head16,446,102.0,133.0
head16,447,102.0,130.0
head16,448,102.0,125.0
head16,449,102.0,127.0
head16,450,112.0,118.0
head16,451,112.0,129.0
head16,452,112.0,127.0
head16,453,113.0,122.0
head16,454,113.0,122.0
head16,455,111.0,131.0
head16,456,113.0,124.0
head16,457,114.0,125.0
head16,458,111.0,126.0
head16,460,107.0,134.0
head16,461,115.0,134.0
head16,462,115.0,127.0
head16,463,115.0,128.0
head16,464,123.0,134.0
head16,465,131.0,134.0
head16,466,115.0,133.0
head16,467,123.0,134.0
head16,468,123.0,134.0
head16,469,123.0,134.0
head16,470,123.0,135.0
head16,471,123.0,128.0
head16,473,123.0,128.0
head16,474,123.0,128.0
head16,475,123.0,129.0
head16,476,123.0,134.0
head17,416,119.0,242.0
head17,418,133.0,240.0
head17,419,124.0,238.0
head17,421,123.0,242.0
head17,422,124.0,241.0
head17,423,126.0,242.0
head17,424,126.0,239.0
head17,426,125.0,238.0
head17,427,125.0,240.0
head17,428,130.0,242.0
head17,429,133.0,244.0
head17,430,141.0,238.0
head17,431,135.0,242.0
head17,432,137.0,241.0
head17,433,137.0,241.0
head17,434,137.0,242.0
head17,435,137.0,243.0
head17,437,140.0,238.0
head17,438,139.0,243.0
head17,439,147.0,241.0
head17,440,143.0,242.0
head17,441,139.0,242.0
head17,442,141.0,242.0
head17,443,140.0,242.0
head17,444,136.0,240.0
head17,445,150.0,243.0
head17,446,143.0,236.0
head17,447,150.0,235.0
head17,448,142.0,241.0
head17,450,136.0,238.0
head17,451,134.0,237.0
head17,452,135.0,239.0
head17,453,136.0,238.0
head17,454,135.0,238.0
head17,456,135.0,233.0
head17,457,134.0,235.0
head17,459,130.0,232.0
head17,460,128.0,232.0
head17,463,130.0,232.0
head17,464,130.0,232.0
head17,465,134.0,237.0
head17,466,127.0,232.0
head17,467,127.0,229.0
head17,468,128.0,235.0
head17,469,120.0,235.0
head17,470,128.0,227.0
head17,471,123.0,233.0
head17,472,124.0,232.0
head17,474,117.0,225.0
head17,477,120.0,233.0
head17,478,112.0,223.0
head17,479,113.0,225.0
head17,482,115.0,224.0
head17,483,118.0,224.0
head18,332,53.0,202.0
head18,333,59.0,201.0
head18,334,63.0,209.0
head18,335,64.0,196.0
head18,336,65.0,208.0
head18,337,62.0,208.0
head18,338,62.0,207.0
head18,339,64.0,202.0
head18,340,64.0,202.0
head18,341,69.0,202.0
head18,342,64.0,198.0
head18,343,72.0,205.0
head18,345,71.0,196.0
head18,346,73.0,188.0
head18,347,62.0,195.0
head18,348,67.0,193.0
head18,350,72.0,185.0
head18,351,72.0,194.0
head18,352,80.0,204.0
head18,353,88.0,216.0
head18,357,82.0,204.0
head18,358,76.0,198.0
head18,359,79.0,183.0
head18,360,87.0,183.0
head18,361,87.0,183.0
head18,362,88.0,187.0
head18,363,80.0,187.0
head18,364,81.0,189.0
head18,365,82.0,189.0
head18,368,91.0,190.0
head18,369,101.0,189.0
head18,370,103.0,183.0
head18,371,97.0,191.0
head18,372,98.0,191.0
head18,373,109.0,189.0
head18,374,110.0,182.0
head18,375,118.0,183.0
head18,376,113.0,183.0
head18,377,111.0,191.0
head18,378,111.0,191.0
head18,379,120.0,183.0
head18,380,112.0,191.0
head18,381,120.0,191.0
head18,382,121.0,191.0
head18,383,121.0,184.0
head18,384,121.0,184.0
head18,385,121.0,184.0
head18,386,120.0,184.0
head18,388,112.0,193.0
head18,389,114.0,193.0
head18,390,113.0,200.0
head18,391,112.0,200.0
head18,392,110.0,193.0
head18,393,110.0,197.0
head18,394,102.0,206.0
head18,396,110.0,194.0
head18,397,110.0,190.0
head18,398,110.0,190.0
head18,399,110.0,189.0
head18,400,110.0,192.0
head18,401,110.0,187.0
head18,402,110.0,186.0
head18,403,110.0,187.0
head18,404,109.0,187.0
head18,405,98.0,195.0
head18,406,102.0,195.0
head18,407,106.0,187.0
head18,408,98.0,187.0
head18,409,106.0,186.0
head18,410,109.0,190.0
head18,411,98.0,194.0
head18,412,98.0,195.0
head18,413,98.0,187.0
head18,414,96.0,187.0
head18,415,104.0,187.0
head18,416,95.0,194.0
head18,417,102.0,187.0
head18,418,103.0,194.0
head18,419,101.0,192.0
head18,420,97.0,186.0
head18,421,99.0,186.0
head18,422,100.0,185.0
head18,423,94.0,186.0
head18,424,94.0,191.0
head18,425,93.0,191.0
head18,426,93.0,190.0
head18,427,101.0,192.0
head18,428,98.0,194.0
head18,429,93.0,188.0
head18,430,93.0,190.0
head18,431,98.0,185.0
head18,432,92.0,192.0
head18,433,105.0,193.0
head18,434,97.0,186.0
head18,435,105.0,187.0
head18,436,97.0,187.0
head18,437,107.0,187.0
head18,438,94.0,192.0
head18,439,99.0,185.0
head18,440,103.0,186.0
head18,441,107.0,194.0
head18,442,111.0,188.0
head18,443,108.0,186.0
head18,444,112.0,184.0
head18,445,110.0,187.0
head18,446,111.0,188.0
head18,447,118.0,187.0
head18,448,110.0,185.0
head18,449,116.0,183.0
head18,450,120.0,182.0
head18,452,128.0,191.0
head18,453,128.0,182.0
head18,454,119.0,182.0
head18,455,118.0,182.0
head18,456,129.0,180.0
head18,457,125.0,184.0
head18,458,126.0,182.0
head18,459,122.0,184.0
head18,460,128.0,184.0
head18,461,122.0,184.0
head18,463,130.0,184.0
head18,464,130.0,184.0
head18,465,134.0,189.0
head18,466,135.0,184.0
head18,467,134.0,181.0
head18,469,129.0,184.0
head18,471,125.0,184.0
head18,472,132.0,184.0
head18,473,133.0,184.0
head18,476,133.0,184.0
head18,477,139.0,174.0
head18,479,130.0,171.0
head18,480,130.0,179.0
head18,481,132.0,186.0
head18,483,131.0,179.0
head18,484,132.0,180.0
head19,466,211.0,201.0
head19,468,212.0,201.0
head19,469,217.0,197.0
head19,470,210.0,181.0
head19,473,215.0,185.0
head19,474,216.0,201.0
head19,475,213.0,197.0
head19,477,222.0,189.0
head19,478,219.0,177.0
head19,479,221.0,191.0
head19,480,213.0,190.0
head19,481,212.0,176.0
head19,482,215.0,182.0
head19,483,211.0,167.0
head19,485,211.0,164.0
head19,486,215.0,181.0
head19,487,199.0,179.0
head19,488,187.0,189.0
head19,489,189.0,185.0
head19,490,181.0,185.0
head19,491,185.0,165.0
head19,492,187.0,182.0
head19,493,185.0,182.0
head19,494,171.0,162.0
head19,495,161.0,146.0
head19,496,163.0,150.0
head19,497,169.0,134.0
head19,498,155.0,130.0
head19,500,137.0,114.0
head19,501,139.0,86.0
head20,471,64.0,259.0
head20,472,62.0,250.0
head20,475,62.0,248.0
head20,476,51.0,246.0
head20,477,59.0,247.0
head20,479,58.0,245.0
head20,480,67.0,244.0
head20,481,65.0,244.0
head20,482,66.0,243.0
head20,484,65.0,249.0
head20,485,66.0,241.0
head20,488,59.0,239.0
head20,491,57.0,241.0
head20,494,51.0,238.0
head20,495,53.0,238.0
head20,496,58.0,238.0
head20,497,54.0,238.0
head20,498,51.0,238.0
head20,499,56.0,238.0
head20,500,59.0,238.0
head20,501,55.0,238.0
head20,502,57.0,237.0
head20,503,56.0,238.0
head20,505,57.0,239.0
head20,508,51.0,238.0
head20,509,59.0,239.0
head20,511,60.0,247.0
head21,495,200.0,174.0
head21,496,207.0,174.0
head21,497,194.0,154.0
head21,498,191.0,155.0
head21,499,197.0,164.0
head21,500,197.0,155.0
head21,501,185.0,150.0
head21,502,193.0,141.0
head21,503,196.0,150.0
head21,504,198.0,154.0
head21,505,196.0,146.0
head21,506,174.0,142.0
head21,507,172.0,158.0
head21,508,174.0,162.0
head21,509,190.0,159.0
head21,510,183.0,164.0
head21,511,182.0,161.0
head21,512,182.0,161.0
head21,513,191.0,161.0
head21,514,183.0,161.0
head21,515,185.0,160.0
head21,516,176.0,160.0
head21,517,176.0,160.0
head21,518,183.0,158.0
head21,519,176.0,159.0
head21,520,184.0,160.0
head21,521,183.0,156.0
head21,522,183.0,154.0
head21,523,183.0,154.0
head21,524,175.0,154.0
head21,525,168.0,154.0
head21,526,170.0,154.0
head21,529,170.0,154.0
head21,531,171.0,142.0
head21,534,171.0,146.0
head21,535,170.0,144.0
head21,538,170.0,141.0
head22,570,215.0,104.0
head22,571,218.0,108.0
head22,572,209.0,108.0
head22,573,212.0,104.0
head22,574,213.0,110.0
head22,576,208.0,104.0
head22,579,191.0,94.0
head22,580,178.0,96.0
head22,581,169.0,78.0
head22,585,172.0,72.0
head22,587,165.0,75.0
head22,588,178.0,82.0
head22,589,203.0,109.0
head22,590,201.0,100.0
head22,591,179.0,71.0
head22,592,169.0,68.0
head22,593,170.0,78.0
head22,594,163.0,68.0
head22,595,171.0,67.0
head22,596,173.0,68.0
head22,597,163.0,57.0
head22,598,165.0,68.0
head22,599,173.0,66.0
head22,600,166.0,64.0
head22,601,166.0,65.0
head22,602,166.0,67.0
head22,603,146.0,73.0
head22,604,146.0,67.0
head22,605,150.0,57.0
head22,606,158.0,60.0
head22,607,186.0,67.0
head22,610,192.0,72.0
head22,611,186.0,65.0
head22,612,188.0,68.0
head22,613,196.0,67.0
head22,614,196.0,65.0
head22,615,200.0,59.0
head22,616,184.0,57.0
head22,617,172.0,52.0
head22,618,164.0,52.0
head22,619,168.0,48.0
head22,620,171.0,51.0
head22,622,171.0,52.0
head23,583,184.0,242.0
head23,586,189.0,239.0
head23,588,188.0,256.0
head23,589,187.0,259.0
head23,590,184.0,264.0
head23,591,178.0,266.0
head23,592,186.0,264.0
head23,593,185.0,259.0
head23,594,185.0,263.0
head23,595,185.0,263.0
head23,596,176.0,262.0
head23,597,176.0,257.0
head23,598,175.0,261.0
head23,599,174.0,252.0
head23,600,177.0,258.0
head23,601,182.0,257.0
head23,602,182.0,265.0
head23,603,180.0,257.0
head23,604,180.0,257.0
head23,605,182.0,257.0
head23,606,174.0,258.0
head23,607,174.0,258.0
head23,608,172.0,259.0
head23,609,174.0,260.0
head23,610,172.0,260.0
head23,611,170.0,260.0
head23,612,178.0,252.0
head23,613,172.0,259.0
head23,614,173.0,259.0
head23,615,171.0,259.0
head23,616,173.0,255.0
head23,617,170.0,255.0
head23,618,174.0,255.0
head23,619,177.0,251.0
head23,620,168.0,255.0
head23,621,175.0,251.0
head23,622,171.0,258.0
head23,623,169.0,250.0
head23,624,168.0,258.0
head23,625,168.0,250.0
head23,626,168.0,251.0
head23,628,173.0,250.0
head23,629,172.0,250.0
head23,630,168.0,256.0
head23,631,160.0,256.0
head23,632,170.0,250.0
head23,633,173.0,249.0
head23,635,170.0,258.0
head23,636,170.0,250.0
head23,637,169.0,254.0
head23,638,166.0,255.0
head23,639,175.0,247.0
head24,491,113.0,225.0
head24,494,112.0,225.0
head24,495,112.0,222.0
head24,498,113.0,222.0
head24,499,112.0,222.0
head24,500,108.0,222.0
head24,502,116.0,221.0
head24,506,115.0,220.0
head24,511,127.0,221.0
head24,512,115.0,221.0
head24,514,127.0,217.0
head24,515,123.0,220.0
head24,516,130.0,220.0
head24,517,130.0,219.0
head24,518,127.0,219.0
head24,519,136.0,219.0
head24,520,128.0,217.0
head24,521,137.0,209.0
head24,522,135.0,210.0
head24,525,144.0,210.0
head24,526,146.0,210.0
head24,528,143.0,218.0
head24,529,154.0,210.0
head24,530,155.0,209.0
head24,532,155.0,212.0
head24,533,155.0,211.0
head24,534,154.0,204.0
head24,535,161.0,208.0
head24,536,161.0,210.0
head24,537,153.0,210.0
head24,538,155.0,214.0
head24,539,156.0,219.0
head24,543,151.0,206.0
head24,544,161.0,196.0
head24,545,162.0,198.0
head24,546,153.0,202.0
head24,547,153.0,203.0
head24,548,154.0,202.0
head24,549,154.0,194.0
head24,550,159.0,197.0
head24,551,157.0,196.0
head24,552,155.0,193.0
head24,554,147.0,201.0
head24,555,147.0,194.0
head24,556,145.0,197.0
head24,558,149.0,198.0
head24,563,144.0,199.0
head24,565,144.0,188.0
head24,566,134.0,183.0
head24,567,134.0,182.0
head24,569,137.0,186.0
head24,570,129.0,178.0
head24,571,135.0,186.0
head24,572,130.0,185.0
head24,573,137.0,185.0
head24,574,130.0,185.0
head24,575,138.0,177.0
head24,576,131.0,185.0
head24,577,130.0,185.0
head24,578,138.0,185.0
head24,579,132.0,180.0
head24,580,134.0,184.0
head24,581,134.0,182.0
head24,582,138.0,185.0
head24,583,136.0,180.0
head24,585,127.0,185.0
head24,587,130.0,185.0
head24,588,138.0,177.0
head24,589,139.0,182.0
head24,590,137.0,177.0
head24,591,148.0,176.0
head24,592,145.0,179.0
head24,593,149.0,175.0
head24,594,138.0,177.0
head24,595,150.0,178.0
head24,597,150.0,179.0
head24,598,149.0,174.0
head24,599,152.0,179.0
head24,600,144.0,180.0
head24,602,144.0,180.0
head24,603,146.0,180.0
head24,604,146.0,180.0
head24,605,154.0,180.0
head24,607,146.0,180.0
head24,608,154.0,173.0
head24,609,154.0,173.0
head24,610,146.0,178.0
head24,611,154.0,181.0
head24,612,154.0,179.0
head24,613,149.0,180.0
head24,614,150.0,179.0
head24,615,149.0,179.0
head24,616,152.0,179.0
head24,618,152.0,186.0
head24,620,152.0,187.0
head24,621,152.0,179.0
head24,622,152.0,179.0
head24,623,152.0,179.0
head24,624,157.0,179.0
head24,625,154.0,179.0
head24,626,154.0,179.0
head24,627,153.0,179.0
head24,628,154.0,179.0
head24,629,152.0,179.0
head24,630,153.0,179.0
head24,632,154.0,172.0
head24,633,154.0,172.0
head24,634,162.0,171.0
head24,635,162.0,173.0
head24,636,162.0,164.0
head24,637,166.0,165.0
head24,638,162.0,173.0
head24,639,162.0,165.0
head24,641,162.0,165.0
head24,643,164.0,156.0
head24,644,164.0,150.0
head24,645,164.0,157.0
head24,647,166.0,149.0
head24,648,162.0,149.0
head24,649,168.0,141.0
head24,650,160.0,141.0
head24,651,162.0,140.0
head24,653,154.0,131.0
head24,658,151.0,119.0
head25,516,58.0,220.0
head25,518,55.0,219.0
head25,519,56.0,219.0
head25,520,51.0,223.0
head25,521,43.0,223.0
head25,522,52.0,223.0
head25,523,57.0,218.0
head25,524,52.0,222.0
head25,525,57.0,224.0
head25,526,45.0,225.0
head25,527,52.0,223.0
head25,528,60.0,223.0
head25,529,52.0,223.0
head25,530,53.0,224.0
head25,532,55.0,224.0
head25,533,54.0,231.0
head25,534,64.0,230.0
head25,535,58.0,233.0
head25,536,62.0,230.0
head25,538,59.0,231.0
head25,540,60.0,232.0
head25,542,64.0,237.0
head25,543,68.0,233.0
head25,544,77.0,236.0
head25,546,69.0,234.0
head25,547,69.0,228.0
head25,548,73.0,228.0
head25,549,58.0,228.0
head25,550,67.0,228.0
head25,551,68.0,227.0
head25,552,75.0,231.0
head25,553,76.0,234.0
head25,554,68.0,231.0
head25,555,75.0,228.0
head25,556,73.0,229.0
head25,557,63.0,228.0
head25,558,63.0,227.0
head25,559,63.0,227.0
head25,560,69.0,225.0
head25,561,63.0,226.0
head25,562,63.0,225.0
head25,563,64.0,223.0
head25,564,60.0,224.0
head25,565,70.0,223.0
head25,566,62.0,215.0
head25,568,62.0,224.0
head25,569,62.0,216.0
head25,570,70.0,215.0
head25,571,71.0,215.0
head25,572,64.0,212.0
head25,573,64.0,218.0
head25,574,64.0,219.0
head25,575,68.0,212.0
head25,576,68.0,219.0
head25,577,68.0,212.0
head25,580,70.0,216.0
head25,581,64.0,217.0
head25,582,71.0,219.0
head25,583,64.0,216.0
head25,584,64.0,216.0
head25,585,63.0,217.0
head25,586,65.0,211.0
head25,587,66.0,203.0
head25,588,67.0,206.0
head25,589,67.0,214.0
head25,590,68.0,206.0
head25,591,68.0,216.0
head25,592,69.0,216.0
head25,593,63.0,212.0
head25,594,63.0,212.0
head25,595,63.0,212.0
head25,596,71.0,210.0
head25,597,63.0,212.0
head25,598,70.0,211.0
head25,599,72.0,211.0
head25,600,72.0,212.0
head25,601,72.0,204.0
head25,602,72.0,204.0
head25,603,74.0,204.0
head25,604,74.0,212.0
head25,605,74.0,212.0
head25,607,74.0,212.0
head25,608,62.0,213.0
head25,609,74.0,213.0
head25,610,74.0,210.0
head25,611,74.0,213.0
head25,612,74.0,211.0
head25,613,75.0,220.0
head25,614,70.0,211.0
head25,615,69.0,211.0
head25,616,72.0,211.0
head25,617,84.0,208.0
head25,618,72.0,210.0
head25,619,72.0,211.0
head25,620,72.0,211.0
head25,621,72.0,211.0
head25,622,68.0,214.0
head25,623,72.0,211.0
head25,624,73.0,211.0
head25,625,74.0,211.0
head25,626,74.0,211.0
head25,627,73.0,211.0
head25,628,82.0,211.0
head25,629,72.0,211.0
head25,630,73.0,211.0
head25,631,74.0,212.0
head25,632,74.0,212.0
head25,633,74.0,212.0
head25,634,82.0,211.0
head25,635,74.0,213.0
head25,636,74.0,212.0
head25,637,82.0,213.0
head25,638,75.0,214.0
head25,639,74.0,213.0
head25,640,75.0,214.0
head25,641,69.0,217.0
head25,642,67.0,214.0
head25,643,68.0,214.0
head25,644,76.0,214.0
head25,645,68.0,213.0
head25,646,74.0,213.0
head25,647,78.0,213.0
head25,648,80.0,214.0
head25,649,80.0,221.0
head25,650,80.0,213.0
head25,652,82.0,219.0
head25,655,85.0,217.0
head25,658,70.0,216.0
head25,659,70.0,215.0
head25,660,69.0,216.0
head25,661,72.0,216.0
head25,662,70.0,216.0
head25,666,70.0,216.0
head26,591,146.0,118.0
head26,592,146.0,118.0
head26,593,142.0,122.0
head26,594,147.0,116.0
head26,595,164.0,122.0
head26,597,169.0,124.0
head26,599,154.0,122.0
head26,600,150.0,120.0
head26,601,150.0,114.0
head26,603,146.0,120.0
head26,604,154.0,114.0
head26,605,146.0,126.0
head26,606,126.0,134.0
head26,607,126.0,138.0
head26,608,122.0,138.0
head26,609,122.0,134.0
head26,610,102.0,142.0
head26,611,106.0,141.0
head26,612,106.0,139.0
head26,613,99.0,148.0
head26,614,94.0,147.0
head26,615,109.0,147.0
head26,616,96.0,147.0
head26,617,96.0,147.0
head26,618,96.0,146.0
head26,619,96.0,147.0
head26,620,96.0,147.0
head26,621,104.0,147.0
head26,622,104.0,147.0
head26,623,104.0,147.0
head26,624,105.0,147.0
head26,625,98.0,147.0
head26,626,98.0,147.0
head26,627,105.0,147.0
head26,628,98.0,147.0
head26,629,96.0,147.0
head26,630,97.0,147.0
head26,631,106.0,140.0
head26,632,98.0,148.0
head26,633,106.0,140.0
head26,634,106.0,147.0
head26,635,106.0,149.0
head26,636,106.0,140.0
head26,637,106.0,141.0
head26,638,106.0,141.0
head26,639,106.0,141.0
head26,640,106.0,141.0
head26,641,98.0,149.0
head26,642,106.0,149.0
head26,643,100.0,148.0
head26,644,108.0,142.0
head26,645,108.0,149.0
head26,646,114.0,141.0
head26,647,110.0,149.0
head26,648,106.0,149.0
head26,649,112.0,149.0
head26,650,104.0,149.0
head26,651,114.0,148.0
head26,652,114.0,147.0
head26,653,106.0,147.0
head26,654,114.0,147.0
head26,655,114.0,147.0
head26,656,118.0,146.0
head26,657,117.0,136.0
head26,659,119.0,141.0
head26,660,120.0,130.0
head26,661,112.0,130.0
head26,662,120.0,130.0
head26,663,113.0,129.0
head26,664,113.0,128.0
head26,665,114.0,129.0
head26,666,122.0,129.0
head26,667,114.0,129.0
head27,553,92.0,177.0
head27,554,92.0,159.0
head27,555,72.0,129.0
head27,556,77.0,136.0
head27,557,70.0,131.0
head27,558,67.0,138.0
head27,559,78.0,133.0
head27,560,69.0,132.0
head27,561,64.0,135.0
head27,563,70.0,130.0
head27,566,78.0,129.0
head27,567,74.0,124.0
head27,568,78.0,128.0
head27,569,70.0,128.0
head27,570,78.0,127.0
head27,571,74.0,122.0
head27,572,74.0,129.0
head27,573,80.0,130.0
head27,574,74.0,127.0
head27,575,80.0,128.0
head27,576,76.0,131.0
head27,577,76.0,138.0
head27,578,76.0,132.0
head27,579,96.0,146.0
head27,580,96.0,148.0
head27,581,76.0,130.0
head27,583,80.0,132.0
head27,585,88.0,146.0
head27,586,89.0,139.0
head27,587,86.0,136.0
head27,588,87.0,137.0
head27,589,83.0,142.0
head27,590,84.0,142.0
head27,591,92.0,144.0
head27,592,93.0,144.0
head27,594,86.0,144.0
head27,595,86.0,146.0
head27,596,95.0,146.0
head27,597,94.0,147.0
head27,598,94.0,147.0
head27,599,96.0,147.0
head27,600,88.0,148.0
head27,601,96.0,148.0
head27,602,96.0,148.0
head27,603,98.0,148.0
head27,604,96.0,144.0
head27,605,98.0,148.0
head27,606,98.0,148.0
head27,607,90.0,148.0
head27,608,98.0,149.0
head27,609,106.0,149.0
head27,610,106.0,146.0
head27,611,106.0,141.0
head27,612,106.0,139.0
head27,613,99.0,148.0
head27,614,94.0,147.0
head27,615,109.0,147.0
head27,616,96.0,147.0
head27,617,96.0,147.0
head27,618,96.0,146.0
head27,619,96.0,147.0
head27,620,96.0,147.0
head27,621,104.0,147.0
head27,622,104.0,147.0
head27,623,104.0,147.0
head27,624,105.0,147.0
head27,625,98.0,147.0
head27,626,98.0,147.0
head27,627,105.0,147.0
head27,628,98.0,147.0
head27,629,96.0,147.0
head27,630,97.0,147.0
head27,631,106.0,140.0
head27,632,98.0,148.0
head27,633,106.0,140.0
head27,634,106.0,147.0
head27,635,106.0,149.0
head27,636,106.0,140.0
head27,637,106.0,141.0
head27,638,106.0,141.0
head27,639,106.0,141.0
head27,640,106.0,141.0
head27,641,98.0,149.0
head27,642,106.0,149.0
head27,643,100.0,148.0
head27,644,108.0,142.0
head27,645,108.0,149.0
head27,646,114.0,141.0
head27,647,110.0,149.0
head27,648,106.0,149.0
head27,649,112.0,149.0
head27,650,104.0,149.0
head27,651,114.0,148.0
head27,652,114.0,147.0
head27,653,106.0,147.0
head27,654,114.0,147.0
head27,655,114.0,147.0
head27,656,118.0,146.0
head27,657,117.0,136.0
head27,659,119.0,141.0
head27,660,120.0,130.0
head27,661,112.0,130.0
head27,662,120.0,130.0
head27,663,113.0,129.0
head27,664,113.0,128.0
head27,665,114.0,129.0
head27,666,122.0,129.0
head27,667,114.0,129.0
head28,671,91.0,205.0
head28,672,92.0,212.0
head28,673,92.0,212.0
head28,674,92.0,212.0
head28,675,93.0,217.0
head28,676,92.0,218.0
head28,677,94.0,220.0
head28,678,92.0,215.0
head28,679,95.0,220.0
head28,680,94.0,220.0
head28,681,95.0,222.0
head28,682,98.0,214.0
head28,683,100.0,221.0
head28,684,101.0,222.0
head28,685,102.0,223.0
head28,686,103.0,224.0
head28,687,105.0,223.0
head28,688,107.0,223.0
head28,689,109.0,224.0
head28,690,110.0,224.0
head28,691,111.0,222.0
head28,692,112.0,226.0
head28,697,114.0,234.0
head29,668,183.0,68.0
head29,671,178.0,75.0
head29,673,193.0,70.0
head29,675,188.0,69.0
head29,676,187.0,64.0
head29,679,182.0,63.0
head29,680,173.0,58.0
head29,682,180.0,70.0
head29,683,175.0,62.0
head29,684,182.0,58.0
head29,685,185.0,58.0
head29,686,168.0,62.0
head29,687,173.0,61.0
head29,688,187.0,59.0
head29,689,181.0,61.0
head29,690,187.0,75.0
head29,691,189.0,69.0
head29,692,187.0,67.0
head29,693,165.0,85.0
head29,694,163.0,107.0
head29,695,165.0,109.0
head29,696,171.0,99.0
head29,697,189.0,69.0
head30,645,216.0,194.0
head30,646,209.0,201.0
head30,647,198.0,220.0
head30,648,201.0,222.0
head30,649,209.0,219.0
head30,650,193.0,218.0
head30,653,181.0,213.0
head30,655,196.0,212.0
head30,657,191.0,191.0
head30,658,207.0,191.0
head30,659,207.0,197.0
head30,660,208.0,187.0
head30,662,206.0,194.0
head30,663,206.0,186.0
head30,664,205.0,193.0
head30,665,206.0,185.0
head30,666,206.0,186.0
head30,667,209.0,180.0
head30,668,202.0,181.0
head30,669,208.0,184.0
head30,670,202.0,183.0
head30,672,208.0,185.0
head30,674,198.0,178.0
head30,676,199.0,182.0
head30,679,206.0,177.0
head30,681,199.0,179.0
head30,682,204.0,174.0
head30,683,211.0,181.0
head30,684,202.0,179.0
head30,685,206.0,177.0
head30,686,199.0,176.0
head30,687,201.0,175.0
head30,688,203.0,175.0
head30,690,202.0,178.0
head30,692,193.0,177.0
head30,693,192.0,176.0
head30,695,194.0,179.0
head30,698,191.0,176.0
head30,700,192.0,176.0
head30,701,192.0,176.0
head30,702,191.0,172.0
head30,704,182.0,172.0
head30,705,183.0,172.0
head30,706,183.0,172.0
head30,707,184.0,178.0
head30,708,184.0,172.0
head30,711,192.0,170.0
head30,712,185.0,170.0
head30,713,185.0,172.0
head31,644,168.0,222.0
head31,647,169.0,208.0
head31,649,166.0,214.0
head31,650,167.0,216.0
head31,651,188.0,206.0
head31,652,205.0,208.0
head31,653,218.0,198.0
head31,654,212.0,202.0
head31,655,218.0,202.0
head31,656,212.0,190.0
head31,657,208.0,193.0
head31,658,207.0,191.0
head31,659,207.0,197.0
head31,660,208.0,187.0
head31,662,206.0,194.0
head31,663,206.0,186.0
head31,664,205.0,193.0
head31,665,206.0,185.0
head31,666,206.0,186.0
head31,667,209.0,180.0
head31,668,202.0,181.0
head31,669,208.0,184.0
head31,670,202.0,183.0
head31,672,208.0,185.0
head31,674,198.0,178.0
head31,676,199.0,182.0
head31,679,206.0,177.0
head31,681,199.0,179.0
head31,682,204.0,174.0
head31,683,211.0,181.0
head31,684,202.0,179.0
head31,685,206.0,177.0
head31,686,199.0,176.0
head31,687,201.0,175.0
head31,688,203.0,175.0
head31,690,202.0,178.0
head31,692,193.0,177.0
head31,693,192.0,176.0
head31,695,194.0,179.0
head31,698,191.0,176.0
head31,700,192.0,176.0
head31,701,192.0,176.0
head31,702,191.0,172.0
head31,704,182.0,172.0
head31,705,183.0,172.0
head31,706,183.0,172.0
head31,707,184.0,178.0
head31,708,184.0,172.0
head31,711,192.0,170.0
head31,712,185.0,170.0
head31,713,185.0,172.0
head32,638,246.0,231.0
head32,639,239.0,231.0
head32,640,228.0,211.0
head32,641,237.0,195.0
head32,642,242.0,207.0
head32,643,259.0,207.0
head32,644,262.0,211.0
head32,645,262.5,211.0
head32,646,261.0,199.0
head32,647,261.5,215.0
head32,648,260.0,211.0
head32,649,237.0,211.0
head32,650,218.0,191.0
head32,654,212.0,202.0
head32,655,210.0,193.0
head32,656,203.0,189.0
head32,657,208.0,193.0
head32,658,207.0,191.0
head32,659,207.0,197.0
head32,660,208.0,187.0
head32,662,206.0,194.0
head32,663,206.0,186.0
head32,664,205.0,193.0
head32,665,206.0,185.0
head32,666,206.0,186.0
head32,667,209.0,180.0
head32,668,202.0,181.0
head32,669,208.0,184.0
head32,670,202.0,183.0
head32,672,208.0,185.0
head32,674,198.0,178.0
head32,676,199.0,182.0
head32,679,206.0,177.0
head32,681,199.0,179.0
head32,682,204.0,174.0
head32,683,211.0,181.0
head32,684,202.0,179.0
head32,685,206.0,177.0
head32,686,199.0,176.0
head32,687,201.0,175.0
head32,688,203.0,175.0
head32,690,202.0,178.0
head32,692,193.0,177.0
head32,693,192.0,176.0
head32,695,194.0,179.0
head32,698,191.0,176.0
head32,700,192.0,176.0
head32,701,192.0,176.0
head32,702,191.0,172.0
head32,704,182.0,172.0
head32,705,183.0,172.0
head32,706,183.0,172.0
head32,707,184.0,178.0
head32,708,184.0,172.0
head32,711,192.0,170.0
head32,712,185.0,170.0
head32,713,185.0,172.0
head33,704,255.0,140.0
head33,708,256.0,140.0
head33,710,260.5,128.0
head33,711,261.0,136.0
head33,712,257.0,146.0
head33,713,257.0,148.0
head33,714,253.0,130.0
head33,715,260.5,124.0
head33,716,262.5,114.0
head33,717,262.5,116.0
head33,718,253.0,114.0
head33,719,253.0,132.0
head33,720,262.5,138.0
head33,721,257.0,140.0
head33,722,253.0,130.0
head33,723,260.5,140.0
head33,724,249.0,146.0
head33,725,257.0,140.0
head33,726,260.5,122.0
head33,727,260.5,124.0
head33,728,257.0,130.0
head33,729,262.5,132.0
head33,730,253.0,146.0
head33,731,245.0,140.0
head33,732,257.0,130.0
head33,733,257.0,132.0
head33,734,253.0,130.0
head33,735,260.5,124.0
head33,736,262.5,146.0
head33,737,249.0,148.0
head33,738,245.0,138.0
head33,739,229.0,124.0
head33,740,193.0,106.0
head33,742,153.0,68.0
head34,659,186.0,246.0
head34,661,187.0,246.0
head34,662,187.0,241.0
head34,663,188.0,251.0
head34,665,189.0,244.0
head34,666,189.0,244.0
head34,667,189.0,244.0
head34,668,189.0,244.0
head34,669,190.0,245.0
head34,670,190.0,243.0
head34,671,191.0,240.0
head34,672,191.0,241.0
head34,673,191.0,248.0
head34,674,192.0,240.0
head34,675,192.0,243.0
head34,676,189.0,248.0
head34,677,193.0,243.0
head34,678,193.0,243.0
head34,679,193.0,243.0
head34,680,193.0,243.0
head34,681,194.0,242.0
head34,682,194.0,239.0
head34,683,194.0,239.0
head34,684,194.0,244.0
head34,685,194.0,244.0
head34,686,186.0,243.0
head34,687,195.0,238.0
head34,688,194.0,241.0
head34,689,195.0,240.0
head34,690,194.0,247.0
head34,691,195.0,245.0
head34,692,194.0,244.0
head34,693,193.0,240.0
head34,694,194.0,241.0
head34,695,194.0,240.0
head34,696,194.0,239.0
head34,697,189.0,238.0
head34,698,186.0,238.0
head34,699,193.0,238.0
head34,700,193.0,237.0
head34,701,187.0,237.0
head34,702,186.0,236.0
head34,703,186.0,236.0
head34,704,187.0,235.0
head34,705,186.0,234.0
head34,706,193.0,236.0
head34,707,192.0,233.0
head34,708,190.0,233.0
head34,709,190.0,232.0
head34,710,190.0,231.0
head34,711,189.0,223.0
head34,712,184.0,230.0
head34,713,190.0,226.0
head34,714,190.0,226.0
head34,715,191.0,226.0
head34,716,183.0,225.0
head34,717,183.0,225.0
head34,718,185.0,225.0
head34,719,185.0,225.0
head34,720,186.0,225.0
head34,721,186.0,224.0
head34,722,188.0,216.0
head34,723,181.0,222.0
head34,724,190.0,220.0
head34,725,191.0,218.0
head34,726,180.0,216.0
head34,727,180.0,222.0
head34,728,180.0,220.0
head34,729,184.0,219.0
head34,730,184.0,219.0
head34,731,184.0,220.0
head34,732,184.0,221.0
head34,733,188.0,221.0
head34,734,184.0,222.0
head34,735,184.0,224.0
head34,736,184.0,222.0
head34,737,184.0,222.0
head34,738,184.0,223.0
head34,739,184.0,223.0
head34,740,181.0,223.0
head34,741,179.0,227.0
head34,742,184.0,225.0
head34,743,183.0,219.0
head34,744,184.0,219.0
head34,745,184.0,228.0
head34,746,184.0,229.0
head34,747,184.0,221.0
head34,748,183.0,221.0
head34,749,184.0,229.0
head34,750,183.0,222.0
head34,751,190.0,229.0
head34,752,189.0,222.0
head34,753,188.0,229.0
head34,754,187.0,229.0
head34,755,187.0,229.0
head34,756,186.0,227.0
head34,757,186.0,222.0
head34,758,186.0,222.0
head34,759,187.0,227.0
head34,760,188.0,226.0
head34,761,179.0,226.0
head34,762,187.0,226.0
head34,763,187.0,226.0
head34,764,186.0,226.0
head34,767,186.0,224.0
head35,743,176.0,172.0
head35,744,184.0,171.0
head35,745,176.0,171.0
head35,746,177.0,171.0
head35,747,178.0,163.0
head35,748,178.0,163.0
head35,749,179.0,163.0
head35,750,179.0,163.0
head35,753,180.0,164.0
head35,754,179.0,164.0
head35,755,179.0,164.0
head35,756,179.0,156.0
head35,757,179.0,163.0
head35,758,175.0,155.0
head35,759,175.0,147.0
head35,761,172.0,155.0
head35,763,177.0,156.0
head35,764,175.0,156.0
head35,765,174.0,139.0
head35,766,180.0,147.0
head35,767,177.0,140.0
head35,768,178.0,132.0
head35,769,176.0,131.0
head35,770,175.0,130.0
head35,771,175.0,126.0
head35,772,173.0,131.0
head35,773,174.0,124.0
head35,774,181.0,135.0
head35,775,182.0,131.0
head35,776,174.0,123.0
head35,781,174.0,139.0
head35,782,169.0,138.0
head35,783,161.0,139.0
head35,784,170.0,135.0
head35,785,155.0,130.0
head36,748,255.0,229.0
head36,751,254.0,245.0
head36,752,253.0,246.0
head36,753,252.0,253.0
head36,754,251.0,245.0
head36,755,251.0,237.0
head36,758,244.0,235.0
head36,759,251.0,235.0
head36,760,252.0,242.0
head36,761,251.0,242.0
head36,762,251.0,242.0
head36,763,259.0,238.0
head36,764,257.0,238.0
head36,765,250.0,242.0
head36,767,250.0,240.0
head36,768,250.0,242.0
head36,769,249.0,234.0
head36,770,256.0,242.0
head36,771,256.0,233.0
head36,773,256.0,225.0
head36,774,256.0,241.0
head36,775,255.0,241.0
head36,776,253.0,244.0
head36,777,253.0,244.0
head36,778,255.0,248.0
head36,780,254.0,231.0
head36,781,256.0,226.0
head36,782,252.0,233.0
head36,783,254.0,231.0
head36,785,254.0,248.0
head36,787,254.0,237.0
head36,789,254.0,248.0
head36,790,251.0,237.0
head36,791,254.0,245.0
head36,792,247.0,245.0
head36,793,247.0,244.0
head36,794,247.0,244.0
head36,795,249.0,248.0
head36,796,250.0,239.0
head37,742,247.0,148.0
head37,743,248.0,148.0
head37,744,248.0,139.0
head37,745,248.0,139.0
head37,746,249.0,139.0
head37,747,250.0,139.0
head37,748,250.0,139.0
head37,749,251.0,139.0
head37,750,251.0,139.0
head37,751,255.0,139.0
head37,752,255.0,140.0
head37,753,252.0,132.0
head37,755,251.0,132.0
head37,756,251.0,132.0
head37,757,251.0,131.0
head37,758,247.0,131.0
head37,759,255.0,139.0
head37,760,247.0,131.0
head37,761,252.0,131.0
head37,762,251.0,131.0
head37,763,249.0,132.0
head37,764,247.0,132.0
head37,765,246.0,131.0
head37,766,244.0,131.0
head37,767,241.0,132.0
head37,769,238.0,140.0
head37,770,239.0,130.0
head37,771,238.0,131.0
head37,772,237.0,139.0
head37,773,238.0,132.0
head37,774,238.0,131.0
head37,775,238.0,139.0
head37,776,238.0,139.0
head37,777,238.0,139.0
head37,778,238.0,139.0
head37,779,237.0,139.0
head37,780,230.0,139.0
head37,781,230.0,139.0
head37,782,233.0,146.0
head37,783,230.0,139.0
head37,784,230.0,139.0
head37,785,231.0,140.0
head37,786,223.0,140.0
head37,787,223.0,145.0
head37,790,223.0,140.0
head37,793,217.0,132.0
head37,797,222.0,132.0
head37,798,214.0,132.0
head37,799,214.0,132.0
head38,773,184.0,217.0
head38,777,181.0,220.0
head38,778,174.0,219.0
head38,779,171.0,222.0
head38,780,172.0,229.0
head38,781,177.0,224.0
head38,782,180.0,217.0
head38,783,174.0,215.0
head38,784,180.0,193.0
head38,785,174.0,191.0
head38,786,180.0,193.0
head38,787,190.0,191.0
head38,788,180.0,185.0
head38,789,182.0,191.0
head38,790,180.0,177.0
head38,792,190.0,183.0
head38,793,180.0,185.0
head38,794,182.0,175.0
head38,795,204.0,185.0
head38,796,206.0,183.0
head38,797,204.0,161.0
head38,799,182.0,119.0
head38,800,174.0,116.0
head38,801,174.0,116.0
head38,802,190.0,116.0
head38,805,180.0,107.0
head38,806,171.0,108.0
head38,807,171.0,100.0
head38,808,167.0,104.0
head38,809,168.0,92.0
head38,811,165.0,92.0
head38,812,164.0,92.0
head38,813,162.0,92.0
head38,814,140.0,72.0
head39,769,114.0,144.0
head39,772,122.0,134.0
head39,774,118.0,136.0
head39,778,126.0,134.0
head39,779,130.0,128.0
head39,780,146.0,126.0
head39,781,174.0,112.0
head39,784,182.0,110.0
head39,785,170.0,112.0
head39,786,154.0,110.0
head39,788,158.0,112.0
head39,789,158.0,113.0
head39,790,167.0,105.0
head39,791,172.0,109.0
head39,792,176.0,124.0
head39,793,160.0,119.0
head39,794,153.0,124.0
head39,795,161.0,124.0
head39,796,177.0,124.0
head39,797,174.0,116.0
head39,798,169.0,108.0
head39,799,168.0,116.0
head39,800,174.0,116.0
head39,801,174.0,116.0
head39,802,190.0,116.0
head39,805,180.0,107.0
head39,806,171.0,108.0
head39,807,171.0,100.0
head39,809,168.0,92.0
head39,811,165.0,92.0
head39,812,164.0,92.0
head39,813,162.0,92.0
head39,815,160.0,76.0
head40,807,219.0,124.0
head40,808,209.0,124.0
head40,809,216.0,124.0
head40,810,213.0,120.0
head40,811,221.0,119.0
head40,812,213.0,117.0
head40,813,210.0,116.0
head40,814,212.0,116.0
head40,815,208.0,116.0
head40,816,202.0,114.0
head40,817,202.0,114.0
head40,818,208.0,113.0
head40,819,201.0,113.0
head40,820,198.0,112.0
head40,821,197.0,112.0
head40,822,189.0,112.0
head40,823,196.0,104.0
head40,824,193.0,112.0
head40,825,194.0,111.0
head40,826,192.0,110.0
head40,827,192.0,110.0
head40,828,192.0,110.0
head40,829,192.0,102.0
head40,830,191.0,110.0
head40,831,190.0,110.0
head40,832,190.0,110.0
head40,833,190.0,102.0
head40,834,191.0,102.0
head40,835,190.0,102.0
head41,798,182.0,202.0
head41,799,182.0,209.0
head41,800,178.0,212.0
head41,801,181.0,207.0
head41,802,189.0,206.0
head41,803,182.0,205.0
head41,804,189.0,204.0
head41,805,184.0,203.0
head41,806,189.0,202.0
head41,807,189.0,201.0
head41,808,189.0,195.0
head41,809,189.0,191.0
head41,810,189.0,190.0
head41,811,190.0,190.0
head41,812,198.0,191.0
head41,813,194.0,188.0
head41,814,190.0,188.0
head41,815,190.0,189.0
head41,816,194.0,186.0
head41,818,202.0,192.0
head41,819,195.0,184.0
head41,820,195.0,186.0
head41,821,195.0,185.0
head41,822,197.0,184.0
head41,823,195.0,183.0
head41,824,195.0,179.0
head41,825,195.0,181.0
head41,826,195.0,177.0
head41,827,195.0,176.0
head41,828,195.0,175.0
head41,829,195.0,180.0
head41,830,195.0,172.0
head41,832,190.0,174.0
head41,833,190.0,168.0
head41,834,183.0,166.0
head41,837,180.0,165.0
head41,838,187.0,172.0
head41,839,189.0,166.0
head41,840,183.0,164.0
head41,841,181.0,171.0
head41,842,185.0,163.0
head41,843,180.0,162.0
head41,844,187.0,162.0
head41,845,179.0,161.0
head41,846,179.0,161.0
head41,847,179.0,161.0
head41,848,178.0,161.0
head41,849,178.0,158.0
head41,850,178.0,159.0
head41,851,175.0,165.0
head42,858,241.0,206.0
head42,862,240.0,214.0
head42,863,242.0,205.0
head42,864,242.0,212.0
head42,865,242.0,212.0
head42,866,242.0,211.0
head42,867,240.0,209.0
head42,868,241.0,208.0
head42,869,236.0,216.0
head42,870,236.0,215.0
head42,871,234.0,214.0
head42,872,236.0,222.0
head42,873,236.0,220.0
head42,874,235.0,211.0
head42,875,233.0,216.0
head42,876,234.0,211.0
head42,877,233.0,216.0
head42,878,241.0,215.0
head42,879,240.0,219.0
head42,880,232.0,213.0
head42,881,232.0,212.0
head42,882,231.0,211.0
head42,883,239.0,210.0
head42,884,231.0,210.0
head42,885,230.0,218.0
head42,886,230.0,217.0
head42,887,230.0,217.0
head42,888,230.0,217.0
head42,889,230.0,208.0
head42,890,229.0,215.0
head42,891,230.0,206.0
head42,892,229.0,206.0
head42,893,231.0,206.0
head42,894,231.0,205.0
head42,895,229.0,204.0
head42,896,229.0,204.0
head42,897,230.0,203.0
head42,898,229.0,202.0
head42,899,229.0,201.0
head42,901,228.0,208.0
head42,902,231.0,199.0
head42,903,231.0,198.0
head42,904,230.0,197.0
head42,905,233.0,204.0
head42,906,233.0,202.0
head42,907,234.0,193.0
head42,909,234.0,195.0
head43,717,143.0,257.0
head43,718,145.0,257.0
head43,719,145.0,257.0
head43,721,138.0,253.0
head43,722,138.0,260.0
head43,723,142.0,260.0
head43,724,142.0,252.0
head43,725,142.0,259.0
head43,726,142.0,259.0
head43,727,142.0,258.0
head43,728,142.0,258.0
head43,729,142.0,259.0
head43,730,142.0,259.0
head43,731,142.0,251.0
head43,732,142.0,258.0
head43,733,142.0,250.0
head43,734,142.0,250.0
head43,735,142.0,258.0
head43,736,141.0,257.0
head43,737,142.0,257.0
head43,738,142.0,257.0
head43,739,141.0,256.0
head43,740,142.0,249.0
head43,741,142.0,256.0
head43,742,140.0,256.0
head43,743,140.0,256.0
head43,744,140.0,256.0
head43,745,140.0,256.0
head43,746,140.0,248.0
head43,747,139.0,256.0
head43,748,140.0,256.0
head43,749,140.0,256.0
head43,750,140.0,248.0
head43,751,140.0,248.0
head43,752,140.0,248.0
head43,753,140.0,248.0
head43,754,141.0,248.0
head43,755,141.0,248.0
head43,756,141.0,256.0
head43,757,146.0,254.0
head43,758,142.0,256.0
head43,759,142.0,256.0
head43,761,135.0,256.0
head43,762,135.0,256.0
head43,763,143.0,256.0
head43,764,144.0,256.0
head43,765,144.0,256.0
head43,766,144.0,256.0
head43,767,144.0,256.0
head43,768,145.0,254.0
head43,769,145.0,254.0
head43,770,137.0,254.0
head43,771,153.0,253.0
head43,772,138.0,253.0
head43,773,146.0,253.0
head43,774,145.0,253.0
head43,775,137.0,255.0
head43,776,137.0,254.0
head43,777,145.0,254.0
head43,778,146.0,251.0
head43,779,146.0,254.0
head43,780,146.0,253.0
head43,781,146.0,253.0
head43,782,146.0,253.0
head43,783,145.0,252.0
head43,784,146.0,252.0
head43,785,147.0,252.0
head43,786,139.0,252.0
head43,787,146.0,252.0
head43,788,147.0,251.0
head43,789,147.0,251.0
head43,791,148.0,249.0
head43,792,148.0,249.0
head43,793,148.0,249.0
head43,794,148.0,249.0
head43,795,147.0,249.0
head43,796,149.0,249.0
head43,797,148.0,249.0
head43,799,150.0,248.0
head43,800,148.0,248.0
head43,801,149.0,248.0
head43,802,151.0,248.0
head43,803,152.0,247.0
head43,804,152.0,247.0
head43,805,160.0,243.0
head43,806,159.0,246.0
head43,807,157.0,249.0
head43,808,159.0,254.0
head43,809,157.0,247.0
head43,810,160.0,253.0
head43,811,160.0,244.0
head43,812,162.0,243.0
head43,813,162.0,244.0
head43,814,154.0,241.0
head43,815,158.0,245.0
head43,816,154.0,247.0
head43,817,154.0,246.0
head43,818,154.0,240.0
head43,819,162.0,243.0
head43,820,163.0,242.0
head43,821,153.0,233.0
head43,822,157.0,237.0
head43,823,157.0,237.0
head43,824,157.0,230.0
head43,825,155.0,229.0
head43,826,150.0,233.0
head43,827,152.0,232.0
head43,828,158.0,232.0
head43,829,150.0,230.0
head43,830,158.0,223.0
head43,831,152.0,232.0
head43,832,150.0,222.0
head43,833,158.0,224.0
head43,834,151.0,220.0
head43,835,150.0,221.0
head43,836,149.0,229.0
head43,837,152.0,220.0
head43,838,155.0,220.0
head43,839,152.0,220.0
head43,840,152.0,218.0
head43,841,152.0,221.0
head43,842,152.0,219.0
head43,843,154.0,216.0
head43,844,155.0,218.0
head43,845,153.0,215.0
head43,846,154.0,214.0
head43,847,154.0,214.0
head43,848,162.0,217.0
head43,849,158.0,213.0
head43,850,161.0,212.0
head43,851,157.0,212.0
head43,852,159.0,211.0
head43,853,159.0,211.0
head43,854,164.0,213.0
head43,855,163.0,213.0
head43,856,161.0,217.0
head43,857,162.0,213.0
head43,858,166.0,208.0
head43,859,171.0,216.0
head43,860,169.0,208.0
head43,861,171.0,208.0
head43,862,164.0,208.0
head43,863,163.0,208.0
head43,864,172.0,208.0
head43,865,170.0,208.0
head43,866,169.0,209.0
head43,867,168.0,209.0
head43,868,169.0,208.0
head43,869,164.0,208.0
head43,870,164.0,207.0
head43,871,170.0,198.0
head43,872,172.0,206.0
head43,873,164.0,204.0
head43,874,163.0,203.0
head43,875,163.0,202.0
head43,876,162.0,203.0
head43,877,169.0,200.0
head43,878,171.0,205.0
head43,879,168.0,198.0
head43,880,168.0,197.0
head43,881,168.0,196.0
head43,882,166.0,199.0
head43,883,166.0,198.0
head43,884,168.0,199.0
head43,885,166.0,194.0
head43,886,166.0,193.0
head43,887,166.0,193.0
head43,888,158.0,193.0
head43,889,157.0,186.0
head43,890,157.0,183.0
head43,891,158.0,182.0
head43,892,157.0,182.0
head43,893,159.0,182.0
head43,894,159.0,181.0
head43,895,156.0,178.0
head43,896,164.0,179.0
head43,897,166.0,179.0
head43,899,158.0,176.0
head43,900,163.0,174.0
head43,902,160.0,177.0
head43,903,167.0,174.0
head43,904,166.0,173.0
head43,905,161.0,172.0
head43,906,161.0,170.0
head43,907,170.0,169.0
head43,909,170.0,163.0
head44,713,142.0,250.0
head44,714,142.0,250.0
head44,715,122.0,246.0
head44,716,82.0,222.0
head44,717,28.0,218.0
head44,718,28.0,218.0
head44,719,28.0,222.0
head44,720,28.0,222.0
head44,721,28.0,218.0
head44,722,28.0,218.0
head44,723,28.0,222.0
head44,724,28.0,222.0
head44,725,28.0,218.0
head44,726,28.0,218.0
head44,727,36.0,230.0
head44,728,76.0,222.0
head44,731,96.0,234.0
head44,732,96.0,226.0
head44,733,84.0,222.0
head44,734,84.0,222.0
head44,735,72.0,218.0
head44,736,40.0,210.0
head44,737,28.0,206.0
head44,738,28.0,206.0
head44,739,36.0,210.0
head44,740,36.0,210.0
head44,741,36.0,206.0
head44,742,28.0,206.0
head44,743,28.0,202.0
head44,744,36.0,202.0
head44,745,36.0,206.0
head44,746,36.0,206.0
head44,747,36.0,210.0
head44,748,36.0,210.0
head44,749,60.0,230.0
head44,750,80.0,230.0
head44,751,80.0,218.0
head44,752,84.0,218.0
head44,753,76.0,222.0
head44,754,88.0,214.0
head44,755,80.0,210.0
head44,756,76.0,218.0
head44,757,76.0,214.0
head44,758,80.0,214.0
head44,759,80.0,210.0
head44,760,76.0,210.0
head44,761,84.0,214.0
head44,762,80.0,214.0
head44,763,80.0,218.0
head44,764,84.0,218.0
head44,765,84.0,206.0
head44,766,80.0,214.0
head44,767,80.0,218.0
head44,768,76.0,218.0
head44,769,76.0,214.0
head44,770,88.0,206.0
head44,771,88.0,218.0
head44,772,76.0,218.0
head44,773,76.0,214.0
head44,774,56.0,206.0
head44,775,44.0,194.0
head44,776,44.0,194.0
head44,777,44.0,198.0
head44,778,50.0,198.0
head44,779,50.0,192.0
head44,780,58.0,198.0
head44,781,50.0,191.0
head44,782,36.0,188.0
head44,783,36.0,189.0
head44,786,44.0,186.0
head44,787,56.0,187.0
head44,788,58.0,190.0
head44,790,56.0,181.0
head44,791,34.0,176.0
head44,792,36.0,175.0
head44,793,36.0,170.0
head44,794,36.0,169.0
head44,795,36.0,172.0
head44,796,52.0,179.0
head44,799,56.0,182.0
head44,801,40.0,173.0
head44,802,60.0,184.0
head44,803,60.0,191.0
head44,804,48.0,178.0
head44,805,36.0,169.0
head44,806,36.0,164.0
head44,811,36.0,171.0
head44,812,44.0,166.0
head44,813,48.0,173.0
head44,814,40.0,160.0
head44,816,44.0,159.0
head44,817,52.0,162.0
head44,818,40.0,161.0
head44,819,52.0,156.0
head44,820,52.0,155.0
head44,821,48.0,158.0
head44,822,52.0,157.0
head44,823,60.0,152.0
head44,824,56.0,151.0
head44,825,56.0,154.0
head44,827,64.0,161.0
head44,828,60.0,156.0
head44,829,68.0,155.0
head44,830,64.0,158.0
head44,831,64.0,149.0
head44,832,76.0,152.0
head44,834,81.0,163.0
head44,835,80.0,154.0
head44,836,79.0,153.0
head44,837,82.0,152.0
head44,839,83.0,162.0
head44,840,88.0,152.0
head44,841,91.0,157.0
head44,842,90.0,158.0
head44,843,77.0,139.0
head44,844,76.0,140.0
head44,845,79.0,137.0
head44,846,87.0,140.0
head44,847,87.0,131.0
head44,848,95.0,129.0
head44,849,83.0,131.0
head44,850,91.0,136.0
head44,851,83.0,135.0
head44,852,91.0,135.0
head44,853,92.0,134.0
head44,854,92.0,134.0
head44,855,92.0,126.0
head44,856,92.0,134.0
head44,857,100.0,134.0
head44,858,96.0,130.0
head44,859,96.0,130.0
head44,860,92.0,134.0
head44,861,85.0,134.0
head44,862,93.0,135.0
head44,863,93.0,135.0
head44,864,101.0,136.0
head44,865,96.0,135.0
head44,866,101.0,135.0
head44,867,93.0,136.0
head44,868,101.0,136.0
head44,869,96.0,136.0
head44,870,104.0,134.0
head44,871,101.0,138.0
head44,872,104.0,138.0
head44,873,104.0,139.0
head44,874,105.0,131.0
head44,875,110.0,135.0
head44,876,121.0,139.0
head44,877,113.0,140.0
head44,878,105.0,140.0
head44,879,106.0,136.0
head44,880,106.0,140.0
head44,881,102.0,140.0
head44,882,114.0,141.0
head44,883,118.0,150.0
head44,884,120.0,151.0
head44,885,107.0,151.0
head44,886,115.0,150.0
head44,887,115.0,150.0
head44,888,124.0,150.0
head44,889,153.0,170.0
head44,890,157.0,183.0
head44,891,158.0,182.0
head44,892,157.0,182.0
head44,893,159.0,182.0
head44,894,159.0,181.0
head44,895,156.0,178.0
head44,896,164.0,179.0
head44,897,166.0,179.0
head44,899,158.0,176.0
head44,900,163.0,174.0
head44,902,160.0,177.0
head44,903,167.0,174.0
head44,904,166.0,173.0
head44,905,161.0,172.0
head44,906,161.0,170.0
head44,907,170.0,169.0
head44,908,167.0,164.0
head44,909,170.0,163.0
head44,910,177.0,150.0
head44,911,188.0,149.0
head44,912,179.0,152.0
head44,913,174.0,159.0
head44,914,181.0,162.0
head44,915,176.0,161.0
head44,916,191.0,148.0
head44,917,210.0,123.0
head44,918,225.0,118.0
head44,919,228.0,117.0
head44,920,227.0,120.0
head44,921,222.0,119.0
head44,922,221.0,114.0
head44,923,224.0,113.0
head44,924,231.0,116.0
head44,925,226.0,123.0
head44,926,225.0,110.0
head44,927,228.0,109.0
head44,928,227.0,120.0
head44,929,230.0,143.0
head44,930,245.0,186.0
head45,847,192.0,79.0
head45,848,193.0,78.0
head45,849,182.0,65.0
head45,850,159.0,56.0
head45,851,148.0,68.0
head45,852,149.0,68.0
head45,853,154.0,64.0
head45,854,155.0,64.0
head45,855,160.0,60.0
head45,856,185.0,68.0
head45,857,190.0,72.0
head45,858,201.0,78.0
head45,859,194.0,78.0
head45,860,167.0,74.0
head45,861,152.0,66.0
head45,862,157.0,62.0
head45,863,158.0,70.0
head45,864,155.0,66.0
head45,867,148.0,74.0
head45,868,145.0,62.0
head45,869,146.0,70.0
head45,871,143.0,66.0
head45,872,152.0,66.0
head45,873,181.0,62.0
head45,874,190.0,70.0
head45,875,179.0,58.0
head45,876,180.0,52.0
head45,877,177.0,60.0
head45,878,178.0,56.0
head45,879,175.0,56.0
head45,880,176.0,60.0
head45,881,181.0,60.0
head45,882,174.0,56.0
head45,883,179.0,56.0
head45,884,172.0,60.0
head45,885,185.0,60.0
head45,886,178.0,56.0
head45,887,183.0,56.0
head45,888,184.0,68.0
head45,890,181.0,68.0
head45,891,182.0,56.0
head45,892,179.0,60.0
head45,893,180.0,60.0
head45,894,185.0,72.0
head45,895,178.0,64.0
head45,896,191.0,60.0
head45,897,184.0,60.0
head45,898,157.0,64.0
head45,903,150.0,56.0
head45,904,155.0,60.0
head45,905,180.0,60.0
head45,906,185.0,56.0
head45,907,186.0,56.0
head45,908,183.0,60.0
head45,909,184.0,52.0
head45,910,181.0,52.0
head45,911,174.0,64.0
head45,912,155.0,64.0
head45,913,156.0,68.0
head45,914,161.0,60.0
head45,915,146.0,64.0
head45,918,151.0,64.0
head45,919,152.0,60.0
head45,920,157.0,52.0
head45,921,166.0,60.0
head45,922,179.0,56.0
head45,923,188.0,64.0
head45,926,177.0,84.0
head45,927,178.0,84.0
head45,928,183.0,72.0
head45,930,168.0,56.0
head45,934,141.0,52.0
head46,909,186.0,243.0
head46,911,178.0,242.0
head46,912,182.0,245.0
head46,913,182.0,244.0
head46,914,210.0,231.0
head46,915,226.0,198.0
head46,916,238.0,145.0
head46,917,230.0,120.0
head46,919,234.0,115.0
head46,920,226.0,114.0
head46,921,222.0,117.0
head46,922,230.0,108.0
head46,923,226.0,111.0
head46,924,226.0,118.0
head46,926,222.0,113.0
head46,927,222.0,112.0
head46,928,226.0,123.0
head46,929,234.0,122.0
head46,930,227.0,120.0
head46,931,232.0,106.0
head46,932,227.0,113.0
head46,933,235.0,120.0
head46,934,226.0,119.0
head46,935,226.0,118.0
head46,936,226.0,117.0
head46,937,227.0,116.0
head46,938,227.0,114.0
head46,939,227.0,113.0
head46,941,247.0,92.0
head47,812,81.0,216.0
head47,814,85.0,215.0
head47,815,82.0,215.0
head47,817,82.0,221.0
head47,819,82.0,220.0
head47,820,80.0,223.0
head47,821,86.0,216.0
head47,822,86.0,221.0
head47,823,88.0,220.0
head47,824,86.0,221.0
head47,825,80.0,220.0
head47,826,82.0,221.0
head47,827,86.0,221.0
head47,828,78.0,220.0
head47,829,86.0,228.0
head47,830,78.0,221.0
head47,831,79.0,220.0
head47,832,80.0,225.0
head47,833,90.0,220.0
head47,834,81.0,219.0
head47,835,80.0,218.0
head47,836,79.0,225.0
head47,837,82.0,224.0
head47,838,83.0,219.0
head47,839,83.0,218.0
head47,840,82.0,225.0
head47,841,91.0,221.0
head47,842,82.0,222.0
head47,843,82.0,224.0
head47,844,83.0,225.0
head47,845,83.0,223.0
head47,846,83.0,217.0
head47,847,83.0,220.0
head47,848,82.0,228.0
head47,849,83.0,220.0
head47,850,83.0,224.0
head47,851,83.0,223.0
head47,852,83.0,223.0
head47,853,84.0,222.0
head47,854,84.0,222.0
head47,855,84.0,222.0
head47,856,84.0,222.0
head47,857,84.0,222.0
head47,858,84.0,222.0
head47,859,84.0,222.0
head47,860,84.0,222.0
head47,861,85.0,222.0
head47,862,85.0,223.0
head47,863,85.0,223.0
head47,864,85.0,224.0
head47,865,88.0,215.0
head47,866,85.0,223.0
head47,867,85.0,224.0
head47,868,93.0,224.0
head47,869,88.0,216.0
head47,870,88.0,214.0
head47,871,85.0,226.0
head47,872,88.0,218.0
head47,873,88.0,219.0
head47,874,92.0,215.0
head47,875,93.0,214.0
head47,876,85.0,221.0
head47,877,85.0,221.0
head47,878,91.0,213.0
head47,879,86.0,213.0
head47,880,90.0,212.0
head47,881,94.0,214.0
head47,882,94.0,215.0
head47,883,86.0,214.0
head47,884,88.0,215.0
head47,885,86.0,212.0
head47,887,99.0,214.0
head47,889,101.0,210.0
head47,892,97.0,221.0
head47,895,100.0,210.0
head47,896,86.0,216.0
head47,897,86.0,216.0
head47,898,86.0,211.0
head47,899,80.0,207.0
head47,900,86.0,208.0
head47,901,78.0,208.0
head47,902,78.0,203.0
head47,903,85.0,199.0
head47,904,80.0,203.0
head47,905,80.0,204.0
head47,906,88.0,204.0
head47,907,80.0,204.0
head47,908,79.0,200.0
head47,909,79.0,202.0
head47,910,79.0,197.0
head47,911,79.0,197.0
head47,912,87.0,199.0
head47,913,87.0,196.0
head47,914,80.0,197.0
head47,915,88.0,195.0
head47,916,88.0,195.0
head47,917,87.0,193.0
head47,918,88.0,195.0
head47,919,93.0,194.0
head47,920,90.0,191.0
head47,921,88.0,194.0
head47,922,86.0,192.0
head47,923,89.0,193.0
head47,924,90.0,194.0
head47,925,94.0,191.0
head47,926,102.0,195.0
head47,927,96.0,194.0
head47,928,104.0,194.0
head47,929,104.0,194.0
head47,930,98.0,190.0
head47,931,108.0,192.0
head47,932,99.0,190.0
head47,933,110.0,190.0
head47,934,110.0,193.0
head47,935,108.0,192.0
head47,936,109.0,190.0
head47,937,108.0,188.0
head47,938,114.0,188.0
head47,939,110.0,187.0
head47,940,114.0,186.0
head47,941,115.0,188.0
head47,942,115.0,184.0
head47,943,107.0,184.0
head47,944,116.0,184.0
head47,945,122.0,171.0
head47,946,122.0,184.0
head47,947,118.0,184.0
head47,948,118.0,183.0
head47,950,120.0,183.0
head47,951,120.0,182.0
head48,924,168.0,162.0
head48,928,172.0,161.0
head48,929,172.0,153.0
head48,930,163.0,160.0
head48,931,171.0,154.0
head48,932,165.0,158.0
head48,933,171.0,154.0
head48,934,162.0,151.0
head48,935,166.0,152.0
head48,936,166.0,153.0
head48,937,169.0,150.0
head48,938,166.0,150.0
head48,939,166.0,150.0
head48,940,166.0,149.0
head48,941,174.0,139.0
head48,942,162.0,142.0
head48,943,170.0,141.0
head48,944,163.0,140.0
head48,945,170.0,147.0
head48,946,168.0,137.0
head48,948,167.0,143.0
head48,949,172.0,136.0
head48,952,174.0,137.0
head48,954,167.0,136.0
head48,956,168.0,135.0
head48,958,168.0,135.0
head48,959,176.0,142.0
head48,960,175.0,133.0
head48,961,182.0,132.0
head48,962,176.0,133.0
head48,964,188.0,132.0
head48,965,184.0,127.0
head48,966,185.0,127.0
head48,967,183.0,127.0
head48,968,177.0,126.0
head48,969,191.0,125.0
head48,970,179.0,126.0
head48,971,184.0,126.0
head48,973,183.0,125.0
head48,974,183.0,126.0
head48,975,182.0,118.0
head48,976,182.0,124.0
head48,977,182.0,123.0
head48,978,183.0,117.0
head48,979,181.0,122.0
head48,981,186.0,118.0
head48,982,184.0,117.0
head48,985,190.0,103.0
head48,987,186.0,108.0
head48,989,190.0,112.0
head49,924,224.0,194.0
head49,925,230.0,198.0
head49,926,224.0,182.0
head49,929,221.0,194.0
head49,930,219.0,200.0
head49,931,227.0,210.0
head49,932,215.0,200.0
head49,933,219.0,194.0
head49,934,214.0,208.0
head49,935,214.0,192.0
head49,936,214.0,193.0
head49,937,222.0,193.0
head49,938,214.0,198.0
head49,939,214.0,190.0
head49,940,214.0,197.0
head49,941,214.0,203.0
head49,942,209.0,194.0
head49,943,210.0,197.0
head49,944,211.0,196.0
head49,945,210.0,195.0
head49,946,212.0,186.0
head49,947,214.0,184.0
head49,948,207.0,191.0
head49,949,213.0,195.0
head49,950,214.0,187.0
head49,951,212.0,194.0
head49,952,206.0,194.0
head49,953,207.0,192.0
head49,954,215.0,192.0
head49,955,202.0,191.0
head49,956,208.0,191.0
head49,957,212.0,190.0
head49,958,208.0,185.0
head49,959,208.0,200.0
head49,960,208.0,191.0
head49,961,209.0,190.0
head49,962,208.0,189.0
head49,963,209.0,188.0
head49,964,210.0,191.0
head49,965,212.0,185.0
head49,966,205.0,185.0
head49,967,205.0,194.0
head49,968,206.0,186.0
head49,969,206.0,186.0
head49,970,206.0,194.0
head49,971,205.0,194.0
head49,972,205.0,194.0
head49,973,206.0,201.0
head49,974,203.0,194.0
head49,975,206.0,186.0
head49,976,206.0,194.0
head49,977,206.0,187.0
head49,978,208.0,190.0
head49,979,205.0,194.0
head49,981,205.0,191.0
head49,982,204.0,190.0
head49,983,204.0,190.0
head49,984,203.0,189.0
head49,985,211.0,188.0
head49,986,204.0,187.0
head49,987,205.0,185.0
head49,988,211.0,185.0
head49,989,202.0,189.0
head49,990,207.0,183.0
head49,991,208.0,182.0
head49,992,207.0,186.0
head49,993,209.0,189.0
head49,994,214.0,181.0
head49,995,213.0,180.0
head49,996,207.0,182.0
head49,997,205.0,180.0
head49,998,206.0,179.0
head49,999,204.0,178.0
head49,1000,206.0,175.0
head49,1001,209.0,178.0
head49,1004,197.0,178.0
head49,1006,194.0,191.0
head50,978,132.0,130.0
head50,979,132.0,137.0
head50,980,131.0,135.0
head50,981,128.0,143.0
head50,982,127.0,138.0
head50,983,120.0,138.0
head50,984,129.0,136.0
head50,985,125.0,142.0
head50,986,126.0,142.0
head50,987,124.0,134.0
head50,988,125.0,134.0
head50,989,130.0,139.0
head50,990,143.0,135.0
head50,991,143.0,138.0
head50,992,143.0,130.0
head50,993,136.0,129.0
head50,994,136.0,128.0
head50,995,136.0,127.0
head50,996,143.0,126.0
head50,997,150.0,125.0
head50,998,141.0,124.0
head50,999,144.0,124.0
head50,1000,144.0,124.0
head50,1001,144.0,116.0
head50,1003,145.0,116.0
head50,1004,145.0,116.0
head50,1005,145.0,116.0
head50,1006,145.0,116.0
head50,1007,144.0,116.0
head50,1009,144.0,116.0
head50,1010,144.0,108.0
head50,1011,144.0,116.0
head50,1012,143.0,116.0
head50,1013,138.0,119.0
head51,1002,216.0,116.0
head51,1003,217.0,116.0
head51,1004,217.0,116.0
head51,1005,217.0,116.0
head51,1006,217.0,116.0
head51,1007,208.0,116.0
head51,1009,216.0,116.0
head51,1010,208.0,116.0
head51,1011,216.0,116.0
head51,1012,215.0,116.0
head51,1014,214.0,122.0
head51,1016,214.0,117.0
head51,1017,206.0,116.0
head51,1020,214.0,114.0
head51,1021,203.0,121.0
head51,1025,206.0,119.0
head51,1026,203.0,115.0
head51,1028,202.0,112.0
head51,1031,201.0,108.0
head51,1032,208.0,114.0
head51,1033,208.0,106.0
head51,1034,207.0,104.0
head51,1035,205.0,103.0
head51,1036,201.0,103.0
head51,1037,201.0,102.0
head51,1038,208.0,109.0
head51,1039,201.0,101.0
head51,1040,209.0,101.0
head51,1041,201.0,100.0
head51,1042,202.0,100.0
head51,1043,202.0,100.0
head51,1044,201.0,108.0
head51,1048,201.0,107.0
head51,1049,201.0,107.0
head51,1050,209.0,117.0
head51,1053,202.0,107.0
head51,1054,202.0,107.0
head52,1030,145.0,110.0
head52,1031,153.0,100.0
head52,1034,149.0,110.0
head52,1035,141.0,100.0
head52,1036,145.0,110.0
head52,1037,154.0,115.0
head52,1038,152.0,109.0
head52,1039,145.0,109.0
head52,1040,153.0,109.0
head52,1041,145.0,100.0
head52,1042,146.0,100.0
head52,1043,146.0,108.0
head52,1044,147.0,100.0
head52,1045,147.0,108.0
head52,1046,148.0,108.0
head52,1047,148.0,100.0
head52,1051,152.0,115.0
head52,1052,153.0,114.0
head52,1053,153.0,113.0
head52,1054,153.0,111.0
head52,1055,156.0,110.0
head52,1056,157.0,108.0
head52,1057,154.0,107.0
head52,1058,152.0,105.0
head52,1059,167.0,103.0
head52,1060,160.0,101.0
head52,1062,153.0,98.0
head52,1063,154.0,97.0
head52,1064,154.0,95.0
head52,1065,154.0,98.0
head52,1066,153.0,100.0
head53,999,173.0,259.0
head53,1000,178.0,261.0
head53,1001,163.0,259.0
head53,1003,160.0,261.0
head53,1004,171.0,262.0
head53,1005,162.0,259.0
head53,1006,173.0,244.0
head53,1008,180.0,241.0
head53,1010,167.0,258.0
head53,1011,170.0,267.0
head53,1012,153.0,256.0
head53,1013,151.0,257.0
head53,1014,146.0,266.0
head53,1015,149.0,264.0
head53,1016,149.0,261.0
head53,1018,153.0,254.0
head53,1019,154.0,257.0
head53,1020,165.0,261.0
head53,1021,180.0,261.0
head53,1023,175.0,257.0
head53,1024,158.0,257.0
head53,1025,153.0,253.0
head53,1026,152.0,253.0
head53,1028,155.0,249.0
head53,1030,158.0,246.0
head53,1031,149.0,239.0
head53,1032,164.0,242.0
head53,1033,164.0,245.0
head53,1034,163.0,237.0
head53,1035,154.0,245.0
head53,1036,162.0,245.0
head53,1037,161.0,237.0
head53,1038,161.0,237.0
head53,1039,150.0,237.0
head53,1040,158.0,237.0
head53,1041,156.0,237.0
head53,1042,156.0,237.0
head53,1043,156.0,237.0
head53,1044,156.0,237.0
head53,1045,165.0,229.0
head53,1046,156.0,236.0
head53,1047,156.0,228.0
head53,1048,156.0,228.0
head53,1052,162.0,234.0
head53,1053,156.0,233.0
head53,1054,157.0,233.0
head53,1055,172.0,230.0
head53,1056,159.0,232.0
head53,1057,159.0,232.0
head53,1058,159.0,232.0
head53,1059,160.0,231.0
head53,1060,156.0,230.0
head53,1061,169.0,229.0
head53,1062,157.0,234.0
head53,1063,158.0,226.0
head53,1064,165.0,226.0
head53,1065,158.0,226.0
head53,1066,151.0,227.0
head53,1067,154.0,226.0
head53,1068,155.0,226.0
head53,1069,154.0,226.0
head53,1070,155.0,226.0
head53,1071,155.0,226.0
head53,1075,162.0,234.0
head53,1076,169.0,234.0
head53,1078,168.0,241.0
head53,1080,166.0,234.0
head54,1085,142.0,213.0
head54,1086,141.0,213.0
head54,1087,140.0,220.0
head54,1088,146.0,219.0
head54,1089,136.0,218.0
head54,1090,136.0,212.0
head54,1091,136.0,219.0
head54,1092,143.0,219.0
head54,1093,142.0,218.0
head54,1094,134.0,217.0
head54,1095,139.0,217.0
head54,1096,136.0,216.0
head54,1097,136.0,215.0
head54,1098,144.0,214.0
head54,1099,136.0,222.0
head54,1100,142.0,213.0
head54,1101,142.0,220.0
head54,1102,142.0,219.0
head54,1103,142.0,218.0
head54,1104,142.0,217.0
head54,1105,134.0,226.0
head54,1106,141.0,217.0
head54,1107,141.0,222.0
head54,1108,141.0,220.0
head54,1109,141.0,219.0
head54,1110,141.0,218.0
head54,1111,133.0,209.0
head54,1112,141.0,216.0
head54,1113,133.0,215.0
head54,1114,141.0,214.0
head54,1115,133.0,213.0
head54,1116,141.0,211.0
head54,1117,133.0,210.0
head54,1118,132.0,209.0
head54,1119,134.0,215.0
head54,1120,134.0,214.0
head54,1121,134.0,212.0
head54,1122,131.0,212.0
head54,1123,133.0,214.0
head54,1124,137.0,213.0
head54,1125,137.0,210.0
head55,1011,202.0,167.0
head55,1012,202.0,171.0
head55,1013,202.0,167.0
head55,1015,207.0,166.0
head55,1017,200.0,164.0
head55,1018,200.0,171.0
head55,1019,200.0,162.0
head55,1022,203.0,160.0
head55,1023,203.0,168.0
head55,1024,203.0,159.0
head55,1025,198.0,167.0
head55,1026,196.0,166.0
head55,1027,198.0,161.0
head55,1028,199.0,178.0
head55,1032,200.0,162.0
head55,1033,188.0,165.0
head55,1034,195.0,165.0
head55,1035,186.0,165.0
head55,1036,186.0,165.0
head55,1037,186.0,163.0
head55,1038,186.0,171.0
head55,1039,186.0,160.0
head55,1040,185.0,173.0
head55,1041,185.0,165.0
head55,1042,185.0,165.0
head55,1043,180.0,165.0
head55,1044,180.0,165.0
head55,1045,181.0,165.0
head55,1046,180.0,164.0
head55,1047,180.0,164.0
head55,1048,185.0,163.0
head55,1049,184.0,164.0
head55,1050,179.0,171.0
head55,1051,185.0,165.0
head55,1052,186.0,162.0
head55,1053,185.0,153.0
head55,1054,185.0,159.0
head55,1055,185.0,161.0
head55,1056,183.0,160.0
head55,1057,183.0,160.0
head55,1058,183.0,160.0
head55,1059,186.0,146.0
head55,1060,186.0,153.0
head55,1061,189.0,157.0
head55,1062,193.0,154.0
head55,1063,194.0,145.0
head55,1065,190.0,154.0
head55,1066,193.0,148.0
head55,1069,191.0,142.0
head55,1070,187.0,143.0
head55,1071,194.0,150.0
head55,1072,191.0,142.0
head55,1073,191.0,132.0
head55,1074,191.0,140.0
head55,1075,191.0,148.0
head55,1076,191.0,141.0
head55,1077,191.0,140.0
head55,1078,191.0,140.0
head55,1081,189.0,138.0
head55,1083,184.0,143.0
head55,1084,176.0,143.0
head55,1086,173.0,141.0
head55,1087,172.0,140.0
head55,1088,170.0,139.0
head55,1091,168.0,147.0
head55,1092,175.0,139.0
head55,1093,166.0,138.0
head55,1094,166.0,137.0
head55,1095,163.0,137.0
head55,1097,168.0,135.0
head55,1101,158.0,132.0
head55,1103,158.0,130.0
head55,1104,166.0,129.0
head55,1105,174.0,130.0
head55,1106,165.0,129.0
head55,1107,173.0,126.0
head55,1108,165.0,124.0
head55,1109,165.0,123.0
head55,1110,173.0,122.0
head55,1111,165.0,121.0
head55,1112,165.0,120.0
head55,1114,165.0,118.0
head55,1116,165.0,115.0
head55,1117,165.0,114.0
head55,1118,172.0,113.0
head55,1119,166.0,111.0
head55,1120,166.0,110.0
head55,1121,166.0,108.0
head55,1122,163.0,108.0
head55,1123,165.0,110.0
head55,1125,169.0,106.0
head55,1126,160.0,105.0
head55,1127,152.0,104.0
head55,1128,150.0,103.0
head55,1130,158.0,102.0
head55,1131,150.0,101.0
head55,1132,150.0,108.0
head55,1135,150.0,108.0
head55,1138,146.0,103.0
head55,1139,156.0,105.0
head55,1140,159.0,105.0
head55,1141,162.0,112.0
head56,1070,203.0,95.0
head56,1071,202.0,94.0
head56,1072,189.0,89.0
head56,1073,156.0,72.0
head56,1074,143.0,67.0
head56,1075,142.0,66.0
head56,1076,153.0,61.0
head56,1077,144.0,68.0
head56,1078,147.0,55.0
head56,1079,138.0,60.0
head56,1080,149.0,53.0
head56,1082,156.0,52.0
head56,1083,151.0,63.0
head56,1084,158.0,54.0
head56,1086,161.0,52.0
head56,1087,160.0,54.0
head56,1088,163.0,52.0
head56,1089,170.0,54.0
head56,1090,173.0,52.0
head56,1091,172.0,54.0
head56,1092,159.0,68.0
head56,1093,158.0,62.0
head56,1094,161.0,68.0
head56,1095,168.0,62.0
head56,1096,155.0,60.0
head56,1097,162.0,70.0
head56,1098,165.0,60.0
head56,1099,156.0,62.0
head56,1100,151.0,60.0
head56,1101,158.0,62.0
head56,1102,177.0,60.0
head56,1103,184.0,62.0
head56,1104,171.0,60.0
head56,1105,170.0,70.0
head56,1106,149.0,68.0
head56,1109,148.0,70.0
head56,1110,143.0,68.0
head56,1111,150.0,62.0
head56,1112,145.0,60.0
head56,1114,152.0,54.0
head56,1115,163.0,60.0
head56,1116,154.0,62.0
head56,1118,157.0,60.0
head56,1119,172.0,62.0
head56,1120,191.0,52.0
head56,1121,198.0,52.0
head56,1122,193.0,56.0
head56,1123,184.0,56.0
head56,1124,187.0,60.0
head56,1127,178.0,68.0
head56,1128,149.0,88.0
head56,1131,150.0,101.0
head56,1132,150.0,108.0
head56,1134,162.0,135.0
head56,1135,194.0,142.0
head56,1136,206.0,153.0
head56,1137,198.0,144.0
head56,1138,194.0,115.0
head56,1140,170.0,106.0
head56,1141,162.0,112.0
head56,1143,142.0,106.0
head57,1032,256.0,148.0
head57,1033,255.0,147.0
head57,1034,255.0,152.0
head57,1035,261.0,151.0
head57,1036,258.0,150.0
head57,1037,258.0,150.0
head57,1038,258.0,150.0
head57,1039,257.0,158.0
head57,1040,257.0,157.0
head57,1041,257.0,157.0
head57,1042,252.0,165.0
head57,1043,252.0,165.0
head57,1044,257.0,164.0
head57,1045,257.0,164.0
head57,1046,249.0,163.0
head57,1047,249.0,163.0
head57,1048,249.0,163.0
head57,1049,249.0,163.0
head57,1050,249.0,157.0
head57,1051,249.0,157.0
head57,1052,249.0,157.0
head57,1053,250.0,163.0
head57,1054,250.0,171.0
head57,1055,249.0,155.0
head57,1056,244.0,155.0
head57,1057,250.0,163.0
head57,1058,253.0,154.0
head57,1059,250.0,154.0
head57,1060,250.0,153.0
head57,1061,245.0,157.0
head57,1062,245.0,154.0
head57,1063,249.0,147.0
head57,1064,245.0,154.0
head57,1065,254.0,147.0
head57,1066,246.0,151.0
head57,1067,250.0,154.0
head57,1068,251.0,154.0
head57,1069,247.0,142.0
head57,1070,251.0,143.0
head57,1072,247.0,142.0
head57,1073,247.0,148.0
head57,1074,247.0,140.0
head57,1075,247.0,140.0
head57,1076,247.0,141.0
head57,1077,247.0,148.0
head57,1078,247.0,140.0
head57,1080,239.0,138.0
head57,1081,245.0,138.0
head57,1083,240.0,143.0
head57,1084,240.0,143.0
head57,1085,245.0,140.0
head57,1086,237.0,141.0
head57,1087,236.0,140.0
head57,1088,234.0,139.0
head57,1089,232.0,138.0
head57,1090,232.0,140.0
head57,1091,232.0,139.0
head57,1092,231.0,139.0
head57,1093,230.0,138.0
head57,1094,222.0,137.0
head57,1095,227.0,137.0
head57,1097,224.0,143.0
head57,1098,224.0,142.0
head57,1099,224.0,142.0
head57,1100,222.0,141.0
head57,1101,222.0,140.0
head57,1102,222.0,147.0
head57,1103,222.0,138.0
head57,1104,222.0,137.0
head57,1105,222.0,138.0
head57,1106,221.0,137.0
head57,1108,221.0,132.0
head57,1109,221.0,131.0
head57,1110,221.0,130.0
head57,1111,221.0,129.0
head57,1112,221.0,128.0
head57,1113,221.0,127.0
head57,1114,221.0,126.0
head57,1115,221.0,125.0
head57,1116,221.0,123.0
head57,1117,221.0,122.0
head57,1118,220.0,129.0
head57,1119,222.0,127.0
head57,1121,222.0,132.0
head57,1122,219.0,124.0
head57,1123,213.0,118.0
head57,1124,209.0,117.0
head57,1127,216.0,120.0
head57,1128,214.0,127.0
head57,1129,214.0,120.0
head57,1130,214.0,118.0
head57,1131,206.0,117.0
head57,1132,206.0,116.0
head57,1133,206.0,118.0
head57,1134,198.0,115.0
head57,1135,206.0,116.0
head57,1136,198.0,116.0
head57,1137,200.0,117.0
head57,1138,202.0,111.0
head57,1142,198.0,112.0
head57,1143,198.0,112.0
head57,1144,196.0,108.0
head57,1145,189.0,109.0
head57,1150,195.0,118.0
head57,1151,188.0,131.0
head57,1152,187.0,131.0
head57,1153,188.0,130.0
head57,1155,188.0,129.0
head57,1156,188.0,129.0
head57,1157,193.0,127.0
head57,1158,188.0,125.0
head58,1163,196.0,94.0
head58,1165,193.0,91.0
head58,1166,170.0,68.0
head58,1167,151.0,60.0
head58,1168,144.0,64.0
head58,1169,133.0,64.0
head58,1170,142.0,68.0
head58,1171,163.0,60.0
head58,1172,164.0,64.0
head58,1173,169.0,64.0
head58,1174,186.0,68.0
head58,1175,190.0,78.0
head58,1176,190.0,78.0
head58,1177,190.0,78.0
head58,1178,186.0,74.0
head58,1179,178.0,74.0
head58,1180,174.0,70.0
head58,1181,158.0,70.0
head58,1182,154.0,74.0
head58,1183,154.0,66.0
head58,1184,174.0,70.0
head58,1185,174.0,70.0
head58,1186,154.0,66.0
head58,1187,154.0,66.0
head58,1188,174.0,70.0
head58,1189,190.0,69.0
head58,1190,186.0,64.0
head58,1191,170.0,63.0
head58,1192,150.0,58.0
head58,1193,142.0,65.0
head58,1194,146.0,68.0
head58,1195,146.0,67.0
head58,1196,150.0,62.0
head58,1197,150.0,61.0
head58,1199,154.0,56.0
head58,1200,178.0,63.0
head58,1201,182.0,58.0
head58,1202,182.0,65.0
head58,1203,170.0,68.0
head58,1204,154.0,83.0
head58,1205,150.0,86.0
head58,1206,150.0,93.0
head58,1207,154.0,96.0
head58,1208,162.0,95.0
head58,1209,150.0,98.0
head58,1210,150.0,81.0
head58,1211,146.0,84.0
head58,1212,146.0,83.0
head58,1213,150.0,78.0
head58,1214,150.0,93.0
head58,1215,154.0,88.0
head58,1216,154.0,79.0
head58,1217,150.0,82.0
head58,1218,166.0,73.0
head58,1219,186.0,60.0
head58,1220,186.0,60.0
head58,1221,174.0,64.0
head58,1222,150.0,72.0
head58,1223,146.0,76.0
head58,1224,146.0,76.0
head58,1225,142.0,80.0
head58,1226,158.0,80.0
head58,1227,154.0,68.0
head58,1228,170.0,60.0
head58,1229,182.0,56.0
head58,1230,174.0,64.0
head58,1231,146.0,60.0
head59,1138,138.0,183.0
head59,1139,140.0,185.0
head59,1140,138.0,183.0
head59,1141,124.0,161.0
head59,1142,122.0,143.0
head59,1143,116.0,145.0
head59,1144,122.0,143.0
head59,1145,124.0,145.0
head59,1146,122.0,135.0
head59,1147,116.0,137.0
head59,1148,114.0,135.0
head59,1149,116.0,137.0
head59,1150,122.0,135.0
head59,1151,124.0,137.0
head59,1152,114.0,135.0
head59,1153,124.0,137.0
head59,1154,130.0,135.0
head59,1155,116.0,137.0
head59,1156,122.0,135.0
head59,1157,124.0,137.0
head59,1158,122.0,135.0
head59,1159,130.0,136.0
head59,1161,130.0,140.0
head59,1162,126.0,132.0
head59,1163,140.0,134.0
head59,1164,134.0,132.0
head59,1165,137.0,139.0
head59,1166,128.0,134.0
head59,1167,131.0,125.0
head59,1168,135.0,135.0
head59,1169,135.0,125.0
head59,1170,155.0,95.0
head59,1171,163.0,61.0
head59,1172,175.0,60.0
head59,1173,167.0,63.0
head59,1174,179.0,70.0
head59,1175,190.0,78.0
head59,1176,190.0,78.0
head59,1177,190.0,78.0
head59,1178,186.0,74.0
head59,1179,178.0,74.0
head59,1180,174.0,70.0
head59,1181,158.0,70.0
head59,1182,154.0,74.0
head59,1183,154.0,66.0
head59,1184,174.0,70.0
head59,1185,174.0,70.0
head59,1186,154.0,66.0
head59,1187,154.0,66.0
head59,1188,174.0,70.0
head59,1189,190.0,69.0
head59,1190,186.0,64.0
head59,1191,170.0,63.0
head59,1192,150.0,58.0
head59,1193,142.0,65.0
head59,1194,146.0,68.0
head59,1195,146.0,67.0
head59,1196,150.0,62.0
head59,1197,150.0,61.0
head59,1199,154.0,56.0
head59,1200,178.0,63.0
head59,1201,182.0,58.0
head59,1202,182.0,65.0
head59,1203,170.0,68.0
head59,1204,154.0,83.0
head59,1205,150.0,86.0
head59,1206,150.0,93.0
head59,1207,154.0,96.0
head59,1208,162.0,95.0
head59,1209,150.0,98.0
head59,1210,150.0,81.0
head59,1211,146.0,84.0
head59,1212,146.0,83.0
head59,1213,150.0,78.0
head59,1214,150.0,93.0
head59,1215,154.0,88.0
head59,1216,154.0,79.0
head59,1217,150.0,82.0
head59,1218,166.0,73.0
head59,1219,186.0,60.0
head59,1220,186.0,60.0
head59,1221,174.0,64.0
head59,1222,150.0,72.0
head59,1223,146.0,76.0
head59,1224,146.0,76.0
head59,1225,142.0,80.0
head59,1226,158.0,80.0
head59,1227,154.0,68.0
head59,1228,170.0,60.0
head59,1229,182.0,56.0
head59,1230,174.0,64.0
head59,1231,146.0,60.0
head60,1132,134.0,156.0
head60,1133,134.0,158.0
head60,1134,114.0,148.0
head60,1135,114.0,142.0
head60,1136,118.0,148.0
head60,1137,118.0,142.0
head60,1138,122.0,140.0
head60,1139,122.0,142.0
head60,1140,118.0,148.0
head60,1141,118.0,142.0
head60,1142,122.0,140.0
head60,1143,122.0,142.0
head60,1144,118.0,140.0
head60,1145,118.0,142.0
head60,1146,122.0,132.0
head60,1147,122.0,134.0
head60,1148,134.0,132.0
head60,1149,166.0,118.0
head60,1150,194.0,100.0
head60,1151,202.0,102.0
head60,1152,190.0,100.0
head60,1153,198.0,102.0
head60,1154,202.0,100.0
head60,1155,194.0,102.0
head60,1156,166.0,92.0
head60,1157,158.0,62.0
head60,1158,146.0,60.0
head60,1160,154.0,71.0
head60,1161,150.0,62.0
head60,1165,166.0,73.0
head60,1166,162.0,64.0
head60,1167,146.0,59.0
head60,1168,134.0,66.0
head60,1169,142.0,61.0
head60,1170,146.0,68.0
head60,1171,162.0,63.0
head60,1172,182.0,54.0
head60,1173,182.0,60.0
head60,1174,186.0,70.0
head60,1175,190.0,78.0
head60,1176,190.0,78.0
head60,1177,190.0,78.0
head60,1178,186.0,74.0
head60,1179,178.0,74.0
head60,1180,174.0,70.0
head60,1181,158.0,70.0
head60,1182,154.0,74.0
head60,1183,154.0,66.0
head60,1184,174.0,70.0
head60,1185,174.0,70.0
head60,1186,154.0,66.0
head60,1187,154.0,66.0
head60,1188,174.0,70.0
head60,1189,190.0,69.0
head60,1190,186.0,64.0
head60,1191,170.0,63.0
head60,1192,150.0,58.0
head60,1193,142.0,65.0
head60,1194,146.0,68.0
head60,1195,146.0,67.0
head60,1196,150.0,62.0
head60,1197,150.0,61.0
head60,1199,154.0,56.0
head60,1200,178.0,63.0
head60,1201,182.0,58.0
head60,1202,182.0,65.0
head60,1203,170.0,68.0
head60,1204,154.0,83.0
head60,1205,150.0,86.0
head60,1206,150.0,93.0
head60,1207,154.0,96.0
head60,1208,162.0,95.0
head60,1209,150.0,98.0
head60,1210,150.0,81.0
head60,1211,146.0,84.0
head60,1212,146.0,83.0
head60,1213,150.0,78.0
head60,1214,150.0,93.0
head60,1215,154.0,88.0
head60,1216,154.0,79.0
head60,1217,150.0,82.0
head60,1218,166.0,73.0
head60,1219,186.0,60.0
head60,1220,186.0,60.0
head60,1221,174.0,64.0
head60,1222,150.0,72.0
head60,1223,146.0,76.0
head60,1224,146.0,76.0
head60,1225,142.0,80.0
head60,1226,158.0,80.0
head60,1227,154.0,68.0
head60,1228,170.0,60.0
head60,1229,182.0,56.0
head60,1230,174.0,64.0
head60,1231,146.0,60.0
head61,1270,194.0,85.0
head61,1275,195.0,78.0
head61,1276,192.0,59.0
head61,1277,193.0,68.0
head61,1278,190.0,57.0
head61,1279,183.0,60.0
head61,1280,188.0,59.0
head61,1281,189.0,62.0
head61,1282,186.0,61.0
head61,1283,179.0,80.0
head61,1284,168.0,79.0
head61,1285,177.0,58.0
head61,1287,182.0,60.0
head61,1288,183.0,58.0
head61,1289,164.0,60.0
head61,1290,149.0,66.0
head61,1291,154.0,60.0
head61,1293,163.0,58.0
head61,1294,176.0,68.0
head61,1295,185.0,66.0
head61,1296,182.0,68.0
head61,1297,183.0,74.0
head61,1298,172.0,68.0
head61,1299,181.0,66.0
head61,1300,178.0,68.0
head61,1301,187.0,90.0
head61,1303,184.0,92.0
head61,1304,185.0,74.0
head61,1305,182.0,52.0
head61,1306,183.0,60.0
head61,1307,180.0,64.0
head61,1308,181.0,64.0
head61,1309,194.0,60.0
head61,1310,187.0,68.0
head61,1311,168.0,64.0
head61,1312,169.0,64.0
head61,1313,166.0,60.0
head61,1314,167.0,60.0
head61,1316,164.0,64.0
head61,1317,165.0,64.0
head61,1318,162.0,60.0
