head0, 13, 228, 220
head0, 14, 228, 220
head0, 15, 228, 220
head0, 17, 228, 220
head0, 18, 208, 216
head0, 19, 228, 220
head0, 20, 228, 220
head0, 21, 228, 220
head0, 22, 228, 220
head0, 23, 228, 220
head0, 24, 240, 240
head0, 25, 240, 240
head0, 26, 228, 220
head0, 27, 228, 220
head0, 29, 228, 220
head0, 32, 224, 216
head0, 33, 232, 224
head0, 34, 228, 220
head0, 35, 228, 220
head0, 36, 240, 232
head0, 37, 232, 224
head0, 40, 228, 220
head0, 41, 228, 220
head0, 45, 232, 224
head0, 46, 224, 248
head1, 32, 316, 244
head1, 34, 316, 244
head1, 35, 320, 248
head1, 36, 316, 244
head1, 37, 316, 244
head1, 38, 316, 243
head1, 39, 316, 243
head1, 43, 317, 243
head1, 44, 322, 247
head1, 45, 317, 243
head1, 48, 318, 243
head1, 49, 318, 243
head1, 50, 318, 243
head1, 51, 318, 243
head1, 52, 319, 243
head1, 53, 319, 243
head1, 54, 323, 247
head1, 55, 323, 247
head1, 56, 319, 243
head1, 57, 320, 242
head1, 58, 324, 245
head1, 59, 325, 244
head1, 60, 320, 242
head1, 61, 320, 242
head1, 62, 321, 241
head1, 63, 321, 241
head2, 0, 44, 28
head2, 1, 44, 28
head2, 2, 44, 28
head2, 3, 44, 28
head2, 4, 44, 28
head2, 5, 44, 28
head2, 6, 44, 28
head2, 7, 44, 28
head2, 8, 44, 28
head2, 9, 44, 28
head2, 10, 44, 28
head2, 11, 44, 28
head2, 12, 44, 28
head2, 13, 44, 28
head2, 14, 44, 28
head2, 15, 44, 28
head2, 16, 44, 36
head2, 17, 44, 36
head2, 18, 44, 36
head2, 19, 44, 36
head2, 20, 44, 36
head2, 21, 44, 36
head2, 22, 44, 36
head2, 23, 44, 36
head2, 24, 44, 28
head2, 25, 44, 28
head2, 26, 44, 28
head2, 27, 44, 28
head2, 28, 44, 28
head2, 29, 44, 36
head2, 30, 44, 28
head2, 31, 44, 28
head2, 32, 44, 28
head2, 33, 44, 28
head2, 34, 44, 36
head2, 35, 44, 28
head2, 36, 44, 28
head2, 37, 44, 28
head2, 38, 44, 36
head2, 39, 44, 36
head2, 40, 44, 28
head2, 41, 44, 36
head2, 42, 44, 28
head2, 43, 44, 36
head2, 44, 44, 36
head2, 45, 44, 36
head2, 46, 44, 28
head2, 47, 44, 28
head2, 48, 44, 36
head2, 49, 44, 36
head2, 50, 44, 36
head2, 51, 44, 36
head2, 52, 44, 36
head2, 53, 44, 36
head2, 54, 44, 36
head2, 55, 44, 36
head2, 59, 44, 36
head2, 60, 44, 36
head2, 61, 44, 36
head2, 63, 44, 36
head3, 54, 228, 220
head3, 55, 228, 220
head3, 56, 228, 220
head3, 57, 208, 216
head3, 58, 228, 220
head3, 59, 228, 220
head3, 64, 228, 220
head3, 65, 216, 240
head3, 68, 228, 220
head3, 69, 228, 220
head3, 70, 228, 220
head3, 71, 228, 220
head3, 73, 208, 216
head3, 76, 228, 220
head3, 77, 228, 220
head3, 78, 216, 240
head3, 82, 228, 219
head3, 84, 228, 219
head3, 85, 228, 219
head3, 86, 228, 218
head3, 87, 228, 218
head3, 88, 228, 218
head3, 89, 228, 217
head3, 90, 227, 217
head3, 91, 230, 221
head3, 92, 227, 216
head3, 93, 228, 223
head3, 94, 225, 250
head4, 91, 316, 228
head4, 93, 316, 228
head4, 94, 315, 227
head4, 95, 315, 227
head4, 96, 314, 226
head4, 97, 314, 226
head4, 98, 314, 226
head4, 99, 313, 226
head4, 100, 313, 225
head4, 101, 313, 225
head4, 102, 313, 225
head4, 103, 313, 225
head4, 104, 313, 225
head4, 105, 313, 225
head4, 106, 313, 225
head4, 107, 313, 225
head4, 108, 313, 225
head4, 109, 313, 225
head4, 110, 313, 225
head4, 111, 313, 225
head4, 112, 313, 225
head4, 113, 313, 225
head4, 114, 313, 225
head4, 115, 313, 225
head4, 116, 313, 225
head4, 117, 313, 225
head4, 118, 313, 226
head4, 119, 313, 226
head4, 120, 313, 226
head4, 121, 313, 226
head4, 122, 314, 226
head4, 123, 314, 226
head4, 124, 314, 226
head4, 125, 314, 227
head4, 126, 314, 227
head4, 127, 314, 227
head4, 128, 315, 227
head4, 129, 315, 227
head4, 130, 315, 228
head4, 131, 319, 233
head4, 132, 319, 234
head4, 133, 315, 231
head5, 131, 228, 220
head5, 135, 228, 221
head5, 136, 228, 221
head5, 138, 232, 225
head5, 139, 228, 222
head5, 140, 229, 222
head5, 141, 229, 222
head5, 142, 229, 222
head5, 143, 229, 223
head5, 144, 229, 223
head5, 145, 229, 223
head5, 146, 229, 223
head5, 147, 229, 223
head5, 148, 229, 223
head5, 149, 229, 223
head5, 150, 229, 223
head5, 151, 249, 243
head5, 152, 229, 223
head5, 153, 229, 223
head5, 155, 225, 219
head5, 156, 225, 219
head5, 157, 229, 223
head5, 158, 229, 247
head5, 159, 249, 251
head5, 160, 229, 223
head5, 163, 229, 223
head5, 164, 229, 223
head5, 165, 229, 223
head5, 166, 229, 223
head5, 167, 225, 219
head5, 169, 229, 223
head5, 171, 229, 223
head5, 172, 241, 235
head5, 173, 241, 235
head5, 174, 229, 215
head5, 175, 205, 215
head5, 176, 193, 195
head6, 184, 228, 220
head6, 189, 228, 220
head6, 191, 232, 216
head6, 192, 232, 216
head6, 193, 228, 220
head6, 194, 228, 220
head6, 195, 228, 220
head6, 196, 228, 220
head6, 197, 208, 240
head6, 198, 228, 220
head6, 199, 228, 220
head6, 200, 228, 220
head6, 201, 232, 224
head6, 203, 228, 220
head6, 204, 236, 236
head6, 205, 224, 248
head6, 207, 232, 248
head6, 209, 228, 244
head6, 211, 236, 236
head6, 214, 240, 240
head6, 215, 232, 224
head6, 217, 228, 220
head6, 220, 228, 220
head6, 221, 208, 216
head6, 224, 192, 200
head7, 240, 228, 212
head7, 242, 228, 212
head7, 243, 224, 216
head7, 244, 228, 212
head7, 245, 228, 212
head7, 246, 232, 224
head7, 247, 228, 212
head7, 248, 228, 220
head7, 249, 232, 216
head7, 250, 228, 212
head7, 251, 228, 220
head7, 252, 228, 212
head7, 254, 228, 212
head7, 255, 228, 212
head7, 256, 208, 216
head7, 257, 228, 212
head7, 258, 228, 220
head7, 259, 228, 212
head7, 260, 228, 212
head7, 261, 232, 232
head7, 262, 232, 248
head7, 263, 236, 244
head7, 264, 228, 212
head7, 265, 232, 200
head7, 266, 228, 212
head7, 267, 228, 220
head7, 268, 228, 212
head7, 269, 228, 212
head7, 270, 228, 212
head7, 271, 232, 224
head7, 272, 232, 224
head7, 273, 228, 220
head7, 274, 228, 212
head7, 275, 228, 212
head7, 276, 232, 216
head7, 281, 228, 212
head7, 282, 228, 212
head7, 284, 228, 212
head7, 285, 228, 212
head7, 286, 232, 224
head7, 288, 232, 216
head7, 289, 228, 220
head7, 290, 228, 220
head7, 291, 232, 200
head7, 292, 228, 212
head7, 293, 228, 212
head7, 294, 228, 212
head7, 295, 228, 212
head7, 296, 240, 232
head7, 297, 228, 212
head7, 298, 228, 212
head7, 299, 228, 212
head7, 301, 232, 224
head7, 302, 232, 224
head7, 303, 228, 220
head7, 304, 228, 212
head7, 305, 228, 212
head7, 307, 232, 224
head7, 309, 232, 232
head7, 310, 228, 212
head7, 315, 228, 212
head7, 316, 232, 224
head7, 318, 232, 232
head7, 319, 228, 220
head7, 320, 228, 220
head7, 321, 232, 224
head7, 322, 232, 224
head7, 323, 228, 220
head7, 325, 236, 236
head7, 326, 232, 248
head7, 327, 248, 240
head8, 134, 44, 28
head8, 138, 44, 28
head8, 139, 44, 28
head8, 140, 44, 28
head8, 141, 44, 28
head8, 142, 44, 36
head8, 143, 44, 36
head8, 144, 44, 36
head8, 145, 44, 36
head8, 146, 44, 36
head8, 147, 44, 36
head8, 148, 44, 28
head8, 149, 44, 28
head8, 150, 44, 36
head8, 151, 44, 28
head8, 152, 44, 28
head8, 153, 44, 28
head8, 154, 44, 28
head8, 156, 44, 28
head8, 157, 44, 28
head8, 159, 44, 28
head8, 160, 44, 36
head8, 161, 44, 36
head8, 162, 44, 28
head8, 163, 44, 36
head8, 164, 44, 36
head8, 165, 44, 36
head8, 166, 44, 36
head8, 167, 44, 28
head8, 168, 44, 28
head8, 169, 44, 36
head8, 170, 44, 28
head8, 171, 44, 28
head8, 172, 44, 28
head8, 173, 44, 28
head8, 174, 44, 28
head8, 175, 44, 28
head8, 176, 44, 28
head8, 177, 44, 28
head8, 178, 44, 28
head8, 179, 44, 28
head8, 180, 44, 28
head8, 181, 44, 28
head8, 182, 44, 28
head8, 183, 44, 28
head8, 184, 44, 36
head8, 185, 44, 28
head8, 186, 44, 28
head8, 187, 44, 28
head8, 188, 44, 28
head8, 189, 44, 36
head8, 190, 44, 36
head8, 191, 44, 28
head8, 192, 44, 36
head8, 193, 44, 36
head8, 194, 44, 36
head8, 195, 44, 36
head8, 196, 44, 36
head8, 197, 44, 28
head8, 198, 44, 36
head8, 199, 44, 28
head8, 200, 44, 36
head8, 201, 44, 28
head8, 202, 44, 28
head8, 203, 44, 36
head8, 204, 44, 28
head8, 205, 44, 28
head8, 206, 44, 28
head8, 207, 44, 28
head8, 208, 44, 28
head8, 209, 44, 28
head8, 210, 44, 28
head8, 211, 44, 28
head8, 212, 44, 28
head8, 213, 44, 36
head8, 214, 44, 28
head8, 215, 44, 28
head8, 216, 44, 28
head8, 217, 44, 28
head8, 218, 44, 36
head8, 219, 44, 28
head8, 220, 44, 28
head8, 221, 44, 28
head8, 222, 44, 28
head8, 223, 44, 28
head8, 224, 44, 28
head8, 225, 44, 28
head8, 226, 44, 28
head8, 227, 44, 28
head8, 228, 44, 28
head8, 229, 44, 28
head8, 230, 44, 36
head8, 231, 44, 28
head8, 232, 44, 36
head8, 233, 44, 28
head8, 234, 44, 28
head8, 235, 44, 28
head8, 236, 44, 28
head8, 237, 44, 28
head8, 238, 44, 28
head8, 239, 44, 28
head8, 240, 44, 28
head8, 241, 44, 28
head8, 242, 44, 28
head8, 243, 44, 28
head8, 244, 44, 36
head8, 245, 44, 36
head8, 246, 44, 28
head8, 247, 44, 36
head8, 248, 44, 28
head8, 249, 44, 28
head8, 250, 44, 36
head8, 251, 44, 28
head8, 252, 44, 36
head8, 253, 44, 28
head8, 254, 44, 36
head8, 255, 44, 36
head8, 256, 44, 28
head8, 257, 44, 36
head8, 258, 44, 28
head8, 259, 44, 36
head8, 260, 44, 36
head8, 261, 44, 28
head8, 262, 44, 28
head8, 263, 44, 28
head8, 264, 44, 36
head8, 265, 44, 28
head8, 266, 44, 36
head8, 267, 44, 28
head8, 268, 44, 36
head8, 269, 44, 36
head8, 270, 44, 36
head8, 271, 44, 28
head8, 272, 44, 28
head8, 273, 44, 28
head8, 274, 44, 36
head8, 275, 44, 36
head8, 276, 44, 36
head8, 277, 44, 36
head8, 278, 44, 28
head8, 279, 44, 28
head8, 280, 44, 28
head8, 281, 44, 36
head8, 282, 44, 28
head8, 283, 44, 28
head8, 284, 44, 36
head8, 285, 44, 36
head8, 286, 44, 28
head8, 287, 44, 28
head8, 288, 44, 36
head8, 289, 44, 36
head8, 290, 44, 36
head8, 291, 44, 36
head8, 292, 44, 36
head8, 293, 44, 28
head8, 294, 44, 36
head8, 295, 44, 36
head8, 296, 44, 28
head8, 298, 44, 36
head8, 299, 44, 28
head8, 300, 44, 36
head8, 301, 44, 36
head8, 302, 44, 36
head8, 303, 44, 36
head8, 304, 44, 28
head8, 305, 44, 36
head8, 306, 44, 36
head8, 307, 44, 36
head8, 308, 44, 28
head8, 309, 44, 36
head8, 310, 44, 36
head8, 311, 44, 36
head8, 312, 44, 36
head8, 313, 44, 36
head8, 314, 44, 36
head8, 315, 44, 36
head8, 316, 44, 36
head8, 317, 44, 36
head8, 318, 44, 36
head8, 319, 44, 36
head8, 320, 44, 36
head8, 321, 44, 36
head8, 322, 44, 36
head8, 323, 44, 36
head8, 324, 44, 36
head8, 325, 44, 36
head8, 326, 44, 36
head8, 327, 44, 36
head8, 328, 44, 36
head8, 329, 44, 36
head8, 330, 44, 28
head8, 331, 44, 36
head8, 332, 44, 36
head8, 333, 44, 36
head8, 334, 44, 36
head8, 335, 44, 36
head8, 336, 44, 36
head8, 337, 44, 28
head8, 338, 44, 28
head8, 339, 44, 28
head8, 340, 44, 28
head8, 341, 44, 28
head8, 342, 44, 28
head8, 343, 44, 28
head8, 344, 44, 28
head8, 345, 44, 28
head8, 346, 44, 28
head8, 347, 44, 28
head8, 348, 44, 28
head8, 349, 44, 28
head8, 350, 44, 28
head8, 351, 44, 28
head8, 352, 44, 28
head8, 353, 44, 28
head8, 354, 44, 28
head8, 355, 44, 28
head8, 356, 44, 28
head8, 357, 44, 28
head8, 358, 44, 28
head8, 359, 44, 28
head8, 360, 44, 28
head8, 361, 44, 28
head8, 362, 44, 28
head8, 363, 44, 28
head8, 364, 44, 28
head8, 365, 44, 28
head8, 366, 44, 28
head8, 369, 44, 28
head8, 370, 44, 28
head8, 371, 44, 28
head8, 372, 44, 28
head8, 373, 44, 28
head8, 374, 44, 28
head8, 375, 44, 28
head8, 376, 44, 28
head8, 377, 44, 28
head8, 378, 44, 28
head8, 379, 44, 28
head8, 380, 44, 28
head8, 381, 44, 28
head8, 382, 44, 28
head8, 383, 44, 28
head8, 384, 44, 28
head8, 385, 44, 28
head8, 386, 44, 28
head8, 387, 44, 28
head8, 388, 44, 28
head8, 389, 44, 28
head8, 390, 44, 28
head8, 391, 44, 28
head8, 392, 44, 28
head8, 393, 44, 28
head8, 394, 44, 28
head8, 395, 44, 28
head8, 396, 44, 28
head8, 397, 44, 28
head8, 398, 44, 28
head8, 399, 44, 28
head8, 400, 44, 28
head8, 402, 44, 28
head8, 403, 44, 28
head8, 405, 44, 28
head8, 406, 44, 36
head9, 410, 228, 220
head9, 414, 228, 220
head9, 415, 228, 220
head9, 416, 224, 216
head9, 417, 232, 216
head9, 418, 228, 220
head9, 419, 228, 220
head9, 421, 228, 220
head9, 423, 232, 224
head9, 424, 240, 240
head9, 426, 228, 244
head9, 427, 228, 244
head9, 428, 232, 224
head9, 429, 232, 224
head9, 430, 228, 220
head9, 431, 228, 220
head9, 432, 240, 240
head9, 433, 240, 240
head9, 434, 228, 220
head9, 435, 228, 220
head9, 437, 232, 224
head9, 438, 232, 224
head9, 439, 228, 220
head9, 440, 228, 220
head9, 441, 232, 224
head9, 442, 228, 220
head9, 443, 228, 220
head9, 445, 228, 220
head9, 446, 228, 220
head9, 448, 232, 232
head9, 449, 228, 220
head9, 450, 228, 220
head9, 451, 216, 216
head9, 454, 208, 216
head9, 456, 228, 220
head9, 457, 228, 220
head9, 458, 232, 216
head9, 459, 232, 216
head9, 460, 228, 220
head9, 461, 228, 220
head10, 494, 244, 156
head10, 497, 239, 155
head10, 498, 214, 158
head10, 499, 209, 157
head10, 500, 208, 160
head10, 501, 203, 159
head10, 502, 225, 155
head10, 503, 223, 155
head10, 504, 222, 155
head10, 505, 221, 155
head10, 506, 220, 155
head10, 507, 220, 155
head10, 508, 219, 155
head10, 509, 219, 155
head10, 510, 215, 143
head10, 511, 207, 143
head10, 512, 203, 147
head10, 513, 217, 155
head10, 514, 217, 155
head10, 515, 217, 155
head10, 516, 216, 155
head10, 517, 216, 155
head10, 518, 216, 155
head10, 519, 215, 155
head10, 520, 215, 155
head10, 521, 203, 143
head10, 522, 215, 155
head10, 523, 207, 171
head10, 524, 203, 175
head10, 525, 203, 175
head10, 526, 207, 171
head10, 527, 199, 147
head10, 528, 195, 143
head10, 529, 195, 143
head10, 530, 199, 147
head10, 531, 199, 147
head10, 532, 195, 143
head10, 533, 195, 143
head10, 534, 199, 147
head10, 535, 199, 147
head10, 536, 195, 143
head10, 537, 195, 143
head10, 538, 199, 139
head10, 539, 199, 139
head10, 540, 195, 143
head10, 541, 195, 143
head10, 542, 199, 139
head10, 543, 199, 139
head10, 544, 195, 143
head10, 545, 195, 167
head10, 546, 215, 195
head10, 547, 215, 203
head10, 548, 235, 199
head10, 549, 235, 199
head10, 550, 215, 211
head10, 553, 215, 203
head10, 554, 235, 199
head10, 555, 235, 199
head10, 556, 215, 219
head10, 560, 215, 219
head10, 561, 211, 207
head10, 564, 211, 199
head10, 565, 215, 203
head10, 566, 215, 203
head10, 567, 211, 199
head10, 568, 211, 199
head10, 569, 231, 195
head11, 546, 196, 140
head11, 547, 196, 140
head11, 548, 195, 140
head11, 549, 194, 140
head11, 550, 192, 140
head11, 551, 190, 140
head11, 552, 188, 140
head11, 553, 186, 140
head11, 554, 184, 140
head11, 555, 182, 140
head11, 556, 180, 140
head11, 557, 179, 140
head11, 558, 177, 140
head11, 559, 176, 140
head11, 560, 175, 140
head11, 561, 170, 136
head11, 562, 169, 136
head11, 563, 164, 132
head11, 564, 173, 140
head11, 565, 173, 140
head11, 566, 173, 140
head11, 567, 174, 140
head11, 568, 163, 128
head11, 569, 156, 136
head11, 570, 161, 132
head11, 571, 162, 132
head11, 572, 177, 138
head11, 573, 180, 164
head12, 276, 100, 100
head12, 277, 100, 100
head12, 278, 104, 104
head12, 279, 100, 100
head12, 280, 100, 100
head12, 281, 104, 104
head12, 282, 104, 104
head12, 283, 100, 100
head12, 284, 100, 84
head12, 285, 96, 80
head12, 288, 100, 100
head12, 289, 100, 100
head12, 290, 100, 100
head12, 291, 100, 100
head12, 292, 104, 104
head12, 293, 104, 104
head12, 294, 108, 100
head12, 295, 108, 100
head12, 296, 100, 100
head12, 297, 104, 104
head12, 298, 104, 104
head12, 301, 100, 84
head12, 302, 100, 84
head12, 303, 104, 104
head12, 304, 104, 104
head12, 305, 100, 84
head12, 306, 92, 84
head12, 307, 104, 104
head12, 308, 100, 100
head12, 309, 100, 100
head12, 310, 104, 104
head12, 311, 100, 100
head12, 312, 100, 100
head12, 313, 100, 100
head12, 314, 100, 100
head12, 315, 104, 104
head12, 316, 100, 99
head12, 317, 100, 99
head12, 318, 100, 99
head12, 319, 100, 99
head12, 320, 100, 99
head12, 321, 100, 99
head12, 322, 100, 99
head12, 323, 100, 99
head12, 324, 100, 99
head12, 325, 100, 99
head12, 326, 100, 99
head12, 327, 100, 99
head12, 328, 100, 99
head12, 329, 100, 99
head12, 330, 100, 99
head12, 331, 100, 99
head12, 332, 100, 99
head12, 333, 100, 99
head12, 334, 100, 99
head12, 335, 100, 99
head12, 336, 100, 99
head12, 337, 100, 99
head12, 338, 100, 99
head12, 339, 100, 99
head12, 340, 100, 99
head12, 341, 100, 99
head12, 342, 100, 99
head12, 343, 100, 99
head12, 344, 100, 99
head12, 345, 100, 99
head12, 346, 100, 99
head12, 347, 100, 99
head12, 348, 100, 99
head12, 349, 100, 99
head12, 350, 100, 99
head12, 351, 100, 99
head12, 352, 100, 99
head12, 353, 100, 99
head12, 354, 100, 99
head12, 355, 100, 99
head12, 356, 100, 99
head12, 357, 100, 99
head12, 358, 100, 99
head12, 359, 100, 99
head12, 360, 100, 99
head12, 361, 100, 99
head12, 362, 100, 99
head12, 363, 104, 103
head12, 364, 100, 99
head12, 365, 100, 99
head12, 366, 100, 99
head12, 367, 100, 99
head12, 368, 100, 99
head12, 369, 100, 99
head12, 370, 100, 99
head12, 371, 104, 103
head12, 372, 100, 99
head12, 373, 100, 99
head12, 374, 100, 99
head12, 375, 100, 99
head12, 376, 100, 99
head12, 377, 100, 99
head12, 378, 100, 99
head12, 379, 100, 99
head12, 380, 100, 99
head12, 381, 100, 99
head12, 382, 100, 99
head12, 383, 100, 99
head12, 384, 100, 99
head12, 385, 100, 99
head12, 386, 100, 99
head12, 387, 100, 99
head12, 388, 100, 99
head12, 389, 100, 99
head12, 390, 100, 99
head12, 391, 104, 103
head12, 392, 100, 99
head12, 393, 100, 99
head12, 394, 100, 99
head12, 395, 104, 103
head12, 396, 104, 103
head12, 397, 100, 99
head12, 398, 100, 99
head12, 399, 100, 99
head12, 400, 100, 99
head12, 401, 100, 99
head12, 402, 100, 99
head12, 403, 100, 99
head12, 404, 100, 99
head12, 405, 100, 99
head12, 406, 100, 99
head12, 407, 100, 99
head12, 408, 100, 99
head12, 409, 100, 99
head12, 410, 104, 103
head12, 411, 100, 99
head12, 412, 100, 99
head12, 413, 100, 99
head12, 414, 104, 103
head12, 415, 104, 103
head12, 416, 100, 99
head12, 417, 100, 99
head12, 418, 100, 99
head12, 419, 100, 99
head12, 420, 100, 99
head12, 421, 104, 103
head12, 422, 100, 99
head12, 423, 100, 99
head12, 424, 100, 99
head12, 425, 100, 99
head12, 426, 100, 99
head12, 427, 100, 99
head12, 428, 100, 99
head12, 429, 100, 99
head12, 430, 100, 99
head12, 431, 100, 99
head12, 432, 100, 99
head12, 433, 100, 99
head12, 434, 100, 99
head12, 435, 104, 103
head12, 436, 100, 99
head12, 437, 100, 99
head12, 438, 104, 103
head12, 439, 100, 99
head12, 440, 100, 99
head12, 441, 100, 99
head12, 442, 104, 103
head12, 443, 104, 95
head12, 444, 100, 99
head12, 445, 108, 99
head12, 446, 104, 103
head12, 447, 100, 99
head12, 448, 100, 99
head12, 449, 104, 103
head12, 450, 100, 99
head12, 451, 100, 99
head12, 452, 100, 99
head12, 453, 100, 99
head12, 454, 100, 99
head12, 455, 104, 103
head12, 456, 104, 103
head12, 457, 108, 99
head12, 458, 100, 99
head12, 459, 100, 99
head12, 460, 100, 99
head12, 461, 104, 103
head12, 462, 104, 103
head12, 463, 100, 99
head12, 464, 100, 99
head12, 465, 100, 99
head12, 466, 100, 99
head12, 467, 104, 103
head12, 468, 104, 103
head12, 469, 108, 99
head12, 470, 108, 99
head12, 471, 104, 103
head12, 472, 100, 99
head12, 473, 108, 99
head12, 474, 104, 103
head12, 475, 104, 103
head12, 476, 108, 99
head12, 477, 108, 99
head12, 478, 104, 103
head12, 479, 100, 99
head12, 480, 108, 99
head12, 481, 104, 103
head12, 482, 100, 99
head12, 483, 108, 99
head12, 484, 104, 103
head12, 485, 104, 103
head12, 486, 108, 99
head12, 487, 108, 99
head12, 488, 104, 103
head12, 489, 100, 99
head12, 490, 108, 99
head12, 491, 104, 103
head12, 492, 104, 103
head12, 493, 100, 99
head12, 494, 108, 99
head12, 495, 104, 103
head12, 496, 100, 99
head12, 497, 108, 99
head12, 498, 100, 99
head12, 499, 104, 103
head12, 500, 100, 99
head12, 501, 108, 99
head12, 502, 104, 103
head12, 503, 104, 103
head12, 504, 108, 99
head12, 505, 108, 99
head12, 506, 104, 103
head12, 507, 104, 103
head12, 508, 108, 99
head12, 509, 108, 99
head12, 510, 104, 103
head12, 511, 104, 103
head12, 512, 108, 99
head12, 513, 108, 99
head12, 514, 100, 99
head12, 515, 104, 103
head12, 516, 104, 103
head12, 517, 100, 99
head12, 518, 100, 99
head12, 519, 99, 99
head12, 520, 99, 99
head12, 521, 99, 99
head12, 522, 99, 99
head12, 523, 99, 99
head12, 524, 99, 99
head12, 525, 99, 99
head12, 526, 99, 99
head12, 527, 98, 99
head12, 528, 98, 99
head12, 529, 98, 99
head12, 530, 102, 95
head12, 531, 98, 99
head12, 532, 98, 99
head12, 533, 97, 99
head12, 534, 100, 95
head12, 535, 99, 95
head12, 536, 102, 99
head12, 537, 101, 99
head12, 538, 104, 103
head12, 539, 97, 99
head12, 540, 97, 99
head12, 541, 97, 99
head12, 542, 97, 99
head12, 543, 93, 95
head12, 544, 97, 99
head12, 545, 97, 99
head12, 546, 97, 99
head12, 547, 93, 95
head12, 548, 93, 95
head12, 549, 97, 99
head12, 550, 97, 99
head12, 551, 93, 95
head12, 552, 93, 103
head12, 553, 97, 99
head12, 554, 97, 99
head12, 555, 93, 95
head12, 556, 93, 95
head12, 557, 97, 99
head12, 558, 97, 99
head12, 559, 85, 79
head12, 563, 85, 79
head12, 564, 97, 99
head12, 565, 97, 99
head12, 566, 101, 95
head12, 567, 93, 95
head12, 568, 96, 99
head12, 569, 103, 99
head12, 570, 96, 99
head12, 571, 93, 95
head12, 572, 102, 95
head12, 573, 97, 99
head12, 574, 97, 99
head12, 575, 97, 99
head12, 576, 97, 99
head12, 577, 97, 99
head12, 578, 101, 95
head12, 579, 97, 99
head12, 580, 97, 99
head12, 581, 97, 99
head12, 582, 98, 99
head12, 583, 98, 99
head12, 584, 102, 103
head12, 585, 98, 99
head12, 586, 98, 99
head12, 587, 98, 99
head12, 588, 98, 99
head12, 589, 98, 99
head12, 590, 98, 99
head12, 591, 98, 99
head12, 592, 98, 99
head12, 593, 98, 99
head12, 594, 98, 99
head12, 595, 98, 99
head12, 596, 98, 99
head12, 597, 99, 99
head12, 598, 99, 99
head12, 599, 99, 99
head12, 600, 99, 99
head12, 601, 99, 99
head12, 602, 99, 99
head12, 603, 99, 99
head12, 604, 103, 103
head12, 605, 103, 103
head12, 606, 107, 99
head12, 607, 107, 99
head12, 608, 103, 103
head12, 609, 103, 103
head12, 610, 100, 99
head12, 611, 109, 99
head12, 612, 106, 103
head12, 613, 100, 99
head12, 614, 106, 99
head12, 615, 108, 103
head12, 616, 106, 103
head12, 617, 108, 99
head12, 618, 106, 99
head12, 619, 108, 103
head12, 620, 106, 103
head12, 621, 108, 99
head12, 622, 106, 99
head12, 623, 108, 103
head12, 624, 106, 103
head12, 625, 99, 99
head12, 626, 104, 99
head12, 627, 99, 99
head12, 628, 106, 103
head12, 629, 101, 103
head12, 630, 100, 99
head12, 631, 99, 99
head12, 632, 99, 99
head12, 633, 99, 99
head12, 634, 99, 99
head12, 635, 99, 99
head12, 636, 103, 103
head12, 637, 99, 99
head12, 638, 99, 99
head12, 639, 103, 103
head12, 640, 103, 103
head12, 641, 98, 100
head12, 642, 105, 101
head12, 643, 108, 98
head12, 644, 98, 100
head12, 645, 98, 100
head12, 646, 102, 104
head12, 647, 94, 96
head12, 648, 98, 100
head12, 649, 98, 100
head12, 650, 94, 96
head12, 651, 94, 96
head12, 652, 98, 100
head12, 653, 98, 100
head12, 654, 102, 104
head12, 655, 102, 104
head12, 656, 98, 100
head12, 657, 98, 100
head12, 658, 102, 104
head12, 659, 102, 104
head12, 660, 98, 100
head12, 661, 98, 100
head12, 662, 102, 104
head12, 663, 94, 104
head12, 664, 98, 100
head12, 665, 98, 100
head12, 666, 98, 100
head12, 667, 98, 100
head12, 668, 102, 104
head12, 669, 98, 100
head12, 670, 98, 100
head12, 671, 98, 100
head12, 672, 98, 100
head12, 673, 102, 104
head12, 674, 102, 104
head12, 675, 98, 100
head12, 676, 98, 100
head12, 677, 94, 96
head12, 678, 94, 96
head12, 679, 98, 100
head12, 680, 98, 100
head12, 681, 94, 96
head12, 682, 94, 96
head12, 683, 98, 100
head12, 684, 98, 100
head12, 685, 94, 96
head12, 686, 94, 80
head12, 687, 90, 84
head12, 688, 98, 100
head12, 689, 94, 96
head12, 690, 94, 96
head12, 691, 98, 100
head12, 692, 98, 100
head12, 693, 94, 96
head12, 694, 94, 96
head12, 695, 98, 100
head12, 696, 98, 100
head12, 697, 94, 104
head12, 698, 94, 104
head12, 699, 98, 100
head12, 700, 98, 100
head12, 702, 94, 96
head12, 703, 86, 80
head13, 578, 180, 156
head13, 582, 180, 156
head13, 583, 180, 156
head13, 584, 160, 136
head13, 585, 160, 136
head13, 586, 180, 156
head13, 587, 180, 156
head13, 588, 184, 152
head13, 589, 184, 152
head13, 590, 180, 156
head13, 591, 180, 156
head13, 592, 160, 136
head13, 593, 160, 136
head13, 594, 180, 116
head13, 595, 180, 116
head13, 596, 184, 112
head13, 597, 184, 112
head13, 598, 188, 116
head13, 599, 188, 116
head13, 600, 184, 112
head13, 601, 184, 112
head13, 602, 180, 116
head13, 603, 180, 116
head13, 604, 176, 112
head13, 605, 176, 112
head13, 606, 172, 116
head13, 607, 164, 116
head13, 608, 168, 112
head13, 609, 160, 112
head13, 610, 156, 108
head13, 611, 156, 116
head13, 612, 152, 112
head13, 613, 152, 112
head13, 614, 148, 116
head13, 615, 148, 116
head13, 616, 152, 112
head13, 617, 152, 112
head13, 618, 148, 116
head13, 619, 148, 116
head13, 620, 152, 112
head13, 621, 152, 112
head13, 622, 148, 116
head13, 623, 148, 116
head13, 624, 152, 112
head13, 625, 152, 112
head13, 626, 148, 116
head13, 627, 148, 116
head13, 628, 152, 112
head13, 629, 152, 112
head13, 630, 148, 116
head13, 631, 148, 116
head13, 632, 152, 112
head13, 633, 152, 112
head13, 634, 148, 116
head13, 635, 148, 116
head13, 636, 152, 112
head13, 637, 152, 112
head13, 638, 148, 116
head13, 639, 148, 116
head13, 640, 152, 112
head13, 641, 152, 112
head13, 642, 148, 116
head13, 643, 148, 116
head13, 644, 152, 112
head13, 645, 152, 112
head13, 646, 148, 116
head13, 647, 148, 116
head13, 648, 152, 112
head13, 649, 152, 112
head13, 650, 148, 116
head13, 651, 148, 116
head13, 652, 152, 112
head13, 653, 152, 112
head13, 654, 148, 116
head13, 655, 148, 116
head13, 656, 152, 112
head13, 657, 152, 112
head13, 658, 148, 116
head13, 659, 148, 116
head13, 660, 152, 112
head13, 661, 152, 112
head13, 662, 156, 116
head13, 663, 156, 116
head13, 664, 152, 112
head13, 665, 152, 112
head13, 666, 156, 116
head13, 667, 156, 108
head13, 668, 152, 112
head13, 669, 152, 112
head13, 670, 148, 108
head13, 671, 148, 108
head13, 672, 152, 104
head13, 673, 144, 104
head13, 674, 148, 108
head13, 675, 148, 108
head13, 676, 144, 104
head13, 677, 144, 104
head13, 678, 140, 108
head13, 679, 140, 100
head13, 680, 144, 104
head13, 681, 144, 104
head13, 682, 140, 100
head13, 683, 140, 100
head13, 684, 144, 104
head13, 685, 144, 96
head13, 686, 140, 100
head13, 687, 140, 100
head13, 688, 136, 104
head13, 689, 136, 104
head13, 690, 140, 100
head13, 691, 140, 100
head13, 692, 136, 104
head13, 693, 136, 104
head13, 694, 140, 100
head13, 695, 140, 100
head13, 696, 136, 104
head13, 697, 136, 104
head13, 698, 140, 100
head13, 699, 140, 100
head13, 700, 144, 96
head13, 701, 144, 96
head13, 702, 140, 100
head13, 703, 140, 100
head13, 704, 144, 96
head13, 705, 144, 96
head13, 706, 140, 100
head13, 707, 140, 100
head13, 708, 136, 96
head13, 709, 136, 96
head13, 710, 140, 100
head13, 711, 140, 100
head13, 712, 136, 96
head13, 713, 136, 96
head13, 714, 140, 100
head13, 715, 140, 100
head13, 716, 136, 96
head13, 717, 136, 96
head13, 718, 140, 100
head13, 719, 140, 100
head13, 720, 136, 96
head13, 721, 136, 96
head13, 722, 140, 100
head13, 723, 140, 100
head13, 724, 136, 96
head13, 725, 136, 96
head13, 726, 140, 100
head13, 727, 140, 100
head13, 728, 136, 96
head13, 729, 136, 104
head13, 730, 140, 100
head13, 731, 140, 100
head13, 732, 136, 96
head13, 733, 136, 96
head13, 734, 140, 100
head13, 735, 140, 100
head13, 736, 136, 104
head13, 737, 144, 120
head13, 738, 148, 116
head13, 739, 140, 100
head13, 740, 136, 104
head13, 741, 136, 104
head13, 742, 140, 100
head13, 743, 140, 100
head13, 744, 136, 104
head13, 745, 136, 104
head13, 746, 140, 100
head13, 747, 140, 100
head13, 748, 136, 104
head13, 749, 136, 104
head13, 750, 140, 100
head13, 751, 140, 100
head13, 752, 136, 96
head13, 753, 136, 96
head13, 754, 140, 100
head13, 755, 140, 100
head13, 756, 152, 120
head13, 757, 144, 120
head13, 758, 148, 132
head13, 759, 148, 124
head13, 760, 136, 96
head13, 761, 136, 88
head13, 762, 140, 92
head13, 763, 140, 92
head13, 764, 144, 96
head13, 765, 144, 96
head13, 766, 140, 92
head13, 767, 140, 92
head13, 768, 144, 96
head13, 769, 144, 96
head13, 770, 148, 92
head13, 771, 148, 92
head13, 772, 144, 96
head13, 773, 144, 96
head13, 774, 148, 92
head13, 775, 148, 92
head13, 776, 144, 96
head13, 777, 144, 120
head13, 778, 148, 124
head13, 779, 148, 124
head13, 780, 144, 120
head13, 781, 152, 96
head13, 782, 148, 92
head13, 783, 156, 100
head13, 784, 152, 96
head13, 785, 152, 96
head13, 786, 156, 100
head13, 787, 156, 100
head13, 788, 160, 104
head13, 789, 160, 104
head13, 790, 164, 108
head13, 791, 164, 108
head13, 792, 168, 112
head13, 793, 168, 112
head13, 794, 172, 116
head13, 795, 180, 116
head13, 796, 184, 112
head13, 797, 184, 120
head13, 798, 180, 116
head13, 799, 180, 124
head13, 800, 184, 120
head13, 801, 184, 120
head13, 802, 188, 124
head13, 803, 180, 124
head13, 804, 184, 120
head13, 806, 200, 120
head13, 807, 204, 124
head13, 808, 212, 124
head13, 809, 208, 128
head13, 810, 216, 128
head13, 811, 220, 124
head13, 812, 220, 124
head13, 813, 224, 128
head13, 814, 232, 128
head13, 815, 228, 124
head13, 816, 236, 124
head13, 817, 240, 128
head13, 818, 248, 128
head13, 819, 244, 124
head13, 820, 252, 132
head13, 821, 240, 120
head13, 823, 248, 96
head13, 824, 244, 92
head13, 825, 244, 100
head14, 822, 196, 68
head14, 826, 193, 72
head14, 827, 178, 72
head14, 828, 175, 76
head14, 829, 168, 76
head14, 830, 165, 80
head14, 831, 166, 80
head14, 832, 163, 84
head14, 833, 164, 84
head14, 834, 161, 88
head14, 835, 154, 96
head14, 836, 151, 92
head14, 837, 152, 100
head14, 838, 149, 104
head14, 839, 150, 104
head14, 840, 155, 108
head14, 841, 148, 108
head14, 842, 153, 112
head14, 843, 154, 112
head14, 844, 151, 116
head14, 845, 152, 124
head14, 846, 149, 120
head14, 847, 150, 128
head14, 848, 172, 132
head14, 850, 173, 140
head14, 851, 162, 144
head14, 852, 163, 152
head14, 853, 160, 156
head14, 854, 175, 155
head14, 856, 176, 161
head14, 857, 177, 164
head14, 858, 178, 168
head14, 859, 178, 170
head14, 860, 166, 176
head14, 861, 166, 186
head14, 862, 182, 185
head14, 863, 183, 188
head14, 864, 183, 192
head14, 865, 184, 197
head14, 866, 173, 206
head14, 867, 174, 219
head14, 868, 185, 213
head14, 869, 176, 227
head14, 870, 179, 237
head14, 871, 170, 235
head14, 872, 173, 245
head14, 873, 180, 243
head14, 874, 183, 253
head14, 875, 182, 251
head14, 876, 185, 260
head14, 877, 184, 259
head14, 878, 203, 237
head14, 879, 218, 219
head14, 880, 203, 259
head15, 887, 148, 156
head15, 888, 148, 156
head15, 889, 147, 158
head15, 890, 142, 172
head15, 891, 141, 174
head15, 892, 144, 180
head15, 893, 143, 182
head15, 894, 138, 180
head15, 895, 137, 190
head15, 896, 140, 196
head15, 897, 131, 198
head15, 898, 134, 204
head15, 899, 133, 206
head15, 900, 128, 212
head15, 901, 127, 214
head15, 902, 122, 220
head15, 903, 121, 222
head15, 904, 116, 228
head15, 905, 123, 238
head15, 906, 118, 236
head15, 907, 117, 246
head15, 908, 112, 244
head15, 909, 119, 254
head15, 910, 106, 252
head15, 911, 113, 261
head15, 912, 108, 260
head15, 913, 131, 246
head15, 915, 142, 236
head15, 916, 141, 238
head15, 918, 128, 244
head15, 919, 127, 246
head15, 920, 146, 228
head15, 921, 161, 198
head16, 820, 140, 68
head16, 825, 141, 68
head16, 826, 138, 72
head16, 827, 147, 96
head16, 828, 152, 124
head16, 829, 153, 132
head16, 830, 150, 128
head16, 831, 151, 136
head16, 832, 148, 132
head16, 836, 165, 116
head16, 837, 162, 96
head16, 838, 155, 96
head16, 839, 152, 100
head16, 840, 153, 108
head16, 841, 150, 104
head16, 842, 151, 112
head16, 843, 148, 116
head16, 844, 149, 116
head16, 845, 154, 120
head16, 846, 155, 128
head16, 847, 152, 132
head16, 848, 153, 132
head16, 849, 146, 70
head16, 850, 146, 70
head16, 851, 150, 66
head16, 852, 147, 70
head16, 853, 147, 70
head16, 854, 159, 66
head16, 855, 147, 70
head16, 856, 147, 70
head16, 857, 147, 70
head16, 858, 147, 70
head16, 859, 167, 74
head16, 860, 167, 74
head16, 861, 163, 78
head16, 862, 163, 78
head16, 863, 167, 74
head16, 864, 167, 82
head16, 865, 171, 86
head16, 866, 171, 86
head16, 867, 167, 90
head16, 868, 167, 90
head16, 869, 163, 94
head16, 870, 171, 102
head16, 871, 167, 98
head16, 872, 167, 98
head16, 873, 187, 94
head16, 874, 187, 94
head16, 875, 183, 90
head16, 876, 191, 90
head16, 877, 148, 73
head16, 878, 148, 73
head16, 879, 147, 73
head16, 880, 147, 73
head16, 881, 147, 73
head16, 882, 146, 73
head16, 883, 146, 73
head16, 884, 146, 73
head16, 885, 146, 73
head16, 886, 146, 73
head16, 887, 146, 74
head16, 888, 146, 74
head16, 889, 146, 74
head16, 890, 147, 75
head16, 891, 147, 76
head16, 892, 148, 77
head16, 893, 148, 78
head16, 894, 149, 79
head16, 895, 149, 80
head16, 896, 150, 81
head16, 897, 163, 86
head16, 898, 150, 85
head16, 899, 157, 80
head16, 900, 160, 79
head16, 901, 150, 88
head16, 902, 149, 89
head16, 903, 149, 90
head16, 904, 148, 92
head16, 905, 147, 98
head16, 906, 158, 124
head16, 907, 141, 105
head16, 908, 138, 108
head16, 909, 133, 111
head16, 910, 140, 110
head16, 911, 126, 117
head16, 912, 123, 120
head16, 913, 119, 123
head16, 914, 116, 126
head16, 915, 113, 129
head16, 916, 110, 132
head16, 917, 108, 135
head16, 918, 106, 137
head16, 919, 103, 140
head16, 920, 101, 142
head16, 921, 98, 145
head16, 922, 96, 148
head16, 923, 93, 152
head16, 924, 94, 160
head16, 925, 91, 164
head16, 926, 92, 164
head16, 927, 82, 167
head16, 928, 84, 174
head16, 929, 74, 175
head16, 930, 76, 180
head16, 931, 98, 189
head16, 932, 64, 185
head16, 933, 60, 193
head16, 934, 60, 189
head16, 935, 53, 192
head16, 936, 49, 194
head16, 937, 46, 196
head16, 938, 44, 202
head16, 939, 39, 201
head16, 940, 36, 204
head16, 941, 68, 211
head16, 942, 29, 209
head16, 943, 60, 219
head16, 944, 95, 249
head17, 924, 180, 92
head17, 928, 181, 97
head17, 929, 186, 114
head17, 930, 195, 135
head17, 931, 192, 136
head17, 932, 193, 141
head17, 933, 198, 142
head17, 934, 199, 147
head17, 935, 196, 148
head17, 936, 197, 153
head17, 937, 194, 154
head17, 938, 195, 159
head17, 940, 200, 168
head17, 941, 201, 173
head17, 942, 198, 174
head17, 943, 183, 155
head17, 944, 180, 156
head17, 945, 181, 161
head17, 946, 186, 170
head17, 947, 195, 199
head17, 948, 224, 216
head17, 950, 233, 213
head17, 951, 230, 190
head18, 961, 188, 76
head18, 964, 188, 77
head18, 965, 188, 78
head18, 966, 188, 78
head18, 967, 188, 79
head18, 968, 188, 80
head18, 969, 184, 77
head18, 970, 188, 82
head18, 971, 188, 83
head18, 972, 188, 84
head18, 973, 188, 85
head18, 974, 187, 85
head18, 975, 187, 86
head18, 976, 187, 87
head18, 977, 183, 76
head18, 978, 183, 77
head18, 979, 195, 98
head18, 980, 195, 107
head18, 981, 183, 96
head18, 982, 183, 97
head18, 983, 195, 110
head18, 984, 195, 111
head18, 985, 199, 108
head18, 986, 199, 117
head18, 987, 195, 122
head18, 988, 195, 123
head18, 990, 199, 128
head18, 991, 183, 145
head18, 992, 187, 142
head18, 993, 187, 151
head18, 994, 191, 156
head18, 995, 191, 157
head18, 996, 195, 162
head18, 997, 195, 163
head18, 998, 191, 168
head18, 999, 191, 169
head18, 1000, 195, 158
head18, 1001, 195, 159
head18, 1002, 199, 164
head18, 1003, 199, 165
head18, 1004, 203, 170
head18, 1005, 203, 171
head18, 1006, 199, 176
head18, 1007, 183, 185
head18, 1008, 179, 190
head18, 1009, 187, 191
head18, 1010, 207, 188
head18, 1011, 207, 189
head18, 1012, 211, 194
head18, 1013, 211, 203
head18, 1014, 207, 200
head18, 1015, 215, 209
head18, 1016, 211, 206
head18, 1017, 211, 215
head18, 1018, 215, 220
head18, 1019, 215, 221
head18, 1020, 211, 226
head18, 1021, 211, 227
head18, 1022, 215, 232
head18, 1023, 207, 233
head18, 1024, 211, 238
head18, 1025, 219, 239
head18, 1026, 215, 244
head18, 1027, 215, 245
head18, 1028, 219, 250
head18, 1029, 211, 251
head18, 1030, 215, 256
head18, 1031, 215, 262
head18, 1032, 219, 261
head18, 1033, 219, 261
head18, 1035, 215, 244
head18, 1036, 207, 213
head18, 1039, 195, 194
head19, 1004, 188, 108
head19, 1005, 188, 108
head19, 1006, 184, 112
head19, 1007, 160, 136
head19, 1008, 156, 140
head19, 1009, 156, 140
head19, 1010, 152, 144
head19, 1011, 152, 144
head19, 1012, 156, 148
head19, 1013, 156, 148
head19, 1014, 152, 152
head19, 1015, 152, 160
head19, 1016, 156, 164
head19, 1017, 156, 164
head19, 1018, 160, 168
head19, 1019, 160, 168
head19, 1020, 156, 172
head19, 1021, 164, 172
head19, 1022, 160, 176
head19, 1023, 160, 184
head19, 1024, 164, 180
head19, 1025, 164, 188
head19, 1026, 160, 192
head19, 1027, 160, 192
head19, 1028, 164, 196
head19, 1029, 164, 204
head19, 1030, 160, 208
head19, 1031, 160, 208
head19, 1032, 156, 220
head19, 1033, 156, 228
head19, 1034, 152, 216
head19, 1035, 152, 224
head19, 1036, 148, 228
head19, 1037, 148, 228
head19, 1038, 144, 232
head19, 1039, 144, 240
head19, 1040, 140, 244
head19, 1041, 140, 252
head19, 1042, 144, 248
head19, 1043, 160, 248
head19, 1044, 204, 228
head19, 1046, 236, 196
head20, 1039, 188, 92
head20, 1041, 188, 93
head20, 1042, 188, 94
head20, 1043, 188, 95
head20, 1044, 188, 97
head20, 1045, 187, 99
head20, 1046, 182, 81
head20, 1047, 181, 83
head20, 1048, 184, 105
head20, 1049, 187, 103
head20, 1050, 187, 104
head20, 1051, 183, 109
head20, 1052, 183, 110
head20, 1053, 187, 108
head20, 1054, 187, 118
head20, 1055, 183, 116
head20, 1056, 191, 94
head20, 1057, 195, 92
head20, 1058, 195, 102
head20, 1059, 191, 119
head20, 1060, 183, 124
head20, 1061, 187, 125
head20, 1062, 187, 122
head20, 1063, 207, 107
head20, 1064, 207, 112
head20, 1065, 211, 113
head20, 1066, 211, 110
head20, 1067, 191, 87
head20, 1068, 191, 84
head20, 1069, 187, 85
head20, 1070, 204, 136
head20, 1071, 233, 199
head20, 1074, 242, 242
head21, 1042, 140, 132
head21, 1043, 140, 132
head21, 1044, 136, 136
head21, 1045, 138, 137
head21, 1046, 137, 141
head21, 1047, 132, 149
head21, 1048, 135, 148
head21, 1049, 134, 151
head21, 1050, 133, 154
head21, 1051, 132, 157
head21, 1052, 131, 159
head21, 1053, 126, 165
head21, 1054, 125, 167
head21, 1055, 126, 168
head21, 1056, 124, 170
head21, 1057, 126, 176
head21, 1058, 124, 178
head21, 1059, 118, 176
head21, 1060, 116, 178
head21, 1061, 118, 184
head21, 1062, 108, 186
head21, 1063, 108, 185
head21, 1064, 105, 187
head21, 1065, 102, 189
head21, 1066, 98, 191
head21, 1067, 95, 193
head21, 1068, 91, 195
head21, 1069, 88, 197
head21, 1070, 81, 203
head21, 1071, 82, 202
head21, 1072, 80, 204
head21, 1073, 78, 207
head21, 1074, 75, 210
head21, 1075, 68, 217
head21, 1076, 71, 216
head21, 1077, 94, 227
head21, 1078, 67, 222
head21, 1079, 65, 226
head21, 1080, 59, 234
head21, 1081, 65, 238
head21, 1082, 59, 246
head21, 1083, 57, 250
head21, 1084, 59, 250
head21, 1085, 54, 246
head21, 1086, 53, 254
head21, 1087, 48, 258
head21, 1088, 48, 254
head21, 1089, 44, 261
head21, 1090, 44, 263
head21, 1091, 60, 250
head21, 1092, 88, 246
head21, 1093, 136, 222
head21, 1094, 180, 218
head21, 1095, 236, 234
head22, 1038, 140, 76
head22, 1040, 140, 77
head22, 1041, 140, 78
head22, 1042, 141, 79
head22, 1043, 146, 84
head22, 1044, 147, 85
head22, 1045, 152, 82
head22, 1046, 141, 82
head22, 1047, 141, 83
head22, 1048, 142, 85
head22, 1049, 147, 91
head22, 1050, 148, 93
head22, 1051, 143, 88
head22, 1052, 143, 89
head22, 1053, 147, 86
head22, 1054, 147, 87
head22, 1055, 143, 100
head22, 1056, 143, 93
head22, 1057, 143, 94
head22, 1058, 139, 115
head22, 1059, 139, 116
head22, 1060, 135, 121
head22, 1061, 135, 114
head22, 1062, 131, 119
head22, 1063, 138, 110
head22, 1064, 149, 105
head22, 1065, 135, 116
head22, 1066, 133, 131
head22, 1067, 127, 134
head22, 1068, 130, 126
head22, 1069, 129, 129
head22, 1070, 128, 132
head22, 1071, 123, 147
head22, 1072, 126, 137
head22, 1073, 125, 139
head22, 1074, 124, 142
head22, 1075, 119, 149
head22, 1076, 118, 152
head22, 1077, 121, 159
head22, 1078, 144, 162
head22, 1079, 147, 169
head22, 1080, 146, 172
head22, 1081, 141, 171
head22, 1082, 116, 174
head22, 1085, 111, 189
head22, 1086, 110, 192
head22, 1087, 113, 199
head22, 1088, 136, 202
head22, 1089, 171, 193
head22, 1090, 186, 196
head22, 1091, 181, 203
head22, 1092, 172, 222
head22, 1093, 175, 221
head22, 1094, 182, 224
head22, 1095, 177, 223
head22, 1096, 152, 202
head22, 1097, 147, 201
head22, 1098, 154, 204
head22, 1099, 181, 227
head22, 1100, 204, 246
head22, 1101, 207, 245
head22, 1102, 238, 224
head22, 1105, 249, 199
head22, 1106, 248, 194
head22, 1107, 251, 193
head22, 1108, 250, 196
head22, 1109, 229, 195
head22, 1110, 228, 190
head22, 1111, 231, 189
head22, 1112, 114, 166
head23, 1079, 172, 68
head23, 1080, 172, 68
head23, 1081, 172, 70
head23, 1082, 172, 72
head23, 1083, 172, 74
head23, 1084, 176, 80
head23, 1085, 172, 78
head23, 1086, 172, 80
head23, 1087, 171, 82
head23, 1088, 171, 84
head23, 1089, 170, 85
head23, 1090, 169, 87
head23, 1091, 168, 89
head23, 1092, 167, 91
head23, 1093, 166, 95
head23, 1094, 164, 98
head23, 1095, 162, 101
head23, 1096, 160, 104
head23, 1097, 157, 107
head23, 1098, 155, 109
head23, 1099, 152, 112
head23, 1100, 150, 114
head23, 1101, 148, 117
head23, 1102, 146, 119
head23, 1103, 144, 122
head23, 1104, 143, 124
head23, 1105, 141, 127
head23, 1106, 140, 129
head23, 1107, 139, 132
head23, 1108, 138, 136
head23, 1109, 137, 139
head23, 1110, 137, 142
head23, 1111, 136, 146
head23, 1112, 135, 150
head23, 1113, 122, 158
head23, 1114, 129, 162
head23, 1115, 124, 162
head23, 1117, 115, 174
head23, 1118, 110, 174
head23, 1119, 109, 178
head23, 1120, 104, 178
head23, 1121, 103, 182
head23, 1122, 98, 182
head23, 1123, 97, 186
head23, 1124, 92, 186
head23, 1125, 107, 182
head23, 1126, 102, 182
head23, 1127, 77, 194
head23, 1128, 72, 194
head23, 1129, 71, 198
head23, 1130, 66, 198
head23, 1131, 57, 194
head23, 1132, 60, 194
head23, 1133, 51, 198
head23, 1134, 52, 198
head23, 1135, 41, 202
head23, 1136, 44, 202
head23, 1137, 36, 206
head23, 1138, 60, 198
head24, 1111, 164, 108
head24, 1112, 164, 108
head24, 1113, 163, 110
head24, 1114, 163, 112
head24, 1115, 159, 118
head24, 1116, 159, 120
head24, 1117, 147, 102
head24, 1118, 155, 96
head24, 1119, 151, 102
head24, 1120, 143, 96
head24, 1121, 147, 94
head24, 1122, 147, 104
head24, 1123, 143, 102
head24, 1124, 143, 104
head24, 1125, 139, 102
head24, 1126, 139, 104
head24, 1127, 152, 138
head24, 1128, 151, 140
head24, 1129, 150, 142
head24, 1130, 153, 148
head24, 1131, 152, 150
head24, 1132, 131, 148
head24, 1133, 145, 151
head24, 1134, 143, 154
head24, 1135, 141, 156
head24, 1136, 140, 158
head24, 1137, 143, 164
head24, 1138, 142, 166
head24, 1139, 137, 148
head24, 1140, 128, 142
head24, 1141, 123, 140
head24, 1142, 122, 142
head24, 1143, 117, 140
head24, 1144, 116, 142
head24, 1145, 111, 148
head24, 1146, 110, 150
head24, 1147, 105, 148
head24, 1148, 104, 150
head24, 1149, 99, 148
head24, 1150, 98, 150
head24, 1151, 106, 171
head24, 1152, 103, 171
head24, 1153, 104, 175
head24, 1154, 101, 175
head24, 1155, 86, 163
head24, 1156, 94, 173
head24, 1157, 92, 173
head24, 1158, 78, 169
head24, 1159, 88, 174
head24, 1160, 86, 175
head24, 1161, 72, 180
head24, 1162, 70, 181
head24, 1163, 72, 186
head24, 1164, 78, 179
head24, 1165, 76, 179
head24, 1166, 62, 191
head24, 1167, 60, 191
head24, 1168, 54, 195
head24, 1169, 52, 195
head24, 1170, 54, 199
head24, 1171, 52, 199
head24, 1172, 46, 203
head24, 1173, 44, 203
head24, 1174, 44, 207
head24, 1175, 44, 207
head24, 1176, 36, 211
head24, 1177, 36, 211
head24, 1178, 28, 215
head24, 1179, 28, 215
head24, 1180, 28, 211
head24, 1181, 52, 227
head24, 1182, 88, 247
head24, 1185, 128, 255
head24, 1186, 148, 243
head24, 1187, 148, 243
head24, 1188, 152, 239
head24, 1189, 152, 215
head24, 1194, 164, 171
head24, 1195, 156, 123
head24, 1196, 144, 87
head25, 1125, 196, 76
head25, 1126, 196, 76
head25, 1127, 196, 77
head25, 1128, 200, 74
head25, 1129, 192, 83
head25, 1130, 197, 82
head25, 1131, 198, 77
head25, 1132, 195, 84
head25, 1133, 188, 87
head25, 1134, 193, 70
head25, 1135, 194, 73
head25, 1136, 191, 88
head25, 1137, 192, 91
head25, 1138, 189, 90
head25, 1139, 190, 93
head25, 1140, 195, 92
head25, 1141, 196, 79
head25, 1142, 193, 78
head25, 1143, 201, 99
head25, 1144, 189, 100
head25, 1145, 189, 105
head25, 1146, 193, 90
head25, 1147, 193, 87
head25, 1148, 189, 96
head25, 1149, 201, 107
head25, 1150, 193, 98
head25, 1151, 189, 93
head25, 1152, 189, 100
head25, 1153, 185, 95
head25, 1154, 185, 102
head25, 1155, 189, 105
head25, 1156, 189, 104
head25, 1157, 185, 99
head25, 1158, 185, 106
head25, 1159, 189, 101
head25, 1160, 189, 108
head25, 1161, 193, 111
head25, 1162, 193, 110
head25, 1163, 189, 113
head25, 1164, 189, 112
head25, 1165, 193, 107
head25, 1166, 201, 122
head25, 1167, 205, 133
head25, 1168, 205, 132
head25, 1169, 193, 119
head25, 1170, 169, 86
head25, 1171, 141, 73
head25, 1173, 101, 80
head25, 1175, 213, 169
head25, 1179, 213, 181
head25, 1180, 217, 173
head25, 1181, 212, 187
head25, 1182, 203, 181
head25, 1183, 211, 194
head25, 1184, 207, 187
head25, 1185, 210, 201
head25, 1186, 201, 195
head25, 1187, 204, 193
head25, 1188, 203, 195
head25, 1189, 206, 201
head25, 1190, 205, 195
head25, 1191, 206, 218
head25, 1192, 205, 220
head25, 1193, 204, 222
head25, 1194, 204, 225
head25, 1195, 203, 227
head25, 1196, 198, 217
head25, 1197, 197, 219
head25, 1198, 201, 235
head25, 1199, 193, 231
head25, 1200, 197, 223
head25, 1201, 199, 244
head25, 1203, 197, 245
head25, 1204, 197, 253
head25, 1205, 201, 241
head25, 1206, 196, 260
head25, 1207, 195, 263
head25, 1208, 206, 254
head25, 1209, 195, 269
head26, 1187, 156, 148
head26, 1188, 156, 148
head26, 1189, 157, 149
head26, 1190, 162, 154
head26, 1191, 159, 154
head26, 1192, 161, 156
head26, 1193, 162, 158
head26, 1194, 163, 161
head26, 1195, 164, 163
head26, 1196, 165, 166
head26, 1197, 166, 168
head26, 1198, 166, 170
head26, 1199, 167, 172
head26, 1200, 168, 175
head26, 1201, 169, 178
head26, 1202, 170, 181
head26, 1203, 170, 184
head26, 1204, 171, 186
head26, 1205, 171, 189
head26, 1206, 171, 191
head26, 1207, 172, 194
head26, 1208, 172, 196
head26, 1209, 172, 199
head26, 1210, 176, 206
head26, 1211, 173, 204
head26, 1212, 173, 206
head26, 1213, 177, 212
head26, 1214, 177, 222
head26, 1215, 173, 220
head26, 1216, 176, 214
head26, 1217, 175, 228
head26, 1218, 178, 218
head26, 1219, 180, 220
head26, 1220, 186, 234
head26, 1221, 188, 236
head26, 1222, 186, 226
head26, 1223, 188, 228
head26, 1224, 194, 242
head26, 1225, 196, 244
head26, 1226, 198, 233
head26, 1227, 201, 235
head26, 1228, 205, 236
head26, 1229, 208, 237
head26, 1230, 211, 239
head26, 1231, 218, 253
head26, 1232, 217, 241
head26, 1233, 219, 243
head26, 1234, 225, 257
head26, 1235, 227, 259
head26, 1236, 233, 257
head26, 1237, 235, 259
head26, 1238, 233, 262
head26, 1239, 227, 251
head26, 1240, 209, 225
head26, 1241, 179, 203
head27, 1132, 148, 60
head27, 1133, 148, 60
head27, 1134, 148, 60
head27, 1135, 148, 61
head27, 1136, 147, 61
head27, 1137, 147, 61
head27, 1138, 143, 65
head27, 1139, 147, 61
head27, 1140, 147, 62
head27, 1141, 147, 62
head27, 1142, 147, 62
head27, 1143, 147, 62
head27, 1144, 147, 62
head27, 1145, 147, 62
head27, 1146, 143, 74
head27, 1147, 148, 62
head27, 1148, 148, 62
head27, 1149, 148, 62
head27, 1150, 149, 62
head27, 1151, 149, 62
head27, 1152, 150, 62
head27, 1153, 147, 82
head27, 1154, 148, 82
head27, 1155, 153, 86
head27, 1156, 154, 86
head27, 1157, 151, 82
head27, 1158, 152, 82
head27, 1159, 157, 86
head27, 1160, 158, 86
head27, 1161, 155, 90
head27, 1162, 156, 90
head27, 1163, 153, 94
head27, 1164, 154, 94
head27, 1165, 151, 98
head27, 1166, 152, 98
head27, 1167, 157, 102
head27, 1168, 150, 102
head27, 1169, 155, 106
head27, 1170, 148, 106
head27, 1171, 153, 110
head27, 1172, 146, 110
head27, 1173, 151, 114
head27, 1174, 152, 122
head27, 1175, 149, 118
head27, 1176, 150, 126
head27, 1177, 147, 122
head27, 1178, 148, 130
head27, 1179, 153, 126
head27, 1180, 154, 134
head27, 1181, 151, 138
head27, 1182, 152, 138
head27, 1183, 173, 118
head27, 1184, 174, 118
head27, 1185, 155, 106
head27, 1186, 156, 82
head27, 1187, 153, 78
head27, 1188, 154, 94
head27, 1189, 151, 90
head27, 1190, 152, 82
head27, 1191, 149, 86
head27, 1192, 150, 94
head27, 1193, 147, 90
head27, 1194, 148, 98
head27, 1195, 145, 94
head27, 1196, 146, 102
head27, 1197, 143, 106
head27, 1198, 144, 106
head27, 1199, 141, 110
head27, 1200, 142, 110
head27, 1201, 139, 114
head27, 1202, 140, 114
head27, 1203, 145, 118
head27, 1204, 138, 118
head27, 1205, 143, 122
head27, 1206, 136, 122
head27, 1207, 133, 126
head27, 1208, 134, 126
head27, 1209, 131, 130
head27, 1210, 132, 130
head27, 1211, 129, 134
head27, 1212, 122, 134
head27, 1213, 127, 138
head27, 1214, 120, 138
head27, 1215, 117, 142
head27, 1216, 118, 142
head27, 1217, 107, 146
head27, 1218, 108, 146
head27, 1219, 105, 150
head27, 1220, 98, 142
head27, 1221, 95, 146
head27, 1222, 88, 146
head27, 1223, 85, 142
head27, 1224, 86, 142
head27, 1225, 83, 146
head27, 1226, 76, 146
head27, 1227, 73, 150
head27, 1228, 74, 150
head27, 1229, 71, 154
head27, 1230, 72, 154
head27, 1231, 69, 158
head27, 1232, 62, 158
head27, 1233, 59, 162
head27, 1234, 60, 170
head27, 1235, 57, 166
head27, 1236, 50, 174
head27, 1237, 52, 178
head27, 1238, 50, 178
head27, 1239, 44, 182
head27, 1240, 44, 182
head27, 1241, 36, 186
head27, 1242, 36, 186
head27, 1243, 36, 190
head27, 1244, 28, 198
head27, 1245, 28, 194
head27, 1246, 150, 117
head28, 1207, 172, 68
head28, 1208, 172, 68
head28, 1209, 172, 69
head28, 1210, 172, 70
head28, 1211, 172, 71
head28, 1212, 172, 71
head28, 1213, 172, 71
head28, 1214, 173, 71
head28, 1215, 173, 72
head28, 1216, 177, 93
head28, 1217, 185, 94
head28, 1218, 181, 91
head28, 1219, 181, 100
head28, 1220, 185, 105
head28, 1221, 185, 106
head28, 1222, 189, 103
head28, 1223, 189, 112
head28, 1224, 193, 109
head28, 1225, 193, 118
head28, 1226, 197, 115
head28, 1227, 197, 116
head28, 1228, 193, 121
head28, 1229, 201, 122
head28, 1230, 205, 127
head28, 1231, 205, 128
head28, 1232, 201, 133
head28, 1233, 201, 142
head28, 1234, 205, 139
head28, 1235, 205, 148
head28, 1236, 209, 145
head28, 1237, 209, 154
head28, 1238, 213, 159
head28, 1239, 221, 160
head28, 1240, 217, 157
head28, 1241, 225, 158
head28, 1242, 221, 155
head28, 1243, 229, 164
head28, 1244, 225, 161
head28, 1245, 233, 162
head28, 1246, 237, 159
head28, 1247, 237, 160
head28, 1248, 241, 165
head28, 1249, 249, 166
head28, 1250, 253, 163
head28, 1251, 261, 164
head28, 1252, 265, 169
head28, 1253, 273, 162
head28, 1254, 269, 167
head28, 1255, 157, 134
head29, 1244, 148, 92
head29, 1245, 148, 92
head29, 1246, 147, 93
head29, 1247, 147, 95
head29, 1248, 143, 101
head29, 1249, 146, 98
head29, 1250, 145, 99
head29, 1251, 140, 104
head29, 1252, 147, 105
head29, 1253, 142, 104
head29, 1254, 141, 106
head29, 1255, 152, 128
head29, 1256, 159, 130
head29, 1257, 154, 136
head29, 1258, 140, 116
head29, 1259, 146, 84
head29, 1260, 138, 122
head29, 1261, 138, 125
head29, 1262, 134, 132
head29, 1263, 136, 131
head29, 1264, 135, 134
head29, 1265, 133, 136
head29, 1266, 132, 138
head29, 1267, 130, 141
head29, 1268, 128, 143
head29, 1269, 126, 146
head29, 1270, 124, 148
head29, 1271, 121, 150
head29, 1272, 122, 156
head29, 1273, 116, 154
head29, 1274, 113, 157
head29, 1275, 114, 164
head29, 1276, 107, 161
head29, 1277, 104, 170
head29, 1278, 100, 163
head29, 1279, 100, 176
head29, 1280, 96, 177
head29, 1281, 91, 168
head29, 1282, 89, 169
head29, 1283, 87, 170
head29, 1284, 85, 172
head29, 1285, 87, 186
head29, 1286, 101, 204
head29, 1287, 95, 210
head29, 1288, 77, 180
head29, 1289, 75, 183
head29, 1290, 69, 198
head29, 1291, 71, 189
head29, 1292, 70, 192
head29, 1293, 68, 195
head29, 1294, 65, 199
head29, 1295, 58, 215
head29, 1296, 61, 205
head29, 1297, 59, 207
head29, 1298, 53, 229
head29, 1299, 54, 212
head29, 1300, 52, 214
head29, 1301, 46, 236
head29, 1302, 44, 238
head29, 1303, 46, 219
head29, 1308, 44, 204
head29, 1309, 44, 201
head29, 1310, 44, 202
head29, 1311, 44, 207
head29, 1312, 44, 208
head29, 1313, 44, 205
head29, 1314, 36, 206
head29, 1315, 36, 219
head29, 1316, 36, 252
head30, 1306, 108, 124
head30, 1307, 108, 124
head30, 1308, 108, 124
head30, 1309, 108, 124
head30, 1310, 108, 124
head30, 1311, 108, 124
head30, 1312, 112, 136
head30, 1313, 108, 124
head30, 1314, 108, 124
head30, 1315, 112, 136
head30, 1316, 112, 136
head30, 1317, 108, 124
head30, 1318, 108, 124
head30, 1320, 104, 128
head30, 1322, 108, 124
head30, 1323, 108, 124
head30, 1324, 104, 128
head30, 1325, 104, 128
head30, 1326, 108, 124
head30, 1327, 108, 124
head30, 1328, 96, 104
head30, 1329, 96, 104
head30, 1330, 108, 124
head30, 1331, 108, 124
head30, 1332, 104, 120
head30, 1333, 104, 120
head30, 1334, 108, 124
head30, 1335, 108, 124
head30, 1338, 112, 136
head30, 1339, 112, 136
head30, 1340, 108, 124
head30, 1341, 108, 124
head30, 1342, 112, 136
head30, 1343, 112, 136
head31, 1275, 188, 108
head31, 1276, 188, 108
head31, 1277, 187, 110
head31, 1278, 186, 111
head31, 1279, 186, 113
head31, 1280, 182, 103
head31, 1281, 174, 105
head31, 1282, 178, 119
head31, 1283, 178, 121
head31, 1284, 174, 111
head31, 1285, 190, 89
head31, 1286, 194, 87
head31, 1287, 180, 131
head31, 1288, 180, 133
head31, 1289, 180, 135
head31, 1290, 176, 133
head31, 1291, 180, 140
head31, 1292, 181, 142
head31, 1293, 178, 132
head31, 1294, 179, 134
head31, 1295, 183, 150
head31, 1296, 184, 153
head31, 1297, 185, 156
head31, 1298, 182, 147
head31, 1299, 188, 162
head31, 1300, 190, 165
head31, 1301, 192, 168
head31, 1302, 193, 171
head31, 1303, 195, 174
head31, 1304, 197, 177
head31, 1305, 198, 180
head31, 1306, 203, 171
head31, 1307, 201, 185
head31, 1308, 203, 179
head31, 1309, 205, 190
head31, 1310, 211, 181
head31, 1311, 205, 184
head31, 1312, 210, 198
head31, 1313, 211, 201
head31, 1314, 216, 192
head31, 1315, 217, 195
head31, 1316, 222, 202
head31, 1317, 219, 215
head31, 1318, 221, 218
head31, 1319, 223, 222
head31, 1320, 225, 225
head31, 1321, 227, 228
head31, 1322, 229, 231
head31, 1323, 231, 234
head31, 1324, 233, 237
head31, 1325, 235, 239
head31, 1326, 237, 242
head31, 1327, 251, 241
head31, 1328, 241, 246
head31, 1329, 244, 248
head31, 1330, 246, 250
head31, 1331, 260, 248
head31, 1332, 251, 255
head31, 1333, 254, 257
head31, 1334, 269, 255
head31, 1335, 260, 260
head31, 1336, 279, 260
head31, 1337, 278, 263
head31, 1338, 273, 259
head31, 1339, 248, 240
head31, 1340, 219, 241
head31, 1341, 202, 246
head31, 1342, 205, 239
head31, 1343, 228, 244
head31, 1344, 239, 237
head31, 1345, 246, 250
head31, 1346, 249, 251
head31, 1347, 280, 262
head32, 1301, 148, 84
head32, 1302, 148, 84
head32, 1303, 148, 85
head32, 1304, 149, 86
head32, 1305, 149, 87
head32, 1306, 153, 92
head32, 1307, 150, 90
head32, 1308, 151, 92
head32, 1309, 152, 95
head32, 1310, 157, 94
head32, 1311, 155, 99
head32, 1312, 156, 100
head32, 1313, 157, 102
head32, 1314, 157, 103
head32, 1315, 153, 108
head32, 1316, 158, 107
head32, 1317, 156, 105
head32, 1318, 174, 115
head32, 1319, 172, 113
head32, 1320, 174, 115
head32, 1321, 180, 113
head32, 1322, 182, 115
head32, 1323, 180, 121
head32, 1324, 182, 123
head32, 1325, 188, 121
head32, 1326, 190, 123
head32, 1327, 188, 129
head32, 1328, 190, 131
head32, 1329, 188, 129
head32, 1330, 190, 131
head32, 1331, 188, 137
head32, 1332, 190, 139
head32, 1333, 188, 145
head32, 1334, 190, 147
head32, 1335, 196, 145
head32, 1336, 190, 155
head32, 1337, 196, 153
head32, 1338, 190, 163
head32, 1339, 188, 185
head32, 1340, 190, 187
head32, 1341, 196, 193
head32, 1342, 198, 195
head32, 1343, 196, 193
head32, 1344, 198, 171
head32, 1345, 178, 180
head32, 1346, 179, 182
head32, 1347, 181, 184
head32, 1348, 203, 182
head32, 1349, 205, 184
head32, 1350, 203, 190
head32, 1351, 205, 216
head32, 1353, 211, 222
head32, 1354, 213, 216
head32, 1355, 219, 190
head33, 1363, 244, 204
head33, 1364, 244, 204
head33, 1365, 248, 208
head33, 1366, 248, 208
head33, 1367, 249, 209
head33, 1368, 250, 211
head33, 1369, 252, 213
head33, 1370, 253, 215
head33, 1371, 254, 217
head33, 1372, 256, 220
head33, 1373, 257, 223
head33, 1374, 258, 226
head33, 1375, 259, 229
head33, 1376, 260, 232
head33, 1377, 265, 239
head33, 1378, 263, 238
head33, 1379, 264, 241
head33, 1380, 265, 243
head33, 1381, 278, 257
head33, 1382, 268, 248
head33, 1383, 270, 251
head33, 1384, 276, 258
head33, 1385, 278, 260
head33, 1386, 273, 255
head33, 1387, 272, 237
head33, 1388, 275, 239
head33, 1389, 282, 237
head33, 1390, 277, 239
head33, 1391, 284, 245
head33, 1392, 287, 247
head33, 1393, 286, 245
head33, 1394, 289, 247
head33, 1398, 296, 253
head33, 1400, 307, 255
head33, 1401, 327, 245
head34, 1333, 172, 84
head34, 1337, 173, 88
head34, 1338, 173, 90
head34, 1339, 174, 92
head34, 1340, 174, 94
head34, 1341, 175, 96
head34, 1342, 175, 99
head34, 1343, 175, 101
head34, 1344, 175, 103
head34, 1345, 175, 105
head34, 1346, 174, 107
head34, 1347, 174, 110
head34, 1348, 173, 112
head34, 1349, 172, 115
head34, 1350, 170, 117
head34, 1351, 169, 120
head34, 1352, 167, 123
head34, 1353, 165, 125
head34, 1354, 163, 128
head34, 1355, 162, 131
head34, 1356, 160, 134
head34, 1357, 159, 136
head34, 1358, 157, 139
head34, 1359, 156, 142
head34, 1360, 155, 145
head34, 1361, 153, 148
head34, 1362, 152, 151
head34, 1363, 151, 154
head34, 1364, 150, 158
head34, 1365, 149, 161
head34, 1366, 148, 165
head34, 1367, 148, 168
head34, 1368, 147, 172
head34, 1369, 147, 175
head34, 1370, 146, 178
head34, 1371, 141, 185
head34, 1372, 145, 186
head34, 1373, 145, 191
head34, 1374, 144, 193
head34, 1375, 144, 197
head34, 1376, 143, 201
head34, 1377, 138, 209
head34, 1378, 140, 208
head34, 1379, 138, 219
head34, 1380, 138, 216
head34, 1381, 134, 225
head34, 1382, 135, 223
head34, 1383, 133, 227
head34, 1384, 132, 230
head34, 1385, 130, 233
head34, 1386, 128, 236
head34, 1387, 127, 239
head34, 1388, 126, 242
head34, 1389, 125, 245
head34, 1390, 124, 247
head34, 1391, 123, 250
head34, 1392, 122, 252
head34, 1393, 122, 255
head34, 1394, 126, 261
head34, 1395, 126, 262
head34, 1398, 130, 248
head34, 1399, 154, 243
head34, 1400, 158, 242
head34, 1401, 158, 245
head34, 1402, 138, 252
head34, 1403, 130, 255
head34, 1406, 150, 246
head34, 1407, 150, 217
head34, 1409, 170, 208
head34, 1410, 170, 211
head34, 1411, 150, 226
head34, 1412, 150, 221
head34, 1413, 146, 236
head34, 1414, 154, 247
head34, 1415, 150, 246
head34, 1416, 174, 233
head34, 1417, 186, 216
head34, 1418, 202, 211
head34, 1419, 206, 210
head34, 1420, 206, 213
head34, 1421, 202, 212
head34, 1422, 202, 215
head34, 1425, 222, 198
head34, 1426, 222, 169
head34, 1427, 242, 144
head34, 1432, 274, 107
head35, 1388, 180, 84
head35, 1389, 180, 84
head35, 1390, 180, 85
head35, 1391, 181, 87
head35, 1392, 181, 89
head35, 1393, 181, 91
head35, 1394, 185, 97
head35, 1395, 181, 96
head35, 1396, 182, 98
head35, 1397, 183, 100
head35, 1398, 183, 102
head35, 1399, 184, 104
head35, 1400, 185, 106
head35, 1401, 186, 108
head35, 1402, 187, 110
head35, 1403, 188, 112
head35, 1404, 189, 114
head35, 1405, 190, 115
head35, 1406, 195, 112
head35, 1407, 192, 119
head35, 1408, 194, 121
head35, 1409, 196, 122
head35, 1410, 202, 119
head35, 1411, 200, 126
head35, 1412, 203, 127
head35, 1413, 205, 129
head35, 1414, 208, 130
head35, 1415, 210, 132
head35, 1416, 213, 133
head35, 1417, 215, 134
head35, 1418, 218, 135
head35, 1419, 220, 136
head35, 1420, 222, 138
head35, 1421, 225, 139
head35, 1422, 232, 136
head35, 1423, 235, 137
head35, 1424, 232, 143
head35, 1425, 234, 144
head35, 1426, 236, 146
head35, 1427, 242, 144
head35, 1428, 241, 149
head35, 1429, 243, 150
head35, 1430, 249, 147
head35, 1431, 251, 148
head35, 1432, 257, 153
head35, 1433, 243, 178
head35, 1434, 255, 160
head35, 1435, 258, 162
head35, 1436, 265, 160
head35, 1437, 268, 162
head35, 1438, 267, 166
head35, 1439, 269, 167
head35, 1440, 272, 169
head35, 1441, 274, 170
head35, 1442, 280, 167
head35, 1443, 282, 168
head35, 1444, 288, 165
head35, 1445, 290, 166
head35, 1446, 288, 171
head35, 1447, 288, 175
head35, 1448, 291, 176
head35, 1449, 293, 176
head35, 1450, 295, 177
head35, 1451, 298, 177
head35, 1452, 300, 177
head35, 1453, 303, 177
head35, 1454, 306, 177
head35, 1455, 313, 181
head35, 1456, 312, 177
head35, 1457, 314, 177
head35, 1458, 320, 181
head35, 1459, 319, 177
head35, 1460, 322, 177
head35, 1461, 324, 177
head35, 1462, 327, 181
head35, 1463, 324, 213
head35, 1464, 322, 257
head36, 1426, 180, 76
head36, 1427, 180, 76
head36, 1428, 179, 77
head36, 1429, 178, 77
head36, 1430, 173, 81
head36, 1431, 176, 79
head36, 1432, 167, 81
head36, 1433, 170, 87
head36, 1434, 169, 113
head36, 1435, 168, 82
head36, 1436, 147, 63
head36, 1437, 164, 83
head36, 1438, 162, 84
head36, 1439, 160, 85
head36, 1440, 154, 90
head36, 1441, 152, 99
head36, 1442, 156, 88
head36, 1443, 148, 97
head36, 1444, 155, 90
head36, 1445, 142, 95
head36, 1446, 141, 96
head36, 1447, 150, 92
head36, 1448, 139, 100
head36, 1449, 145, 93
head36, 1450, 131, 106
head36, 1451, 129, 107
head36, 1452, 141, 97
head36, 1453, 141, 83
head36, 1454, 138, 98
head36, 1455, 123, 117
head36, 1456, 112, 116
head36, 1457, 113, 119
head36, 1458, 110, 118
head36, 1459, 95, 97
head36, 1460, 92, 96
head36, 1461, 93, 91
head36, 1462, 90, 98
head36, 1463, 99, 125
head36, 1464, 112, 148
head36, 1465, 113, 151
head36, 1466, 110, 150
head36, 1467, 95, 129
head36, 1468, 92, 128
head36, 1469, 93, 131
head36, 1470, 106, 154
head36, 1471, 139, 197
head36, 1472, 168, 252
head37, 1354, 148, 68
head37, 1355, 148, 68
head37, 1356, 149, 69
head37, 1357, 150, 70
head37, 1358, 150, 71
head37, 1359, 151, 72
head37, 1360, 152, 74
head37, 1361, 152, 76
head37, 1362, 152, 78
head37, 1363, 152, 79
head37, 1364, 152, 81
head37, 1365, 152, 83
head37, 1366, 152, 85
head37, 1367, 151, 86
head37, 1368, 151, 87
head37, 1369, 150, 89
head37, 1370, 150, 90
head37, 1371, 144, 98
head37, 1372, 143, 100
head37, 1373, 141, 101
head37, 1374, 139, 103
head37, 1375, 137, 104
head37, 1376, 135, 105
head37, 1377, 134, 106
head37, 1378, 133, 107
head37, 1379, 120, 120
head37, 1380, 127, 129
head37, 1381, 122, 126
head37, 1382, 113, 127
head37, 1383, 116, 132
head37, 1384, 115, 133
head37, 1385, 118, 138
head37, 1386, 125, 139
head37, 1387, 112, 144
head37, 1388, 111, 153
head37, 1389, 106, 150
head37, 1390, 113, 159
head37, 1391, 108, 164
head37, 1392, 107, 165
head37, 1393, 110, 170
head37, 1394, 117, 163
head37, 1395, 112, 168
head37, 1396, 95, 177
head37, 1397, 98, 182
head37, 1398, 97, 183
head37, 1399, 92, 188
head37, 1400, 91, 189
head37, 1401, 86, 194
head37, 1402, 85, 195
head37, 1403, 88, 200
head37, 1404, 79, 201
head37, 1405, 82, 206
head37, 1406, 81, 207
head37, 1407, 76, 212
head37, 1408, 75, 213
head37, 1409, 70, 210
head37, 1410, 69, 219
head37, 1411, 64, 216
head37, 1412, 63, 217
head37, 1413, 58, 222
head37, 1414, 57, 223
head37, 1415, 60, 228
head37, 1416, 59, 229
head37, 1417, 54, 234
head37, 1418, 53, 235
head37, 1419, 64, 224
head37, 1420, 71, 225
head37, 1421, 135, 130
head37, 1422, 135, 131
head37, 1423, 147, 128
head37, 1424, 135, 133
head37, 1425, 136, 133
head37, 1426, 141, 137
head37, 1427, 137, 135
head37, 1428, 137, 136
head37, 1429, 138, 137
head37, 1430, 138, 139
head37, 1431, 138, 141
head37, 1432, 138, 143
head37, 1433, 139, 145
head37, 1434, 139, 147
head37, 1435, 139, 150
head37, 1436, 140, 153
head37, 1437, 140, 156
head37, 1438, 144, 171
head37, 1439, 141, 162
head37, 1440, 142, 173
head37, 1441, 142, 166
head37, 1442, 146, 179
head37, 1443, 146, 188
head37, 1444, 142, 185
head37, 1445, 150, 194
head37, 1446, 146, 199
head37, 1447, 146, 200
head37, 1448, 150, 205
head37, 1449, 150, 206
head37, 1450, 146, 211
head37, 1451, 146, 212
head37, 1452, 142, 217
head37, 1453, 142, 218
head37, 1454, 146, 223
head37, 1455, 138, 224
head37, 1456, 142, 221
head37, 1457, 142, 230
head37, 1458, 138, 227
head37, 1459, 138, 236
head37, 1460, 142, 241
head37, 1461, 134, 242
head37, 1462, 130, 239
head37, 1463, 122, 240
head37, 1464, 126, 245
head37, 1465, 126, 246
head37, 1466, 122, 251
head37, 1467, 122, 252
head37, 1468, 126, 257
head37, 1469, 118, 258
head37, 1470, 122, 261
head37, 1471, 114, 262
head37, 1472, 118, 260
head37, 1473, 118, 261
head37, 1474, 106, 259
head38, 1406, 148, 108
head38, 1407, 148, 108
head38, 1408, 152, 96
head38, 1409, 152, 96
head38, 1410, 156, 100
head38, 1411, 156, 100
head38, 1412, 152, 96
head38, 1413, 152, 104
head38, 1414, 156, 100
head38, 1415, 146, 124
head38, 1416, 140, 128
head38, 1417, 154, 112
head38, 1418, 145, 131
head38, 1422, 148, 130
head38, 1423, 147, 125
head38, 1424, 142, 132
head38, 1425, 149, 135
head38, 1426, 144, 134
head38, 1427, 143, 137
head38, 1428, 146, 144
head38, 1429, 145, 147
head38, 1430, 139, 165
head38, 1431, 153, 171
head38, 1432, 138, 170
head38, 1433, 138, 173
head38, 1434, 142, 156
head38, 1435, 142, 159
head38, 1436, 138, 181
head38, 1440, 154, 199
head38, 1441, 150, 205
head38, 1443, 142, 191
head38, 1444, 146, 189
head38, 1445, 146, 191
head38, 1446, 150, 197
head38, 1447, 150, 199
head38, 1448, 146, 205
head38, 1449, 146, 207
head38, 1450, 142, 205
head38, 1451, 142, 207
head38, 1452, 146, 213
head38, 1453, 134, 231
head38, 1454, 134, 233
head38, 1455, 138, 223
head38, 1456, 133, 238
head38, 1457, 148, 233
head38, 1458, 143, 232
head38, 1459, 134, 235
head38, 1460, 128, 248
head38, 1461, 134, 241
head38, 1462, 124, 254
head38, 1463, 134, 247
head38, 1464, 121, 259
head38, 1465, 128, 251
head38, 1466, 118, 263
head38, 1467, 128, 255
head38, 1468, 115, 267
head38, 1470, 113, 270
head38, 1471, 112, 271
head38, 1472, 111, 273
head38, 1473, 110, 275
head38, 1474, 113, 262
head38, 1475, 128, 243
head38, 1476, 139, 241
head38, 1477, 162, 251
head38, 1478, 165, 257
head38, 1479, 164, 251
head38, 1480, 175, 233
head38, 1481, 166, 235
head38, 1483, 145, 217
head38, 1484, 144, 219
head38, 1485, 139, 217
head38, 1486, 138, 219
head38, 1487, 157, 241
head38, 1489, 196, 251
head38, 1490, 239, 241
head38, 1491, 302, 251
head39, 1475, 188, 92
head39, 1476, 188, 92
head39, 1477, 188, 93
head39, 1478, 188, 94
head39, 1479, 188, 95
head39, 1480, 184, 92
head39, 1481, 189, 97
head39, 1482, 189, 98
head39, 1483, 189, 98
head39, 1484, 190, 98
head39, 1485, 190, 99
head39, 1486, 191, 99
head39, 1487, 188, 119
head39, 1488, 197, 119
head39, 1489, 194, 123
head39, 1490, 203, 123
head39, 1491, 200, 135
head39, 1492, 209, 135
head39, 1493, 206, 139
head39, 1494, 215, 139
head39, 1495, 220, 143
head39, 1496, 221, 143
head39, 1497, 218, 147
head39, 1498, 219, 163
head39, 1499, 224, 159
head39, 1500, 225, 167
head39, 1501, 230, 163
head39, 1502, 231, 171
head39, 1503, 236, 175
head39, 1504, 245, 175
head39, 1505, 242, 179
head39, 1506, 251, 179
head39, 1507, 248, 191
head39, 1508, 257, 191
head39, 1509, 262, 195
head39, 1510, 263, 195
head39, 1511, 268, 199
head39, 1512, 269, 207
head39, 1513, 250, 227
head39, 1514, 251, 227
head39, 1515, 256, 231
head39, 1516, 281, 223
head39, 1517, 286, 227
head39, 1518, 295, 219
head39, 1519, 292, 231
head39, 1520, 301, 231
head39, 1521, 306, 235
head39, 1522, 315, 235
head39, 1523, 326, 239
head39, 1524, 326, 239
head39, 1525, 325, 243
head39, 1526, 303, 259
head39, 1527, 308, 255
head39, 1528, 309, 255
head39, 1529, 306, 243
head39, 1531, 315, 243
head39, 1532, 320, 261
head40, 1499, 148, 76
head40, 1500, 148, 76
head40, 1501, 149, 77
head40, 1502, 149, 79
head40, 1503, 150, 81
head40, 1504, 151, 83
head40, 1505, 156, 89
head40, 1506, 154, 88
head40, 1507, 155, 90
head40, 1508, 156, 91
head40, 1509, 161, 96
head40, 1510, 146, 81
head40, 1511, 143, 86
head40, 1512, 144, 95
head40, 1513, 165, 108
head40, 1514, 162, 107
head40, 1515, 162, 109
head40, 1516, 162, 111
head40, 1517, 162, 113
head40, 1518, 162, 116
head40, 1519, 162, 119
head40, 1520, 162, 122
head40, 1521, 162, 125
head40, 1522, 162, 128
head40, 1523, 161, 131
head40, 1524, 161, 134
head40, 1525, 161, 137
head40, 1526, 160, 140
head40, 1527, 160, 143
head40, 1528, 160, 146
head40, 1529, 160, 149
head40, 1530, 160, 152
head40, 1531, 160, 156
head40, 1532, 164, 164
head40, 1533, 160, 163
head40, 1534, 160, 166
head40, 1535, 161, 170
head40, 1536, 161, 172
head40, 1537, 161, 174
head40, 1538, 162, 177
head40, 1539, 162, 179
head40, 1540, 163, 182
head40, 1541, 164, 184
head40, 1542, 165, 187
head40, 1543, 166, 190
head40, 1544, 167, 193
head40, 1545, 168, 196
head40, 1546, 169, 199
head40, 1547, 170, 202
head40, 1548, 171, 205
head40, 1549, 172, 208
head40, 1550, 172, 211
head40, 1551, 173, 213
head40, 1552, 173, 216
head40, 1553, 174, 218
head40, 1554, 174, 221
head40, 1555, 175, 223
head40, 1556, 175, 226
head40, 1557, 175, 228
head40, 1558, 175, 231
head40, 1559, 175, 234
head40, 1560, 175, 237
head40, 1561, 175, 239
head40, 1562, 175, 242
head40, 1563, 175, 245
head40, 1564, 175, 248
head40, 1565, 174, 250
head40, 1566, 174, 253
head40, 1567, 174, 256
head40, 1568, 174, 258
head40, 1569, 174, 260
head40, 1570, 174, 262
head40, 1571, 174, 264
head40, 1572, 178, 261
head40, 1573, 194, 240
head40, 1574, 230, 230
head40, 1579, 246, 240
head40, 1580, 250, 246
head40, 1581, 242, 240
head40, 1582, 238, 238
head40, 1583, 246, 240
head40, 1584, 234, 222
head40, 1586, 226, 224
head40, 1587, 230, 222
head40, 1588, 246, 240
head40, 1590, 242, 238
head40, 1591, 242, 240
head40, 1592, 246, 238
head40, 1593, 238, 240
head40, 1594, 250, 246
head41, 1469, 148, 100
head41, 1474, 148, 105
head41, 1475, 152, 122
head41, 1476, 148, 107
head41, 1477, 148, 112
head41, 1478, 148, 111
head41, 1479, 152, 114
head41, 1480, 148, 115
head41, 1481, 148, 120
head41, 1482, 148, 118
head41, 1483, 152, 128
head41, 1484, 147, 122
head41, 1485, 146, 136
head41, 1486, 147, 126
head41, 1487, 147, 127
head41, 1488, 146, 128
head41, 1489, 141, 149
head41, 1490, 140, 150
head41, 1491, 135, 155
head41, 1492, 134, 164
head41, 1493, 129, 161
head41, 1494, 128, 162
head41, 1495, 131, 167
head41, 1496, 146, 192
head41, 1497, 141, 197
head41, 1498, 124, 182
head41, 1499, 127, 179
head41, 1500, 118, 180
head41, 1501, 121, 185
head41, 1502, 120, 186
head41, 1503, 123, 191
head41, 1504, 122, 192
head41, 1505, 117, 197
head41, 1506, 124, 198
head41, 1507, 119, 195
head41, 1508, 126, 196
head41, 1509, 121, 201
head41, 1510, 128, 210
head41, 1511, 123, 207
head41, 1512, 130, 216
head41, 1513, 157, 221
head41, 1514, 164, 222
head41, 1515, 167, 235
head41, 1516, 166, 236
head41, 1517, 145, 241
head41, 1518, 128, 226
head41, 1519, 123, 231
head41, 1520, 122, 232
head41, 1521, 117, 237
head41, 1522, 124, 238
head41, 1523, 119, 235
head41, 1524, 118, 244
head41, 1525, 150, 144
head41, 1526, 150, 144
head41, 1527, 150, 143
head41, 1528, 150, 143
head41, 1529, 150, 143
head41, 1530, 162, 155
head41, 1531, 162, 155
head41, 1532, 158, 159
head41, 1533, 158, 167
head41, 1534, 162, 163
head41, 1535, 162, 171
head41, 1536, 166, 175
head41, 1537, 166, 175
head41, 1538, 162, 179
head41, 1539, 162, 179
head41, 1540, 166, 183
head41, 1541, 166, 183
head41, 1542, 162, 187
head41, 1543, 170, 195
head41, 1544, 166, 191
head41, 1545, 166, 199
head41, 1546, 170, 203
head41, 1547, 170, 203
head41, 1548, 174, 207
head41, 1549, 174, 207
head41, 1550, 178, 211
head41, 1551, 178, 211
head41, 1552, 174, 215
head41, 1553, 174, 215
head41, 1554, 178, 219
head41, 1555, 178, 227
head41, 1556, 174, 223
head41, 1557, 182, 231
head41, 1558, 178, 235
head41, 1559, 178, 235
head41, 1560, 182, 239
head41, 1561, 182, 239
head41, 1562, 178, 243
head41, 1563, 178, 243
head41, 1564, 182, 247
head41, 1565, 174, 255
head41, 1566, 178, 251
head41, 1567, 178, 251
head41, 1568, 174, 261
head41, 1569, 182, 261
head41, 1570, 178, 259
head41, 1571, 178, 259
head41, 1572, 182, 261
head41, 1576, 206, 247
head41, 1577, 226, 211
head41, 1578, 226, 171
head41, 1579, 238, 135
head41, 1580, 254, 79
head41, 1582, 160, 171
head41, 1586, 166, 183
head41, 1587, 167, 186
head41, 1588, 172, 177
head41, 1589, 173, 180
head41, 1590, 178, 179
head41, 1591, 179, 182
head41, 1592, 176, 203
head41, 1593, 161, 204
head41, 1594, 158, 209
head41, 1595, 159, 210
head41, 1596, 164, 215
head41, 1597, 186, 216
head41, 1598, 196, 205
head41, 1599, 194, 206
head41, 1600, 193, 224
head41, 1601, 180, 230
head41, 1602, 179, 232
head41, 1603, 174, 230
head41, 1604, 181, 232
head41, 1605, 184, 238
head41, 1606, 191, 240
head41, 1607, 226, 222
head41, 1608, 265, 184
head41, 1609, 308, 150
head41, 1614, 226, 253
head42, 1532, 188, 84
head42, 1533, 188, 84
head42, 1534, 188, 85
head42, 1535, 189, 85
head42, 1536, 189, 86
head42, 1537, 190, 87
head42, 1538, 190, 88
head42, 1539, 191, 89
head42, 1540, 191, 91
head42, 1541, 191, 92
head42, 1542, 192, 94
head42, 1543, 192, 96
head42, 1544, 192, 98
head42, 1545, 192, 100
head42, 1546, 192, 102
head42, 1547, 192, 104
head42, 1548, 193, 106
head42, 1549, 190, 128
head42, 1550, 183, 130
head42, 1551, 196, 112
head42, 1552, 194, 116
head42, 1553, 194, 118
head42, 1554, 190, 124
head42, 1555, 194, 122
head42, 1556, 194, 124
head42, 1557, 194, 126
head42, 1558, 194, 127
head42, 1559, 194, 129
head42, 1560, 195, 130
head42, 1561, 195, 131
head42, 1562, 196, 132
head42, 1563, 197, 133
head42, 1564, 198, 134
head42, 1565, 200, 135
head42, 1566, 201, 136
head42, 1567, 203, 137
head42, 1568, 205, 137
head42, 1569, 207, 138
head42, 1570, 209, 138
head42, 1571, 212, 138
head42, 1572, 219, 142
head42, 1573, 218, 138
head42, 1574, 221, 138
head42, 1575, 223, 138
head42, 1576, 226, 138
head42, 1577, 229, 138
head42, 1578, 231, 138
head42, 1579, 234, 138
head42, 1580, 236, 138
head42, 1581, 242, 142
head42, 1582, 240, 138
head42, 1583, 242, 138
head42, 1584, 244, 138
head42, 1585, 246, 138
head42, 1586, 248, 138
head42, 1587, 251, 138
head42, 1588, 253, 138
head42, 1589, 256, 139
head42, 1590, 258, 139
head42, 1591, 261, 140
head42, 1592, 268, 145
head42, 1593, 271, 146
head42, 1594, 270, 142
head42, 1595, 273, 150
head42, 1596, 276, 143
head42, 1597, 280, 144
head42, 1598, 283, 144
head42, 1599, 286, 145
head42, 1600, 289, 145
head42, 1601, 291, 145
head42, 1602, 294, 146
head42, 1603, 296, 146
head42, 1604, 298, 146
head42, 1605, 304, 150
head42, 1606, 302, 146
head42, 1607, 304, 154
head42, 1608, 306, 146
head42, 1609, 304, 150
head42, 1610, 310, 147
head42, 1611, 313, 147
head42, 1612, 312, 151
head42, 1613, 317, 147
head42, 1614, 325, 155
head42, 1615, 321, 146
head42, 1616, 324, 146
head42, 1617, 326, 146
head42, 1620, 324, 126
head42, 1623, 318, 126
head43, 1579, 164, 148
head43, 1580, 164, 148
head43, 1581, 165, 150
head43, 1582, 165, 151
head43, 1583, 166, 153
head43, 1584, 165, 151
head43, 1585, 165, 151
head43, 1586, 169, 171
head43, 1587, 177, 171
head43, 1588, 173, 175
head43, 1589, 173, 175
head43, 1590, 177, 179
head43, 1591, 177, 179
head43, 1592, 181, 183
head43, 1593, 181, 191
head43, 1594, 185, 195
head43, 1595, 185, 195
head43, 1596, 189, 199
head43, 1597, 189, 199
head43, 1598, 193, 203
head43, 1599, 193, 203
head43, 1600, 197, 207
head43, 1601, 205, 207
head43, 1602, 201, 211
head43, 1603, 209, 211
head43, 1604, 213, 215
head43, 1605, 213, 223
head43, 1606, 217, 219
head43, 1607, 217, 219
head43, 1608, 221, 223
head43, 1609, 205, 215
head43, 1610, 209, 219
head43, 1611, 201, 243
head43, 1612, 205, 247
head43, 1613, 213, 255
head43, 1614, 209, 251
head43, 1615, 209, 251
head43, 1616, 213, 255
head43, 1617, 213, 255
head43, 1618, 217, 259
head43, 1619, 241, 259
head43, 1620, 245, 261
head43, 1621, 253, 261
head43, 1622, 249, 259
head43, 1623, 233, 243
head43, 1624, 213, 207
head43, 1626, 173, 175
head43, 1627, 137, 147
head43, 1629, 105, 123
head43, 1631, 61, 111
head44, 1584, 148, 68
head44, 1585, 148, 68
head44, 1586, 148, 69
head44, 1587, 148, 69
head44, 1588, 148, 70
head44, 1589, 148, 70
head44, 1590, 148, 71
head44, 1591, 148, 72
head44, 1592, 148, 73
head44, 1593, 148, 75
head44, 1594, 148, 76
head44, 1595, 148, 79
head44, 1596, 148, 82
head44, 1597, 148, 84
head44, 1598, 148, 86
head44, 1599, 148, 88
head44, 1600, 149, 91
head44, 1601, 149, 96
head44, 1602, 150, 99
head44, 1603, 151, 101
head44, 1604, 152, 103
head44, 1605, 154, 105
head44, 1606, 155, 107
head44, 1607, 156, 109
head44, 1608, 156, 111
head44, 1609, 157, 113
head44, 1610, 157, 115
head44, 1611, 157, 116
head44, 1612, 157, 117
head44, 1613, 157, 119
head44, 1614, 157, 120
head44, 1615, 157, 122
head44, 1616, 156, 123
head44, 1617, 156, 125
head44, 1618, 155, 127
head44, 1619, 154, 128
head44, 1620, 153, 130
head44, 1621, 151, 132
head44, 1622, 150, 134
head44, 1623, 149, 135
head44, 1624, 147, 137
head44, 1625, 145, 139
head44, 1626, 139, 145
head44, 1627, 142, 142
head44, 1628, 141, 144
head44, 1629, 139, 145
head44, 1630, 133, 150
head44, 1631, 139, 151
head44, 1632, 133, 148
head44, 1633, 147, 125
head44, 1634, 136, 151
head44, 1635, 135, 152
head44, 1636, 135, 153
head44, 1637, 135, 154
head44, 1638, 131, 159
head44, 1639, 131, 160
head44, 1640, 135, 158
head44, 1641, 135, 160
head44, 1642, 135, 161
head44, 1643, 131, 166
head44, 1644, 131, 167
head44, 1645, 135, 172
head44, 1646, 159, 173
head44, 1647, 163, 194
head44, 1648, 179, 211
head44, 1649, 183, 208
head44, 1650, 142, 169
head45, 1617, 188, 84
head45, 1618, 188, 84
head45, 1619, 188, 85
head45, 1620, 188, 85
head45, 1621, 188, 86
head45, 1622, 189, 87
head45, 1623, 189, 88
head45, 1624, 193, 93
head45, 1625, 190, 90
head45, 1626, 190, 91
head45, 1627, 191, 92
head45, 1628, 191, 93
head45, 1629, 191, 93
head45, 1630, 203, 105
head45, 1631, 203, 113
head45, 1632, 207, 109
head45, 1633, 207, 109
head45, 1634, 187, 129
head45, 1635, 187, 129
head45, 1636, 191, 133
head45, 1637, 191, 133
head45, 1638, 195, 137
head45, 1639, 219, 121
head45, 1640, 223, 109
head45, 1641, 223, 109
head45, 1642, 227, 113
head45, 1643, 227, 113
head45, 1644, 223, 109
head45, 1645, 231, 117
head45, 1646, 227, 113
head45, 1647, 227, 113
head45, 1648, 231, 117
head45, 1649, 239, 117
head45, 1650, 235, 121
head45, 1651, 219, 145
head45, 1652, 215, 173
head45, 1653, 191, 189
head45, 1654, 147, 185
head46, 1660, 252, 140
head46, 1662, 253, 140
head46, 1663, 258, 144
head46, 1664, 256, 140
head46, 1665, 258, 140
head46, 1666, 264, 144
head46, 1667, 274, 144
head46, 1668, 272, 140
head46, 1669, 274, 140
head46, 1670, 280, 144
head46, 1671, 282, 144
head46, 1672, 288, 140
head46, 1673, 282, 140
head46, 1674, 288, 136
head46, 1675, 285, 141
head46, 1676, 294, 134
head46, 1677, 299, 139
head46, 1678, 300, 140
head46, 1679, 305, 137
head46, 1680, 314, 138
head46, 1681, 311, 143
head46, 1682, 301, 140
head46, 1683, 311, 141
head46, 1684, 317, 138
head46, 1685, 319, 139
head46, 1686, 317, 144
head46, 1687, 311, 141
head46, 1688, 324, 142
head46, 1689, 316, 141
head46, 1690, 325, 152
head46, 1691, 325, 143
head47, 1701, 260, 236
head47, 1702, 260, 236
head47, 1703, 261, 236
head47, 1704, 262, 236
head47, 1705, 262, 236
head47, 1706, 263, 236
head47, 1707, 260, 232
head47, 1708, 269, 216
head47, 1709, 274, 212
head47, 1710, 275, 212
head47, 1711, 280, 216
head47, 1712, 281, 216
head47, 1713, 278, 212
head47, 1714, 287, 212
head47, 1715, 276, 235
head47, 1716, 278, 234
head47, 1717, 280, 234
head47, 1718, 278, 238
head47, 1719, 288, 238
head47, 1720, 286, 218
head47, 1722, 304, 210
head47, 1723, 302, 214
head47, 1724, 312, 230
head47, 1726, 302, 226
head47, 1727, 296, 234
head47, 1728, 302, 238
head47, 1729, 304, 238
head47, 1730, 302, 234
head47, 1731, 304, 234
head47, 1732, 302, 238
head47, 1733, 312, 238
head47, 1734, 310, 234
head47, 1735, 312, 242
head47, 1736, 310, 238
head47, 1737, 320, 238
head47, 1739, 318, 234
head47, 1740, 326, 234
head47, 1741, 325, 238
head47, 1742, 326, 230
head48, 1688, 188, 100
head48, 1689, 188, 100
head48, 1690, 188, 101
head48, 1691, 189, 102
head48, 1692, 189, 103
head48, 1693, 190, 104
head48, 1694, 191, 105
head48, 1695, 192, 106
head48, 1696, 193, 107
head48, 1697, 195, 108
head48, 1698, 198, 109
head48, 1699, 201, 110
head48, 1700, 208, 115
head48, 1701, 211, 108
head48, 1702, 210, 113
head48, 1703, 213, 114
head48, 1704, 215, 116
head48, 1705, 218, 117
head48, 1706, 221, 118
head48, 1707, 223, 118
head48, 1708, 225, 119
head48, 1709, 226, 120
head48, 1710, 228, 120
head48, 1711, 230, 121
head48, 1712, 231, 122
head48, 1713, 233, 123
head48, 1714, 234, 124
head48, 1715, 235, 125
head48, 1716, 240, 122
head48, 1717, 238, 127
head48, 1718, 239, 128
head48, 1719, 241, 129
head48, 1720, 242, 130
head48, 1721, 244, 132
head48, 1722, 245, 134
head48, 1723, 247, 135
head48, 1724, 249, 137
head48, 1725, 255, 135
head48, 1726, 253, 139
head48, 1727, 255, 140
head48, 1728, 256, 140
head48, 1729, 257, 141
head48, 1730, 259, 141
head48, 1731, 260, 141
head48, 1732, 262, 141
head48, 1733, 264, 142
head48, 1734, 266, 142
head48, 1735, 268, 142
head48, 1736, 270, 142
head48, 1737, 272, 142
head48, 1738, 274, 142
head48, 1739, 276, 142
head48, 1740, 278, 142
head48, 1741, 284, 146
head48, 1742, 270, 146
head48, 1743, 285, 141
head48, 1744, 296, 140
head48, 1745, 303, 143
head48, 1746, 306, 142
head48, 1747, 294, 141
head48, 1748, 278, 144
head48, 1749, 250, 167
head48, 1751, 218, 178
head48, 1752, 198, 193
head48, 1753, 166, 204
head48, 1754, 154, 219
head48, 1755, 154, 222
head48, 1756, 134, 237
head48, 1757, 142, 240
head48, 1758, 178, 255
head48, 1759, 210, 250
head48, 1762, 238, 249
head48, 1765, 254, 228
head48, 1766, 274, 187
head48, 1767, 314, 150
head49, 1722, 180, 116
head49, 1723, 180, 116
head49, 1724, 184, 120
head49, 1725, 186, 121
head49, 1726, 189, 123
head49, 1727, 192, 125
head49, 1728, 195, 127
head49, 1729, 198, 129
head49, 1730, 200, 130
head49, 1731, 202, 132
head49, 1732, 204, 133
head49, 1733, 206, 134
head49, 1734, 212, 139
head49, 1735, 210, 137
head49, 1736, 212, 139
head49, 1737, 214, 141
head49, 1738, 216, 143
head49, 1739, 218, 145
head49, 1740, 232, 151
head49, 1741, 234, 153
head49, 1742, 232, 151
head49, 1743, 242, 169
head49, 1745, 231, 161
head49, 1746, 235, 164
head49, 1747, 238, 166
head49, 1748, 242, 169
head49, 1749, 245, 171
head49, 1750, 248, 173
head49, 1751, 251, 175
head49, 1752, 254, 177
head49, 1753, 258, 179
head49, 1754, 261, 181
head49, 1755, 265, 183
head49, 1756, 273, 181
head49, 1757, 272, 187
head49, 1758, 275, 189
head49, 1759, 298, 203
head49, 1760, 301, 205
head49, 1761, 308, 211
head49, 1762, 311, 213
head49, 1763, 318, 211
head49, 1764, 321, 213
head49, 1765, 326, 211
head49, 1766, 323, 213
head49, 1767, 314, 203
head49, 1768, 285, 197
head49, 1769, 252, 211
head49, 1770, 199, 245
head49, 1771, 319, 207
head49, 1772, 322, 209
head49, 1773, 324, 210
head49, 1774, 322, 191
head49, 1775, 300, 192
head49, 1776, 298, 189
head49, 1777, 300, 198
head49, 1778, 306, 195
head49, 1779, 308, 204
head49, 1780, 314, 209
head49, 1782, 316, 210
head49, 1783, 306, 239
head49, 1786, 324, 248
head49, 1787, 322, 245
head49, 1788, 324, 246
head49, 1789, 327, 259
head50, 1787, 148, 84
head50, 1788, 148, 84
head50, 1789, 148, 85
head50, 1790, 148, 86
head50, 1791, 148, 86
head50, 1792, 148, 87
head50, 1793, 147, 88
head50, 1794, 147, 88
head50, 1795, 147, 89
head50, 1796, 147, 89
head50, 1797, 147, 90
head50, 1798, 147, 90
head50, 1799, 147, 91
head50, 1800, 151, 112
head50, 1801, 151, 113
head50, 1802, 155, 118
head50, 1803, 155, 119
head50, 1804, 146, 96
head50, 1805, 145, 97
head50, 1806, 145, 99
head50, 1807, 141, 105
head50, 1808, 143, 103
head50, 1809, 142, 104
head50, 1810, 141, 106
head50, 1811, 140, 107
head50, 1812, 139, 108
head50, 1813, 138, 109
head50, 1814, 137, 110
head50, 1815, 136, 112
head50, 1816, 135, 114
head50, 1817, 134, 117
head50, 1818, 132, 119
head50, 1819, 126, 125
head50, 1820, 132, 127
head50, 1821, 126, 133
head50, 1822, 126, 127
head50, 1823, 124, 129
head50, 1824, 122, 131
head50, 1825, 119, 133
head50, 1826, 117, 134
head50, 1827, 111, 139
head50, 1828, 109, 140
head50, 1829, 111, 145
head50, 1830, 101, 146
head50, 1831, 103, 151
head50, 1832, 100, 144
head50, 1833, 101, 149
head50, 1834, 98, 174
head51, 1809, 260, 188
head51, 1812, 264, 188
head51, 1813, 266, 188
head51, 1814, 268, 188
head51, 1815, 271, 188
head51, 1816, 274, 188
head51, 1817, 277, 187
head51, 1818, 281, 187
head51, 1819, 289, 199
head51, 1820, 293, 207
head51, 1821, 293, 203
head51, 1822, 305, 179
head51, 1823, 305, 183
head51, 1824, 309, 183
head51, 1825, 298, 188
head51, 1826, 307, 181
head51, 1827, 312, 186
head51, 1828, 313, 187
head51, 1829, 318, 192
head51, 1830, 319, 185
head51, 1831, 316, 190
head51, 1832, 317, 215
head51, 1833, 314, 252
head51, 1838, 321, 188
head52, 1932, 132, 108
head52, 1933, 132, 108
head52, 1934, 131, 109
head52, 1935, 131, 110
head52, 1936, 130, 111
head52, 1937, 130, 112
head52, 1938, 130, 113
head52, 1939, 130, 114
head52, 1940, 130, 116
head52, 1941, 118, 122
head52, 1942, 130, 120
head52, 1943, 122, 130
head52, 1944, 110, 128
head52, 1945, 110, 130
head52, 1946, 106, 128
head52, 1947, 106, 130
head52, 1948, 102, 136
head52, 1949, 102, 138
head52, 1950, 98, 144
head52, 1953, 90, 146
head52, 1955, 86, 152
head52, 1956, 102, 170
head52, 1957, 130, 192
head52, 1958, 170, 218
head52, 1959, 206, 248
head52, 1960, 254, 258
head52, 1961, 327, 248
head53, 2025, 196, 124
head53, 2026, 196, 124
head53, 2027, 197, 125
head53, 2028, 199, 127
head53, 2029, 202, 129
head53, 2030, 205, 131
head53, 2031, 208, 133
head53, 2032, 212, 135
head53, 2033, 217, 137
head53, 2034, 220, 139
head53, 2035, 227, 145
head53, 2036, 228, 141
head53, 2037, 231, 142
head53, 2038, 233, 143
head53, 2039, 236, 146
head53, 2040, 240, 148
head53, 2041, 243, 150
head53, 2042, 246, 151
head53, 2043, 249, 153
head53, 2044, 252, 154
head53, 2045, 259, 159
head53, 2046, 258, 158
head53, 2047, 261, 160
head53, 2048, 268, 166
head53, 2049, 267, 165
head53, 2050, 270, 168
head53, 2051, 274, 171
head53, 2052, 277, 173
head53, 2053, 280, 175
head53, 2054, 284, 178
head53, 2055, 287, 180
head53, 2056, 290, 182
head53, 2057, 293, 184
head53, 2058, 296, 185
head53, 2059, 299, 186
head53, 2060, 302, 188
head53, 2061, 305, 189
head53, 2062, 308, 190
head53, 2063, 311, 192
head53, 2064, 314, 193
head53, 2065, 317, 194
head53, 2066, 320, 195
head53, 2067, 325, 208
head53, 2068, 327, 201
head53, 2071, 313, 222
head53, 2072, 316, 223
head53, 2073, 315, 220
head53, 2074, 310, 197
head53, 2075, 309, 202
head53, 2076, 326, 227
head54, 2080, 268, 164
head54, 2081, 268, 164
head54, 2082, 272, 168
head54, 2083, 280, 168
head54, 2084, 284, 164
head54, 2085, 284, 164
head54, 2086, 288, 168
head54, 2087, 296, 168
head54, 2088, 284, 164
head54, 2089, 292, 140
head54, 2090, 296, 128
head54, 2091, 296, 128
head54, 2092, 292, 124
head54, 2093, 292, 124
head54, 2094, 296, 128
head54, 2095, 310, 169
head54, 2096, 312, 169
head54, 2097, 318, 181
head54, 2098, 326, 181
head54, 2099, 325, 185
head54, 2100, 304, 209
head54, 2101, 302, 213
head54, 2102, 304, 205
head54, 2103, 294, 201
head54, 2104, 296, 201
head54, 2105, 302, 197
head54, 2106, 304, 205
head54, 2107, 310, 201
head54, 2108, 312, 201
head54, 2109, 310, 205
head54, 2110, 320, 205
head54, 2111, 318, 201
head54, 2112, 320, 209
head54, 2113, 310, 237
head54, 2114, 326, 245
head55, 2205, 132, 116
head55, 2206, 132, 116
head55, 2207, 131, 117
head55, 2208, 131, 118
head55, 2209, 131, 118
head55, 2210, 131, 119
head55, 2211, 119, 124
head55, 2212, 119, 133
head55, 2213, 115, 130
head55, 2214, 115, 131
head55, 2215, 111, 136
head55, 2216, 111, 137
head55, 2217, 107, 134
head55, 2218, 107, 135
head55, 2219, 103, 132
head55, 2220, 103, 133
head55, 2221, 107, 138
head55, 2222, 99, 131
head55, 2223, 71, 120
head55, 2225, 44, 129
head55, 2226, 52, 142
head55, 2227, 56, 143
head55, 2228, 56, 140
head55, 2229, 52, 141
head55, 2230, 52, 146
head55, 2231, 72, 131
head55, 2232, 72, 128
head55, 2233, 76, 129
head55, 2234, 68, 126
head55, 2235, 64, 127
head55, 2236, 48, 148
head55, 2237, 28, 149
head55, 2238, 60, 130
head55, 2241, 104, 123
head55, 2242, 152, 128
head55, 2243, 188, 121
head56, 2231, 292, 252
head56, 2232, 292, 252
head56, 2233, 292, 252
head56, 2234, 292, 252
head56, 2235, 292, 252
head56, 2236, 292, 253
head56, 2237, 292, 253
head56, 2238, 292, 253
head56, 2239, 292, 253
head56, 2240, 292, 253
head56, 2241, 292, 253
head56, 2242, 292, 253
head56, 2243, 292, 253
head56, 2244, 292, 253
head56, 2245, 293, 253
head56, 2246, 293, 253
head56, 2247, 293, 253
head56, 2248, 293, 253
head56, 2249, 293, 253
head56, 2250, 293, 253
head56, 2251, 293, 254
head56, 2252, 293, 254
head56, 2253, 293, 254
head56, 2254, 293, 254
head56, 2255, 293, 254
head56, 2256, 293, 254
head56, 2257, 293, 254
head56, 2258, 293, 255
head56, 2259, 297, 252
head56, 2260, 297, 253
head56, 2261, 309, 263
head57, 2340, 148, 76
head57, 2341, 148, 76
head57, 2342, 152, 88
head57, 2343, 148, 76
head57, 2344, 148, 76
head57, 2345, 148, 76
head57, 2346, 148, 76
head57, 2347, 148, 76
head57, 2348, 148, 76
head57, 2349, 152, 88
head57, 2350, 152, 104
head57, 2351, 148, 108
head57, 2352, 148, 108
head57, 2353, 152, 104
head57, 2354, 152, 104
head57, 2355, 148, 108
head57, 2356, 148, 76
head57, 2357, 160, 68
head57, 2358, 152, 80
head57, 2359, 148, 72
head57, 2360, 156, 84
head57, 2361, 152, 76
head57, 2362, 150, 76
head57, 2363, 160, 88
head57, 2364, 158, 88
head57, 2365, 160, 76
head57, 2366, 158, 84
head57, 2367, 136, 88
head57, 2369, 110, 96
head57, 2370, 104, 124
head57, 2371, 110, 156
head58, 2294, 164, 84
head58, 2295, 164, 84
head58, 2296, 164, 85
head58, 2297, 165, 86
head58, 2298, 165, 87
head58, 2299, 166, 88
head58, 2300, 166, 90
head58, 2301, 167, 91
head58, 2302, 168, 93
head58, 2303, 169, 95
head58, 2304, 170, 96
head58, 2305, 171, 98
head58, 2306, 172, 99
head58, 2307, 173, 100
head58, 2308, 174, 101
head58, 2309, 174, 102
head58, 2310, 175, 103
head58, 2311, 175, 104
head58, 2312, 176, 104
head58, 2313, 176, 105
head58, 2314, 176, 106
head58, 2315, 177, 107
head58, 2316, 177, 107
head58, 2317, 177, 108
head58, 2318, 178, 109
head58, 2319, 178, 110
head58, 2320, 178, 111
head58, 2321, 178, 112
head58, 2322, 179, 114
head58, 2323, 179, 116
head58, 2324, 179, 118
head58, 2325, 179, 120
head58, 2326, 180, 122
head58, 2327, 180, 124
head58, 2328, 180, 125
head58, 2329, 180, 127
head58, 2330, 180, 129
head58, 2331, 184, 127
head58, 2332, 180, 133
head58, 2333, 180, 135
head58, 2334, 180, 137
head58, 2335, 184, 135
head58, 2336, 184, 137
head58, 2337, 180, 142
head58, 2338, 180, 143
head58, 2339, 180, 144
head58, 2340, 181, 145
head58, 2341, 186, 150
head58, 2342, 187, 151
head58, 2343, 192, 148
head58, 2344, 193, 149
head58, 2345, 190, 154
head58, 2346, 191, 155
head58, 2347, 196, 152
head58, 2349, 189, 145
head58, 2350, 202, 158
head58, 2351, 203, 159
head58, 2353, 200, 148
head58, 2354, 209, 157
head58, 2356, 214, 154
head58, 2357, 215, 155
head58, 2358, 220, 152
head58, 2359, 221, 153
head58, 2360, 218, 150
head58, 2361, 219, 151
head58, 2362, 224, 156
head58, 2363, 225, 157
head58, 2364, 230, 154
head58, 2365, 231, 155
head58, 2366, 228, 152
head58, 2367, 221, 145
head58, 2368, 234, 150
head58, 2369, 235, 151
head58, 2370, 224, 148
head58, 2371, 225, 149
head58, 2372, 214, 170
head58, 2373, 215, 171
head58, 2374, 220, 176
head58, 2375, 230, 152
head58, 2378, 260, 140
head58, 2379, 310, 108
