488,1,222,153,56,56,0.999991
491,1,214,153,56,56,0.961683
492,1,225,137,56,56,0.999991
496,1,214,126,56,56,0.999896
497,1,198,141,56,56,0.930006
501,1,201,116,56,56,0.999999
503,1,195,113,56,56,0.999532
547,1,156,157,56,56,0.999993
547,1,164,109,56,56,0.998417
549,1,165,105,56,56,1.0
550,1,164,106,56,56,1.0
552,1,153,107,56,56,1.0
553,1,163,110,56,56,0.999424
554,1,155,102,56,56,0.999969
564,1,136,100,56,56,1.0
565,1,137,100,56,56,0.999933
567,1,137,99,56,56,1.0
604,1,147,80,56,56,1.0
611,1,162,146,56,56,0.937146
658,1,124,75,56,56,1.0
659,1,119,80,56,56,1.0
774,1,133,89,56,56,0.972395
775,1,127,90,56,56,0.999801
776,1,124,94,56,56,0.999824
777,1,113,65,56,56,1.0
778,1,114,65,56,56,1.0
779,1,122,62,56,56,1.0
780,1,114,70,56,56,0.99999
781,1,127,57,56,56,1.0
782,1,127,65,56,56,1.0
783,1,127,66,56,56,1.0
784,1,128,62,56,56,1.0
785,1,128,65,56,56,1.0
786,1,129,71,56,56,1.0
787,1,126,69,56,56,1.0
788,1,135,67,56,56,1.0
789,1,146,73,56,56,0.977215
789,1,162,25,56,56,0.682111
802,1,163,89,56,56,0.999981
803,1,163,95,56,56,0.999992
804,1,151,97,56,56,1.0
805,1,151,92,56,56,0.974833
806,1,155,103,56,56,0.999296
807,1,178,95,56,56,0.999987
808,1,169,97,56,56,1.0
809,1,157,148,56,56,0.999981
810,1,176,90,56,56,1.0
811,1,186,93,56,56,1.0
813,1,200,90,56,56,0.999809
814,1,202,90,56,56,1.0
814,1,154,146,56,56,0.999733
815,1,199,91,56,56,0.99978
815,1,151,147,56,56,0.689644
816,1,203,92,56,56,1.0
817,1,200,119,56,56,0.997425
818,1,190,117,56,56,0.989028
822,1,171,40,56,56,0.99973
822,1,203,120,56,56,0.82886
823,1,171,40,56,56,0.99891
823,1,195,80,56,56,0.998033
824,1,160,32,56,56,0.991212
824,1,202,83,56,56,0.580959
825,1,152,32,56,56,0.995214
826,1,154,33,56,56,0.986847
827,1,152,32,56,56,1.0
828,1,151,39,56,56,0.999997
829,1,137,40,56,56,1.0
830,1,142,44,56,56,1.0
831,1,145,47,56,56,1.0
832,1,135,49,56,56,1.0
833,1,132,51,56,56,1.0
834,1,129,53,56,56,1.0
835,1,125,58,56,56,1.0
836,1,126,61,56,56,1.0
837,1,124,65,56,56,1.0
838,1,130,64,56,56,1.0
839,1,141,71,56,56,1.0
840,1,128,69,56,56,1.0
841,1,127,75,56,56,1.0
842,1,118,75,56,56,1.0
843,1,125,78,56,56,1.0
844,1,120,81,56,56,1.0
845,1,123,86,56,56,1.0
846,1,119,90,56,56,1.0
847,1,118,94,56,56,1.0
848,1,126,98,56,56,1.0
848,1,142,170,56,56,0.731615
849,1,120,102,56,56,1.0
850,1,130,106,56,56,1.0
850,1,165,165,56,56,0.708389
851,1,123,110,56,56,1.0
852,1,124,114,56,56,1.0
853,1,144,120,56,56,1.0
854,1,127,122,56,56,1.0
855,1,135,126,56,56,1.0
855,1,162,40,56,56,0.879892
856,1,128,131,56,56,1.0
856,1,137,33,56,56,0.998199
857,1,136,138,56,56,0.999997
857,1,139,40,56,56,0.999695
858,1,136,142,56,56,0.999999
859,1,138,147,56,56,0.999997
859,1,140,36,56,56,0.999996
860,1,147,151,56,56,0.999992
861,1,137,159,56,56,0.99502
862,1,145,157,56,56,1.0
863,1,145,157,56,56,1.0
864,1,138,164,56,56,1.0
865,1,146,172,56,56,1.0
866,1,147,172,56,56,1.0
867,1,141,176,56,56,1.0
868,1,141,187,56,56,1.0
869,1,141,51,56,56,1.0
869,1,150,194,56,56,0.999999
870,1,144,197,56,56,1.0
870,1,141,53,56,56,0.999963
871,1,145,199,56,56,1.0
871,1,146,63,56,56,1.0
872,1,146,214,56,56,1.0
872,1,134,65,56,56,0.99882
873,1,148,217,56,56,1.0
873,1,149,85,56,56,0.985398
874,1,149,221,56,56,1.0
874,1,138,75,56,56,0.993641
875,1,150,219,56,56,1.0
876,1,151,222,56,56,1.0
876,1,133,87,56,56,0.998758
877,1,153,233,56,56,0.999913
878,1,162,236,56,56,0.99965
878,1,128,93,56,56,0.987253
879,1,165,224,56,56,0.996142
880,1,173,218,56,56,0.998759
881,1,176,222,56,56,0.985252
881,1,131,110,56,56,0.838017
882,1,129,96,56,56,0.999181
882,1,179,224,56,56,0.988222
882,1,168,46,56,56,0.655792
883,1,129,100,56,56,0.999834
883,1,184,228,56,56,0.554324
884,1,184,231,56,56,0.994145
884,1,162,95,56,56,0.882806
885,1,119,109,56,56,1.0
886,1,126,120,56,56,0.999946
886,1,191,231,56,56,0.960907
887,1,125,122,56,56,1.0
888,1,116,121,56,56,1.0
888,1,142,47,56,56,0.556038
889,1,117,132,56,56,1.0
890,1,116,136,56,56,1.0
890,1,159,99,56,56,0.714398
891,1,116,142,56,56,1.0
891,1,159,94,56,56,0.573798
892,1,114,145,56,56,0.999749
893,1,115,149,56,56,1.0
893,1,125,58,56,56,0.999089
894,1,115,153,56,56,1.0
894,1,127,60,56,56,0.996058
895,1,114,157,56,56,1.0
895,1,126,41,56,56,0.992722
896,1,105,161,56,56,1.0
896,1,126,57,56,56,0.991402
897,1,106,165,56,56,1.0
897,1,131,50,56,56,0.999987
898,1,129,58,56,56,1.0
898,1,105,170,56,56,0.999999
899,1,130,56,56,56,1.0
899,1,105,175,56,56,0.999928
900,1,110,176,56,56,0.999999
900,1,132,65,56,56,0.99952
901,1,102,185,56,56,1.0
901,1,139,58,56,56,0.998142
902,1,97,189,56,56,1.0
902,1,139,62,56,56,0.743023
903,1,97,193,56,56,1.0
903,1,137,70,56,56,0.99797
904,1,92,193,56,56,1.0
904,1,135,57,56,56,0.999917
905,1,125,53,56,56,1.0
905,1,91,201,56,56,1.0
906,1,127,60,56,56,0.999987
906,1,91,206,56,56,0.99913
907,1,88,210,56,56,0.999999
907,1,146,38,56,56,0.998872
907,1,146,94,56,56,0.851256
908,1,94,214,56,56,1.0
908,1,145,40,56,56,0.987132
909,1,84,218,56,56,1.0
909,1,133,59,56,56,0.999193
910,1,88,223,56,56,1.0
910,1,144,39,56,56,0.981796
911,1,110,84,56,56,0.999989
911,1,87,227,56,56,0.999384
912,1,112,81,56,56,1.0
912,1,87,232,56,56,0.99992
913,1,102,83,56,56,0.999995
913,1,79,237,56,56,0.999983
914,1,93,90,56,56,1.0
914,1,86,234,56,56,0.986452
915,1,90,93,56,56,1.0
916,1,94,89,56,56,1.0
916,1,157,91,56,56,0.5213
917,1,86,98,56,56,1.0
918,1,83,101,56,56,1.0
919,1,79,101,56,56,1.0
920,1,77,108,56,56,1.0
921,1,73,108,56,56,1.0
922,1,71,118,56,56,1.0
922,1,149,59,56,56,0.987783
923,1,69,112,56,56,1.0
923,1,133,96,56,56,0.998023
924,1,71,123,56,56,1.0
924,1,122,98,56,56,0.970978
925,1,71,125,56,56,1.0
927,1,58,131,56,56,1.0
927,1,143,106,56,56,0.635774
928,1,54,140,56,56,1.0
929,1,51,143,56,56,0.999997
929,1,97,186,56,56,0.791263
929,1,152,82,56,56,0.779509
930,1,47,153,56,56,0.999996
930,1,153,83,56,56,0.970818
930,1,129,204,56,56,0.888158
931,1,160,85,56,56,0.998082
932,1,49,152,56,56,0.999991
933,1,37,160,56,56,1.0
933,1,109,208,56,56,0.953204
933,1,142,83,56,56,0.796911
934,1,34,154,56,56,1.0
934,1,159,79,56,56,0.999007
935,1,30,156,56,56,1.0
935,1,162,83,56,56,0.982523
936,1,33,166,56,56,1.0
936,1,135,104,56,56,0.789909
937,1,28,160,56,56,1.0
938,1,60,184,56,56,0.984066
939,1,158,35,56,56,0.999452
939,1,25,166,56,56,0.998698
940,1,20,174,56,56,0.999437
941,1,10,176,56,56,1.0
941,1,156,106,56,56,0.704912
942,1,155,115,56,56,0.999935
942,1,44,197,56,56,0.769456
943,1,152,114,56,56,0.684365
943,1,76,196,56,56,0.683327
944,1,149,27,56,56,0.999935
944,1,31,194,56,56,0.978591
944,1,153,118,56,56,0.971353
945,1,154,114,56,56,0.993773
945,1,27,196,56,56,0.983006
945,1,157,36,56,56,0.931153
946,1,155,40,56,56,1.0
946,1,158,129,56,56,0.999152
947,1,146,42,56,56,1.0
947,1,155,133,56,56,0.999099
948,1,144,44,56,56,1.0
948,1,161,137,56,56,0.996591
949,1,143,47,56,56,1.0
949,1,155,145,56,56,0.999999
950,1,144,50,56,56,1.0
950,1,158,142,56,56,0.990596
951,1,161,148,56,56,1.0
951,1,49,218,56,56,0.958191
952,1,142,54,56,56,1.0
952,1,157,157,56,56,0.998858
952,1,1,210,56,56,0.53925
953,1,147,73,56,56,0.99886
953,1,162,156,56,56,0.81418
954,1,172,152,56,56,0.925098
956,1,145,59,56,56,1.0
957,1,177,172,56,56,0.6603
958,1,149,74,56,56,0.994608
959,1,143,76,56,56,1.0
959,1,175,184,56,56,0.989665
960,1,143,86,56,56,0.999476
961,1,145,98,56,56,0.997697
962,1,145,101,56,56,0.999991
962,1,153,45,56,56,0.996283
963,1,159,73,56,56,0.999974
963,1,189,199,56,56,0.967756
964,1,141,115,56,56,0.999903
964,1,187,203,56,56,0.999892
965,1,146,117,56,56,0.878007
966,1,134,116,56,56,1.0
966,1,202,201,56,56,0.908441
967,1,146,117,56,56,1.0
968,1,142,120,56,56,1.0
969,1,143,122,56,56,0.999999
969,1,205,213,56,56,0.711079
970,1,140,133,56,56,0.999999
971,1,140,137,56,56,1.0
972,1,135,136,56,56,1.0
973,1,143,153,56,56,0.999934
974,1,140,154,56,56,1.0
975,1,143,162,56,56,1.0
976,1,135,167,56,56,1.0
977,1,130,166,56,56,1.0
978,1,138,176,56,56,1.0
979,1,138,181,56,56,1.0
980,1,130,186,56,56,1.0
981,1,138,196,56,56,1.0
982,1,146,195,56,56,1.0
982,1,168,74,56,56,0.999798
983,1,138,202,56,56,0.999999
984,1,146,206,56,56,0.99995
985,1,146,210,56,56,1.0
986,1,138,216,56,56,1.0
987,1,139,228,56,56,1.0
987,1,160,112,56,56,0.998266
988,1,148,233,56,56,0.999999
989,1,157,230,56,56,1.0
990,1,151,236,56,56,0.999786
995,1,156,110,56,56,1.0
996,1,155,119,56,56,1.0
997,1,151,119,56,56,1.0
998,1,157,128,56,56,1.0
999,1,165,127,56,56,1.0
999,1,126,77,56,56,1.0
1000,1,132,80,56,56,1.0
1000,1,164,128,56,56,0.999999
1001,1,163,132,56,56,1.0
1002,1,136,86,56,56,1.0
1002,1,162,143,56,56,1.0
1003,1,152,144,56,56,0.999977
1003,1,129,91,56,56,0.999136
1004,1,152,139,56,56,1.0
1004,1,136,87,56,56,0.999883
1005,1,167,137,56,56,1.0
1005,1,126,99,56,56,1.0
1006,1,174,135,56,56,1.0
1006,1,118,111,56,56,0.999895
1007,1,127,98,56,56,0.999999
1007,1,170,149,56,56,0.999892
1008,1,126,101,56,56,1.0
1008,1,174,157,56,56,0.999997
1009,1,125,110,56,56,0.999973
1009,1,173,158,56,56,0.999571
1010,1,129,107,56,56,1.0
1010,1,180,157,56,56,1.0
1011,1,129,110,56,56,1.0
1011,1,180,160,56,56,1.0
1012,1,126,114,56,56,1.0
1012,1,182,162,56,56,1.0
1013,1,125,117,56,56,1.0
1013,1,181,173,56,56,0.999997
1014,1,174,176,56,56,0.999999
1014,1,134,120,56,56,0.999915
1015,1,127,124,56,56,1.0
1015,1,161,174,56,56,0.999902
1016,1,180,180,56,56,1.0
1016,1,124,124,56,56,0.999944
1017,1,186,179,56,56,1.0
1017,1,122,147,56,56,0.997666
1018,1,179,181,56,56,1.0
1018,1,131,133,56,56,0.999853
1019,1,131,137,56,56,0.999997
1019,1,155,185,56,56,0.999987
1020,1,131,139,56,56,1.0
1020,1,179,187,56,56,1.0
1021,1,127,139,56,56,1.0
1021,1,183,195,56,56,0.99531
1022,1,181,201,56,56,1.0
1022,1,131,151,56,56,1.0
1023,1,126,147,56,56,1.0
1023,1,182,203,56,56,0.999985
1024,1,132,155,56,56,1.0
1024,1,188,203,56,56,0.999879
1025,1,138,155,56,56,1.0
1025,1,178,211,56,56,1.0
1026,1,176,210,56,56,1.0
1026,1,128,162,56,56,1.0
1027,1,135,165,56,56,1.0
1027,1,159,213,56,56,0.999998
1028,1,176,217,56,56,1.0
1028,1,135,169,56,56,1.0
1029,1,134,172,56,56,1.0
1029,1,174,220,56,56,1.0
1029,1,139,69,56,56,0.985196
1030,1,178,223,56,56,1.0
1030,1,131,176,56,56,1.0
1031,1,130,174,56,56,1.0
1031,1,178,222,56,56,1.0
1032,1,151,179,56,56,1.0
1032,1,175,227,56,56,1.0
1033,1,125,193,56,56,1.0
1033,1,181,233,56,56,1.0
1033,1,132,76,56,56,0.804467
1034,1,125,186,56,56,1.0
1034,1,183,238,56,56,1.0
1034,1,130,80,56,56,0.869196
1035,1,122,197,56,56,1.0
1035,1,160,77,56,56,0.975077
1036,1,117,200,56,56,1.0
1037,1,114,200,56,56,1.0
1038,1,113,203,56,56,1.0
1038,1,161,81,56,56,0.90913
1039,1,112,208,56,56,1.0
1039,1,159,84,56,56,0.848087
1040,1,111,211,56,56,1.0
1040,1,158,86,56,56,0.70326
1041,1,110,210,56,56,1.0
1042,1,102,216,56,56,1.0
1043,1,101,219,56,56,1.0
1043,1,137,116,56,56,0.916779
1044,1,109,222,56,56,0.999999
1045,1,125,223,56,56,1.0
1046,1,127,226,56,56,0.999982
1047,1,133,228,56,56,0.999814
1048,1,132,238,56,56,1.0
1049,1,132,239,56,56,0.961515
1050,1,106,129,56,56,0.994499
1050,1,100,236,56,56,0.960295
1052,1,108,226,56,56,0.572251
1053,1,99,131,56,56,1.0
1054,1,95,134,56,56,0.850355
1055,1,98,137,56,56,0.999419
1056,1,97,131,56,56,1.0
1056,1,162,68,56,56,0.999999
1057,1,96,141,56,56,0.999664
1058,1,94,141,56,56,0.99998
1058,1,160,72,56,56,0.99996
1059,1,128,58,56,56,0.999652
1059,1,101,153,56,56,0.999236
1060,1,136,58,56,56,0.9966
1060,1,91,147,56,56,0.98661
1061,1,112,172,56,56,0.933309
1061,1,141,60,56,56,0.929265
1062,1,126,73,56,56,0.999999
1062,1,88,150,56,56,0.999997
1063,1,81,149,56,56,1.0
1063,1,131,77,56,56,0.999378
1064,1,76,157,56,56,1.0
1065,1,82,150,56,56,1.0
1065,1,173,79,56,56,1.0
1065,1,117,79,56,56,0.999862
1066,1,71,158,56,56,1.0
1066,1,109,87,56,56,1.0
1067,1,67,162,56,56,0.999999
1067,1,123,94,56,56,0.999996
1068,1,179,84,56,56,0.999316
1068,1,64,164,56,56,0.997078
1069,1,124,95,56,56,0.999999
1069,1,168,134,56,56,0.868195
1069,1,59,168,56,56,0.778628
1070,1,57,161,56,56,0.999741
1070,1,123,108,56,56,0.994462
1071,1,54,170,56,56,1.0
1071,1,122,97,56,56,0.999975
1071,1,186,89,56,56,0.999305
1072,1,128,108,56,56,0.999994
1072,1,59,176,56,56,0.999982
1072,1,181,97,56,56,0.978723
1073,1,127,126,56,56,1.0
1073,1,56,177,56,56,0.999999
1074,1,46,172,56,56,1.0
1074,1,125,113,56,56,0.999991
1075,1,44,177,56,56,1.0
1075,1,117,116,56,56,0.999989
1076,1,42,185,56,56,1.0
1076,1,123,119,56,56,1.0
1076,1,106,225,56,56,0.882315
1077,1,40,188,56,56,1.0
1077,1,203,117,56,56,1.0
1077,1,124,122,56,56,0.999097
1078,1,39,199,56,56,0.999995
1078,1,155,97,56,56,0.96453
1079,1,36,194,56,56,1.0
1079,1,141,38,56,56,0.999953
1079,1,201,119,56,56,0.886447
1079,1,146,159,56,56,0.867107
1080,1,35,197,56,56,1.0
1080,1,147,40,56,56,0.999999
1080,1,123,150,56,56,0.999998
1081,1,122,143,56,56,0.99999
1081,1,146,41,56,56,0.999921
1081,1,30,207,56,56,0.999608
1081,1,194,121,56,56,0.86084
1082,1,114,163,56,56,0.999964
1082,1,145,43,56,56,0.99967
1082,1,34,210,56,56,0.995786
1083,1,140,39,56,56,0.999998
1083,1,31,206,56,56,0.628928
1083,1,90,142,56,56,0.5919
1084,1,146,42,56,56,1.0
1084,1,32,217,56,56,0.999255
1084,1,113,166,56,56,0.97945
1084,1,162,106,56,56,0.636643
1085,1,145,43,56,56,0.999997
1085,1,54,220,56,56,0.999762
1085,1,133,194,56,56,0.97892
1085,1,93,154,56,56,0.975492
1086,1,28,221,56,56,1.0
1086,1,142,58,56,56,0.999962
1086,1,84,159,56,56,0.672777
1087,1,141,61,56,56,0.999982
1087,1,24,221,56,56,0.999356
1088,1,141,55,56,56,0.999997
1088,1,107,173,56,56,0.991379
1088,1,21,225,56,56,0.912234
1088,1,101,225,56,56,0.896141
1089,1,144,58,56,56,0.999997
1089,1,105,176,56,56,0.853805
1089,1,20,227,56,56,0.714377
1090,1,143,59,56,56,0.999485
1090,1,9,236,56,56,0.994813
1090,1,87,172,56,56,0.994059
1091,1,15,231,56,56,1.0
1091,1,81,176,56,56,0.99996
1091,1,143,70,56,56,0.99938
1092,1,133,71,56,56,0.999999
1092,1,87,179,56,56,0.999966
1092,1,13,239,56,56,0.99831
1093,1,78,184,56,56,1.0
1093,1,132,65,56,56,0.999397
1094,1,70,191,56,56,1.0
1094,1,132,66,56,56,0.999911
1095,1,68,189,56,56,1.0
1095,1,135,69,56,56,1.0
1096,1,65,201,56,56,1.0
1096,1,127,75,56,56,1.0
1097,1,133,69,56,56,0.999993
1097,1,62,209,56,56,0.998571
1098,1,126,77,56,56,1.0
1098,1,99,205,56,56,0.997728
1099,1,121,81,56,56,1.0
1099,1,97,207,56,56,0.998488
1100,1,126,83,56,56,1.0
1100,1,94,220,56,56,0.984753
1101,1,120,84,56,56,1.0
1101,1,70,210,56,56,0.988128
1102,1,114,85,56,56,1.0
1102,1,49,227,56,56,0.986314
1103,1,109,92,56,56,1.0
1103,1,79,222,56,56,0.999811
1104,1,115,94,56,56,1.0
1104,1,70,225,56,56,0.999684
1105,1,106,100,56,56,1.0
1105,1,85,228,56,56,0.966697
1106,1,105,103,56,56,1.0
1106,1,82,232,56,56,0.990645
1107,1,110,101,56,56,1.0
1108,1,100,104,56,56,1.0
1109,1,104,106,56,56,1.0
1109,1,57,240,56,56,0.561075
1110,1,102,106,56,56,1.0
1111,1,101,113,56,56,1.0
1111,1,141,41,56,56,0.999898
1112,1,101,115,56,56,1.0
1112,1,141,44,56,56,0.999993
1113,1,100,121,56,56,1.0
1113,1,139,42,56,56,1.0
1114,1,95,129,56,56,0.999975
1115,1,102,125,56,56,1.0
1115,1,137,54,56,56,0.980918
1116,1,92,137,56,56,0.999997
1116,1,135,56,56,56,0.992218
1117,1,97,142,56,56,0.99998
1117,1,133,58,56,56,0.956788
1118,1,95,142,56,56,0.99999
1118,1,125,58,56,56,0.986791
1119,1,93,141,56,56,1.0
1119,1,126,59,56,56,0.999017
1119,1,166,83,56,56,0.738072
1120,1,123,68,56,56,0.999987
1120,1,90,149,56,56,0.99959
1121,1,82,149,56,56,0.999888
1121,1,164,32,56,56,0.995239
1121,1,116,64,56,56,0.929418
1122,1,80,150,56,56,0.999993
1122,1,119,71,56,56,0.980083
1122,1,160,89,56,56,0.707778
1123,1,159,56,56,56,0.515437
1124,1,69,158,56,56,0.999999
1125,1,65,158,56,56,0.999327
1128,1,51,160,56,56,0.999243
1129,1,47,160,56,56,1.0
1129,1,154,107,56,56,0.908383
1131,1,33,161,56,56,0.999898
1133,1,26,162,56,56,1.0
1133,1,118,90,56,56,0.99998
1134,1,117,91,56,56,1.0
1135,1,26,167,56,56,0.999998
1137,1,14,177,56,56,0.999989
1138,1,15,171,56,56,0.999822
1139,1,107,101,56,56,1.0
1139,1,11,173,56,56,0.999999
1140,1,4,184,56,56,0.999879
1142,1,90,106,56,56,0.999988
1144,1,93,107,56,56,0.999284
1144,1,16,172,56,56,0.924403
1144,1,141,171,56,56,0.578667
1145,1,11,178,56,56,0.997363
1145,1,88,120,56,56,0.872235
1146,1,87,122,56,56,0.997643
1146,1,136,172,56,56,0.818405
1147,1,84,123,56,56,1.0
1147,1,162,72,56,56,0.997952
1148,1,77,118,56,56,0.999381
1148,1,133,102,56,56,0.82756
1148,1,141,158,56,56,0.723552
1149,1,130,103,56,56,0.997977
1150,1,127,104,56,56,0.835867
1150,1,127,176,56,56,0.820819
1151,1,69,122,56,56,0.965827
1151,1,121,182,56,56,0.76674
1151,1,125,106,56,56,0.607384
1152,1,69,123,56,56,0.999878
1152,1,133,107,56,56,0.907725
1153,1,63,125,56,56,1.0
1154,1,111,167,56,56,0.729219
1156,1,58,130,56,56,1.0
1157,1,60,138,56,56,0.999995
1158,1,58,140,56,56,0.907799
1158,1,165,115,56,56,0.775389
1159,1,51,136,56,56,0.999506
1160,1,123,60,56,56,1.0
1160,1,49,138,56,56,0.999959
1161,1,45,142,56,56,0.999985
1162,1,59,151,56,56,0.580906
1163,1,150,78,56,56,0.998148
1163,1,36,148,56,56,0.958347
1164,1,115,53,56,56,1.0
1164,1,41,158,56,56,0.999886
1165,1,40,159,56,56,0.999976
1165,1,170,95,56,56,0.999948
1166,1,44,158,56,56,1.0
1166,1,168,100,56,56,0.995983
1167,1,174,103,56,56,1.0
1167,1,36,157,56,56,0.999246
1168,1,155,114,56,56,1.0
1168,1,132,75,56,56,0.999999
1168,1,41,161,56,56,0.999993
1169,1,179,110,56,56,1.0
1169,1,31,163,56,56,0.999998
1170,1,180,111,56,56,1.0
1170,1,29,166,56,56,0.999999
1170,1,132,79,56,56,0.999875
1171,1,26,160,56,56,1.0
1171,1,180,117,56,56,1.0
1171,1,123,75,56,56,1.0
1172,1,177,109,56,56,1.0
1172,1,122,78,56,56,0.999327
1172,1,34,169,56,56,0.973899
1173,1,180,124,56,56,1.0
1173,1,120,81,56,56,0.999999
1173,1,32,171,56,56,0.595134
1174,1,177,115,56,56,1.0
1174,1,121,84,56,56,0.999995
1175,1,26,174,56,56,1.0
1175,1,184,118,56,56,1.0
1175,1,120,86,56,56,1.0
1176,1,181,134,56,56,1.0
1176,1,120,93,56,56,0.999979
1177,1,180,138,56,56,0.997684
1177,1,120,96,56,56,0.80606
1178,1,183,133,56,56,1.0
1178,1,119,93,56,56,0.999999
1178,1,69,204,56,56,0.952944
1178,1,21,180,56,56,0.525568
1179,1,179,145,56,56,1.0
1179,1,127,87,56,56,1.0
1179,1,72,206,56,56,0.99508
1180,1,169,137,56,56,1.0
1180,1,121,97,56,56,1.0
1180,1,67,209,56,56,0.999952
1181,1,62,210,56,56,0.757678
1182,1,173,146,56,56,1.0
1182,1,125,106,56,56,0.869525
1182,1,141,194,56,56,0.61015
1183,1,188,147,56,56,1.0
1183,1,140,99,56,56,0.963604
1184,1,182,149,56,56,1.0
1187,1,179,162,56,56,1.0
1187,1,128,111,56,56,0.999997
1188,1,180,165,56,56,1.0
1189,1,132,128,56,56,0.999999
1189,1,180,168,56,56,0.999917
1190,1,181,173,56,56,1.0
1190,1,132,129,56,56,0.999999
1191,1,182,169,56,56,1.0
1191,1,134,129,56,56,0.999998
1192,1,129,127,56,56,1.0
1192,1,161,175,56,56,1.0
1193,1,176,166,56,56,1.0
1193,1,136,125,56,56,0.999924
1194,1,177,180,56,56,1.0
1194,1,135,136,56,56,1.0
1195,1,170,180,56,56,1.0
1195,1,128,135,56,56,1.0
1196,1,167,192,56,56,1.0
1196,1,128,136,56,56,1.0
1197,1,174,194,56,56,1.0
1197,1,130,139,56,56,1.0
1198,1,168,190,56,56,1.0
1198,1,129,141,56,56,1.0
1198,1,154,80,56,56,0.992833
1198,1,154,32,56,56,0.990453
1199,1,159,194,56,56,1.0
1199,1,131,144,56,56,1.0
1200,1,158,196,56,56,1.0
1200,1,131,145,56,56,1.0
1201,1,135,159,56,56,1.0
1201,1,172,206,56,56,0.999991
1202,1,157,203,56,56,1.0
1202,1,135,153,56,56,1.0
1203,1,160,206,56,56,1.0
1203,1,137,154,56,56,1.0
1203,1,115,107,56,56,0.999981
1204,1,155,210,56,56,1.0
1204,1,131,157,56,56,1.0
1204,1,114,98,56,56,0.999998
1205,1,163,212,56,56,1.0
1206,1,131,164,56,56,1.0
1206,1,174,215,56,56,1.0
1206,1,111,109,56,56,0.999671
1207,1,162,218,56,56,1.0
1207,1,135,161,56,56,1.0
1207,1,110,110,56,56,0.999943
1208,1,132,168,56,56,1.0
1209,1,161,223,56,56,1.0
1209,1,135,173,56,56,1.0
1210,1,176,228,56,56,1.0
1210,1,133,179,56,56,1.0
1211,1,168,231,56,56,1.0
1211,1,145,191,56,56,1.0
1212,1,136,179,56,56,1.0
1212,1,140,40,56,56,1.0
1212,1,116,104,56,56,1.0
1213,1,136,181,56,56,1.0
1213,1,141,41,56,56,1.0
1214,1,129,183,56,56,1.0
1214,1,93,105,56,56,1.0
1214,1,141,56,56,56,0.999992
1215,1,140,185,56,56,1.0
1215,1,91,108,56,56,1.0
1215,1,145,44,56,56,1.0
1216,1,138,186,56,56,1.0
1216,1,88,110,56,56,1.0
1216,1,149,55,56,56,1.0
1217,1,141,189,56,56,1.0
1217,1,82,116,56,56,1.0
1217,1,150,63,56,56,1.0
1218,1,142,191,56,56,1.0
1218,1,151,53,56,56,1.0
1219,1,150,188,56,56,1.0
1219,1,148,68,56,56,1.0
1220,1,142,193,56,56,1.0
1220,1,152,62,56,56,0.999998
1221,1,150,195,56,56,1.0
1221,1,154,71,56,56,0.999995
1222,1,152,197,56,56,1.0
1222,1,156,73,56,56,1.0
1222,1,66,113,56,56,0.999943
1223,1,154,198,56,56,1.0
1223,1,163,78,56,56,0.999994
1224,1,164,200,56,56,1.0
1224,1,165,75,56,56,1.0
1225,1,158,210,56,56,1.0
1225,1,165,84,56,56,1.0
1226,1,168,212,56,56,1.0
1226,1,166,83,56,56,1.0
1227,1,162,211,56,56,1.0
1227,1,166,80,56,56,1.0
1228,1,169,213,56,56,1.0
1228,1,170,85,56,56,0.999992
1228,1,132,174,56,56,0.639336
1229,1,180,207,56,56,1.0
1229,1,169,86,56,56,1.0
1230,1,169,217,56,56,1.0
1230,1,170,85,56,56,1.0
1230,1,69,150,56,56,0.981867
1231,1,171,95,56,56,1.0
1231,1,58,158,56,56,0.895113
1232,1,181,221,56,56,1.0
1232,1,165,97,56,56,1.0
1232,1,63,174,56,56,0.889655
1233,1,182,214,56,56,1.0
1233,1,168,98,56,56,1.0
1233,1,53,157,56,56,1.0
1234,1,172,101,56,56,1.0
1234,1,188,213,56,56,1.0
1234,1,57,150,56,56,0.999563
1235,1,174,105,56,56,1.0
1235,1,190,217,56,56,1.0
1235,1,153,52,56,56,0.999956
1235,1,71,170,56,56,0.999727
1236,1,178,110,56,56,1.0
1236,1,51,158,56,56,0.997488
1236,1,154,54,56,56,0.992384
1237,1,177,120,56,56,1.0
1237,1,153,56,56,56,0.999962
1237,1,50,162,56,56,0.999792
1238,1,151,58,56,56,1.0
1238,1,183,114,56,56,1.0
1238,1,23,142,56,56,0.999943
1239,1,19,145,56,56,1.0
1239,1,142,60,56,56,1.0
1239,1,182,124,56,56,0.999992
1240,1,189,120,56,56,1.0
1240,1,141,64,56,56,0.999796
1240,1,40,171,56,56,0.980048
1240,1,132,210,56,56,0.540776
1241,1,140,67,56,56,1.0
1241,1,180,123,56,56,0.999745
1241,1,37,160,56,56,0.99663
1242,1,139,69,56,56,0.999068
1242,1,34,170,56,56,0.99441
1242,1,179,125,56,56,0.991901
1243,1,138,73,56,56,0.999934
1243,1,178,129,56,56,0.986737
1244,1,141,65,56,56,0.999
1244,1,26,170,56,56,0.926581
1244,1,181,129,56,56,0.875556
1245,1,22,164,56,56,0.987463
1246,1,140,73,56,56,0.999989
1246,1,18,163,56,56,0.95829
1247,1,14,172,56,56,0.999998
1247,1,142,73,56,56,0.999358
1248,1,133,78,56,56,0.999987
1249,1,8,174,56,56,0.660618
1250,1,21,183,56,56,0.999358
1252,1,14,185,56,56,0.999363
1252,1,130,98,56,56,0.669002
1253,1,13,186,56,56,0.999941
1253,1,123,94,56,56,0.998843
1254,1,10,187,56,56,0.999785
1255,1,121,92,56,56,0.999959
1255,1,9,188,56,56,0.984868
1255,1,129,156,56,56,0.703224
1256,1,119,88,56,56,1.0
1256,1,5,180,56,56,0.899022
1257,1,118,93,56,56,1.0
1258,1,126,102,56,56,1.0
1258,1,169,38,56,56,0.989831
1259,1,169,40,56,56,0.999994
1259,1,125,98,56,56,0.999983
1260,1,169,42,56,56,0.999998
1260,1,116,101,56,56,0.99877
1261,1,161,40,56,56,0.999961
1261,1,123,112,56,56,0.999281
1262,1,115,107,56,56,0.999958
1262,1,169,45,56,56,0.999226
1263,1,168,46,56,56,0.999963
1263,1,123,110,56,56,0.999959
1264,1,168,50,56,56,0.999991
1264,1,105,113,56,56,0.999849
1265,1,109,103,56,56,1.0
1265,1,159,51,56,56,0.997793
1266,1,101,113,56,56,1.0
1266,1,167,52,56,56,0.995408
1267,1,101,108,56,56,1.0
1267,1,168,57,56,56,0.965715
1268,1,100,111,56,56,1.0
1268,1,168,61,56,56,0.998285
1269,1,98,113,56,56,1.0
1269,1,159,58,56,56,1.0
1270,1,96,115,56,56,1.0
1270,1,166,59,56,56,0.981174
1271,1,94,132,56,56,1.0
1271,1,157,59,56,56,0.999518
1272,1,92,133,56,56,1.0
1272,1,165,61,56,56,0.997384
1273,1,90,124,56,56,1.0
1273,1,164,63,56,56,0.999617
1274,1,95,127,56,56,1.0
1274,1,164,65,56,56,0.999992
1275,1,89,131,56,56,1.0
1275,1,163,67,56,56,0.999817
1276,1,91,133,56,56,1.0
1276,1,162,69,56,56,1.0
1277,1,76,137,56,56,1.0
1277,1,153,62,56,56,1.0
1278,1,79,134,56,56,1.0
1278,1,157,67,56,56,1.0
1279,1,157,73,56,56,1.0
1279,1,69,150,56,56,0.99554
1280,1,67,150,56,56,1.0
1280,1,151,78,56,56,1.0
1281,1,63,150,56,56,1.0
1281,1,156,88,56,56,1.0
1282,1,154,83,56,56,0.999998
1282,1,70,154,56,56,0.999996
1283,1,82,164,56,56,1.0
1283,1,154,70,56,56,1.0
1284,1,70,149,56,56,1.0
1284,1,152,73,56,56,1.0
1285,1,70,157,56,56,1.0
1285,1,150,75,56,56,1.0
1286,1,53,157,56,56,1.0
1286,1,150,86,56,56,1.0
1287,1,52,158,56,56,1.0
1287,1,140,82,56,56,1.0
1288,1,67,169,56,56,1.0
1288,1,140,93,56,56,1.0
1289,1,61,164,56,56,1.0
1289,1,147,94,56,56,1.0
1290,1,50,175,56,56,1.0
1291,1,49,170,56,56,1.0
1292,1,47,173,56,56,1.0
1292,1,148,109,56,56,0.999984
1293,1,45,177,56,56,1.0
1293,1,125,112,56,56,0.949229
1294,1,43,183,56,56,1.0
1295,1,49,191,56,56,0.999999
1295,1,127,123,56,56,0.958627
1296,1,31,186,56,56,1.0
1296,1,157,105,56,56,1.0
1297,1,37,192,56,56,1.0
1297,1,156,109,56,56,0.999995
1298,1,34,191,56,56,1.0
1298,1,151,103,56,56,0.999966
1299,1,39,202,56,56,1.0
1299,1,158,105,56,56,0.999676
1300,1,29,199,56,56,1.0
1300,1,156,116,56,56,0.999997
1301,1,28,199,56,56,0.999998
1301,1,132,132,56,56,0.992375
1302,1,42,208,56,56,1.0
1302,1,166,130,56,56,1.0
1303,1,41,204,56,56,1.0
1303,1,171,128,56,56,1.0
1304,1,36,215,56,56,1.0
1304,1,175,127,56,56,1.0
1304,1,167,191,56,56,0.732984
1305,1,34,217,56,56,1.0
1305,1,173,136,56,56,1.0
1306,1,173,140,56,56,1.0
1306,1,33,210,56,56,0.999997
1307,1,173,142,56,56,0.999999
1308,1,175,147,56,56,1.0
1309,1,174,140,56,56,1.0
1310,1,155,145,56,56,0.98317
1311,1,181,156,56,56,0.999598
1312,1,20,220,56,56,1.0
1312,1,181,151,56,56,0.999703
1313,1,185,159,56,56,1.0
1313,1,17,229,56,56,0.997173
1314,1,181,162,56,56,1.0
1315,1,10,229,56,56,1.0
1315,1,141,79,56,56,0.998981
1315,1,181,151,56,56,0.998685
1316,1,185,161,56,56,1.0
1316,1,122,75,56,56,0.999999
1316,1,4,229,56,56,0.999839
1317,1,131,86,56,56,0.999981
1317,1,4,221,56,56,0.999856
1317,1,193,157,56,56,0.61007
1318,1,192,167,56,56,1.0
1318,1,148,84,56,56,0.999952
1319,1,152,89,56,56,1.0
1319,1,192,169,56,56,0.796286
1320,1,153,90,56,56,1.0
1320,1,193,170,56,56,0.836189
1321,1,151,88,56,56,0.999954
1322,1,201,186,56,56,1.0
1322,1,152,88,56,56,1.0
1323,1,153,82,56,56,0.999999
1324,1,154,90,56,56,1.0
1325,1,155,92,56,56,1.0
1326,1,155,86,56,56,1.0
1327,1,156,91,56,56,0.999999
1328,1,157,96,56,56,1.0
1329,1,159,98,56,56,1.0
1330,1,159,100,56,56,1.0
1331,1,160,108,56,56,0.999999
1332,1,137,128,56,56,0.999972
1333,1,162,106,56,56,0.999988
1333,1,178,178,56,56,0.638479
1334,1,162,116,56,56,0.999912
1335,1,163,118,56,56,0.999968
1336,1,157,118,56,56,1.0
1337,1,158,122,56,56,1.0
1338,1,160,123,56,56,1.0
1339,1,168,135,56,56,0.999996
1340,1,165,138,56,56,1.0
1341,1,163,156,56,56,0.999996
1341,1,150,63,56,56,0.999972
1341,1,110,39,56,56,0.999926
1342,1,165,134,56,56,1.0
1342,1,165,56,56,56,0.999998
1343,1,166,135,56,56,1.0
1344,1,166,138,56,56,1.0
1344,1,149,72,56,56,0.999998
1345,1,166,147,56,56,1.0
1345,1,147,87,56,56,0.99999
1346,1,166,139,56,56,1.0
1346,1,146,72,56,56,0.999999
1347,1,175,136,56,56,1.0
1348,1,168,178,56,56,1.0
1348,1,152,76,56,56,0.999875
1349,1,169,149,56,56,1.0
1349,1,151,86,56,56,1.0
1350,1,177,175,56,56,1.0
1350,1,144,80,56,56,0.999993
1351,1,176,155,56,56,1.0
1351,1,152,83,56,56,0.99874
1352,1,181,156,56,56,1.0
1352,1,141,92,56,56,1.0
1353,1,183,158,56,56,1.0
1353,1,139,96,56,56,1.0
1353,1,122,41,56,56,0.740063
1354,1,130,94,56,56,1.0
1354,1,186,158,56,56,1.0
1354,1,122,38,56,56,0.999399
1355,1,132,99,56,56,1.0
1355,1,188,163,56,56,0.999966
1356,1,130,103,56,56,1.0
1356,1,178,183,56,56,1.0
1357,1,195,166,56,56,1.0
1357,1,125,116,56,56,1.0
1358,1,202,168,56,56,1.0
1358,1,138,104,56,56,0.999999
1358,1,117,55,56,56,0.999997
1359,1,125,113,56,56,1.0
1359,1,202,161,56,56,1.0
1359,1,123,42,56,56,0.984963
1360,1,202,169,56,56,1.0
1360,1,154,122,56,56,1.0
1361,1,126,117,56,56,1.0
1361,1,198,165,56,56,1.0
1362,1,123,121,56,56,1.0
1362,1,179,185,56,56,0.992603
1363,1,124,127,56,56,1.0
1363,1,125,57,56,56,0.999992
1363,1,188,191,56,56,0.980978
1364,1,122,126,56,56,0.999997
1365,1,129,126,56,56,1.0
1365,1,125,57,56,56,0.999901
1365,1,137,190,56,56,0.933991
1365,1,185,198,56,56,0.618417
1366,1,120,128,56,56,1.0
1366,1,122,57,56,56,1.0
1366,1,192,200,56,56,0.998938
1367,1,112,138,56,56,1.0
1368,1,119,137,56,56,1.0
1368,1,120,67,56,56,1.0
1368,1,191,201,56,56,0.756947
1369,1,111,142,56,56,1.0
1369,1,123,82,56,56,0.9968
1370,1,118,146,56,56,1.0
1371,1,118,155,56,56,1.0
1372,1,117,151,56,56,1.0
1373,1,109,160,56,56,1.0
1373,1,116,69,56,56,1.0
1374,1,117,159,56,56,1.0
1374,1,111,75,56,56,1.0
1375,1,116,171,56,56,1.0
1375,1,109,74,56,56,1.0
1376,1,106,175,56,56,1.0
1376,1,109,82,56,56,0.999891
1377,1,114,176,56,56,1.0
1377,1,138,41,56,56,0.992889
1377,1,110,93,56,56,0.985709
1378,1,107,179,56,56,1.0
1378,1,102,87,56,56,1.0
1379,1,107,182,56,56,1.0
1380,1,102,183,56,56,1.0
1380,1,91,92,56,56,1.0
1381,1,106,191,56,56,1.0
1381,1,89,97,56,56,1.0
1382,1,88,100,56,56,1.0
1382,1,105,189,56,56,1.0
1383,1,83,96,56,56,1.0
1383,1,130,198,56,56,0.999489
1383,1,155,96,56,56,0.884527
1384,1,103,197,56,56,1.0
1384,1,86,103,56,56,0.999999
1385,1,90,101,56,56,1.0
1385,1,108,200,56,56,0.99999
1386,1,87,107,56,56,1.0
1386,1,102,210,56,56,1.0
1387,1,98,210,56,56,1.0
1387,1,81,114,56,56,1.0
1387,1,152,60,56,56,0.970571
1388,1,97,211,56,56,0.999999
1388,1,160,66,56,56,0.949701
1388,1,86,110,56,56,0.949153
1389,1,95,216,56,56,1.0
1389,1,76,121,56,56,1.0
1390,1,96,215,56,56,1.0
1390,1,79,125,56,56,1.0
1390,1,159,64,56,56,0.999644
1390,1,129,105,56,56,0.927402
1391,1,78,128,56,56,1.0
1391,1,102,226,56,56,0.999999
1391,1,129,110,56,56,0.96385
1392,1,88,224,56,56,1.0
1392,1,78,128,56,56,1.0
1392,1,160,68,56,56,0.999998
1393,1,95,226,56,56,1.0
1393,1,78,134,56,56,1.0
1393,1,160,68,56,56,0.999977
1394,1,77,137,56,56,1.0
1394,1,92,232,56,56,1.0
1394,1,152,72,56,56,0.997122
1394,1,157,137,56,56,0.977257
1395,1,84,144,56,56,1.0
1395,1,152,73,56,56,0.999888
1395,1,119,226,56,56,0.999712
1396,1,72,144,56,56,1.0
1396,1,94,229,56,56,0.999951
1396,1,161,75,56,56,0.999606
1397,1,71,145,56,56,1.0
1397,1,167,81,56,56,1.0
1397,1,118,236,56,56,0.679433
1398,1,68,149,56,56,1.0
1398,1,118,238,56,56,0.998682
1398,1,162,82,56,56,0.976217
1398,1,162,138,56,56,0.632607
1399,1,66,158,56,56,1.0
1399,1,118,236,56,56,0.999985
1400,1,73,150,56,56,1.0
1400,1,118,240,56,56,0.886115
1401,1,63,154,56,56,1.0
1401,1,119,239,56,56,0.993736
1402,1,54,163,56,56,1.0
1402,1,157,74,56,56,0.999838
1403,1,61,159,56,56,1.0
1403,1,149,59,56,56,1.0
1404,1,57,160,56,56,1.0
1404,1,162,74,56,56,0.999846
1405,1,58,162,56,56,1.0
1405,1,149,106,56,56,0.924419
1406,1,46,173,56,56,1.0
1406,1,164,92,56,56,0.775664
1407,1,45,175,56,56,1.0
1407,1,169,92,56,56,0.837683
1408,1,43,177,56,56,1.0
1408,1,165,88,56,56,1.0
1409,1,50,172,56,56,1.0
1409,1,171,89,56,56,1.0
1410,1,40,182,56,56,1.0
1410,1,144,70,56,56,0.999987
1411,1,39,184,56,56,1.0
1411,1,167,87,56,56,1.0
1412,1,37,185,56,56,1.0
1412,1,167,88,56,56,1.0
1413,1,35,187,56,56,1.0
1413,1,169,88,56,56,1.0
1413,1,121,72,56,56,1.0
1414,1,42,190,56,56,1.0
1414,1,169,92,56,56,1.0
1415,1,32,193,56,56,1.0
1415,1,176,94,56,56,1.0
1415,1,128,78,56,56,0.999998
1416,1,31,195,56,56,1.0
1416,1,175,103,56,56,1.0
1416,1,119,79,56,56,0.999944
1417,1,30,199,56,56,1.0
1417,1,182,106,56,56,1.0
1417,1,127,75,56,56,0.978538
1418,1,28,198,56,56,1.0
1418,1,124,82,56,56,0.998102
1418,1,180,106,56,56,0.995491
1419,1,33,202,56,56,1.0
1419,1,163,92,56,56,0.971227
1420,1,31,204,56,56,1.0
1421,1,27,206,56,56,1.0
1421,1,178,130,56,56,0.995484
1421,1,130,82,56,56,0.994397
1422,1,29,213,56,56,1.0
1422,1,113,95,56,56,0.999996
1423,1,26,213,56,56,1.0
1423,1,121,97,56,56,0.999859
1423,1,185,127,56,56,0.573897
1424,1,20,213,56,56,1.0
1424,1,120,101,56,56,0.999867
1425,1,14,215,56,56,1.0
1425,1,110,104,56,56,0.999756
1425,1,142,160,56,56,0.798
1426,1,28,221,56,56,1.0
1426,1,114,103,56,56,1.0
1427,1,26,225,56,56,1.0
1427,1,109,110,56,56,1.0
1428,1,25,224,56,56,1.0
1428,1,117,111,56,56,0.999993
1428,1,141,159,56,56,0.996953
1429,1,114,115,56,56,1.0
1429,1,20,231,56,56,0.999918
1430,1,16,240,56,56,1.0
1430,1,116,112,56,56,0.999999
1431,1,27,233,56,56,0.999986
1431,1,116,115,56,56,0.999894
1432,1,115,117,56,56,0.916137
1432,1,27,229,56,56,0.83663
1433,1,115,118,56,56,0.99993
1433,1,23,240,56,56,0.981241
1434,1,115,123,56,56,0.999923
1435,1,140,55,56,56,0.999899
1435,1,114,124,56,56,0.998325
1435,1,154,180,56,56,0.994292
1435,1,61,229,56,56,0.72903
1436,1,138,58,56,56,1.0
1436,1,121,134,56,56,0.999984
1436,1,20,236,56,56,0.985922
1436,1,153,182,56,56,0.948047
1437,1,111,127,56,56,1.0
1437,1,135,59,56,56,1.0
1437,1,151,191,56,56,0.979206
1438,1,115,133,56,56,1.0
1438,1,128,57,56,56,1.0
1438,1,155,197,56,56,0.669893
1439,1,111,136,56,56,1.0
1439,1,216,161,56,56,0.999997
1439,1,159,200,56,56,0.999995
1440,1,111,140,56,56,1.0
1440,1,159,196,56,56,0.913825
1441,1,112,144,56,56,1.0
1441,1,160,200,56,56,0.970663
1442,1,120,153,56,56,0.998596
1442,1,152,201,56,56,0.995641
1443,1,119,150,56,56,1.0
1444,1,116,153,56,56,0.999974
1445,1,114,165,56,56,0.999987
1446,1,113,164,56,56,0.999985
1446,1,132,80,56,56,0.72551
1447,1,113,163,56,56,1.0
1448,1,109,168,56,56,1.0
1449,1,113,172,56,56,1.0
1449,1,115,92,56,56,0.977184
1450,1,114,180,56,56,1.0
1450,1,109,90,56,56,0.998412
1451,1,113,175,56,56,1.0
1452,1,109,179,56,56,1.0
1452,1,117,92,56,56,0.997261
1453,1,112,181,56,56,1.0
1453,1,121,112,56,56,0.996704
1454,1,108,190,56,56,1.0
1454,1,107,95,56,56,0.999261
1455,1,105,187,56,56,1.0
1455,1,102,98,56,56,0.999072
1456,1,105,189,56,56,1.0
1456,1,96,79,56,56,1.0
1457,1,101,192,56,56,1.0
1457,1,90,98,56,56,0.916622
1457,1,154,98,56,56,0.82113
1458,1,109,201,56,56,1.0
1458,1,79,90,56,56,1.0
1459,1,100,199,56,56,1.0
1459,1,127,84,56,56,0.999963
1460,1,106,201,56,56,1.0
1460,1,93,87,56,56,0.999892
1461,1,99,202,56,56,1.0
1461,1,94,122,56,56,0.9365
1462,1,97,205,56,56,1.0
1462,1,94,118,56,56,0.99965
1463,1,98,204,56,56,1.0
1463,1,90,113,56,56,0.997497
1464,1,95,212,56,56,1.0
1464,1,91,113,56,56,0.985082
1465,1,92,209,56,56,1.0
1466,1,90,214,56,56,1.0
1467,1,97,217,56,56,1.0
1467,1,83,95,56,56,0.999947
1468,1,92,219,56,56,1.0
1469,1,86,222,56,56,1.0
1470,1,86,224,56,56,1.0
1470,1,81,122,56,56,0.99923
1471,1,85,223,56,56,1.0
1471,1,80,120,56,56,0.99813
1471,1,120,168,56,56,0.889987
1472,1,92,228,56,56,1.0
1472,1,78,121,56,56,0.999812
1472,1,134,89,56,56,0.564856
1473,1,89,234,56,56,1.0
1473,1,133,89,56,56,0.958925
1473,1,69,97,56,56,0.806435
1474,1,90,239,56,56,1.0
1474,1,73,97,56,56,0.997047
1474,1,137,97,56,56,0.976742
1474,1,137,177,56,56,0.848166
1475,1,82,233,56,56,0.999931
1475,1,128,97,56,56,0.999591
1475,1,64,97,56,56,0.959407
1476,1,123,106,56,56,0.999987
1476,1,89,234,56,56,0.99983
1476,1,63,121,56,56,0.993907
1477,1,68,122,56,56,0.99995
1478,1,58,120,56,56,0.964031
1479,1,56,120,56,56,0.997264
1479,1,128,101,56,56,0.996314
1479,1,97,240,56,56,0.509793
1480,1,60,127,56,56,0.990756
1480,1,126,102,56,56,0.945755
1481,1,58,119,56,56,0.997152
1481,1,91,151,56,56,0.704022
1482,1,55,119,56,56,0.999013
1483,1,60,119,56,56,0.995309
1484,1,144,113,56,56,0.944465
1485,1,130,97,56,56,0.999969
1485,1,78,151,56,56,0.896639
1485,1,46,111,56,56,0.640414
1486,1,126,102,56,56,0.99998
1486,1,86,150,56,56,0.971955
1486,1,40,119,56,56,0.782075
1487,1,123,108,56,56,0.999995
1487,1,34,119,56,56,0.987996
1487,1,74,159,56,56,0.987637
1488,1,157,101,56,56,0.999775
1488,1,63,150,56,56,0.999536
1489,1,139,120,56,56,0.999372
1489,1,33,118,56,56,0.902632
1490,1,135,127,56,56,0.999911
1490,1,39,110,56,56,0.946044
1490,1,57,158,56,56,0.911117
1490,1,143,175,56,56,0.86129
1491,1,63,155,56,56,0.999037
1491,1,144,134,56,56,0.99445
1491,1,29,110,56,56,0.746952
1492,1,111,124,56,56,0.999151
1492,1,35,118,56,56,0.869805
1492,1,67,174,56,56,0.643114
1493,1,176,102,56,56,1.0
1493,1,102,124,56,56,0.999999
1494,1,101,127,56,56,1.0
1494,1,180,116,56,56,0.999983
1494,1,140,187,56,56,0.963661
1495,1,106,142,56,56,0.999881
1495,1,163,114,56,56,0.998227
1496,1,104,133,56,56,0.999692
1497,1,102,136,56,56,1.0
1498,1,94,139,56,56,1.0
1500,1,98,151,56,56,0.999988
1501,1,103,166,56,56,0.944162
1502,1,91,154,56,56,0.999706
1502,1,130,41,56,56,0.69597
1503,1,97,165,56,56,1.0
1503,1,147,196,56,56,0.85558
1504,1,145,199,56,56,0.905034
1504,1,132,54,56,56,0.781188
1505,1,96,166,56,56,1.0
1506,1,88,167,56,56,1.0
1506,1,133,205,56,56,0.999723
1507,1,96,171,56,56,1.0
1507,1,136,211,56,56,0.996714
1507,1,135,92,56,56,0.650191
1509,1,88,171,56,56,0.999991
1509,1,136,211,56,56,0.864115
1510,1,87,174,56,56,0.99964
1511,1,95,176,56,56,1.0
1512,1,95,176,56,56,1.0
1513,1,94,183,56,56,1.0
1514,1,95,184,56,56,1.0
1515,1,94,188,56,56,0.999995
1515,1,140,76,56,56,0.995645
1516,1,95,184,56,56,1.0
1516,1,134,77,56,56,0.982676
1517,1,92,189,56,56,1.0
1518,1,91,191,56,56,0.999984
1519,1,90,194,56,56,0.999932
1520,1,90,203,56,56,0.999871
1521,1,89,199,56,56,1.0
1521,1,136,95,56,56,0.999741
1522,1,105,202,56,56,1.0
1522,1,135,96,56,56,0.969457
1523,1,88,204,56,56,0.999915
1523,1,136,94,56,56,0.999742
1524,1,137,104,56,56,0.995707
1525,1,136,106,56,56,0.999983
1526,1,136,106,56,56,0.998772
1527,1,143,113,56,56,0.993985
1528,1,136,113,56,56,1.0
1529,1,140,114,56,56,0.999994
1529,1,92,211,56,56,0.999656
1530,1,136,120,56,56,0.999949
1531,1,82,229,56,56,0.999773
1531,1,135,129,56,56,0.999256
1532,1,84,229,56,56,0.997777
1533,1,137,130,56,56,1.0
1534,1,70,235,56,56,1.0
1534,1,137,133,56,56,0.999901
1535,1,77,240,56,56,1.0
1535,1,136,136,56,56,1.0
1536,1,134,139,56,56,1.0
1536,1,73,233,56,56,0.975186
1537,1,133,142,56,56,0.999999
1538,1,141,146,56,56,1.0
1539,1,143,150,56,56,0.999994
1539,1,77,237,56,56,0.857072
1540,1,74,235,56,56,0.79107
1541,1,141,149,56,56,1.0
1542,1,141,152,56,56,1.0
1542,1,78,238,56,56,0.99075
1543,1,143,159,56,56,1.0
1544,1,136,162,56,56,1.0
1545,1,144,162,56,56,0.999788
1546,1,150,164,56,56,0.999999
1547,1,150,171,56,56,0.999999
1547,1,118,227,56,56,0.812888
1548,1,150,179,56,56,1.0
1562,1,170,104,56,56,1.0
1562,1,154,211,56,56,0.999986
1563,1,169,103,56,56,0.999983
1564,1,167,109,56,56,0.999997
1565,1,167,110,56,56,0.999893
1566,1,170,111,56,56,1.0
1567,1,171,112,56,56,0.999995
1568,1,176,106,56,56,1.0
1572,1,187,107,56,56,1.0
1576,1,127,108,56,56,0.999623
1579,1,138,117,56,56,0.999863
1580,1,132,119,56,56,1.0
1585,1,142,126,56,56,1.0
1586,1,137,139,56,56,1.0
1587,1,147,137,56,56,1.0
1595,1,157,161,56,56,1.0
1596,1,150,164,56,56,1.0
1597,1,167,160,56,56,0.999999
1599,1,162,173,56,56,1.0
1601,1,170,200,56,56,1.0
1602,1,176,202,56,56,1.0
1604,1,122,70,56,56,1.0
1605,1,122,72,56,56,1.0
1605,1,180,195,56,56,0.999894
1606,1,182,196,56,56,1.0
1606,1,131,75,56,56,1.0
1608,1,125,79,56,56,1.0
1608,1,188,208,56,56,0.999977
1613,1,204,203,56,56,1.0
1622,1,119,94,56,56,1.0
1623,1,118,100,56,56,1.0
1624,1,121,98,56,56,1.0
1625,1,123,99,56,56,1.0
1626,1,114,108,56,56,1.0
1627,1,112,106,56,56,1.0
1628,1,110,109,56,56,1.0
1629,1,117,111,56,56,1.0
1630,1,116,113,56,56,1.0
1631,1,106,123,56,56,1.0
1632,1,114,124,56,56,1.0
1633,1,105,117,56,56,1.0
1634,1,145,107,56,56,0.996249
1635,1,156,102,56,56,0.999959
1636,1,157,101,56,56,0.99988
1636,1,135,157,56,56,0.999664
1637,1,162,110,56,56,0.998809
1638,1,161,112,56,56,0.999993
1640,1,164,113,56,56,0.998519
1641,1,165,117,56,56,0.999956
1643,1,170,119,56,56,0.918983
1644,1,171,121,56,56,0.897542
1645,1,172,127,56,56,0.994006
1645,1,106,142,56,56,0.992539
1645,1,204,87,56,56,0.990476
1646,1,107,141,56,56,1.0
1646,1,175,131,56,56,0.999814
1647,1,116,143,56,56,0.999996
1648,1,110,145,56,56,1.0
1649,1,111,146,56,56,0.999999
1650,1,112,148,56,56,0.999999
1651,1,186,138,56,56,0.999787
1651,1,112,150,56,56,0.998985
1652,1,121,152,56,56,1.0
1653,1,122,147,56,56,1.0
1654,1,122,150,56,56,1.0
1655,1,114,154,56,56,1.0
1659,1,111,161,56,56,1.0
1659,1,189,169,56,56,0.589252
1660,1,103,162,56,56,1.0
1661,1,109,171,56,56,1.0
1661,1,198,180,56,56,0.812496
1662,1,110,164,56,56,1.0
1663,1,112,168,56,56,1.0
1664,1,110,177,56,56,1.0
1665,1,101,167,56,56,1.0
1666,1,99,178,56,56,0.999997
1668,1,93,172,56,56,0.997551
1669,1,116,192,56,56,0.890063
1670,1,106,192,56,56,0.980534
1671,1,149,91,56,56,1.0
1671,1,160,36,56,56,1.0
1671,1,99,178,56,56,0.998891
1672,1,98,179,56,56,0.999805
1673,1,108,188,56,56,0.999942
1674,1,103,188,56,56,0.994848
1674,1,151,204,56,56,0.844023
1675,1,101,196,56,56,0.998125
1675,1,149,204,56,56,0.915899
1676,1,102,197,56,56,0.999985
1677,1,98,195,56,56,0.998059
1678,1,101,198,56,56,0.998919
1679,1,95,199,56,56,0.99982
1680,1,98,192,56,56,0.997411
1680,1,146,184,56,56,0.891379
1681,1,96,201,56,56,0.999729
1682,1,95,202,56,56,0.999999
1683,1,82,188,56,56,0.987109
1684,1,100,205,56,56,0.999999
1685,1,91,199,56,56,0.999899
1686,1,102,208,56,56,0.999999
1687,1,93,204,56,56,0.999996
1688,1,96,212,56,56,0.999969
1689,1,57,208,56,56,1.0
1690,1,59,200,56,56,1.0
1691,1,57,206,56,56,1.0
1691,1,159,50,56,56,0.999823
1692,1,57,220,56,56,1.0
1692,1,179,133,56,56,1.0
1693,1,176,138,56,56,1.0
1693,1,54,215,56,56,0.998575
1693,1,168,82,56,56,0.951764
1694,1,54,225,56,56,0.999997
1695,1,184,142,56,56,1.0
1695,1,56,226,56,56,1.0
1695,1,170,85,56,56,0.693945
1696,1,183,146,56,56,1.0
1696,1,173,70,56,56,0.999387
1697,1,183,150,56,56,1.0
1697,1,168,72,56,56,0.99969
1698,1,175,147,56,56,1.0
1698,1,175,75,56,56,0.996954
1699,1,173,148,56,56,1.0
1699,1,173,84,56,56,0.999999
1700,1,170,148,56,56,1.0
1700,1,154,84,56,56,0.999454
1701,1,171,154,56,56,1.0
1701,1,87,229,56,56,1.0
1701,1,176,79,56,56,0.999995
1702,1,87,222,56,56,1.0
1702,1,182,159,56,56,0.999999
1702,1,174,71,56,56,0.999744
1703,1,174,157,56,56,1.0
1703,1,85,231,56,56,0.999972
1703,1,182,77,56,56,0.994416
1704,1,174,157,56,56,1.0
1704,1,161,47,56,56,0.999975
1704,1,85,224,56,56,0.999928
1705,1,68,225,56,56,0.916393
1706,1,160,51,56,56,0.999999
1706,1,74,218,56,56,0.999956
1706,1,184,91,56,56,0.989214
1707,1,173,161,56,56,1.0
1707,1,205,73,56,56,1.0
1707,1,156,53,56,56,0.999625
1707,1,50,236,56,56,0.985338
1708,1,183,168,56,56,0.999999
1708,1,159,56,56,56,0.999999
1708,1,199,80,56,56,0.992667
1708,1,49,237,56,56,0.959519
1709,1,179,161,56,56,1.0
1709,1,152,52,56,56,1.0
1709,1,203,81,56,56,0.999997
1709,1,84,230,56,56,0.777223
1710,1,171,166,56,56,1.0
1710,1,150,55,56,56,0.999997
1710,1,198,79,56,56,0.998228
1711,1,149,58,56,56,0.999998
1711,1,205,82,56,56,0.99982
1711,1,179,159,56,56,0.996473
1712,1,147,60,56,56,1.0
1712,1,203,84,56,56,0.999184
1713,1,134,62,56,56,0.999999
1714,1,173,166,56,56,1.0
1714,1,149,64,56,56,1.0
1714,1,206,81,56,56,0.999602
1715,1,137,59,56,56,1.0
1716,1,140,68,56,56,0.989595
1717,1,135,72,56,56,0.984647
1718,1,144,67,56,56,1.0
1718,1,214,96,56,56,1.0
1718,1,190,160,56,56,0.793812
1719,1,208,95,56,56,1.0
1719,1,143,73,56,56,1.0
1719,1,184,175,56,56,0.997989
1719,1,83,234,56,56,0.848636
1720,1,144,71,56,56,1.0
1721,1,146,80,56,56,1.0
1722,1,148,80,56,56,1.0
1722,1,228,96,56,56,0.999998
1722,1,156,176,56,56,0.99699
1723,1,146,82,56,56,1.0
1724,1,158,85,56,56,1.0
1725,1,160,88,56,56,1.0
1725,1,192,176,56,56,0.789723
1726,1,155,90,56,56,1.0
1726,1,219,106,56,56,0.998775
1727,1,158,93,56,56,1.0
1727,1,230,109,56,56,1.0
1728,1,169,94,56,56,1.0
1728,1,225,110,56,56,1.0
1729,1,164,100,56,56,1.0
1729,1,232,113,56,56,1.0
1729,1,172,188,56,56,0.591671
1733,1,179,97,56,56,1.0
1736,1,192,204,56,56,1.0
1736,1,168,140,56,56,0.991575
1737,1,181,204,56,56,1.0
1737,1,173,140,56,56,0.592748
1738,1,193,109,56,56,1.0
1738,1,192,205,56,56,1.0
1739,1,194,213,56,56,0.999988
1739,1,194,133,56,56,0.9893
1740,1,192,208,56,56,1.0
1741,1,194,212,56,56,0.999907
1744,1,195,213,56,56,1.0
1745,1,188,214,56,56,1.0
1746,1,206,132,56,56,0.99999
1747,1,221,150,56,56,1.0
1747,1,189,214,56,56,1.0
1796,1,178,211,56,56,1.0
1796,1,146,131,56,56,0.995632
1797,1,176,212,56,56,0.999949
1797,1,184,140,56,56,0.56471
1798,1,169,206,56,56,1.0
1798,1,145,134,56,56,0.521207
1799,1,154,130,56,56,0.997017
1799,1,162,194,56,56,0.995231
1800,1,179,213,56,56,1.0
1800,1,155,133,56,56,0.943807
1801,1,173,209,56,56,1.0
1801,1,141,137,56,56,0.56341
1802,1,169,212,56,56,1.0
1803,1,178,207,56,56,1.0
1803,1,138,143,56,56,0.551332
1807,1,155,144,56,56,0.999992
1807,1,179,192,56,56,0.999141
1808,1,145,144,56,56,1.0
1809,1,149,143,56,56,1.0
1810,1,159,148,56,56,1.0
1810,1,119,100,56,56,0.999979
1818,1,164,158,56,56,1.0
1818,1,108,118,56,56,0.992659
1819,1,106,121,56,56,0.995882
1819,1,154,153,56,56,0.920616
1820,1,161,163,56,56,0.976086
1820,1,97,123,56,56,0.965426
1821,1,112,124,56,56,0.973469
1821,1,160,164,56,56,0.514433
1822,1,111,125,56,56,0.991046
1823,1,88,99,56,56,1.0
1825,1,101,130,56,56,0.996751
1826,1,84,102,56,56,1.0
1830,1,68,113,56,56,0.999991
1831,1,174,215,56,56,1.0
1831,1,74,111,56,56,0.999856
1832,1,173,208,56,56,1.0
1832,1,85,148,56,56,1.0
1833,1,167,211,56,56,1.0
1833,1,82,149,56,56,0.999991
1834,1,174,210,56,56,1.0
1834,1,67,116,56,56,1.0
1835,1,76,152,56,56,0.999986
1835,1,139,200,56,56,0.988615
1837,1,70,146,56,56,0.993654
1840,1,81,148,56,56,0.999101
1841,1,70,140,56,56,0.945211
1842,1,76,151,56,56,0.999997
1843,1,41,145,56,56,0.998221
1844,1,63,149,56,56,1.0
1844,1,133,87,56,56,0.999989
1845,1,59,149,56,56,1.0
1846,1,56,159,56,56,1.0
1847,1,60,163,56,56,1.0
1847,1,144,110,56,56,0.999944
1848,1,57,162,56,56,1.0
1849,1,56,168,56,56,1.0
1849,1,151,113,56,56,0.999755
1850,1,49,165,56,56,1.0
1850,1,147,114,56,56,0.999869
1851,1,29,161,56,56,1.0
1851,1,141,114,56,56,0.999459
1852,1,33,169,56,56,1.0
1852,1,123,99,56,56,0.923217
1853,1,29,171,56,56,1.0
1853,1,112,100,56,56,0.999997
1854,1,26,164,56,56,1.0
1854,1,110,103,56,56,0.99994
1854,1,74,212,56,56,0.873324
1855,1,16,163,56,56,1.0
1855,1,107,100,56,56,1.0
1856,1,30,175,56,56,1.0
1856,1,128,125,56,56,1.0
1857,1,109,112,56,56,0.999996
1858,1,131,97,56,56,0.999991
1859,1,119,138,56,56,0.999969
1860,1,124,140,56,56,0.999908
1861,1,114,134,56,56,0.999987
1861,1,16,180,56,56,0.96654
1862,1,110,136,56,56,0.999947
1863,1,112,145,56,56,0.999694
1864,1,100,141,56,56,0.999879
1865,1,82,135,56,56,0.9834
1866,1,84,138,56,56,0.999996
1867,1,88,125,56,56,0.999999
1868,1,76,140,56,56,1.0
1869,1,80,132,56,56,0.997783
1869,1,112,188,56,56,0.961512
1870,1,79,134,56,56,0.998113
1871,1,59,130,56,56,1.0
1871,1,35,178,56,56,0.997805
1872,1,72,160,56,56,1.0
1873,1,77,162,56,56,0.998892
1874,1,149,83,56,56,1.0
1874,1,70,140,56,56,0.999972
1875,1,58,142,56,56,0.99999
1876,1,47,148,56,56,1.0
1876,1,150,88,56,56,0.743981
1877,1,55,150,56,56,1.0
1878,1,59,160,56,56,0.999937
1879,1,47,154,56,56,0.999583
1880,1,43,164,56,56,0.999997
1881,1,59,181,56,56,0.629706
1882,1,156,98,56,56,0.999985
1882,1,53,180,56,56,0.781698
1883,1,50,173,56,56,0.561138
1885,1,155,129,56,56,0.939516
1886,1,160,95,56,56,0.998287
1886,1,50,179,56,56,0.891279
1887,1,168,100,56,56,0.982659
1888,1,160,136,56,56,0.916843
1888,1,58,206,56,56,0.659573
1889,1,168,103,56,56,0.972483
1889,1,32,172,56,56,0.860752
1890,1,161,130,56,56,0.968293
1897,1,1,186,56,56,0.931343
1899,1,170,214,56,56,1.0
1899,1,186,150,56,56,0.984685
1901,1,195,112,56,56,1.0
1902,1,197,113,56,56,1.0
1923,1,114,59,56,56,0.999844
1923,1,162,35,56,56,0.704488
1927,1,137,93,56,56,0.999684
1931,1,115,77,56,56,0.999984
1931,1,163,37,56,56,0.807303
1932,1,111,79,56,56,0.998556
1938,1,93,87,56,56,1.0
1938,1,141,135,56,56,0.995909
1939,1,97,88,56,56,1.0
1940,1,127,51,56,56,0.990904
1941,1,137,137,56,56,1.0
1941,1,133,51,56,56,0.999075
1942,1,131,47,56,56,0.998049
1943,1,132,45,56,56,0.998488
1945,1,134,52,56,56,0.993996
1946,1,133,58,56,56,0.998746
1947,1,80,99,56,56,1.0
1947,1,128,147,56,56,1.0
1947,1,134,55,56,56,0.991956
1948,1,127,151,56,56,1.0
1948,1,79,103,56,56,0.852876
1948,1,126,55,56,56,0.826549
1949,1,78,105,56,56,0.999648
1949,1,118,153,56,56,0.999555
1949,1,134,55,56,56,0.999215
1950,1,71,107,56,56,0.999109
1950,1,134,64,56,56,0.719086
1950,1,127,155,56,56,0.668986
1951,1,70,115,56,56,1.0
1951,1,118,155,56,56,1.0
1952,1,122,160,56,56,0.992646
1953,1,117,162,56,56,1.0
1953,1,69,114,56,56,0.999891
1953,1,135,64,56,56,0.601444
1955,1,63,117,56,56,1.0
1955,1,111,165,56,56,0.995233
1956,1,59,119,56,56,1.0
1956,1,133,73,56,56,0.998016
1956,1,107,159,56,56,0.612662
1957,1,48,121,56,56,0.992259
1957,1,133,74,56,56,0.921542
1957,1,112,153,56,56,0.629096
1959,1,132,77,56,56,0.978762
1961,1,176,221,56,56,1.0
1961,1,132,80,56,56,0.994255
1961,1,103,166,56,56,0.685892
1962,1,173,213,56,56,1.0
1962,1,114,182,56,56,0.999996
1963,1,171,213,56,56,1.0
1963,1,115,181,56,56,0.997904
1964,1,75,161,56,56,0.975628
1965,1,63,155,56,56,0.986558
1966,1,102,180,56,56,0.997779
1967,1,93,178,56,56,0.581852
1968,1,67,176,56,56,0.982441
1969,1,63,176,56,56,0.897031
1970,1,61,173,56,56,1.0
1971,1,64,174,56,56,1.0
1972,1,59,178,56,56,1.0
1973,1,50,171,56,56,1.0
1974,1,53,185,56,56,0.999792
1975,1,74,211,56,56,0.775055
1976,1,41,183,56,56,0.999821
1977,1,69,201,56,56,0.988231
1977,1,128,98,56,56,0.767295
1978,1,56,171,56,56,0.987485
1978,1,152,107,56,56,0.542994
1979,1,54,181,56,56,1.0
1981,1,53,200,56,56,0.722448
1982,1,50,185,56,56,0.542634
1983,1,46,210,56,56,0.973887
1984,1,130,74,56,56,0.999963
1987,1,125,83,56,56,1.0
1989,1,34,201,56,56,0.757913
1990,1,30,202,56,56,0.925731
1991,1,26,218,56,56,0.969184
1991,1,137,119,56,56,0.50791
1992,1,130,90,56,56,1.0
1992,1,22,221,56,56,0.727057
1992,1,22,173,56,56,0.603804
1994,1,130,87,56,56,1.0
1994,1,16,180,56,56,0.928768
1995,1,13,192,56,56,0.537559
2004,1,134,131,56,56,0.522487
2009,1,130,104,56,56,1.0
2010,1,122,105,56,56,0.999985
2011,1,120,98,56,56,0.999953
2012,1,126,106,56,56,0.999964
2013,1,124,107,56,56,0.999415
2014,1,123,108,56,56,1.0
2014,1,186,196,56,56,0.939377
2015,1,147,106,56,56,0.999997
2016,1,145,104,56,56,1.0
2016,1,182,199,56,56,0.747188
2017,1,150,108,56,56,0.972582
2018,1,173,204,56,56,1.0
2018,1,105,112,56,56,1.0
2019,1,155,83,56,56,0.999999
2019,1,98,120,56,56,0.999999
2019,1,178,208,56,56,0.999973
2020,1,103,121,56,56,0.999877
2020,1,175,209,56,56,0.998751
2021,1,172,210,56,56,1.0
2021,1,94,122,56,56,0.999841
2021,1,156,114,56,56,0.985921
2022,1,172,205,56,56,1.0
2022,1,155,90,56,56,1.0
2022,1,92,125,56,56,0.999989
2023,1,174,216,56,56,1.0
2023,1,163,95,56,56,0.999999
2023,1,94,128,56,56,0.999691
2023,1,134,184,56,56,0.963687
2024,1,169,216,56,56,1.0
2024,1,89,120,56,56,0.992636
2024,1,159,112,56,56,0.907362
2025,1,167,103,56,56,1.0
2025,1,100,121,56,56,0.98711
2025,1,207,167,56,56,0.808236
2026,1,85,141,56,56,0.999982
2026,1,166,210,56,56,0.974835
2026,1,166,114,56,56,0.923165
2027,1,168,95,56,56,1.0
2027,1,83,123,56,56,1.0
2028,1,171,117,56,56,0.999942
2028,1,87,139,56,56,0.999834
2028,1,160,180,56,56,0.695893
2029,1,85,136,56,56,0.999941
2029,1,167,116,56,56,0.999889
2029,1,183,204,56,56,0.950934
2030,1,82,137,56,56,1.0
2030,1,180,104,56,56,0.999989
2031,1,183,108,56,56,1.0
2031,1,84,141,56,56,0.999963
2031,1,176,205,56,56,0.998478
2032,1,193,111,56,56,1.0
2032,1,82,144,56,56,0.999999
2032,1,177,207,56,56,0.999861
2033,1,182,104,56,56,1.0
2033,1,81,140,56,56,0.998086
2034,1,193,114,56,56,0.999981
2034,1,76,144,56,56,0.999926
2035,1,83,139,56,56,1.0
2035,1,189,109,56,56,0.999992
2036,1,201,118,56,56,1.0
2036,1,74,144,56,56,0.999992
2037,1,72,149,56,56,1.0
2038,1,77,150,56,56,1.0
2039,1,75,155,56,56,1.0
2039,1,200,121,56,56,0.999692
2039,1,152,89,56,56,0.999546
2039,1,174,204,56,56,0.998619
2040,1,73,155,56,56,1.0
2040,1,207,120,56,56,1.0
2040,1,175,208,56,56,1.0
2041,1,72,162,56,56,1.0
2041,1,184,122,56,56,1.0
2041,1,176,210,56,56,0.999882
2042,1,62,156,56,56,0.999998
2043,1,186,119,56,56,1.0
2043,1,65,158,56,56,1.0
2043,1,178,207,56,56,0.998945
2044,1,175,208,56,56,1.0
2044,1,68,158,56,56,1.0
2044,1,199,144,56,56,0.999807
2045,1,62,159,56,56,1.0
2046,1,59,154,56,56,1.0
2047,1,66,161,56,56,1.0
2048,1,56,163,56,56,1.0
2049,1,53,158,56,56,1.0
2050,1,66,163,56,56,1.0
2051,1,59,165,56,56,1.0
2051,1,206,146,56,56,0.999998
2051,1,158,98,56,56,0.999087
2052,1,52,172,56,56,0.999524
2053,1,66,160,56,56,1.0
2054,1,47,156,56,56,1.0
2055,1,47,157,56,56,1.0
2055,1,156,83,56,56,0.999992
2056,1,61,168,56,56,1.0
2057,1,49,158,56,56,1.0
2058,1,41,167,56,56,0.999957
2058,1,89,183,56,56,0.999343
2059,1,31,158,56,56,1.0
2059,1,155,105,56,56,0.798742
2059,1,187,193,56,56,0.647774
2060,1,227,156,56,56,1.0
2060,1,163,84,56,56,0.999993
2060,1,36,166,56,56,0.999679
2061,1,234,157,56,56,1.0
2061,1,166,104,56,56,1.0
2061,1,42,164,56,56,0.999997
2061,1,138,45,56,56,0.992019
2062,1,167,101,56,56,1.0
2062,1,50,156,56,56,1.0
2062,1,138,47,56,56,0.997841
2063,1,170,105,56,56,0.999998
2063,1,30,164,56,56,0.999923
2063,1,78,188,56,56,0.999299
2063,1,130,57,56,56,0.984062
2064,1,37,164,56,56,1.0
2064,1,170,107,56,56,0.999992
2064,1,138,51,56,56,0.995198
2065,1,28,164,56,56,0.999977
2065,1,170,101,56,56,0.999777
2066,1,173,205,56,56,1.0
2066,1,27,164,56,56,1.0
2066,1,171,111,56,56,0.999569
2067,1,18,152,56,56,1.0
2069,1,16,155,56,56,1.0
2072,1,214,120,56,56,1.0
2072,1,142,70,56,56,0.998049
2073,1,212,115,56,56,1.0
2074,1,205,115,56,56,1.0
2074,1,40,180,56,56,0.591329
2075,1,228,126,56,56,1.0
2076,1,222,120,56,56,1.0
2076,1,134,74,56,56,1.0
2077,1,134,75,56,56,1.0
2078,1,234,129,56,56,1.0
2078,1,132,75,56,56,1.0
2078,1,61,204,56,56,0.943093
2079,1,228,128,56,56,1.0
2079,1,172,200,56,56,0.801407
2081,1,140,75,56,56,1.0
2081,1,59,206,56,56,0.877376
2082,1,124,81,56,56,0.996696
2083,1,123,90,56,56,0.999033
2084,1,132,78,56,56,0.999995
2084,1,58,214,56,56,0.932579
2085,1,58,200,56,56,0.908537
2086,1,140,84,56,56,0.999982
2091,1,137,95,56,56,0.999998
2092,1,121,96,56,56,1.0
2094,1,112,93,56,56,1.0
2096,1,109,104,56,56,0.999998
2097,1,107,91,56,56,1.0
2098,1,105,92,56,56,1.0
2099,1,110,104,56,56,1.0
2100,1,100,100,56,56,1.0
2101,1,98,101,56,56,0.999999
2101,1,138,125,56,56,0.999656
2102,1,96,101,56,56,1.0
2103,1,93,95,56,56,1.0
2104,1,97,96,56,56,1.0
2105,1,94,103,56,56,1.0
2106,1,79,105,56,56,1.0
2107,1,75,106,56,56,1.0
2108,1,81,107,56,56,1.0
2109,1,115,135,56,56,0.999938
2109,1,147,183,56,56,0.504944
2110,1,98,130,56,56,1.0
2111,1,95,123,56,56,0.999288
2111,1,134,186,56,56,0.972713
2113,1,71,105,56,56,1.0
2113,1,173,214,56,56,0.999999
2113,1,143,97,56,56,0.999954
2114,1,69,106,56,56,1.0
2114,1,141,98,56,56,0.999684
2115,1,66,106,56,56,1.0
2115,1,98,162,56,56,1.0
2115,1,138,106,56,56,0.999493
2116,1,144,108,56,56,0.999702
2116,1,64,108,56,56,0.999375
2116,1,96,164,56,56,0.997973
2116,1,132,199,56,56,0.918439
2117,1,80,140,56,56,0.999988
2117,1,128,92,56,56,0.993076
2118,1,79,146,56,56,0.999756
2118,1,127,106,56,56,0.999305
2119,1,62,142,56,56,0.999959
2119,1,134,110,56,56,0.999565
2119,1,125,194,56,56,0.696505
2120,1,63,120,56,56,0.999621
2120,1,127,96,56,56,0.699132
2121,1,168,213,56,56,1.0
2121,1,73,136,56,56,0.999652
2122,1,127,202,56,56,0.96066
2123,1,43,122,56,56,1.0
2123,1,122,88,56,56,0.862408
2124,1,33,130,56,56,1.0
2125,1,32,127,56,56,1.0
2125,1,145,97,56,56,0.942413
2125,1,121,41,56,56,0.62984
2126,1,68,162,56,56,1.0
2126,1,179,204,56,56,1.0
2126,1,29,136,56,56,1.0
2126,1,195,116,56,56,0.999968
2126,1,132,95,56,56,0.993682
2126,1,132,39,56,56,0.824555
2127,1,27,130,56,56,1.0
2127,1,199,126,56,56,0.998758
2127,1,132,97,56,56,0.522512
2128,1,25,134,56,56,1.0
2128,1,63,177,56,56,1.0
2128,1,129,102,56,56,0.996024
2129,1,176,204,56,56,1.0
2129,1,20,137,56,56,1.0
2129,1,134,45,56,56,0.999657
2130,1,197,113,56,56,0.89976
2130,1,133,41,56,56,0.747493
2131,1,135,40,56,56,0.979566
2131,1,199,120,56,56,0.713821
2131,1,94,202,56,56,0.685314
2132,1,200,123,56,56,0.978111
2132,1,58,170,56,56,0.967211
2133,1,152,44,56,56,0.626354
2134,1,52,170,56,56,0.999552
2135,1,146,52,56,56,0.957615
2136,1,48,172,56,56,0.987059
2137,1,45,173,56,56,0.620167
2138,1,60,214,56,56,0.989229
2139,1,42,174,56,56,0.695018
2140,1,139,49,56,56,0.999999
2141,1,149,59,56,56,0.99984
2142,1,143,54,56,56,1.0
2144,1,140,57,56,56,1.0
2145,1,137,58,56,56,0.999988
2146,1,135,59,56,56,0.999999
2147,1,129,66,56,56,1.0
2148,1,132,63,56,56,1.0
2149,1,126,66,56,56,0.999999
2150,1,125,78,56,56,0.992155
2151,1,126,138,56,56,0.759191
2151,1,126,82,56,56,0.566605
2152,1,123,72,56,56,1.0
2153,1,123,86,56,56,0.999999
2154,1,122,75,56,56,1.0
2155,1,122,80,56,56,1.0
2156,1,115,84,56,56,1.0
2157,1,106,90,56,56,1.0
2158,1,104,90,56,56,1.0
2159,1,109,92,56,56,1.0
2160,1,107,94,56,56,1.0
2161,1,98,96,56,56,1.0
2162,1,98,98,56,56,1.0
2163,1,104,99,56,56,1.0
2164,1,102,101,56,56,1.0
2165,1,101,103,56,56,1.0
2166,1,98,105,56,56,1.0
2167,1,97,107,56,56,1.0
2168,1,96,109,56,56,1.0
2169,1,95,111,56,56,1.0
2169,1,163,213,56,56,0.992714
2170,1,93,117,56,56,1.0
2170,1,160,210,56,56,0.994801
2171,1,89,121,56,56,1.0
2172,1,90,124,56,56,1.0
2173,1,90,127,56,56,1.0
2174,1,87,132,56,56,1.0
2176,1,166,209,56,56,0.999999
2177,1,96,144,56,56,1.0
2177,1,160,216,56,56,0.998587
2178,1,111,157,56,56,0.964462
2178,1,159,213,56,56,0.618365
2179,1,164,214,56,56,0.999999
2179,1,100,150,56,56,0.884105
2180,1,85,144,56,56,1.0
2180,1,161,213,56,56,0.949656
2181,1,81,152,56,56,1.0
2181,1,165,213,56,56,1.0
2182,1,83,148,56,56,1.0
2182,1,125,202,56,56,0.98555
2183,1,78,151,56,56,1.0
2185,1,70,151,56,56,1.0
2186,1,67,160,56,56,1.0
2187,1,66,162,56,56,1.0
2188,1,63,159,56,56,1.0
2189,1,53,164,56,56,1.0
2190,1,53,164,56,56,1.0
2191,1,45,164,56,56,1.0
2192,1,52,168,56,56,1.0
2193,1,42,165,56,56,1.0
2194,1,43,162,56,56,1.0
2195,1,42,169,56,56,1.0
2196,1,38,161,56,56,1.0
2197,1,34,176,56,56,1.0
2198,1,32,162,56,56,1.0
2199,1,22,170,56,56,1.0
2200,1,32,178,56,56,1.0
2201,1,20,178,56,56,1.0
2202,1,15,171,56,56,1.0
2203,1,21,172,56,56,1.0
2204,1,19,176,56,56,0.999981
2205,1,17,177,56,56,1.0
2205,1,127,121,56,56,0.630831
2206,1,15,172,56,56,0.999779
2207,1,157,50,56,56,1.0
2207,1,5,181,56,56,0.999985
2208,1,12,178,56,56,1.0
2208,1,157,44,56,56,0.999912
2209,1,149,45,56,56,1.0
2209,1,126,122,56,56,0.995556
2210,1,9,178,56,56,1.0
2210,1,102,93,56,56,1.0
2210,1,156,55,56,56,0.999999
2211,1,154,57,56,56,0.999568
2211,1,108,103,56,56,0.999004
2212,1,147,58,56,56,1.0
2213,1,146,51,56,56,0.998359
2214,1,147,52,56,56,0.99999
2215,1,149,56,56,56,1.0
2216,1,147,49,56,56,1.0
2217,1,143,54,56,56,1.0
2218,1,146,51,56,56,1.0
2220,1,144,53,56,56,1.0
2223,1,116,150,56,56,0.997695
2223,1,140,70,56,56,0.940302
2231,1,58,102,56,56,1.0
2234,1,87,145,56,56,0.999984
2234,1,143,217,56,56,0.871082
2235,1,140,219,56,56,0.990756
2235,1,76,147,56,56,0.906192
2235,1,157,75,56,56,0.802145
2241,1,123,97,56,56,1.0
2242,1,125,97,56,56,1.0
2243,1,120,98,56,56,1.0
2244,1,122,99,56,56,0.999999
2245,1,124,100,56,56,1.0
2246,1,121,100,56,56,1.0
2247,1,121,100,56,56,0.999977
2248,1,123,101,56,56,1.0
2248,1,171,165,56,56,0.903393
2249,1,120,101,56,56,1.0
2250,1,124,100,56,56,0.976303
2251,1,113,101,56,56,1.0
2252,1,111,93,56,56,1.0
2253,1,111,102,56,56,1.0
2253,1,149,64,56,56,0.625153
2254,1,107,102,56,56,1.0
2255,1,106,102,56,56,1.0
2256,1,104,100,56,56,0.999902
2257,1,95,102,56,56,1.0
2258,1,97,105,56,56,1.0
2259,1,92,96,56,56,1.0
2260,1,90,101,56,56,0.999865
2260,1,82,173,56,56,0.940594
2260,1,162,157,56,56,0.631883
2261,1,87,92,56,56,1.0
2262,1,85,99,56,56,1.0
2262,1,61,155,56,56,0.921807
2263,1,83,107,56,56,0.999999
2264,1,81,90,56,56,1.0
2265,1,73,97,56,56,1.0
2266,1,73,97,56,56,1.0
2269,1,125,81,56,56,0.786365
2271,1,125,84,56,56,0.627043
2272,1,151,108,56,56,0.575956
2293,1,134,112,56,56,0.766926
2294,1,140,49,56,56,0.999351
2295,1,142,55,56,56,1.0
2296,1,143,56,56,56,0.999999
2297,1,140,57,56,56,0.999612
2298,1,140,54,56,56,0.999961
2299,1,140,57,56,56,1.0
2300,1,140,57,56,56,0.999993
2301,1,141,59,56,56,0.999529
2302,1,142,69,56,56,0.999998
2303,1,135,70,56,56,0.999973
2304,1,144,64,56,56,0.999875
2305,1,148,76,56,56,0.926018
2306,1,147,66,56,56,0.983824
2307,1,156,75,56,56,0.999987
2307,1,161,159,56,56,0.768128
2308,1,146,76,56,56,0.999903
2309,1,147,83,56,56,0.997446
2315,1,125,158,56,56,0.64959
2322,1,161,154,56,56,0.620118
2324,1,162,87,56,56,0.999998
2325,1,161,84,56,56,0.999999
2326,1,163,90,56,56,1.0
2327,1,153,95,56,56,1.0
2328,1,164,95,56,56,1.0
2330,1,158,102,56,56,1.0
2332,1,159,104,56,56,1.0
2336,1,152,120,56,56,1.0
2337,1,160,111,56,56,1.0
2338,1,161,113,56,56,1.0
2341,1,169,121,56,56,0.999996
2342,1,162,124,56,56,1.0
2343,1,157,118,56,56,1.0
2344,1,151,119,56,56,1.0
2344,1,160,215,56,56,0.999994
2345,1,152,121,56,56,1.0
2345,1,153,215,56,56,0.999146
2346,1,161,120,56,56,1.0
2346,1,152,215,56,56,1.0
2347,1,159,216,56,56,0.999998
2348,1,172,122,56,56,0.999999
2348,1,156,216,56,56,0.999995
2349,1,158,216,56,56,0.99935
2355,1,177,125,56,56,1.0
2356,1,180,126,56,56,1.0
2357,1,182,120,56,56,1.0
2358,1,184,122,56,56,1.0
2360,1,186,120,56,56,1.0
2361,1,191,122,56,56,1.0
2362,1,190,121,56,56,0.999999
2365,1,195,126,56,56,0.999996
2366,1,127,159,56,56,0.996186
2367,1,169,141,56,56,0.684329
2368,1,200,131,56,56,0.993713
2480,1,16,235,56,56,0.690274
2481,1,16,232,56,56,1.0
2482,1,25,229,56,56,1.0
2483,1,18,227,56,56,1.0
2484,1,20,232,56,56,1.0
2485,1,20,222,56,56,1.0
2486,1,29,219,56,56,1.0
2487,1,23,217,56,56,1.0
2488,1,25,217,56,56,1.0
2489,1,27,214,56,56,1.0
2490,1,28,213,56,56,1.0
2491,1,31,209,56,56,1.0
2491,1,148,214,56,56,1.0
2492,1,42,209,56,56,1.0
2492,1,73,99,56,56,1.0
2493,1,43,206,56,56,1.0
2493,1,73,92,56,56,0.999984
2494,1,48,206,56,56,1.0
2494,1,74,101,56,56,1.0
2495,1,51,207,56,56,1.0
2496,1,54,213,56,56,1.0
2497,1,56,209,56,56,1.0
2498,1,59,202,56,56,1.0
2499,1,60,201,56,56,1.0
2500,1,64,199,56,56,1.0
2501,1,65,195,56,56,1.0
2502,1,68,194,56,56,1.0
2503,1,78,191,56,56,1.0
2503,1,80,102,56,56,0.999995
2504,1,72,184,56,56,1.0
2504,1,152,216,56,56,1.0
2505,1,75,187,56,56,1.0
2505,1,155,211,56,56,1.0
2505,1,74,101,56,56,0.999993
2506,1,85,179,56,56,1.0
2506,1,149,219,56,56,1.0
2506,1,84,100,56,56,0.999974
2507,1,80,180,56,56,1.0
2507,1,82,108,56,56,1.0
2508,1,82,177,56,56,1.0
2509,1,85,171,56,56,1.0
2510,1,87,170,56,56,1.0
2510,1,79,96,56,56,1.0
2511,1,89,168,56,56,1.0
2511,1,145,216,56,56,0.999987
2511,1,88,105,56,56,0.999964
2512,1,100,166,56,56,1.0
2512,1,156,214,56,56,1.0
2513,1,95,170,56,56,1.0
2513,1,159,218,56,56,1.0
2513,1,96,98,56,56,1.0
2514,1,96,168,56,56,1.0
2514,1,152,216,56,56,1.0
2514,1,99,98,56,56,0.999062
2515,1,99,160,56,56,1.0
2515,1,155,208,56,56,1.0
2516,1,110,155,56,56,1.0
2516,1,158,227,56,56,0.999999
2516,1,105,98,56,56,0.999997
2517,1,112,152,56,56,1.0
2517,1,160,216,56,56,1.0
2518,1,108,157,56,56,1.0
2518,1,177,217,56,56,0.999999
2519,1,118,155,56,56,1.0
2519,1,158,211,56,56,1.0
2520,1,120,153,56,56,1.0
2520,1,160,217,56,56,1.0
2520,1,124,82,56,56,1.0
2521,1,115,141,56,56,1.0
2521,1,155,213,56,56,1.0
2522,1,116,139,56,56,1.0
2522,1,156,219,56,56,1.0
2523,1,124,146,56,56,1.0
2523,1,156,218,56,56,0.999994
2523,1,122,87,56,56,0.99388
2524,1,117,136,56,56,1.0
2524,1,157,216,56,56,1.0
2524,1,130,84,56,56,0.999033
2525,1,126,132,56,56,1.0
2525,1,158,212,56,56,1.0
2525,1,116,82,56,56,0.990932
2526,1,128,135,56,56,1.0
2526,1,160,215,56,56,0.999999
2527,1,129,125,56,56,1.0
2527,1,161,221,56,56,0.999989
2528,1,131,127,56,56,1.0
2528,1,155,215,56,56,1.0
2528,1,126,76,56,56,1.0
2529,1,134,125,56,56,1.0
2529,1,158,213,56,56,1.0
2530,1,136,120,56,56,1.0
2530,1,152,216,56,56,1.0
2531,1,146,116,56,56,1.0
2531,1,154,220,56,56,1.0
2531,1,123,76,56,56,1.0
2532,1,141,111,56,56,1.0
2532,1,165,207,56,56,0.942757
2533,1,143,122,56,56,1.0
2533,1,159,210,56,56,0.995844
2534,1,145,107,56,56,1.0
2535,1,155,116,56,56,0.999995
2535,1,211,156,56,56,0.910543
2536,1,149,108,56,56,0.999893
2536,1,133,172,56,56,0.635315
2537,1,164,101,56,56,0.999996
2537,1,132,53,56,56,0.999986
2538,1,157,106,56,56,0.99983
2538,1,125,50,56,56,0.99977
2539,1,136,55,56,56,1.0
2539,1,129,164,56,56,0.965748
2540,1,167,87,56,56,1.0
2540,1,164,209,56,56,0.999997
2540,1,180,153,56,56,0.640343
2540,1,132,161,56,56,0.521676
2541,1,128,43,56,56,1.0
2541,1,168,91,56,56,0.995221
2541,1,191,150,56,56,0.991274
2542,1,170,88,56,56,0.998505
2542,1,138,40,56,56,0.989826
2543,1,139,46,56,56,1.0
2544,1,139,44,56,56,0.999999
2544,1,171,105,56,56,0.999986
2545,1,140,42,56,56,0.999999
2545,1,153,103,56,56,0.997103
2546,1,175,108,56,56,0.999397
2547,1,142,37,56,56,0.999996
2547,1,69,151,56,56,0.999949
2547,1,166,101,56,56,0.993918
2548,1,161,79,56,56,0.99917
2548,1,71,150,56,56,0.998492
2549,1,163,73,56,56,0.999974
2549,1,139,33,56,56,0.999719
2550,1,160,70,56,56,1.0
2550,1,79,154,56,56,0.984604
