44,1,233,217,56,56,1.0
58,1,192,197,56,56,1.0
65,1,191,178,56,56,1.0
68,1,184,172,56,56,1.0
69,1,177,178,56,56,1.0
70,1,183,177,56,56,0.999997
71,1,181,182,56,56,0.999619
72,1,171,170,56,56,1.0
73,1,178,166,56,56,1.0
74,1,177,172,56,56,0.999992
75,1,175,160,56,56,1.0
80,1,169,167,56,56,1.0
81,1,169,158,56,56,0.999996
82,1,173,238,56,56,0.973248
85,1,164,156,56,56,1.0
87,1,157,153,56,56,1.0
87,1,166,231,56,56,1.0
88,1,157,151,56,56,1.0
88,1,157,223,56,56,1.0
89,1,155,226,56,56,1.0
89,1,156,155,56,56,1.0
90,1,163,230,56,56,1.0
90,1,147,148,56,56,1.0
91,1,166,223,56,56,1.0
91,1,144,143,56,56,1.0
92,1,151,222,56,56,1.0
92,1,145,145,56,56,1.0
93,1,165,228,56,56,1.0
93,1,143,141,56,56,1.0
94,1,156,211,56,56,1.0
94,1,141,141,56,56,1.0
95,1,156,218,56,56,1.0
95,1,137,136,56,56,1.0
96,1,154,218,56,56,1.0
96,1,137,138,56,56,1.0
97,1,133,134,56,56,1.0
97,1,153,225,56,56,0.99997
98,1,160,224,56,56,1.0
98,1,133,134,56,56,0.999957
99,1,158,223,56,56,0.999996
99,1,132,134,56,56,0.999994
100,1,158,222,56,56,1.0
100,1,138,150,56,56,0.999907
101,1,149,217,56,56,1.0
102,1,127,130,56,56,1.0
102,1,159,210,56,56,1.0
103,1,149,214,56,56,0.999919
103,1,142,151,56,56,0.998891
104,1,170,224,56,56,0.849065
105,1,150,203,56,56,0.999999
106,1,159,217,56,56,0.999952
107,1,154,216,56,56,0.999949
108,1,151,211,56,56,1.0
109,1,153,214,56,56,0.999999
110,1,153,194,56,56,1.0
111,1,155,212,56,56,1.0
111,1,127,111,56,56,1.0
112,1,154,191,56,56,1.0
112,1,124,107,56,56,1.0
113,1,155,204,56,56,1.0
113,1,126,116,56,56,1.0
114,1,155,194,56,56,1.0
114,1,132,101,56,56,1.0
115,1,155,204,56,56,1.0
115,1,130,99,56,56,1.0
116,1,154,202,56,56,1.0
116,1,131,97,56,56,1.0
117,1,155,199,56,56,1.0
117,1,127,102,56,56,0.999571
118,1,161,197,56,56,1.0
118,1,136,94,56,56,0.999999
119,1,156,169,56,56,1.0
119,1,129,104,56,56,0.999582
119,1,220,185,56,56,0.621026
120,1,163,175,56,56,1.0
120,1,139,96,56,56,0.999954
121,1,157,173,56,56,1.0
121,1,133,93,56,56,0.970863
122,1,159,175,56,56,1.0
122,1,141,87,56,56,0.997193
123,1,157,168,56,56,1.0
123,1,135,83,56,56,0.905167
124,1,154,182,56,56,1.0
124,1,150,84,56,56,0.994712
125,1,160,185,56,56,1.0
125,1,144,89,56,56,0.999913
126,1,158,164,56,56,1.0
126,1,148,84,56,56,1.0
127,1,141,84,56,56,1.0
127,1,157,162,56,56,0.99995
128,1,159,178,56,56,1.0
128,1,148,77,56,56,0.999999
129,1,156,155,56,56,0.999997
129,1,142,69,56,56,0.999729
129,1,226,175,56,56,0.557333
130,1,142,70,56,56,0.999999
130,1,157,177,56,56,0.999964
130,1,226,174,56,56,0.928079
131,1,156,167,56,56,0.999992
131,1,144,66,56,56,0.999777
131,1,224,164,56,56,0.98894
132,1,146,168,56,56,1.0
132,1,143,69,56,56,0.998663
133,1,153,166,56,56,1.0
133,1,142,93,56,56,0.999784
133,1,226,169,56,56,0.995411
133,1,96,236,56,56,0.791322
134,1,153,164,56,56,0.999915
134,1,138,90,56,56,0.999892
134,1,93,235,56,56,0.998657
134,1,5,202,56,56,0.895604
134,1,213,166,56,56,0.662013
135,1,149,169,56,56,1.0
135,1,221,161,56,56,0.999995
135,1,98,226,56,56,0.999255
135,1,1,194,56,56,0.994559
135,1,148,58,56,56,0.992996
136,1,10,202,56,56,1.0
136,1,97,229,56,56,0.999972
136,1,144,170,56,56,0.999603
136,1,216,162,56,56,0.995951
137,1,100,234,56,56,1.0
137,1,141,164,56,56,1.0
138,1,98,226,56,56,1.0
138,1,140,138,56,56,1.0
138,1,152,79,56,56,0.969769
138,1,220,154,56,56,0.937064
139,1,93,224,56,56,1.0
139,1,141,137,56,56,1.0
139,1,217,157,56,56,0.983644
139,1,67,165,56,56,0.95428
140,1,95,223,56,56,1.0
140,1,139,135,56,56,1.0
140,1,138,69,56,56,0.999961
140,1,64,166,56,56,0.737516
141,1,97,217,56,56,1.0
141,1,142,66,56,56,1.0
141,1,142,138,56,56,0.999999
141,1,66,167,56,56,0.963055
141,1,214,146,56,56,0.788547
142,1,88,217,56,56,1.0
142,1,21,198,56,56,1.0
142,1,126,64,56,56,1.0
142,1,140,148,56,56,1.0
142,1,212,172,56,56,0.907239
143,1,90,215,56,56,1.0
143,1,30,210,56,56,1.0
143,1,140,127,56,56,1.0
143,1,135,60,56,56,0.99997
143,1,212,151,56,56,0.999901
144,1,90,211,56,56,1.0
144,1,28,196,56,56,1.0
144,1,137,147,56,56,1.0
144,1,128,52,56,56,1.0
145,1,26,202,56,56,1.0
145,1,93,212,56,56,1.0
145,1,137,139,56,56,1.0
145,1,134,57,56,56,1.0
145,1,209,219,56,56,0.872519
146,1,89,213,56,56,1.0
146,1,26,202,56,56,1.0
146,1,138,137,56,56,1.0
146,1,133,52,56,56,0.996187
147,1,89,209,56,56,1.0
147,1,29,197,56,56,1.0
147,1,125,143,56,56,1.0
148,1,109,208,56,56,1.0
148,1,140,149,56,56,1.0
148,1,37,203,56,56,1.0
149,1,88,200,56,56,1.0
149,1,36,204,56,56,1.0
149,1,122,137,56,56,1.0
149,1,210,145,56,56,0.992937
150,1,41,204,56,56,1.0
150,1,95,197,56,56,1.0
150,1,114,138,56,56,1.0
150,1,133,40,56,56,0.993904
151,1,41,204,56,56,1.0
151,1,122,134,56,56,1.0
152,1,42,205,56,56,1.0
152,1,96,183,56,56,1.0
152,1,122,130,56,56,1.0
153,1,41,204,56,56,1.0
153,1,87,181,56,56,1.0
153,1,114,124,56,56,1.0
154,1,43,204,56,56,1.0
154,1,86,187,56,56,1.0
154,1,114,121,56,56,1.0
154,1,202,145,56,56,0.994215
155,1,85,185,56,56,1.0
155,1,114,120,56,56,1.0
155,1,202,144,56,56,0.993679
156,1,91,185,56,56,1.0
156,1,114,118,56,56,1.0
156,1,202,142,56,56,0.999308
157,1,51,200,56,56,1.0
157,1,130,113,56,56,1.0
157,1,202,113,56,56,0.999477
158,1,54,201,56,56,1.0
158,1,130,121,56,56,0.999999
158,1,202,113,56,56,0.990986
158,1,170,169,56,56,0.515894
159,1,85,178,56,56,1.0
159,1,136,109,56,56,1.0
159,1,192,141,56,56,0.997037
160,1,94,180,56,56,1.0
160,1,121,114,56,56,1.0
160,1,201,106,56,56,0.999992
161,1,57,194,56,56,1.0
161,1,97,166,56,56,1.0
161,1,130,111,56,56,1.0
161,1,202,175,56,56,0.998308
162,1,94,174,56,56,1.0
162,1,202,176,56,56,1.0
162,1,130,110,56,56,0.999999
163,1,58,190,56,56,1.0
163,1,131,107,56,56,1.0
163,1,203,163,56,56,0.999116
164,1,60,189,56,56,1.0
164,1,201,170,56,56,1.0
164,1,137,114,56,56,0.999999
164,1,192,106,56,56,0.99984
164,1,152,222,56,56,0.51031
165,1,100,162,56,56,1.0
165,1,152,93,56,56,1.0
165,1,200,165,56,56,1.0
166,1,57,186,56,56,1.0
166,1,97,162,56,56,1.0
166,1,153,101,56,56,1.0
166,1,201,173,56,56,1.0
166,1,17,226,56,56,0.959239
167,1,100,152,56,56,1.0
167,1,201,166,56,56,1.0
167,1,128,82,56,56,0.999999
168,1,98,162,56,56,1.0
168,1,128,92,56,56,1.0
169,1,100,160,56,56,1.0
169,1,129,88,56,56,1.0
169,1,193,160,56,56,0.999987
170,1,101,159,56,56,1.0
170,1,177,95,56,56,1.0
170,1,183,168,56,56,0.999549
170,1,21,223,56,56,0.762959
171,1,106,155,56,56,1.0
171,1,58,171,56,56,1.0
171,1,183,166,56,56,1.0
171,1,176,93,56,56,1.0
171,1,8,214,56,56,0.978785
172,1,107,155,56,56,1.0
172,1,59,171,56,56,1.0
172,1,185,165,56,56,1.0
172,1,129,91,56,56,0.999164
173,1,108,158,56,56,1.0
173,1,60,166,56,56,1.0
173,1,177,91,56,56,1.0
173,1,129,83,56,56,0.999992
174,1,114,156,56,56,1.0
174,1,66,164,56,56,1.0
174,1,176,90,56,56,1.0
175,1,108,158,56,56,1.0
175,1,182,154,56,56,1.0
175,1,127,69,56,56,1.0
176,1,66,167,56,56,1.0
176,1,187,147,56,56,1.0
176,1,174,83,56,56,1.0
177,1,66,162,56,56,1.0
177,1,109,138,56,56,1.0
177,1,133,63,56,56,1.0
177,1,181,87,56,56,1.0
178,1,116,152,56,56,1.0
178,1,68,168,56,56,1.0
178,1,126,68,56,56,1.0
178,1,174,192,56,56,0.670467
179,1,65,169,56,56,1.0
179,1,193,149,56,56,1.0
179,1,121,67,56,56,0.999998
179,1,111,223,56,56,0.771638
179,1,233,205,56,56,0.557048
180,1,117,147,56,56,1.0
180,1,69,163,56,56,1.0
180,1,123,62,56,56,1.0
180,1,171,78,56,56,1.0
180,1,36,218,56,56,0.586367
181,1,72,166,56,56,1.0
181,1,112,133,56,56,1.0
181,1,119,56,56,56,1.0
182,1,73,166,56,56,1.0
182,1,128,58,56,56,1.0
183,1,81,158,56,56,1.0
183,1,191,137,56,56,1.0
183,1,128,51,56,56,1.0
184,1,75,165,56,56,1.0
184,1,145,138,56,56,1.0
184,1,193,138,56,56,1.0
184,1,129,48,56,56,1.0
185,1,78,163,56,56,1.0
185,1,141,136,56,56,1.0
185,1,130,52,56,56,1.0
185,1,118,227,56,56,0.652151
186,1,79,166,56,56,1.0
186,1,117,119,56,56,1.0
186,1,115,43,56,56,1.0
186,1,74,238,56,56,0.844229
187,1,82,159,56,56,1.0
187,1,125,42,56,56,1.0
188,1,84,165,56,56,1.0
188,1,183,133,56,56,1.0
188,1,111,114,56,56,1.0
188,1,135,47,56,56,1.0
189,1,89,166,56,56,1.0
189,1,111,112,56,56,1.0
189,1,136,49,56,56,1.0
189,1,183,128,56,56,0.999975
190,1,88,166,56,56,1.0
190,1,114,108,56,56,1.0
190,1,186,124,56,56,1.0
190,1,137,35,56,56,1.0
191,1,88,166,56,56,1.0
191,1,192,126,56,56,1.0
191,1,111,109,56,56,1.0
191,1,138,40,56,56,1.0
192,1,93,167,56,56,1.0
192,1,138,124,56,56,1.0
192,1,186,124,56,56,1.0
192,1,131,40,56,56,1.0
192,1,165,239,56,56,0.865417
193,1,100,167,56,56,1.0
193,1,114,104,56,56,1.0
193,1,186,120,56,56,1.0
193,1,140,33,56,56,1.0
193,1,164,239,56,56,0.664577
193,1,53,234,56,56,0.576831
194,1,187,120,56,56,1.0
194,1,138,119,56,56,1.0
194,1,98,159,56,56,1.0
194,1,149,33,56,56,1.0
195,1,106,158,56,56,1.0
195,1,138,119,56,56,1.0
195,1,186,119,56,56,1.0
195,1,142,34,56,56,0.99605
195,1,170,238,56,56,0.519517
196,1,103,166,56,56,1.0
196,1,114,99,56,56,1.0
196,1,135,33,56,56,0.999605
196,1,56,226,56,56,0.877447
197,1,102,159,56,56,1.0
197,1,120,97,56,56,1.0
197,1,174,167,56,56,0.99978
197,1,166,239,56,56,0.89542
197,1,160,49,56,56,0.812317
198,1,108,159,56,56,1.0
198,1,141,113,56,56,1.0
198,1,225,158,56,56,0.999998
198,1,161,48,56,56,0.999125
198,1,172,239,56,56,0.85596
199,1,113,159,56,56,1.0
199,1,134,115,56,56,1.0
199,1,162,48,56,56,0.999239
199,1,169,239,56,56,0.882475
200,1,108,159,56,56,1.0
200,1,175,110,56,56,1.0
200,1,164,239,56,56,0.644606
201,1,108,159,56,56,1.0
201,1,116,97,56,56,1.0
201,1,164,113,56,56,1.0
201,1,158,48,56,56,0.999997
201,1,65,231,56,56,0.818618
202,1,113,158,56,56,1.0
202,1,164,112,56,56,1.0
202,1,20,192,56,56,0.999999
202,1,118,92,56,56,0.999955
202,1,60,232,56,56,0.99972
202,1,159,40,56,56,0.999543
202,1,185,230,56,56,0.626508
203,1,115,159,56,56,1.0
203,1,165,110,56,56,1.0
203,1,119,89,56,56,1.0
203,1,24,189,56,56,0.999985
203,1,56,237,56,56,0.99997
203,1,155,47,56,56,0.983447
204,1,114,160,56,56,1.0
204,1,157,110,56,56,1.0
204,1,112,87,56,56,1.0
204,1,24,189,56,56,0.999656
204,1,56,229,56,56,0.999569
205,1,114,165,56,56,1.0
205,1,69,118,56,56,1.0
205,1,158,108,56,56,1.0
205,1,54,169,56,56,0.999909
205,1,162,237,56,56,0.99261
205,1,202,190,56,56,0.987608
206,1,115,171,56,56,1.0
206,1,159,108,56,56,1.0
206,1,191,229,56,56,0.999969
207,1,118,156,56,56,1.0
207,1,160,113,56,56,1.0
207,1,15,188,56,56,0.997618
207,1,198,228,56,56,0.995729
208,1,116,155,56,56,1.0
208,1,160,105,56,56,1.0
208,1,188,227,56,56,0.999951
209,1,19,180,56,56,1.0
209,1,152,99,56,56,1.0
210,1,122,85,56,56,1.0
210,1,114,157,56,56,1.0
210,1,173,226,56,56,0.996617
210,1,85,234,56,56,0.693081
211,1,116,84,56,56,1.0
211,1,164,108,56,56,1.0
211,1,116,156,56,56,1.0
211,1,174,238,56,56,0.999977
212,1,156,107,56,56,1.0
212,1,116,155,56,56,1.0
212,1,119,77,56,56,1.0
212,1,169,238,56,56,0.999998
213,1,167,238,56,56,0.998108
214,1,178,236,56,56,1.0
215,1,149,136,56,56,1.0
215,1,170,235,56,56,0.999999
216,1,121,71,56,56,1.0
216,1,179,234,56,56,0.999983
217,1,150,99,56,56,1.0
217,1,118,139,56,56,1.0
217,1,176,233,56,56,0.997883
218,1,170,232,56,56,0.999955
219,1,153,96,56,56,1.0
219,1,169,230,56,56,1.0
219,1,113,144,56,56,1.0
220,1,123,60,56,56,1.0
220,1,155,100,56,56,1.0
220,1,115,140,56,56,1.0
220,1,195,148,56,56,0.995293
220,1,164,231,56,56,0.678142
221,1,200,152,56,56,1.0
221,1,87,109,56,56,1.0
221,1,155,95,56,56,1.0
221,1,186,227,56,56,0.999993
221,1,240,208,56,56,0.853425
222,1,117,139,56,56,1.0
222,1,119,53,56,56,1.0
222,1,61,163,56,56,0.997832
222,1,171,229,56,56,0.970144
223,1,151,82,56,56,1.0
223,1,111,138,56,56,1.0
223,1,198,155,56,56,0.99978
223,1,170,217,56,56,0.725092
224,1,85,107,56,56,1.0
224,1,146,87,56,56,1.0
225,1,195,152,56,56,1.0
225,1,153,87,56,56,1.0
225,1,170,226,56,56,0.999914
225,1,97,111,56,56,0.999858
226,1,148,82,56,56,1.0
226,1,116,130,56,56,1.0
227,1,194,154,56,56,1.0
227,1,149,78,56,56,1.0
227,1,109,134,56,56,1.0
227,1,166,228,56,56,0.999968
228,1,118,131,56,56,1.0
228,1,194,154,56,56,1.0
228,1,153,83,56,56,1.0
228,1,201,91,56,56,1.0
229,1,123,131,56,56,1.0
229,1,145,73,56,56,1.0
229,1,169,214,56,56,0.999997
230,1,124,133,56,56,1.0
230,1,150,78,56,56,1.0
230,1,206,110,56,56,1.0
231,1,145,68,56,56,1.0
231,1,113,132,56,56,1.0
231,1,201,116,56,56,0.999992
231,1,164,212,56,56,0.993172
232,1,116,126,56,56,1.0
232,1,151,75,56,56,1.0
232,1,199,115,56,56,0.999985
233,1,117,126,56,56,1.0
233,1,152,73,56,56,1.0
233,1,181,174,56,56,0.982424
234,1,121,126,56,56,1.0
234,1,153,71,56,56,1.0
234,1,185,150,56,56,0.998457
234,1,163,224,56,56,0.974045
235,1,123,125,56,56,1.0
235,1,148,70,56,56,1.0
235,1,115,27,56,56,0.999979
235,1,186,151,56,56,0.999675
236,1,120,130,56,56,1.0
236,1,184,154,56,56,1.0
236,1,148,68,56,56,1.0
237,1,122,132,56,56,1.0
237,1,148,65,56,56,1.0
237,1,157,229,56,56,0.99668
238,1,148,61,56,56,1.0
238,1,98,97,56,56,0.996963
239,1,154,64,56,56,1.0
240,1,147,57,56,56,1.0
241,1,148,58,56,56,1.0
242,1,150,56,56,56,0.999999
242,1,190,80,56,56,0.999997
243,1,193,82,56,56,0.999999
244,1,152,57,56,56,1.0
245,1,144,48,56,56,1.0
245,1,192,80,56,56,0.999997
247,1,147,44,56,56,1.0
247,1,195,81,56,56,0.999997
247,1,48,176,56,56,0.999922
247,1,104,224,56,56,0.987756
248,1,86,98,56,56,1.0
248,1,149,43,56,56,1.0
248,1,189,75,56,56,1.0
248,1,46,138,56,56,0.999271
249,1,148,38,56,56,1.0
250,1,141,44,56,56,1.0
250,1,189,84,56,56,0.999993
250,1,48,174,56,56,0.999988
250,1,80,230,56,56,0.999518
251,1,85,98,56,56,1.0
251,1,142,42,56,56,0.999999
251,1,182,82,56,56,0.999992
251,1,45,162,56,56,0.928651
252,1,82,99,56,56,1.0
252,1,143,32,56,56,1.0
252,1,183,88,56,56,1.0
252,1,50,147,56,56,0.945469
253,1,153,34,56,56,1.0
253,1,185,82,56,56,0.999969
254,1,186,80,56,56,1.0
255,1,163,213,56,56,1.0
255,1,179,157,56,56,0.972643
256,1,130,125,56,56,1.0
256,1,178,206,56,56,1.0
257,1,129,124,56,56,1.0
257,1,183,206,56,56,0.999083
257,1,105,204,56,56,0.676885
258,1,133,119,56,56,1.0
258,1,168,213,56,56,0.999999
259,1,177,214,56,56,1.0
259,1,128,131,56,56,1.0
260,1,119,121,56,56,1.0
260,1,167,201,56,56,0.991869
261,1,177,205,56,56,1.0
261,1,121,149,56,56,0.92451
262,1,125,127,56,56,1.0
262,1,109,199,56,56,0.876327
264,1,180,206,56,56,1.0
264,1,125,131,56,56,1.0
265,1,124,126,56,56,0.999997
266,1,177,76,56,56,0.999999
266,1,177,148,56,56,0.927881
274,1,191,202,56,56,1.0
288,1,113,122,56,56,1.0
288,1,57,106,56,56,0.999981
290,1,118,124,56,56,1.0
290,1,62,108,56,56,0.999998
290,1,46,164,56,56,0.999991
291,1,121,124,56,56,1.0
291,1,65,108,56,56,0.999997
292,1,123,124,56,56,1.0
292,1,67,108,56,56,0.997303
298,1,125,121,56,56,0.999998
298,1,189,185,56,56,0.999853
299,1,122,88,56,56,1.0
299,1,154,176,56,56,0.981418
300,1,118,129,56,56,0.999851
300,1,158,201,56,56,0.986169
300,1,94,209,56,56,0.956228
301,1,119,126,56,56,1.0
301,1,159,198,56,56,0.993795
302,1,121,122,56,56,1.0
302,1,185,186,56,56,1.0
302,1,94,206,56,56,0.847999
303,1,133,119,56,56,0.999998
303,1,189,183,56,56,0.999982
304,1,125,125,56,56,1.0
304,1,173,197,56,56,0.999992
304,1,93,213,56,56,0.991555
305,1,128,125,56,56,1.0
305,1,184,188,56,56,1.0
305,1,96,213,56,56,0.999999
306,1,127,124,56,56,1.0
306,1,167,196,56,56,1.0
306,1,95,220,56,56,0.999259
307,1,131,124,56,56,1.0
307,1,169,81,56,56,1.0
307,1,171,196,56,56,0.999995
307,1,99,212,56,56,0.993957
308,1,131,124,56,56,1.0
308,1,163,196,56,56,0.997392
308,1,99,212,56,56,0.991608
309,1,130,123,56,56,1.0
309,1,170,195,56,56,0.999994
309,1,90,211,56,56,0.999709
310,1,131,116,56,56,1.0
310,1,171,195,56,56,0.999999
310,1,107,211,56,56,0.955748
311,1,133,123,56,56,1.0
311,1,109,211,56,56,0.984816
311,1,157,179,56,56,0.909212
312,1,172,82,56,56,1.0
312,1,132,114,56,56,1.0
312,1,166,193,56,56,0.999249
312,1,102,209,56,56,0.889844
313,1,132,121,56,56,1.0
313,1,164,185,56,56,0.998142
313,1,100,209,56,56,0.985647
314,1,136,120,56,56,1.0
314,1,168,192,56,56,0.999956
314,1,104,208,56,56,0.724588
320,1,180,198,56,56,0.999998
320,1,116,222,56,56,0.699558
323,1,139,101,56,56,1.0
324,1,183,195,56,56,1.0
344,1,182,189,56,56,0.999988
345,1,202,88,56,56,1.0
345,1,138,88,56,56,0.999954
346,1,170,189,56,56,1.0
346,1,106,125,56,56,0.787248
346,1,202,117,56,56,0.745798
347,1,166,185,56,56,0.999987
348,1,134,83,56,56,1.0
348,1,174,186,56,56,1.0
348,1,102,202,56,56,0.999222
348,1,198,91,56,56,0.999097
349,1,175,191,56,56,1.0
349,1,130,88,56,56,1.0
349,1,194,88,56,56,0.999989
350,1,163,188,56,56,1.0
350,1,135,79,56,56,1.0
350,1,199,79,56,56,0.999999
351,1,126,77,56,56,1.0
351,1,175,194,56,56,0.999999
351,1,88,202,56,56,0.765575
352,1,198,88,56,56,1.0
352,1,93,206,56,56,0.996048
352,1,29,222,56,56,0.981319
353,1,176,184,56,56,1.0
353,1,26,221,56,56,0.938407
353,1,90,197,56,56,0.611777
354,1,177,191,56,56,1.0
354,1,127,77,56,56,1.0
354,1,191,85,56,56,0.999975
355,1,127,78,56,56,1.0
355,1,176,194,56,56,0.999998
355,1,191,134,56,56,0.999987
355,1,90,204,56,56,0.999574
356,1,89,205,56,56,1.0
356,1,173,189,56,56,1.0
356,1,33,221,56,56,0.999966
356,1,189,133,56,56,0.508188
357,1,179,177,56,56,0.922753
357,1,123,161,56,56,0.752742
358,1,126,71,56,56,1.0
358,1,198,87,56,56,0.999999
358,1,190,135,56,56,0.998868
358,1,27,219,56,56,0.985636
358,1,91,203,56,56,0.979053
360,1,93,198,56,56,0.995154
361,1,95,206,56,56,0.999853
364,1,186,93,56,56,1.0
364,1,178,141,56,56,1.0
365,1,186,92,56,56,1.0
366,1,179,94,56,56,1.0
366,1,115,158,56,56,0.664543
367,1,181,93,56,56,0.999992
368,1,176,89,56,56,1.0
368,1,136,153,56,56,0.756267
369,1,176,100,56,56,1.0
369,1,128,68,56,56,0.999999
370,1,181,90,56,56,1.0
370,1,133,66,56,56,0.999985
371,1,183,90,56,56,1.0
371,1,135,66,56,56,0.999977
372,1,180,101,56,56,1.0
372,1,132,61,56,56,1.0
373,1,180,92,56,56,1.0
374,1,133,59,56,56,1.0
374,1,133,147,56,56,0.530651
375,1,182,106,56,56,1.0
375,1,142,58,56,56,0.99999
375,1,142,146,56,56,0.718526
376,1,143,57,56,56,1.0
377,1,176,91,56,56,1.0
377,1,85,96,56,56,1.0
377,1,184,171,56,56,0.708667
378,1,177,93,56,56,1.0
378,1,145,53,56,56,0.999999
379,1,178,91,56,56,1.0
379,1,146,51,56,56,0.99998
379,1,178,171,56,56,0.999742
379,1,86,92,56,56,0.998986
380,1,172,92,56,56,1.0
380,1,90,96,56,56,0.999967
380,1,140,52,56,56,0.999696
380,1,82,184,56,56,0.956061
380,1,204,164,56,56,0.836195
381,1,175,99,56,56,1.0
381,1,143,51,56,56,1.0
381,1,91,91,56,56,0.999621
382,1,175,93,56,56,1.0
382,1,151,45,56,56,1.0
382,1,91,94,56,56,0.999979
382,1,147,182,56,56,0.997316
383,1,175,91,56,56,1.0
383,1,151,43,56,56,0.999999
383,1,123,154,56,56,0.996138
383,1,91,90,56,56,0.907556
384,1,91,91,56,56,1.0
384,1,145,41,56,56,1.0
384,1,185,97,56,56,0.999999
384,1,123,155,56,56,0.640851
384,1,201,153,56,56,0.6118
385,1,152,188,56,56,0.999998
385,1,153,45,56,56,0.999959
385,1,80,188,56,56,0.999939
385,1,88,92,56,56,0.999695
386,1,152,40,56,56,1.0
386,1,76,188,56,56,0.999993
386,1,94,101,56,56,0.999896
386,1,184,88,56,56,0.989123
387,1,101,93,56,56,1.0
387,1,182,96,56,56,0.99999
387,1,69,149,56,56,0.953273
388,1,93,98,56,56,1.0
388,1,157,65,56,56,0.996729
388,1,69,146,56,56,0.872667
389,1,97,94,56,56,1.0
392,1,85,197,56,56,1.0
392,1,97,97,56,56,1.0
392,1,149,189,56,56,0.999758
393,1,84,187,56,56,1.0
393,1,148,187,56,56,0.961108
395,1,187,76,56,56,1.0
395,1,90,198,56,56,0.996037
396,1,96,178,56,56,1.0
396,1,108,98,56,56,1.0
397,1,90,188,56,56,0.999705
398,1,97,180,56,56,1.0
398,1,160,173,56,56,0.995564
399,1,96,182,56,56,1.0
399,1,120,81,56,56,0.999985
399,1,161,175,56,56,0.999455
400,1,97,181,56,56,1.0
400,1,110,91,56,56,1.0
400,1,158,179,56,56,0.999994
400,1,193,77,56,56,0.996827
401,1,171,177,56,56,1.0
401,1,101,185,56,56,0.999921
401,1,139,105,56,56,0.998037
402,1,100,188,56,56,0.999994
402,1,116,84,56,56,0.999981
402,1,193,80,56,56,0.999828
402,1,156,180,56,56,0.999368
403,1,172,182,56,56,1.0
403,1,116,86,56,56,0.999468
403,1,100,182,56,56,0.999233
404,1,103,179,56,56,1.0
404,1,129,72,56,56,1.0
404,1,185,80,56,56,0.999999
404,1,167,179,56,56,0.997206
405,1,112,76,56,56,1.0
405,1,104,180,56,56,0.999996
405,1,168,180,56,56,0.999591
406,1,170,180,56,56,1.0
406,1,106,180,56,56,0.999756
406,1,122,76,56,56,0.999405
407,1,108,178,56,56,1.0
407,1,172,178,56,56,0.999994
407,1,116,74,56,56,0.999216
408,1,118,71,56,56,1.0
408,1,174,79,56,56,1.0
408,1,174,175,56,56,0.999745
408,1,110,175,56,56,0.997955
409,1,179,78,56,56,1.0
409,1,179,174,56,56,0.999998
409,1,115,70,56,56,0.999963
409,1,109,183,56,56,0.97589
410,1,179,84,56,56,1.0
410,1,115,68,56,56,1.0
410,1,139,148,56,56,0.999668
411,1,176,78,56,56,1.0
411,1,120,62,56,56,0.99999
412,1,175,80,56,56,1.0
412,1,119,64,56,56,1.0
412,1,119,168,56,56,0.976792
413,1,170,79,56,56,1.0
413,1,106,167,56,56,0.998518
414,1,172,85,56,56,1.0
414,1,116,69,56,56,0.996845
415,1,164,78,56,56,1.0
415,1,117,178,56,56,0.999986
416,1,170,181,56,56,1.0
416,1,168,97,56,56,0.999997
416,1,120,65,56,56,0.956797
416,1,112,161,56,56,0.877576
417,1,168,82,56,56,1.0
417,1,193,132,56,56,1.0
418,1,186,173,56,56,1.0
418,1,167,86,56,56,1.0
419,1,169,85,56,56,1.0
419,1,177,173,56,56,1.0
420,1,163,86,56,56,1.0
420,1,108,181,56,56,0.999986
421,1,159,92,56,56,1.0
421,1,103,180,56,56,0.998635
422,1,113,178,56,56,1.0
422,1,184,175,56,56,0.999924
422,1,162,82,56,56,0.999885
423,1,159,88,56,56,1.0
423,1,106,177,56,56,0.999946
423,1,175,168,56,56,0.999208
424,1,159,80,56,56,1.0
424,1,117,174,56,56,0.999997
424,1,191,152,56,56,0.988851
425,1,156,85,56,56,1.0
426,1,111,176,56,56,1.0
427,1,153,90,56,56,1.0
427,1,177,170,56,56,0.999995
429,1,101,174,56,56,1.0
435,1,106,162,56,56,1.0
436,1,81,113,56,56,1.0
436,1,105,169,56,56,0.999822
437,1,81,223,56,56,1.0
437,1,78,108,56,56,1.0
437,1,94,172,56,56,1.0
437,1,183,166,56,56,1.0
440,1,82,217,56,56,1.0
440,1,99,161,56,56,1.0
440,1,189,138,56,56,0.999999
440,1,75,113,56,56,0.992094
441,1,90,226,56,56,1.0
441,1,76,105,56,56,1.0
442,1,75,102,56,56,1.0
442,1,107,166,56,56,1.0
443,1,85,101,56,56,0.999988
443,1,101,157,56,56,0.999695
444,1,100,153,56,56,1.0
444,1,100,223,56,56,0.999972
444,1,84,97,56,56,0.994934
445,1,91,214,56,56,1.0
446,1,86,98,56,56,1.0
446,1,91,222,56,56,1.0
446,1,162,93,56,56,1.0
446,1,94,154,56,56,0.999959
447,1,78,98,56,56,1.0
447,1,153,67,56,56,0.999998
448,1,89,225,56,56,1.0
448,1,87,98,56,56,1.0
448,1,103,146,56,56,0.999738
449,1,95,162,56,56,0.999986
449,1,87,98,56,56,0.999964
450,1,64,173,56,56,0.999991
450,1,96,101,56,56,0.967288
451,1,91,215,56,56,1.0
451,1,105,158,56,56,0.999998
451,1,97,102,56,56,0.978266
452,1,94,215,56,56,1.0
452,1,153,41,56,56,0.956402
453,1,100,157,56,56,1.0
453,1,96,221,56,56,0.999999
453,1,137,40,56,56,0.993424
453,1,185,112,56,56,0.956319
454,1,97,212,56,56,1.0
454,1,16,193,56,56,0.999998
454,1,144,54,56,56,0.998789
455,1,98,213,56,56,1.0
455,1,172,122,56,56,0.999499
455,1,168,36,56,56,0.908733
456,1,25,195,56,56,1.0
456,1,95,213,56,56,1.0
457,1,99,214,56,56,1.0
457,1,105,147,56,56,0.999962
457,1,97,83,56,56,0.999789
457,1,145,107,56,56,0.998071
458,1,92,206,56,56,1.0
459,1,102,207,56,56,1.0
459,1,109,146,56,56,0.999999
459,1,109,82,56,56,0.999885
459,1,157,114,56,56,0.999862
460,1,106,82,56,56,1.0
460,1,114,138,56,56,0.999994
460,1,50,212,56,56,0.766759
461,1,108,217,56,56,1.0
461,1,103,81,56,56,1.0
461,1,111,129,56,56,1.0
461,1,159,113,56,56,0.999993
462,1,34,199,56,56,1.0
462,1,106,215,56,56,1.0
463,1,37,200,56,56,1.0
463,1,101,208,56,56,1.0
464,1,102,212,56,56,1.0
471,1,162,172,56,56,1.0
473,1,163,171,56,56,1.0
473,1,219,179,56,56,0.945647
478,1,154,166,56,56,1.0
478,1,226,166,56,56,1.0
484,1,42,184,56,56,1.0
485,1,42,183,56,56,1.0
485,1,98,199,56,56,0.999999
486,1,41,182,56,56,1.0
486,1,97,198,56,56,0.999871
487,1,40,180,56,56,1.0
487,1,104,204,56,56,1.0
487,1,24,236,56,56,0.628958
488,1,39,178,56,56,1.0
488,1,103,194,56,56,1.0
489,1,31,183,56,56,1.0
489,1,95,191,56,56,0.999894
490,1,35,169,56,56,1.0
490,1,106,187,56,56,1.0
492,1,101,192,56,56,1.0
492,1,37,176,56,56,1.0
493,1,29,173,56,56,1.0
493,1,101,189,56,56,1.0
494,1,28,166,56,56,1.0
494,1,92,182,56,56,1.0
495,1,26,228,56,56,0.546871
496,1,172,149,56,56,1.0
496,1,220,165,56,56,1.0
496,1,25,236,56,56,0.680152
500,1,173,147,56,56,0.999997
500,1,229,163,56,56,0.986966
501,1,160,144,56,56,1.0
501,1,224,168,56,56,1.0
502,1,221,170,56,56,0.999996
502,1,173,146,56,56,0.999907
503,1,172,144,56,56,1.0
503,1,220,160,56,56,1.0
504,1,171,143,56,56,1.0
504,1,219,159,56,56,1.0
508,1,161,142,56,56,1.0
508,1,217,158,56,56,0.999984
511,1,37,163,56,56,1.0
511,1,77,123,56,56,0.999899
511,1,21,115,56,56,0.995735
515,1,152,140,56,56,1.0
515,1,224,140,56,56,1.0
516,1,71,114,56,56,1.0
516,1,39,170,56,56,1.0
516,1,23,106,56,56,0.999999
518,1,43,170,56,56,1.0
518,1,28,105,56,56,1.0
518,1,76,105,56,56,0.999999
519,1,45,166,56,56,0.999962
519,1,29,102,56,56,0.999705
521,1,98,180,56,56,1.0
521,1,42,180,56,56,1.0
521,1,26,236,56,56,0.564396
522,1,164,141,56,56,0.999999
522,1,148,205,56,56,0.993905
522,1,115,41,56,56,0.950148
522,1,163,57,56,56,0.931606
522,1,139,97,56,56,0.735981
524,1,160,135,56,56,0.999999
528,1,166,122,56,56,1.0
528,1,222,122,56,56,0.99999
530,1,216,108,56,56,0.998727
530,1,152,108,56,56,0.937996
530,1,152,44,56,56,0.56615
531,1,148,119,56,56,0.999964
531,1,220,119,56,56,0.999959
532,1,162,226,56,56,1.0
532,1,149,118,56,56,0.999905
532,1,221,118,56,56,0.999604
533,1,162,117,56,56,1.0
535,1,166,105,56,56,1.0
536,1,144,80,56,56,0.999999
537,1,171,114,56,56,0.999919
537,1,219,114,56,56,0.999492
538,1,176,218,56,56,1.0
538,1,170,98,56,56,1.0
539,1,170,216,56,56,1.0
539,1,168,97,56,56,1.0
539,1,29,106,56,56,0.999999
539,1,168,33,56,56,0.996424
539,1,224,97,56,56,0.875388
542,1,37,99,56,56,1.0
543,1,37,100,56,56,0.999999
544,1,38,100,56,56,1.0
545,1,38,101,56,56,0.999986
546,1,179,207,56,56,1.0
546,1,39,94,56,56,1.0
547,1,40,104,56,56,0.999986
548,1,216,104,56,56,0.999949
548,1,33,104,56,56,0.999912
550,1,42,106,56,56,0.917251
551,1,43,107,56,56,0.997173
552,1,209,137,56,56,0.999968
552,1,43,99,56,56,0.582192
553,1,44,108,56,56,1.0
554,1,44,109,56,56,1.0
555,1,153,97,56,56,1.0
555,1,45,109,56,56,0.999986
562,1,49,188,56,56,1.0
563,1,56,184,56,56,1.0
564,1,56,184,56,56,1.0
564,1,104,160,56,56,0.943674
565,1,57,183,56,56,1.0
565,1,113,167,56,56,0.770005
566,1,59,175,56,56,1.0
567,1,52,183,56,56,1.0
568,1,49,178,56,56,1.0
568,1,121,170,56,56,0.998965
568,1,41,234,56,56,0.998034
569,1,50,175,56,56,1.0
569,1,122,151,56,56,0.999995
570,1,56,178,56,56,1.0
570,1,117,153,56,56,1.0
570,1,117,89,56,56,0.98034
571,1,57,171,56,56,1.0
571,1,113,155,56,56,0.999299
571,1,105,99,56,56,0.993
572,1,55,173,56,56,1.0
572,1,197,97,56,56,1.0
572,1,133,153,56,56,0.99999
572,1,57,99,56,56,0.988299
573,1,50,173,56,56,1.0
573,1,196,91,56,56,1.0
573,1,148,91,56,56,0.999996
573,1,132,147,56,56,0.999978
573,1,58,117,56,56,0.655843
575,1,198,85,56,56,0.999998
575,1,142,85,56,56,0.998806
575,1,142,149,56,56,0.998308
579,1,179,197,56,56,1.0
580,1,184,197,56,56,1.0
581,1,183,196,56,56,1.0
582,1,190,203,56,56,1.0
582,1,124,149,56,56,0.999996
582,1,68,101,56,56,0.94253
583,1,183,194,56,56,1.0
584,1,182,201,56,56,1.0
584,1,64,97,56,56,1.0
584,1,48,161,56,56,1.0
585,1,181,193,56,56,1.0
585,1,57,154,56,56,1.0
585,1,65,98,56,56,0.999999
585,1,47,237,56,56,0.998364
586,1,49,163,56,56,1.0
586,1,180,199,56,56,0.999998
586,1,65,99,56,56,0.999997
587,1,171,198,56,56,1.0
587,1,66,99,56,56,1.0
587,1,58,155,56,56,1.0
588,1,170,198,56,56,1.0
588,1,66,100,56,56,0.999999
588,1,58,156,56,56,0.999975
588,1,106,140,56,56,0.993551
589,1,67,101,56,56,1.0
589,1,51,157,56,56,0.999924
589,1,107,149,56,56,0.999639
590,1,68,102,56,56,1.0
590,1,52,158,56,56,1.0
590,1,43,234,56,56,0.757082
591,1,168,188,56,56,1.0
591,1,108,148,56,56,0.999999
591,1,60,164,56,56,0.99207
591,1,44,236,56,56,0.556506
592,1,61,164,56,56,1.0
592,1,171,185,56,56,1.0
592,1,109,148,56,56,0.999991
593,1,60,172,56,56,0.911248
594,1,167,186,56,56,1.0
594,1,71,158,56,56,1.0
594,1,31,238,56,56,0.966957
595,1,71,158,56,56,1.0
595,1,111,222,56,56,0.725268
596,1,160,189,56,56,1.0
596,1,68,166,56,56,0.805508
597,1,162,180,56,56,1.0
597,1,68,167,56,56,0.999924
598,1,70,162,56,56,1.0
598,1,161,193,56,56,1.0
599,1,163,186,56,56,1.0
599,1,95,189,56,56,0.990316
600,1,157,185,56,56,1.0
601,1,79,163,56,56,1.0
601,1,158,184,56,56,1.0
602,1,82,163,56,56,1.0
602,1,154,179,56,56,1.0
602,1,146,123,56,56,1.0
603,1,83,163,56,56,1.0
603,1,155,179,56,56,1.0
604,1,92,163,56,56,1.0
604,1,156,179,56,56,1.0
604,1,52,228,56,56,0.550486
605,1,155,181,56,56,1.0
605,1,147,125,56,56,0.999999
605,1,183,70,56,56,0.999876
606,1,155,176,56,56,1.0
606,1,97,165,56,56,0.999941
607,1,90,162,56,56,1.0
607,1,162,178,56,56,1.0
610,1,160,165,56,56,1.0
610,1,84,111,56,56,1.0
610,1,92,159,56,56,1.0
612,1,170,163,56,56,1.0
612,1,102,155,56,56,0.999999
613,1,98,154,56,56,1.0
614,1,99,153,56,56,1.0
615,1,102,160,56,56,0.999999
615,1,78,104,56,56,0.999992
616,1,100,158,56,56,1.0
617,1,79,96,56,56,1.0
617,1,103,152,56,56,0.999997
618,1,105,149,56,56,0.999995
621,1,176,149,56,56,1.0
622,1,176,149,56,56,1.0
624,1,106,143,56,56,0.999863
625,1,106,143,56,56,1.0
626,1,113,134,56,56,0.999985
627,1,94,141,56,56,0.999145
629,1,177,135,56,56,1.0
631,1,87,92,56,56,1.0
632,1,94,142,56,56,1.0
632,1,85,93,56,56,1.0
632,1,141,93,56,56,0.999996
632,1,105,232,56,56,0.96066
633,1,86,97,56,56,1.0
633,1,25,149,56,56,0.999971
633,1,107,232,56,56,0.93882
634,1,93,98,56,56,1.0
634,1,36,232,56,56,0.93406
635,1,81,146,56,56,1.0
635,1,88,98,56,56,1.0
635,1,35,230,56,56,0.988054
636,1,91,99,56,56,1.0
637,1,82,147,56,56,1.0
637,1,91,100,56,56,1.0
637,1,26,147,56,56,0.999993
638,1,90,100,56,56,1.0
639,1,81,131,56,56,1.0
640,1,95,102,56,56,1.0
642,1,169,122,56,56,1.0
642,1,74,135,56,56,1.0
643,1,175,126,56,56,1.0
646,1,166,122,56,56,1.0
647,1,168,122,56,56,1.0
648,1,77,133,56,56,0.999843
648,1,141,117,56,56,0.983895
648,1,141,165,56,56,0.577787
649,1,163,114,56,56,1.0
650,1,79,136,56,56,1.0
650,1,143,152,56,56,0.678032
651,1,160,125,56,56,1.0
651,1,80,141,56,56,0.999864
652,1,78,137,56,56,1.0
652,1,158,129,56,56,0.99999
653,1,78,134,56,56,0.999999
653,1,159,125,56,56,0.999995
654,1,150,156,56,56,0.999931
654,1,78,140,56,56,0.998168
655,1,150,115,56,56,0.999998
655,1,78,139,56,56,0.999998
656,1,153,121,56,56,0.999998
656,1,97,121,56,56,0.540711
658,1,151,117,56,56,1.0
658,1,95,117,56,56,0.997106
658,1,151,173,56,56,0.810858
659,1,151,110,56,56,1.0
659,1,103,110,56,56,0.98061
659,1,79,158,56,56,0.906563
661,1,77,133,56,56,1.0
664,1,79,131,56,56,1.0
665,1,76,125,56,56,1.0
665,1,158,106,56,56,1.0
665,1,59,200,56,56,0.997071
665,1,123,208,56,56,0.996785
666,1,77,133,56,56,1.0
666,1,101,93,56,56,1.0
666,1,149,149,56,56,0.839325
667,1,154,105,56,56,1.0
667,1,106,113,56,56,0.999356
667,1,125,206,56,56,0.99636
668,1,104,92,56,56,1.0
668,1,80,132,56,56,1.0
668,1,164,99,56,56,1.0
669,1,78,132,56,56,1.0
669,1,163,106,56,56,1.0
669,1,102,92,56,56,0.999999
669,1,141,225,56,56,0.999773
669,1,69,209,56,56,0.998187
670,1,75,134,56,56,1.0
670,1,163,104,56,56,1.0
670,1,107,230,56,56,0.998988
671,1,80,133,56,56,1.0
671,1,168,98,56,56,1.0
671,1,67,217,56,56,0.999714
671,1,133,206,56,56,0.999111
672,1,85,131,56,56,1.0
672,1,210,113,56,56,1.0
672,1,103,76,56,56,1.0
672,1,167,100,56,56,1.0
672,1,109,227,56,56,0.999882
673,1,83,136,56,56,1.0
673,1,101,85,56,56,1.0
673,1,170,99,56,56,1.0
673,1,130,205,56,56,0.993727
673,1,51,208,56,56,0.980962
674,1,83,140,56,56,1.0
674,1,104,92,56,56,1.0
674,1,211,117,56,56,1.0
674,1,168,91,56,56,1.0
674,1,132,200,56,56,0.997398
674,1,52,208,56,56,0.991509
675,1,111,78,56,56,1.0
675,1,167,94,56,56,1.0
675,1,89,140,56,56,0.999999
675,1,140,204,56,56,0.779211
676,1,107,82,56,56,1.0
676,1,91,138,56,56,1.0
676,1,171,90,56,56,0.999997
676,1,142,204,56,56,0.872693
677,1,88,141,56,56,1.0
677,1,59,214,56,56,0.999052
677,1,160,125,56,56,0.951682
678,1,96,139,56,56,1.0
678,1,111,81,56,56,1.0
678,1,207,113,56,56,1.0
678,1,97,198,56,56,0.938157
679,1,113,80,56,56,1.0
679,1,97,136,56,56,1.0
679,1,185,96,56,56,0.999154
680,1,179,91,56,56,1.0
680,1,99,139,56,56,1.0
680,1,119,84,56,56,1.0
681,1,101,139,56,56,1.0
681,1,114,79,56,56,1.0
681,1,194,95,56,56,0.999619
682,1,102,139,56,56,1.0
682,1,118,77,56,56,1.0
682,1,60,218,56,56,1.0
682,1,174,85,56,56,0.99971
683,1,52,213,56,56,1.0
683,1,124,76,56,56,1.0
683,1,104,138,56,56,1.0
683,1,188,100,56,56,0.999997
684,1,125,77,56,56,1.0
684,1,105,137,56,56,0.999281
684,1,189,101,56,56,0.997722
685,1,106,137,56,56,1.0
685,1,162,121,56,56,0.998634
686,1,107,137,56,56,1.0
686,1,171,113,56,56,0.999954
705,1,106,127,56,56,1.0
705,1,162,111,56,56,0.995732
706,1,162,118,56,56,1.0
706,1,106,126,56,56,1.0
707,1,107,126,56,56,1.0
707,1,163,110,56,56,0.999999
708,1,108,125,56,56,1.0
708,1,172,85,56,56,1.0
709,1,109,124,56,56,1.0
709,1,176,85,56,56,1.0
710,1,101,123,56,56,0.999999
710,1,173,83,56,56,0.999996
711,1,102,122,56,56,1.0
711,1,174,82,56,56,1.0
712,1,164,80,56,56,1.0
712,1,100,120,56,56,1.0
712,1,64,212,56,56,1.0
713,1,63,210,56,56,1.0
713,1,157,118,56,56,1.0
713,1,101,118,56,56,0.999998
714,1,106,117,56,56,1.0
714,1,178,93,56,56,0.999968
715,1,109,114,56,56,1.0
715,1,165,82,56,56,0.999748
716,1,111,114,56,56,1.0
716,1,127,60,56,56,1.0
716,1,157,113,56,56,0.999947
717,1,124,54,56,56,1.0
717,1,100,118,56,56,1.0
718,1,108,117,56,56,1.0
718,1,131,57,56,56,1.0
718,1,156,109,56,56,0.999962
719,1,110,117,56,56,0.999999
719,1,134,45,56,56,0.999995
719,1,182,93,56,56,0.999256
720,1,61,209,56,56,0.99999
720,1,158,115,56,56,0.999933
720,1,45,145,56,56,0.988203
722,1,45,146,56,56,0.999926
722,1,61,202,56,56,0.999617
723,1,61,199,56,56,1.0
723,1,69,143,56,56,0.857816
724,1,62,199,56,56,0.999231
724,1,54,143,56,56,0.997625
724,1,102,143,56,56,0.981012
725,1,95,199,56,56,0.998105
725,1,63,151,56,56,0.994907
726,1,64,141,56,56,0.993433
726,1,56,205,56,56,0.989095
727,1,104,116,56,56,0.999886
727,1,64,149,56,56,0.998417
727,1,128,188,56,56,0.886272
728,1,89,204,56,56,0.992481
728,1,57,140,56,56,0.978392
729,1,58,140,56,56,0.996623
729,1,58,196,56,56,0.995807
730,1,66,140,56,56,0.955529
730,1,90,204,56,56,0.8516
731,1,82,195,56,56,0.977359
731,1,66,139,56,56,0.95038
732,1,119,111,56,56,1.0
732,1,135,39,56,56,0.999997
732,1,67,194,56,56,0.99932
733,1,135,39,56,56,1.0
733,1,67,138,56,56,0.999983
733,1,75,194,56,56,0.999926
734,1,123,117,56,56,1.0
734,1,134,39,56,56,1.0
734,1,174,87,56,56,0.999987
735,1,125,113,56,56,0.999998
735,1,165,73,56,56,0.999987
735,1,137,190,56,56,0.987615
735,1,52,200,56,56,0.984265
736,1,160,73,56,56,1.0
736,1,128,121,56,56,0.999998
737,1,122,113,56,56,1.0
737,1,146,33,56,56,1.0
738,1,124,118,56,56,0.999983
738,1,145,33,56,56,0.999892
739,1,122,116,56,56,1.0
740,1,119,114,56,56,0.999998
740,1,159,66,56,56,0.998984
741,1,158,65,56,56,1.0
741,1,126,113,56,56,1.0
748,1,108,138,56,56,0.998744
749,1,122,98,56,56,1.0
749,1,122,42,56,56,0.999996
749,1,139,208,56,56,0.920418
750,1,120,101,56,56,1.0
750,1,205,83,56,56,1.0
750,1,125,43,56,56,1.0
751,1,120,101,56,56,0.999997
751,1,125,42,56,56,0.999994
751,1,146,205,56,56,0.985404
752,1,120,92,56,56,1.0
752,1,128,44,56,56,0.992855
752,1,91,196,56,56,0.867778
752,1,179,140,56,56,0.836705
753,1,119,98,56,56,1.0
754,1,113,98,56,56,1.0
755,1,119,90,56,56,1.0
755,1,53,189,56,56,0.999989
755,1,135,42,56,56,0.999903
756,1,112,90,56,56,1.0
757,1,112,89,56,56,1.0
758,1,113,89,56,56,1.0
759,1,115,89,56,56,1.0
759,1,57,188,56,56,0.999944
759,1,171,81,56,56,0.999925
759,1,73,132,56,56,0.99984
759,1,131,33,56,56,0.981474
759,1,161,164,56,56,0.707994
760,1,57,187,56,56,1.0
760,1,115,89,56,56,1.0
760,1,171,73,56,56,0.999996
760,1,131,33,56,56,0.99469
760,1,65,123,56,56,0.847015
761,1,58,187,56,56,1.0
761,1,117,89,56,56,1.0
761,1,141,33,56,56,0.999441
761,1,165,73,56,56,0.989089
762,1,118,81,56,56,1.0
762,1,58,187,56,56,1.0
762,1,58,123,56,56,0.978846
763,1,58,187,56,56,0.999932
763,1,58,123,56,56,0.981121
764,1,234,186,56,56,0.999996
764,1,218,98,56,56,0.997336
764,1,58,186,56,56,0.993159
764,1,66,122,56,56,0.963248
764,1,106,162,56,56,0.943222
765,1,67,185,56,56,0.989571
765,1,107,161,56,56,0.893849
766,1,60,186,56,56,0.99998
766,1,60,122,56,56,0.955985
767,1,209,96,56,56,1.0
767,1,233,184,56,56,0.999992
768,1,208,95,56,56,0.999996
768,1,224,183,56,56,0.988701
768,1,121,90,56,56,0.937752
768,1,169,154,56,56,0.502066
769,1,121,90,56,56,0.999867
770,1,83,219,56,56,1.0
770,1,232,184,56,56,0.999983
770,1,122,89,56,56,0.999965
770,1,208,96,56,56,0.999837
771,1,231,184,56,56,0.999998
771,1,124,88,56,56,0.999899
771,1,199,96,56,56,0.999469
772,1,230,184,56,56,1.0
772,1,124,86,56,56,1.0
772,1,196,86,56,56,1.0
772,1,164,158,56,56,0.561192
773,1,229,186,56,56,1.0
773,1,198,88,56,56,1.0
773,1,126,88,56,56,0.999997
774,1,230,186,56,56,1.0
774,1,191,87,56,56,1.0
774,1,127,87,56,56,0.979935
774,1,167,159,56,56,0.700624
775,1,194,84,56,56,0.999998
775,1,138,84,56,56,0.99996
775,1,71,198,56,56,0.999839
776,1,225,185,56,56,1.0
776,1,195,86,56,56,1.0
776,1,130,86,56,56,0.99597
776,1,171,158,56,56,0.874623
776,1,106,158,56,56,0.646665
777,1,224,186,56,56,1.0
777,1,197,86,56,56,1.0
777,1,98,160,56,56,0.999215
777,1,141,86,56,56,0.982123
778,1,223,187,56,56,1.0
778,1,192,85,56,56,1.0
779,1,223,186,56,56,1.0
779,1,191,85,56,56,0.994896
779,1,135,85,56,56,0.966837
780,1,193,84,56,56,1.0
780,1,137,84,56,56,0.99999
780,1,222,183,56,56,0.999986
781,1,222,189,56,56,1.0
781,1,194,83,56,56,1.0
781,1,138,83,56,56,0.999984
781,1,81,123,56,56,0.954496
782,1,126,174,56,56,0.959138
782,1,158,102,56,56,0.8115
783,1,219,187,56,56,0.999813
783,1,76,109,56,56,0.997978
783,1,181,95,56,56,0.997163
783,1,124,165,56,56,0.996455
783,1,124,109,56,56,0.824792
784,1,77,126,56,56,0.999991
784,1,218,183,56,56,0.999035
784,1,132,167,56,56,0.659316
784,1,210,103,56,56,0.524946
785,1,216,188,56,56,0.999999
785,1,192,116,56,56,0.997282
786,1,71,112,56,56,1.0
786,1,184,98,56,56,0.99999
786,1,216,186,56,56,0.814975
787,1,81,113,56,56,1.0
787,1,222,187,56,56,0.994881
787,1,174,131,56,56,0.786539
787,1,158,187,56,56,0.635756
790,1,80,125,56,56,1.0
790,1,88,197,56,56,1.0
791,1,89,190,56,56,1.0
791,1,78,115,56,56,1.0
791,1,178,99,56,56,0.999993
791,1,145,190,56,56,0.999323
792,1,87,189,56,56,1.0
792,1,104,143,56,56,1.0
792,1,143,197,56,56,0.999844
793,1,86,196,56,56,1.0
793,1,95,119,56,56,1.0
793,1,188,93,56,56,0.999999
793,1,151,191,56,56,0.998318
793,1,128,69,56,56,0.996369
794,1,81,187,56,56,1.0
794,1,145,195,56,56,0.999935
794,1,181,92,56,56,0.999558
794,1,106,137,56,56,0.999419
795,1,75,186,56,56,1.0
795,1,99,124,56,56,1.0
795,1,185,91,56,56,0.989454
795,1,147,164,56,56,0.556113
796,1,79,185,56,56,1.0
796,1,185,88,56,56,0.999994
797,1,145,192,56,56,1.0
797,1,89,184,56,56,0.999973
797,1,139,92,56,56,0.999334
797,1,115,140,56,56,0.657495
798,1,80,183,56,56,1.0
798,1,144,191,56,56,0.999973
799,1,71,184,56,56,1.0
800,1,187,91,56,56,0.988554
815,1,143,186,56,56,0.999773
815,1,111,146,56,56,0.997973
816,1,145,184,56,56,1.0
816,1,113,136,56,56,0.999482
817,1,188,83,56,56,1.0
817,1,145,183,56,56,0.999993
817,1,113,135,56,56,0.989364
818,1,191,82,56,56,1.0
818,1,110,134,56,56,1.0
818,1,142,182,56,56,0.999995
818,1,135,42,56,56,0.765817
819,1,94,112,56,56,1.0
819,1,181,81,56,56,1.0
819,1,138,180,56,56,0.997217
819,1,86,176,56,56,0.906343
820,1,95,110,56,56,1.0
820,1,148,186,56,56,1.0
820,1,92,202,56,56,0.976705
821,1,103,109,56,56,1.0
821,1,140,185,56,56,0.999998
822,1,140,184,56,56,1.0
822,1,180,79,56,56,1.0
822,1,116,136,56,56,0.999901
823,1,100,106,56,56,1.0
823,1,181,81,56,56,1.0
823,1,141,182,56,56,0.999091
824,1,180,77,56,56,0.999918
824,1,142,181,56,56,0.998866
824,1,118,133,56,56,0.961516
825,1,147,100,56,56,0.78347
826,1,137,180,56,56,0.999557
826,1,178,102,56,56,0.959813
827,1,177,74,56,56,0.999999
828,1,176,74,56,56,0.999998
828,1,160,162,56,56,0.663447
829,1,227,174,56,56,1.0
829,1,179,102,56,56,0.996076
830,1,226,179,56,56,1.0
830,1,143,173,56,56,0.999604
830,1,175,101,56,56,0.997271
831,1,224,170,56,56,1.0
831,1,142,173,56,56,0.998694
831,1,166,77,56,56,0.958028
832,1,227,170,56,56,1.0
832,1,171,74,56,56,0.970133
833,1,215,170,56,56,1.0
833,1,175,98,56,56,0.769578
835,1,226,177,56,56,1.0
835,1,170,73,56,56,0.998489
836,1,221,171,56,56,1.0
844,1,148,165,56,56,1.0
847,1,171,61,56,56,1.0
847,1,155,109,56,56,0.999962
848,1,222,164,56,56,1.0
848,1,166,84,56,56,0.996285
849,1,226,161,56,56,1.0
849,1,165,81,56,56,0.999927
850,1,167,76,56,56,0.999822
851,1,159,53,56,56,0.999964
851,1,223,157,56,56,0.999048
851,1,151,157,56,56,0.900973
852,1,158,52,56,56,0.999994
852,1,151,154,56,56,0.920168
853,1,157,47,56,56,0.999989
853,1,152,143,56,56,0.514628
854,1,150,88,56,56,0.999809
855,1,157,74,56,56,0.999973
856,1,156,74,56,56,0.999395
856,1,148,154,56,56,0.998751
857,1,163,72,56,56,0.990683
857,1,155,152,56,56,0.973588
858,1,92,172,56,56,1.0
858,1,155,68,56,56,0.983196
859,1,162,57,56,56,0.949898
860,1,163,63,56,56,0.978023
860,1,130,112,56,56,0.92682
861,1,151,159,56,56,0.9981
861,1,215,159,56,56,0.92214
861,1,159,71,56,56,0.876779
862,1,154,67,56,56,0.999732
862,1,130,107,56,56,0.994763
863,1,157,63,56,56,0.970023
864,1,157,62,56,56,0.984417
866,1,148,65,56,56,0.961144
867,1,155,61,56,56,0.937323
868,1,124,112,56,56,0.999529
868,1,148,64,56,56,0.998982
869,1,141,99,56,56,0.650408
870,1,118,88,56,56,1.0
871,1,120,82,56,56,1.0
872,1,119,88,56,56,1.0
873,1,114,80,56,56,1.0
874,1,116,88,56,56,1.0
874,1,161,168,56,56,0.969806
875,1,115,88,56,56,1.0
875,1,98,162,56,56,1.0
876,1,113,81,56,56,1.0
876,1,168,56,56,56,0.999301
876,1,157,148,56,56,0.999052
877,1,120,78,56,56,1.0
878,1,135,84,56,56,0.876507
879,1,118,80,56,56,1.0
880,1,117,80,56,56,1.0
881,1,210,165,56,56,1.0
881,1,116,97,56,56,1.0
882,1,134,93,56,56,0.999707
883,1,134,74,56,56,0.999334
884,1,127,84,56,56,1.0
886,1,130,75,56,56,1.0
893,1,138,71,56,56,0.999865
894,1,159,95,56,56,0.99863
895,1,132,104,56,56,0.999503
896,1,157,96,56,56,0.999862
897,1,135,104,56,56,0.780961
898,1,103,148,56,56,1.0
898,1,151,164,56,56,0.999948
898,1,111,228,56,56,0.874097
899,1,134,58,56,56,0.996881
899,1,134,106,56,56,0.995446
901,1,102,147,56,56,0.999986
903,1,103,147,56,56,1.0
904,1,104,147,56,56,0.999999
905,1,110,147,56,56,1.0
906,1,111,146,56,56,1.0
906,1,159,162,56,56,0.999812
907,1,114,145,56,56,0.999973
909,1,115,132,56,56,1.0
909,1,107,220,56,56,0.999379
910,1,197,148,56,56,1.0
910,1,113,144,56,56,1.0
910,1,113,216,56,56,0.683436
911,1,196,153,56,56,1.0
912,1,203,150,56,56,1.0
912,1,117,133,56,56,1.0
912,1,167,80,56,56,0.997382
913,1,200,144,56,56,1.0
914,1,193,143,56,56,1.0
914,1,129,75,56,56,0.999798
914,1,193,215,56,56,0.697839
915,1,161,104,56,56,1.0
916,1,193,149,56,56,1.0
916,1,161,104,56,56,0.999992
917,1,130,80,56,56,0.999997
918,1,169,104,56,56,0.998375
919,1,130,72,56,56,0.991637
920,1,130,80,56,56,0.97906
921,1,158,96,56,56,0.993459
922,1,167,96,56,56,0.999915
923,1,111,135,56,56,1.0
923,1,123,40,56,56,0.965447
924,1,118,126,56,56,1.0
924,1,124,56,56,56,0.999992
925,1,125,57,56,56,0.999606
925,1,117,126,56,56,0.994134
926,1,117,122,56,56,1.0
929,1,115,148,56,56,0.999888
930,1,121,143,56,56,0.999522
933,1,113,106,56,56,1.0
933,1,145,162,56,56,0.912532
938,1,190,128,56,56,1.0
939,1,188,128,56,56,1.0
940,1,187,128,56,56,1.0
941,1,183,126,56,56,1.0
941,1,159,214,56,56,0.544375
942,1,184,125,56,56,1.0
943,1,178,120,56,56,1.0
943,1,146,208,56,56,1.0
944,1,158,208,56,56,1.0
944,1,182,128,56,56,0.999994
945,1,180,118,56,56,1.0
945,1,156,214,56,56,1.0
945,1,119,134,56,56,0.676762
946,1,179,126,56,56,1.0
946,1,155,214,56,56,1.0
947,1,176,134,56,56,1.0
947,1,153,205,56,56,1.0
948,1,176,131,56,56,1.0
948,1,160,203,56,56,1.0
949,1,175,131,56,56,1.0
949,1,159,211,56,56,1.0
950,1,181,131,56,56,1.0
950,1,149,203,56,56,1.0
951,1,173,124,56,56,1.0
951,1,149,212,56,56,1.0
951,1,117,103,56,56,0.999964
952,1,180,131,56,56,1.0
952,1,156,203,56,56,1.0
953,1,155,205,56,56,1.0
953,1,149,94,56,56,1.0
954,1,163,122,56,56,1.0
954,1,123,98,56,56,0.999994
956,1,169,117,56,56,1.0
957,1,170,117,56,56,1.0
957,1,114,109,56,56,0.992583
958,1,172,124,56,56,1.0
958,1,164,188,56,56,0.999964
959,1,173,124,56,56,1.0
959,1,117,108,56,56,0.999955
967,1,157,188,56,56,0.977299
968,1,138,179,56,56,1.0
968,1,134,89,56,56,0.999238
969,1,167,113,56,56,1.0
969,1,127,89,56,56,0.999995
970,1,166,108,56,56,1.0
971,1,131,82,56,56,1.0
972,1,128,176,56,56,1.0
972,1,165,103,56,56,0.999947
973,1,129,177,56,56,1.0
973,1,172,102,56,56,1.0
974,1,128,170,56,56,1.0
975,1,124,169,56,56,1.0
975,1,170,98,56,56,1.0
976,1,124,175,56,56,1.0
976,1,161,104,56,56,0.999947
977,1,121,168,56,56,1.0
977,1,168,101,56,56,1.0
978,1,165,103,56,56,1.0
978,1,117,167,56,56,1.0
979,1,113,167,56,56,1.0
980,1,120,165,56,56,1.0
980,1,168,109,56,56,0.975236
981,1,128,166,56,56,1.0
982,1,113,163,56,56,1.0
982,1,167,98,56,56,0.99949
983,1,160,106,56,56,1.0
983,1,112,162,56,56,1.0
984,1,111,160,56,56,1.0
985,1,113,162,56,56,1.0
986,1,120,160,56,56,1.0
987,1,118,157,56,56,1.0
987,1,166,101,56,56,0.999673
988,1,125,160,56,56,1.0
988,1,165,96,56,56,1.0
989,1,109,159,56,56,1.0
989,1,165,95,56,56,1.0
994,1,118,157,56,56,1.0
994,1,158,93,56,56,0.999991
995,1,164,93,56,56,1.0
995,1,126,154,56,56,1.0
996,1,162,94,56,56,1.0
996,1,127,154,56,56,1.0
997,1,156,95,56,56,1.0
997,1,127,164,56,56,1.0
998,1,160,81,56,56,1.0
998,1,128,153,56,56,1.0
999,1,142,155,56,56,1.0
999,1,144,80,56,56,1.0
1000,1,144,97,56,56,1.0
1000,1,144,153,56,56,1.0
1001,1,146,79,56,56,1.0
1001,1,130,151,56,56,1.0
1002,1,131,151,56,56,1.0
1002,1,144,80,56,56,1.0
1003,1,140,85,56,56,1.0
1003,1,140,157,56,56,1.0
1004,1,139,150,56,56,1.0
1004,1,139,86,56,56,0.999995
1005,1,136,82,56,56,1.0
1005,1,136,154,56,56,0.999983
1016,1,162,53,56,56,0.703567
1019,1,138,76,56,56,0.999948
1020,1,132,77,56,56,1.0
1020,1,156,141,56,56,1.0
1021,1,163,138,56,56,0.996545
1021,1,131,82,56,56,0.978785
1022,1,132,79,56,56,0.999634
1022,1,164,135,56,56,0.998715
1023,1,130,79,56,56,0.993383
1023,1,170,143,56,56,0.984521
1024,1,164,133,56,56,1.0
1024,1,132,77,56,56,0.999496
1025,1,161,129,56,56,1.0
1025,1,127,75,56,56,0.985398
1026,1,159,131,56,56,1.0
1026,1,131,68,56,56,0.999999
1037,1,146,114,56,56,0.999889
1037,1,170,154,56,56,0.998707
1043,1,136,107,56,56,1.0
1067,1,129,81,56,56,0.999981
1068,1,149,88,56,56,1.0
1070,1,158,81,56,56,0.999999
1073,1,141,71,56,56,0.999994
1074,1,157,97,56,56,0.99997
1075,1,148,70,56,56,1.0
1211,1,212,73,56,56,0.560525
1213,1,206,73,56,56,0.535109
1214,1,136,40,56,56,0.991338
1219,1,140,44,56,56,0.815692
1220,1,134,42,56,56,0.867426
