304, 1, 78, 62, 56, 56
307, 1, 120, 69, 56, 56
308, 1, 66, 50, 56, 56
309, 1, 76, 53, 56, 56
311, 1, 220, 71, 56, 56
316, 1, 59, 49, 56, 56
317, 1, 59, 58, 56, 56
319, 1, 65, 64, 56, 56
320, 1, 58, 65, 56, 56
322, 1, 64, 64, 56, 56
324, 1, 133, 56, 56, 56
325, 1, 63, 56, 56, 56
326, 1, 63, 64, 56, 56
327, 1, 64, 56, 56, 56
328, 1, 127, 54, 56, 56
329, 1, 63, 64, 56, 56
330, 1, 123, 61, 56, 56
332, 1, 64, 56, 56, 56
333, 1, 124, 65, 56, 56
334, 1, 63, 56, 56, 56
335, 1, 63, 56, 56, 56
336, 1, 64, 56, 56, 56
337, 1, 64, 64, 56, 56
338, 1, 127, 47, 56, 56
339, 1, 63, 64, 56, 56
340, 1, 64, 64, 56, 56
341, 1, 77, 54, 56, 56
342, 1, 56, 48, 56, 56
343, 1, 174, 45, 56, 56
344, 1, 124, 55, 56, 56
345, 1, 117, 55, 56, 56
346, 1, 173, 45, 56, 56
347, 1, 174, 46, 56, 56
348, 1, 166, 38, 56, 56
349, 1, 166, 62, 56, 56
350, 1, 117, 80, 56, 56
351, 1, 166, 60, 56, 56
352, 1, 118, 82, 56, 56
353, 1, 118, 90, 56, 56
354, 1, 80, 56, 56, 56
355, 1, 218, 76, 56, 56
356, 1, 56, 57, 56, 56
357, 1, 56, 49, 56, 56
358, 1, 216, 77, 56, 56
359, 1, 119, 127, 56, 56
360, 1, 223, 69, 56, 56
361, 1, 134, 65, 56, 56
362, 1, 222, 75, 56, 56
363, 1, 116, 45, 56, 56
364, 1, 116, 46, 56, 56
365, 1, 114, 46, 56, 56
366, 1, 115, 45, 56, 56
367, 1, 98, 142, 56, 56
368, 1, 89, 145, 56, 56
369, 1, 96, 146, 56, 56
370, 1, 93, 152, 56, 56
371, 1, 81, 155, 56, 56
372, 1, 85, 159, 56, 56
373, 1, 118, 42, 56, 56
374, 1, 72, 169, 56, 56
375, 1, 66, 170, 56, 56
376, 1, 62, 171, 56, 56
376, 1, 117, 46, 56, 56
377, 1, 62, 179, 56, 56
378, 1, 77, 52, 56, 56
382, 1, 129, 60, 56, 56
383, 1, 121, 60, 56, 56
386, 1, 123, 69, 56, 56
387, 1, 123, 69, 56, 56
388, 1, 123, 61, 56, 56
390, 1, 131, 53, 56, 56
391, 1, 177, 125, 56, 56
393, 1, 181, 134, 56, 56
394, 1, 181, 142, 56, 56
395, 1, 182, 148, 56, 56
396, 1, 186, 148, 56, 56
402, 1, 128, 80, 56, 56
412, 1, 99, 100, 56, 56
413, 1, 157, 62, 56, 56
413, 1, 92, 110, 56, 56
414, 1, 88, 114, 56, 56
415, 1, 94, 113, 56, 56
416, 1, 91, 113, 56, 56
416, 1, 155, 70, 56, 56
417, 1, 92, 117, 56, 56
418, 1, 85, 116, 56, 56
419, 1, 158, 72, 56, 56
419, 1, 87, 118, 56, 56
420, 1, 156, 72, 56, 56
420, 1, 82, 123, 56, 56
421, 1, 161, 78, 56, 56
422, 1, 159, 78, 56, 56
422, 1, 81, 133, 56, 56
423, 1, 159, 80, 56, 56
424, 1, 157, 82, 56, 56
425, 1, 78, 147, 56, 56
425, 1, 160, 79, 56, 56
426, 1, 157, 85, 56, 56
426, 1, 117, 53, 56, 56
427, 1, 156, 94, 56, 56
427, 1, 85, 134, 56, 56
427, 1, 118, 56, 56, 56
428, 1, 79, 153, 56, 56
429, 1, 163, 97, 56, 56
429, 1, 76, 159, 56, 56
430, 1, 75, 165, 56, 56
431, 1, 73, 161, 56, 56
432, 1, 71, 175, 56, 56
432, 1, 162, 109, 56, 56
433, 1, 122, 84, 56, 56
433, 1, 70, 172, 56, 56
433, 1, 170, 68, 56, 56
434, 1, 68, 174, 56, 56
434, 1, 166, 120, 56, 56
435, 1, 165, 121, 56, 56
436, 1, 68, 186, 56, 56
436, 1, 170, 123, 56, 56
436, 1, 116, 186, 56, 56
437, 1, 170, 131, 56, 56
438, 1, 172, 135, 56, 56
439, 1, 172, 135, 56, 56
440, 1, 176, 141, 56, 56
440, 1, 162, 39, 56, 56
442, 1, 175, 148, 56, 56
446, 1, 146, 62, 56, 56
447, 1, 143, 64, 56, 56
448, 1, 142, 68, 56, 56
449, 1, 140, 71, 56, 56
450, 1, 167, 48, 56, 56
451, 1, 130, 79, 56, 56
452, 1, 136, 79, 56, 56
453, 1, 130, 83, 56, 56
454, 1, 132, 88, 56, 56
455, 1, 132, 84, 56, 56
456, 1, 122, 84, 56, 56
457, 1, 122, 94, 56, 56
458, 1, 120, 93, 56, 56
459, 1, 124, 93, 56, 56
460, 1, 121, 105, 56, 56
461, 1, 117, 104, 56, 56
462, 1, 100, 196, 56, 56
463, 1, 115, 111, 56, 56
464, 1, 112, 115, 56, 56
465, 1, 115, 116, 56, 56
466, 1, 111, 121, 56, 56
466, 1, 130, 77, 56, 56
467, 1, 109, 123, 56, 56
468, 1, 102, 122, 56, 56
468, 1, 128, 78, 56, 56
469, 1, 101, 124, 56, 56
470, 1, 101, 134, 56, 56
471, 1, 103, 139, 56, 56
472, 1, 101, 139, 56, 56
472, 1, 124, 48, 56, 56
473, 1, 122, 47, 56, 56
473, 1, 98, 141, 56, 56
473, 1, 126, 94, 56, 56
474, 1, 92, 144, 56, 56
474, 1, 121, 47, 56, 56
475, 1, 120, 47, 56, 56
475, 1, 91, 146, 56, 56
475, 1, 126, 94, 56, 56
476, 1, 120, 47, 56, 56
476, 1, 83, 147, 56, 56
477, 1, 127, 55, 56, 56
477, 1, 85, 151, 56, 56
478, 1, 127, 55, 56, 56
478, 1, 82, 153, 56, 56
479, 1, 126, 61, 56, 56
479, 1, 78, 154, 56, 56
480, 1, 123, 57, 56, 56
480, 1, 73, 155, 56, 56
481, 1, 127, 61, 56, 56
482, 1, 121, 63, 56, 56
482, 1, 66, 163, 56, 56
483, 1, 127, 69, 56, 56
484, 1, 131, 75, 56, 56
484, 1, 57, 165, 56, 56
485, 1, 132, 76, 56, 56
485, 1, 57, 169, 56, 56
486, 1, 131, 70, 56, 56
486, 1, 50, 171, 56, 56
487, 1, 134, 83, 56, 56
487, 1, 51, 169, 56, 56
488, 1, 134, 75, 56, 56
489, 1, 138, 86, 56, 56
490, 1, 39, 176, 56, 56
491, 1, 143, 85, 56, 56
492, 1, 39, 185, 56, 56
492, 1, 146, 89, 56, 56
493, 1, 140, 87, 56, 56
494, 1, 124, 37, 56, 56
494, 1, 140, 93, 56, 56
495, 1, 144, 87, 56, 56
495, 1, 122, 38, 56, 56
496, 1, 142, 89, 56, 56
496, 1, 124, 39, 56, 56
497, 1, 149, 97, 56, 56
497, 1, 125, 41, 56, 56
498, 1, 149, 97, 56, 56
498, 1, 125, 41, 56, 56
499, 1, 145, 99, 56, 56
500, 1, 148, 100, 56, 56
501, 1, 151, 104, 56, 56
502, 1, 144, 105, 56, 56
503, 1, 146, 100, 56, 56
503, 1, 130, 44, 56, 56
504, 1, 150, 133, 56, 56
505, 1, 136, 101, 56, 56
506, 1, 133, 57, 56, 56
506, 1, 141, 105, 56, 56
507, 1, 144, 140, 56, 56
508, 1, 133, 59, 56, 56
508, 1, 141, 115, 56, 56
509, 1, 134, 62, 56, 56
509, 1, 134, 110, 56, 56
510, 1, 134, 64, 56, 56
510, 1, 134, 112, 56, 56
511, 1, 132, 65, 56, 56
511, 1, 132, 113, 56, 56
512, 1, 139, 63, 56, 56
512, 1, 139, 119, 56, 56
513, 1, 132, 68, 56, 56
513, 1, 132, 124, 56, 56
514, 1, 135, 72, 56, 56
515, 1, 132, 76, 56, 56
515, 1, 141, 127, 56, 56
516, 1, 134, 80, 56, 56
516, 1, 142, 128, 56, 56
517, 1, 128, 81, 56, 56
517, 1, 138, 130, 56, 56
518, 1, 127, 81, 56, 56
518, 1, 139, 132, 56, 56
519, 1, 128, 82, 56, 56
520, 1, 128, 88, 56, 56
521, 1, 128, 91, 56, 56
522, 1, 129, 94, 56, 56
523, 1, 121, 96, 56, 56
524, 1, 130, 96, 56, 56
524, 1, 147, 157, 56, 56
525, 1, 147, 165, 56, 56
525, 1, 122, 97, 56, 56
526, 1, 124, 104, 56, 56
527, 1, 123, 105, 56, 56
528, 1, 126, 108, 56, 56
529, 1, 120, 115, 56, 56
530, 1, 126, 114, 56, 56
531, 1, 141, 139, 56, 56
532, 1, 130, 128, 56, 56
533, 1, 164, 185, 56, 56
533, 1, 120, 129, 56, 56
534, 1, 127, 132, 56, 56
534, 1, 165, 185, 56, 56
535, 1, 124, 132, 56, 56
536, 1, 126, 133, 56, 56
537, 1, 125, 140, 56, 56
537, 1, 132, 35, 56, 56
538, 1, 126, 137, 56, 56
539, 1, 127, 142, 56, 56
539, 1, 131, 35, 56, 56
540, 1, 124, 151, 56, 56
540, 1, 133, 35, 56, 56
541, 1, 117, 152, 56, 56
541, 1, 136, 35, 56, 56
542, 1, 116, 157, 56, 56
543, 1, 134, 38, 56, 56
544, 1, 137, 38, 56, 56
545, 1, 137, 39, 56, 56
546, 1, 135, 39, 56, 56
547, 1, 118, 41, 56, 56
548, 1, 137, 48, 56, 56
549, 1, 178, 106, 56, 56
550, 1, 178, 107, 56, 56
551, 1, 179, 108, 56, 56
552, 1, 178, 116, 56, 56
553, 1, 179, 117, 56, 56
554, 1, 179, 123, 56, 56
554, 1, 122, 81, 56, 56
555, 1, 170, 148, 56, 56
555, 1, 122, 81, 56, 56
556, 1, 136, 62, 56, 56
557, 1, 120, 88, 56, 56
558, 1, 178, 136, 56, 56
559, 1, 136, 51, 56, 56
560, 1, 135, 53, 56, 56
561, 1, 124, 95, 56, 56
562, 1, 136, 56, 56, 56
563, 1, 136, 58, 56, 56
564, 1, 135, 59, 56, 56
565, 1, 135, 61, 56, 56
566, 1, 134, 62, 56, 56
567, 1, 133, 64, 56, 56
568, 1, 135, 65, 56, 56
569, 1, 135, 67, 56, 56
570, 1, 135, 67, 56, 56
571, 1, 136, 69, 56, 56
572, 1, 138, 65, 56, 56
573, 1, 133, 72, 56, 56
574, 1, 138, 76, 56, 56
575, 1, 134, 73, 56, 56
576, 1, 135, 81, 56, 56
577, 1, 135, 84, 56, 56
578, 1, 136, 86, 56, 56
579, 1, 134, 88, 56, 56
580, 1, 140, 91, 56, 56
581, 1, 142, 86, 56, 56
582, 1, 139, 93, 56, 56
583, 1, 138, 101, 56, 56
584, 1, 137, 101, 56, 56
585, 1, 137, 103, 56, 56
587, 1, 126, 39, 56, 56
588, 1, 126, 39, 56, 56
589, 1, 143, 112, 56, 56
590, 1, 126, 32, 56, 56
591, 1, 124, 31, 56, 56
592, 1, 124, 31, 56, 56
593, 1, 130, 129, 56, 56
594, 1, 126, 129, 56, 56
595, 1, 132, 129, 56, 56
596, 1, 128, 136, 56, 56
597, 1, 121, 46, 56, 56
598, 1, 122, 48, 56, 56
599, 1, 138, 40, 56, 56
600, 1, 165, 58, 56, 56
600, 1, 204, 87, 56, 56
601, 1, 203, 95, 56, 56
602, 1, 164, 57, 56, 56
603, 1, 167, 57, 56, 56
604, 1, 170, 61, 56, 56
605, 1, 123, 80, 56, 56
606, 1, 170, 68, 56, 56
607, 1, 141, 80, 56, 56
608, 1, 149, 93, 56, 56
609, 1, 143, 88, 56, 56
610, 1, 132, 179, 56, 56
611, 1, 114, 167, 56, 56
612, 1, 106, 184, 56, 56
613, 1, 128, 64, 56, 56
614, 1, 130, 68, 56, 56
617, 1, 139, 40, 56, 56
618, 1, 164, 128, 56, 56
619, 1, 172, 131, 56, 56
620, 1, 139, 38, 56, 56
621, 1, 138, 39, 56, 56
622, 1, 138, 40, 56, 56
622, 1, 176, 139, 56, 56
623, 1, 136, 41, 56, 56
624, 1, 135, 44, 56, 56
625, 1, 137, 54, 56, 56
626, 1, 134, 54, 56, 56
627, 1, 135, 56, 56, 56
628, 1, 134, 59, 56, 56
628, 1, 156, 100, 56, 56
629, 1, 132, 67, 56, 56
630, 1, 131, 60, 56, 56
631, 1, 129, 69, 56, 56
632, 1, 123, 73, 56, 56
633, 1, 129, 73, 56, 56
634, 1, 129, 75, 56, 56
634, 1, 218, 99, 56, 56
635, 1, 130, 78, 56, 56
635, 1, 223, 97, 56, 56
636, 1, 123, 79, 56, 56
637, 1, 122, 81, 56, 56
638, 1, 121, 84, 56, 56
639, 1, 120, 86, 56, 56
640, 1, 120, 89, 56, 56
641, 1, 120, 93, 56, 56
642, 1, 124, 98, 56, 56
642, 1, 149, 44, 56, 56
642, 1, 242, 107, 56, 56
643, 1, 124, 101, 56, 56
643, 1, 149, 44, 56, 56
644, 1, 120, 100, 56, 56
644, 1, 149, 41, 56, 56
645, 1, 121, 111, 56, 56
646, 1, 119, 113, 56, 56
647, 1, 120, 117, 56, 56
647, 1, 151, 43, 56, 56
648, 1, 119, 116, 56, 56
648, 1, 145, 53, 56, 56
649, 1, 118, 126, 56, 56
649, 1, 145, 53, 56, 56
650, 1, 115, 128, 56, 56
651, 1, 116, 130, 56, 56
651, 1, 151, 58, 56, 56
652, 1, 115, 136, 56, 56
652, 1, 150, 55, 56, 56
653, 1, 115, 138, 56, 56
653, 1, 150, 57, 56, 56
653, 1, 155, 194, 56, 56
654, 1, 153, 58, 56, 56
655, 1, 154, 60, 56, 56
655, 1, 112, 146, 56, 56
656, 1, 159, 61, 56, 56
656, 1, 110, 149, 56, 56
657, 1, 155, 68, 56, 56
657, 1, 108, 150, 56, 56
658, 1, 158, 69, 56, 56
658, 1, 106, 155, 56, 56
659, 1, 156, 68, 56, 56
660, 1, 157, 75, 56, 56
660, 1, 99, 157, 56, 56
661, 1, 157, 73, 56, 56
661, 1, 97, 159, 56, 56
662, 1, 158, 73, 56, 56
662, 1, 101, 168, 56, 56
663, 1, 126, 51, 56, 56
664, 1, 163, 78, 56, 56
664, 1, 126, 51, 56, 56
665, 1, 166, 82, 56, 56
665, 1, 86, 173, 56, 56
666, 1, 165, 85, 56, 56
666, 1, 86, 171, 56, 56
667, 1, 159, 86, 56, 56
668, 1, 162, 94, 56, 56
669, 1, 162, 95, 56, 56
670, 1, 167, 98, 56, 56
671, 1, 166, 95, 56, 56
672, 1, 169, 99, 56, 56
673, 1, 158, 106, 56, 56
674, 1, 158, 114, 56, 56
675, 1, 160, 117, 56, 56
676, 1, 166, 116, 56, 56
677, 1, 124, 68, 56, 56
677, 1, 165, 122, 56, 56
678, 1, 168, 123, 56, 56
679, 1, 129, 70, 56, 56
679, 1, 168, 125, 56, 56
680, 1, 167, 129, 56, 56
680, 1, 128, 71, 56, 56
681, 1, 165, 134, 56, 56
682, 1, 169, 133, 56, 56
682, 1, 127, 79, 56, 56
683, 1, 168, 140, 56, 56
683, 1, 125, 83, 56, 56
684, 1, 169, 141, 56, 56
684, 1, 124, 86, 56, 56
685, 1, 122, 87, 56, 56
685, 1, 171, 145, 56, 56
686, 1, 173, 151, 56, 56
686, 1, 120, 43, 56, 56
686, 1, 118, 89, 56, 56
687, 1, 121, 88, 56, 56
687, 1, 174, 146, 56, 56
687, 1, 157, 48, 56, 56
688, 1, 121, 89, 56, 56
688, 1, 176, 155, 56, 56
689, 1, 179, 155, 56, 56
689, 1, 125, 95, 56, 56
690, 1, 181, 161, 56, 56
690, 1, 118, 98, 56, 56
691, 1, 184, 162, 56, 56
692, 1, 159, 82, 56, 56
693, 1, 160, 82, 56, 56
694, 1, 160, 84, 56, 56
697, 1, 167, 58, 56, 56
698, 1, 159, 92, 56, 56
699, 1, 172, 60, 56, 56
704, 1, 154, 107, 56, 56
705, 1, 210, 97, 56, 56
706, 1, 160, 78, 56, 56
707, 1, 157, 78, 56, 56
707, 1, 210, 97, 56, 56
708, 1, 210, 96, 56, 56
709, 1, 210, 97, 56, 56
710, 1, 210, 97, 56, 56
711, 1, 159, 92, 56, 56
711, 1, 210, 96, 56, 56
712, 1, 159, 95, 56, 56
713, 1, 157, 100, 56, 56
714, 1, 156, 101, 56, 56
715, 1, 154, 103, 56, 56
716, 1, 155, 105, 56, 56
717, 1, 152, 106, 56, 56
718, 1, 169, 72, 56, 56
719, 1, 202, 201, 56, 56
720, 1, 165, 73, 56, 56
721, 1, 165, 74, 56, 56
722, 1, 126, 57, 56, 56
723, 1, 108, 183, 56, 56
723, 1, 155, 119, 56, 56
724, 1, 105, 186, 56, 56
724, 1, 156, 127, 56, 56
725, 1, 156, 128, 56, 56
726, 1, 129, 64, 56, 56
726, 1, 188, 176, 56, 56
727, 1, 133, 64, 56, 56
728, 1, 159, 136, 56, 56
729, 1, 165, 136, 56, 56
730, 1, 191, 184, 56, 56
731, 1, 158, 144, 56, 56
732, 1, 160, 143, 56, 56
733, 1, 161, 148, 56, 56
734, 1, 163, 150, 56, 56
735, 1, 160, 151, 56, 56
736, 1, 160, 154, 56, 56
737, 1, 155, 162, 56, 56
738, 1, 156, 165, 56, 56
739, 1, 152, 166, 56, 56
740, 1, 150, 170, 56, 56
741, 1, 149, 171, 56, 56
742, 1, 149, 175, 56, 56
742, 1, 111, 96, 56, 56
743, 1, 148, 178, 56, 56
744, 1, 155, 63, 56, 56
745, 1, 163, 96, 56, 56
746, 1, 155, 66, 56, 56
747, 1, 156, 69, 56, 56
747, 1, 116, 45, 56, 56
748, 1, 156, 71, 56, 56
749, 1, 104, 114, 56, 56
749, 1, 158, 73, 56, 56
750, 1, 105, 116, 56, 56
750, 1, 154, 73, 56, 56
751, 1, 154, 80, 56, 56
751, 1, 102, 119, 56, 56
752, 1, 154, 86, 56, 56
752, 1, 96, 119, 56, 56
753, 1, 95, 121, 56, 56
754, 1, 100, 127, 56, 56
755, 1, 155, 86, 56, 56
756, 1, 97, 134, 56, 56
757, 1, 162, 68, 56, 56
758, 1, 162, 73, 56, 56
759, 1, 158, 76, 56, 56
759, 1, 90, 139, 56, 56
760, 1, 159, 71, 56, 56
761, 1, 87, 141, 56, 56
762, 1, 164, 82, 56, 56
763, 1, 128, 51, 56, 56
763, 1, 167, 83, 56, 56
764, 1, 129, 50, 56, 56
765, 1, 129, 53, 56, 56
765, 1, 72, 146, 56, 56
766, 1, 137, 57, 56, 56
767, 1, 136, 58, 56, 56
768, 1, 135, 59, 56, 56
769, 1, 125, 52, 56, 56
770, 1, 176, 107, 56, 56
771, 1, 182, 108, 56, 56
772, 1, 184, 112, 56, 56
772, 1, 129, 58, 56, 56
773, 1, 185, 119, 56, 56
774, 1, 188, 119, 56, 56
774, 1, 126, 66, 56, 56
775, 1, 125, 66, 56, 56
775, 1, 185, 124, 56, 56
776, 1, 129, 70, 56, 56
776, 1, 188, 125, 56, 56
777, 1, 127, 73, 56, 56
777, 1, 47, 165, 56, 56
777, 1, 191, 127, 56, 56
778, 1, 126, 71, 56, 56
779, 1, 117, 71, 56, 56
780, 1, 116, 70, 56, 56
781, 1, 118, 72, 56, 56
782, 1, 113, 72, 56, 56
782, 1, 201, 140, 56, 56
783, 1, 113, 72, 56, 56
783, 1, 198, 185, 56, 56
784, 1, 118, 80, 56, 56
785, 1, 114, 76, 56, 56
786, 1, 118, 100, 56, 56
787, 1, 112, 77, 56, 56
788, 1, 112, 88, 56, 56
789, 1, 112, 81, 56, 56
790, 1, 110, 79, 56, 56
791, 1, 110, 87, 56, 56
792, 1, 109, 87, 56, 56
793, 1, 158, 52, 56, 56
793, 1, 109, 87, 56, 56
794, 1, 102, 90, 56, 56
795, 1, 106, 89, 56, 56
796, 1, 102, 91, 56, 56
797, 1, 103, 93, 56, 56
798, 1, 102, 95, 56, 56
799, 1, 102, 97, 56, 56
800, 1, 100, 99, 56, 56
804, 1, 114, 139, 56, 56
805, 1, 156, 56, 56, 56
806, 1, 95, 131, 56, 56
807, 1, 110, 148, 56, 56
808, 1, 129, 135, 56, 56
810, 1, 93, 130, 56, 56
811, 1, 89, 130, 56, 56
812, 1, 94, 146, 56, 56
813, 1, 99, 145, 56, 56
814, 1, 124, 114, 56, 56
815, 1, 95, 144, 56, 56
816, 1, 84, 127, 56, 56
817, 1, 82, 127, 56, 56
818, 1, 78, 126, 56, 56
819, 1, 75, 124, 56, 56
820, 1, 80, 139, 56, 56
821, 1, 75, 139, 56, 56
822, 1, 71, 123, 56, 56
823, 1, 71, 143, 56, 56
824, 1, 67, 138, 56, 56
825, 1, 56, 112, 56, 56
826, 1, 65, 150, 56, 56
827, 1, 64, 150, 56, 56
828, 1, 55, 147, 56, 56
829, 1, 46, 110, 56, 56
830, 1, 41, 110, 56, 56
831, 1, 169, 48, 56, 56
832, 1, 169, 48, 56, 56
833, 1, 38, 113, 56, 56
834, 1, 129, 45, 56, 56
835, 1, 123, 121, 56, 56
836, 1, 174, 52, 56, 56
837, 1, 127, 49, 56, 56
838, 1, 131, 54, 56, 56
839, 1, 124, 57, 56, 56
840, 1, 124, 56, 56, 56
841, 1, 124, 56, 56, 56
842, 1, 124, 59, 56, 56
843, 1, 126, 61, 56, 56
844, 1, 131, 65, 56, 56
845, 1, 126, 62, 56, 56
846, 1, 133, 71, 56, 56
847, 1, 131, 71, 56, 56
848, 1, 122, 71, 56, 56
848, 1, 169, 46, 56, 56
849, 1, 124, 76, 56, 56
849, 1, 164, 45, 56, 56
850, 1, 167, 48, 56, 56
851, 1, 128, 83, 56, 56
851, 1, 102, 155, 56, 56
851, 1, 167, 48, 56, 56
852, 1, 128, 83, 56, 56
852, 1, 164, 52, 56, 56
853, 1, 127, 82, 56, 56
853, 1, 166, 54, 56, 56
854, 1, 166, 54, 56, 56
854, 1, 126, 82, 56, 56
855, 1, 166, 54, 56, 56
856, 1, 128, 90, 56, 56
856, 1, 88, 164, 56, 56
857, 1, 82, 164, 56, 56
858, 1, 133, 91, 56, 56
858, 1, 165, 43, 56, 56
858, 1, 79, 165, 56, 56
859, 1, 131, 96, 56, 56
860, 1, 138, 98, 56, 56
860, 1, 64, 167, 56, 56
861, 1, 62, 169, 56, 56
861, 1, 139, 99, 56, 56
862, 1, 59, 167, 56, 56
862, 1, 169, 60, 56, 56
862, 1, 132, 102, 56, 56
863, 1, 134, 106, 56, 56
864, 1, 132, 110, 56, 56
865, 1, 133, 116, 56, 56
866, 1, 51, 169, 56, 56
867, 1, 174, 78, 56, 56
868, 1, 83, 104, 56, 56
869, 1, 41, 174, 56, 56
873, 1, 157, 78, 56, 56
874, 1, 125, 145, 56, 56
875, 1, 182, 85, 56, 56
876, 1, 29, 178, 56, 56
877, 1, 186, 88, 56, 56
878, 1, 179, 89, 56, 56
879, 1, 48, 168, 56, 56
880, 1, 115, 161, 56, 56
881, 1, 121, 164, 56, 56
882, 1, 142, 42, 56, 56
883, 1, 185, 98, 56, 56
884, 1, 116, 177, 56, 56
885, 1, 185, 106, 56, 56
890, 1, 184, 121, 56, 56
891, 1, 186, 120, 56, 56
892, 1, 187, 127, 56, 56
893, 1, 188, 127, 56, 56
894, 1, 197, 125, 56, 56
895, 1, 196, 132, 56, 56
896, 1, 197, 129, 56, 56
897, 1, 203, 135, 56, 56
898, 1, 177, 155, 56, 56
899, 1, 179, 158, 56, 56
900, 1, 203, 145, 56, 56
905, 1, 228, 153, 56, 56
906, 1, 232, 154, 56, 56
911, 1, 157, 82, 56, 56
912, 1, 243, 163, 56, 56
912, 1, 157, 91, 56, 56
913, 1, 245, 164, 56, 56
914, 1, 246, 166, 56, 56
915, 1, 247, 168, 56, 56
916, 1, 250, 172, 56, 56
931, 1, 155, 47, 56, 56
944, 1, 154, 56, 56, 56
945, 1, 153, 59, 56, 56
946, 1, 153, 59, 56, 56
947, 1, 155, 63, 56, 56
961, 1, 169, 58, 56, 56
962, 1, 99, 154, 56, 56
964, 1, 169, 60, 56, 56
966, 1, 97, 166, 56, 56
967, 1, 99, 169, 56, 56
969, 1, 80, 158, 56, 56
976, 1, 185, 131, 56, 56
977, 1, 204, 149, 56, 56
978, 1, 199, 133, 56, 56
979, 1, 202, 133, 56, 56
980, 1, 204, 131, 56, 56
981, 1, 209, 133, 56, 56
982, 1, 210, 132, 56, 56
983, 1, 205, 136, 56, 56
992, 1, 223, 160, 56, 56
993, 1, 240, 157, 56, 56
1004, 1, 193, 174, 56, 56
1005, 1, 184, 177, 56, 56
1006, 1, 188, 178, 56, 56
1007, 1, 188, 178, 56, 56
1008, 1, 191, 181, 56, 56
1009, 1, 180, 180, 56, 56
1010, 1, 159, 56, 56, 56
1011, 1, 149, 49, 56, 56
1012, 1, 150, 60, 56, 56
1013, 1, 157, 69, 56, 56
1014, 1, 124, 77, 56, 56
1015, 1, 152, 68, 56, 56
1016, 1, 116, 58, 56, 56
1017, 1, 46, 173, 56, 56
1018, 1, 114, 59, 56, 56
1019, 1, 108, 35, 56, 56
1020, 1, 55, 153, 56, 56
1020, 1, 107, 52, 56, 56
1021, 1, 158, 35, 56, 56
1022, 1, 157, 37, 56, 56
1023, 1, 117, 57, 56, 56
1024, 1, 153, 35, 56, 56
1024, 1, 43, 165, 56, 56
1025, 1, 124, 34, 56, 56
1026, 1, 124, 36, 56, 56
1026, 1, 77, 189, 56, 56
1027, 1, 150, 55, 56, 56
1028, 1, 150, 54, 56, 56
1029, 1, 151, 55, 56, 56
1030, 1, 144, 58, 56, 56
1031, 1, 145, 61, 56, 56
1031, 1, 25, 174, 56, 56
1032, 1, 143, 65, 56, 56
1034, 1, 137, 76, 56, 56
1035, 1, 135, 79, 56, 56
1036, 1, 123, 80, 56, 56
1037, 1, 125, 80, 56, 56
1038, 1, 133, 79, 56, 56
1039, 1, 124, 74, 56, 56
1040, 1, 127, 81, 56, 56
1041, 1, 122, 84, 56, 56
1042, 1, 125, 92, 56, 56
1043, 1, 121, 91, 56, 56
1044, 1, 130, 96, 56, 56
1045, 1, 124, 99, 56, 56
1046, 1, 124, 102, 56, 56
1047, 1, 134, 49, 56, 56
1049, 1, 137, 48, 56, 56
1050, 1, 127, 108, 56, 56
1051, 1, 118, 126, 56, 56
1052, 1, 142, 56, 56, 56
1053, 1, 122, 101, 56, 56
1054, 1, 115, 79, 56, 56
1055, 1, 117, 127, 56, 56
1056, 1, 136, 54, 56, 56
1057, 1, 166, 187, 56, 56
1058, 1, 139, 57, 56, 56
1059, 1, 140, 58, 56, 56
1060, 1, 126, 158, 56, 56
1060, 1, 174, 196, 56, 56
1061, 1, 129, 163, 56, 56
1062, 1, 130, 167, 56, 56
1063, 1, 131, 171, 56, 56
1064, 1, 146, 74, 56, 56
1065, 1, 132, 179, 56, 56
1066, 1, 139, 70, 56, 56
1067, 1, 141, 72, 56, 56
1068, 1, 140, 73, 56, 56
1068, 1, 135, 195, 56, 56
1069, 1, 141, 72, 56, 56
1070, 1, 144, 79, 56, 56
1071, 1, 132, 192, 56, 56
1072, 1, 141, 77, 56, 56
1073, 1, 143, 79, 56, 56
1073, 1, 143, 200, 56, 56
1074, 1, 141, 83, 56, 56
1075, 1, 139, 89, 56, 56
1076, 1, 144, 92, 56, 56
1077, 1, 163, 49, 56, 56
1077, 1, 141, 94, 56, 56
1077, 1, 170, 181, 56, 56
1078, 1, 163, 48, 56, 56
1079, 1, 163, 49, 56, 56
1080, 1, 124, 75, 56, 56
1081, 1, 163, 48, 56, 56
1082, 1, 160, 42, 56, 56
1083, 1, 160, 43, 56, 56
1084, 1, 159, 44, 56, 56
1085, 1, 140, 78, 56, 56
1086, 1, 139, 78, 56, 56
1087, 1, 138, 79, 56, 56
1088, 1, 138, 78, 56, 56
1089, 1, 138, 80, 56, 56
1090, 1, 138, 82, 56, 56
1091, 1, 133, 77, 56, 56
1092, 1, 135, 83, 56, 56
1093, 1, 169, 64, 56, 56
1094, 1, 169, 65, 56, 56
1095, 1, 171, 59, 56, 56
1096, 1, 164, 60, 56, 56
1097, 1, 138, 85, 56, 56
1098, 1, 164, 65, 56, 56
1099, 1, 165, 65, 56, 56
1100, 1, 170, 70, 56, 56
1101, 1, 177, 75, 56, 56
1102, 1, 172, 74, 56, 56
1103, 1, 125, 86, 56, 56
1104, 1, 124, 84, 56, 56
1105, 1, 124, 81, 56, 56
1106, 1, 123, 81, 56, 56
1107, 1, 124, 87, 56, 56
1108, 1, 125, 89, 56, 56
1109, 1, 137, 124, 56, 56
1110, 1, 163, 98, 56, 56
1111, 1, 121, 89, 56, 56
1112, 1, 177, 87, 56, 56
1113, 1, 167, 98, 56, 56
1113, 1, 116, 36, 56, 56
1113, 1, 135, 144, 56, 56
1114, 1, 133, 38, 56, 56
1115, 1, 187, 90, 56, 56
1116, 1, 113, 99, 56, 56
1117, 1, 105, 100, 56, 56
1117, 1, 127, 40, 56, 56
1118, 1, 126, 150, 56, 56
1119, 1, 133, 41, 56, 56
1120, 1, 124, 143, 56, 56
1121, 1, 110, 37, 56, 56
1121, 1, 188, 101, 56, 56
1122, 1, 187, 100, 56, 56
1122, 1, 110, 40, 56, 56
1123, 1, 126, 47, 56, 56
1124, 1, 102, 117, 56, 56
1125, 1, 102, 118, 56, 56
1126, 1, 181, 155, 56, 56
1127, 1, 129, 60, 56, 56
1128, 1, 129, 61, 56, 56
1129, 1, 97, 122, 56, 56
1130, 1, 125, 64, 56, 56
1131, 1, 125, 64, 56, 56
1131, 1, 86, 142, 56, 56
1132, 1, 128, 66, 56, 56
1133, 1, 126, 67, 56, 56
1134, 1, 82, 148, 56, 56
1135, 1, 128, 93, 56, 56
1136, 1, 121, 75, 56, 56
1137, 1, 123, 72, 56, 56
1137, 1, 77, 125, 56, 56
1138, 1, 117, 77, 56, 56
1139, 1, 120, 74, 56, 56
1140, 1, 117, 83, 56, 56
1141, 1, 225, 167, 56, 56
1141, 1, 117, 77, 56, 56
1142, 1, 117, 82, 56, 56
1143, 1, 118, 82, 56, 56
1144, 1, 111, 87, 56, 56
1144, 1, 260, 143, 56, 56
1145, 1, 117, 89, 56, 56
1146, 1, 118, 88, 56, 56
1146, 1, 57, 120, 56, 56
1146, 1, 159, 44, 56, 56
1147, 1, 113, 90, 56, 56
1147, 1, 55, 122, 56, 56
1147, 1, 158, 46, 56, 56
1148, 1, 115, 92, 56, 56
1148, 1, 155, 45, 56, 56
1149, 1, 116, 94, 56, 56
1149, 1, 164, 48, 56, 56
1150, 1, 115, 95, 56, 56
1150, 1, 46, 124, 56, 56
1151, 1, 110, 97, 56, 56
1151, 1, 156, 47, 56, 56
1152, 1, 115, 99, 56, 56
1152, 1, 75, 159, 56, 56
1152, 1, 164, 56, 56, 56
1153, 1, 161, 56, 56, 56
1154, 1, 65, 158, 56, 56
1155, 1, 114, 107, 56, 56
1156, 1, 99, 183, 56, 56
1157, 1, 161, 52, 56, 56
1158, 1, 162, 55, 56, 56
1159, 1, 162, 56, 56, 56
1159, 1, 45, 131, 56, 56
1160, 1, 161, 62, 56, 56
1161, 1, 159, 65, 56, 56
1162, 1, 113, 130, 56, 56
1162, 1, 168, 71, 56, 56
1163, 1, 112, 131, 56, 56
1163, 1, 166, 65, 56, 56
1164, 1, 110, 131, 56, 56
1164, 1, 166, 72, 56, 56
1164, 1, 72, 188, 56, 56
1165, 1, 164, 71, 56, 56
1165, 1, 111, 131, 56, 56
1166, 1, 108, 135, 56, 56
1166, 1, 166, 76, 56, 56
1167, 1, 160, 70, 56, 56
1167, 1, 105, 136, 56, 56
1168, 1, 107, 143, 56, 56
1168, 1, 166, 80, 56, 56
1169, 1, 109, 141, 56, 56
1169, 1, 166, 79, 56, 56
1169, 1, 28, 148, 56, 56
1170, 1, 74, 167, 56, 56
1170, 1, 158, 81, 56, 56
1170, 1, 27, 146, 56, 56
1171, 1, 67, 173, 56, 56
1172, 1, 74, 171, 56, 56
1172, 1, 162, 86, 56, 56
1173, 1, 102, 155, 56, 56
1173, 1, 162, 89, 56, 56
1174, 1, 67, 166, 56, 56
1174, 1, 162, 86, 56, 56
1175, 1, 98, 157, 56, 56
1175, 1, 166, 91, 56, 56
1176, 1, 170, 95, 56, 56
1176, 1, 92, 155, 56, 56
1177, 1, 100, 162, 56, 56
1177, 1, 170, 96, 56, 56
1178, 1, 97, 163, 56, 56
1179, 1, 94, 168, 56, 56
1179, 1, 165, 104, 56, 56
1180, 1, 92, 170, 56, 56
1180, 1, 165, 99, 56, 56
1181, 1, 90, 172, 56, 56
1181, 1, 171, 105, 56, 56
1182, 1, 170, 108, 56, 56
1182, 1, 89, 174, 56, 56
1183, 1, 89, 176, 56, 56
1183, 1, 11, 157, 56, 56
1184, 1, 89, 178, 56, 56
1184, 1, 8, 153, 56, 56
1185, 1, 87, 180, 56, 56
1185, 1, 41, 166, 56, 56
1186, 1, 88, 184, 56, 56
1187, 1, 40, 172, 56, 56
1188, 1, 41, 171, 56, 56
1189, 1, 32, 171, 56, 56
1190, 1, 180, 146, 56, 56
1191, 1, 36, 171, 56, 56
1192, 1, 186, 147, 56, 56
1192, 1, 33, 178, 56, 56
1193, 1, 222, 148, 56, 56
1194, 1, 198, 116, 56, 56
1195, 1, 208, 115, 56, 56
1196, 1, 209, 116, 56, 56
1197, 1, 211, 115, 56, 56
1198, 1, 214, 121, 56, 56
1199, 1, 216, 114, 56, 56
1200, 1, 202, 145, 56, 56
1201, 1, 219, 121, 56, 56
1202, 1, 224, 121, 56, 56
1204, 1, 231, 116, 56, 56
1205, 1, 231, 117, 56, 56
1206, 1, 232, 124, 56, 56
1207, 1, 239, 121, 56, 56
1209, 1, 238, 129, 56, 56
1210, 1, 245, 127, 56, 56
1211, 1, 247, 133, 56, 56
1212, 1, 253, 126, 56, 56
1213, 1, 121, 39, 56, 56
1214, 1, 121, 99, 56, 56
1215, 1, 259, 134, 56, 56
1215, 1, 125, 102, 56, 56
1216, 1, 257, 135, 56, 56
1217, 1, 263, 136, 56, 56
1218, 1, 155, 56, 56, 56
1219, 1, 123, 56, 56, 56
1220, 1, 123, 75, 56, 56
1221, 1, 122, 76, 56, 56
1222, 1, 194, 173, 56, 56
1223, 1, 206, 181, 56, 56
1224, 1, 125, 67, 56, 56
1224, 1, 207, 179, 56, 56
1225, 1, 166, 176, 56, 56
1226, 1, 168, 179, 56, 56
1227, 1, 131, 70, 56, 56
1227, 1, 170, 183, 56, 56
1228, 1, 130, 72, 56, 56
1228, 1, 172, 187, 56, 56
1229, 1, 181, 190, 56, 56
1230, 1, 132, 79, 56, 56
1231, 1, 133, 81, 56, 56
1232, 1, 134, 83, 56, 56
1233, 1, 138, 82, 56, 56
1234, 1, 134, 84, 56, 56
1235, 1, 135, 88, 56, 56
1236, 1, 132, 87, 56, 56
1237, 1, 133, 88, 56, 56
1238, 1, 132, 88, 56, 56
1239, 1, 136, 90, 56, 56
1240, 1, 138, 97, 56, 56
1241, 1, 138, 96, 56, 56
1243, 1, 138, 109, 56, 56
1244, 1, 137, 112, 56, 56
1245, 1, 134, 112, 56, 56
1246, 1, 137, 112, 56, 56
1247, 1, 138, 117, 56, 56
1248, 1, 139, 120, 56, 56
1249, 1, 139, 128, 56, 56
1250, 1, 133, 127, 56, 56
1251, 1, 134, 136, 56, 56
1252, 1, 134, 139, 56, 56
1253, 1, 134, 144, 56, 56
1254, 1, 133, 146, 56, 56
1255, 1, 132, 148, 56, 56
1256, 1, 131, 151, 56, 56
1257, 1, 130, 153, 56, 56
1258, 1, 128, 155, 56, 56
1259, 1, 129, 158, 56, 56
1260, 1, 128, 160, 56, 56
1261, 1, 128, 162, 56, 56
1262, 1, 128, 164, 56, 56
1263, 1, 130, 166, 56, 56
1264, 1, 160, 84, 56, 56
1268, 1, 153, 109, 56, 56
1292, 1, 156, 56, 56, 56
1293, 1, 160, 64, 56, 56
1294, 1, 158, 64, 56, 56
1300, 1, 156, 33, 56, 56
1304, 1, 161, 40, 56, 56
1305, 1, 161, 39, 56, 56
1306, 1, 160, 38, 56, 56
1307, 1, 161, 38, 56, 56
1308, 1, 161, 38, 56, 56
1309, 1, 161, 39, 56, 56
1310, 1, 169, 47, 56, 56
1311, 1, 128, 41, 56, 56
1312, 1, 160, 39, 56, 56
1313, 1, 160, 40, 56, 56
1314, 1, 134, 42, 56, 56
1315, 1, 161, 44, 56, 56
1316, 1, 162, 44, 56, 56
1317, 1, 160, 46, 56, 56
1318, 1, 160, 47, 56, 56
1319, 1, 159, 48, 56, 56
1320, 1, 159, 49, 56, 56
1321, 1, 166, 58, 56, 56
1322, 1, 159, 60, 56, 56
1323, 1, 166, 61, 56, 56
1324, 1, 124, 99, 56, 56
1325, 1, 161, 64, 56, 56
1326, 1, 124, 98, 56, 56
1327, 1, 127, 100, 56, 56
1328, 1, 154, 61, 56, 56
1329, 1, 123, 105, 56, 56
1330, 1, 123, 107, 56, 56
1331, 1, 162, 73, 56, 56
1332, 1, 162, 73, 56, 56
1333, 1, 156, 86, 56, 56
1334, 1, 121, 50, 56, 56
1336, 1, 122, 58, 56, 56
1337, 1, 118, 56, 56, 56
1338, 1, 121, 60, 56, 56
1338, 1, 173, 74, 56, 56
1339, 1, 120, 60, 56, 56
1340, 1, 124, 88, 56, 56
1341, 1, 128, 87, 56, 56
1342, 1, 127, 86, 56, 56
1343, 1, 127, 90, 56, 56
1344, 1, 119, 68, 56, 56
1345, 1, 120, 71, 56, 56
1346, 1, 120, 72, 56, 56
1347, 1, 127, 98, 56, 56
1348, 1, 119, 76, 56, 56
1349, 1, 119, 78, 56, 56
1350, 1, 121, 81, 56, 56
1351, 1, 120, 79, 56, 56
1352, 1, 120, 80, 56, 56
1353, 1, 119, 80, 56, 56
1354, 1, 127, 88, 56, 56
1355, 1, 128, 89, 56, 56
1356, 1, 128, 98, 56, 56
1357, 1, 129, 116, 56, 56
1358, 1, 128, 98, 56, 56
1359, 1, 132, 97, 56, 56
1360, 1, 126, 100, 56, 56
1360, 1, 142, 156, 56, 56
1361, 1, 132, 104, 56, 56
1362, 1, 132, 105, 56, 56
1363, 1, 130, 108, 56, 56
1364, 1, 130, 112, 56, 56
1365, 1, 126, 111, 56, 56
1366, 1, 127, 113, 56, 56
1367, 1, 142, 38, 56, 56
1367, 1, 131, 122, 56, 56
1368, 1, 146, 38, 56, 56
1368, 1, 130, 123, 56, 56
1369, 1, 144, 40, 56, 56
1370, 1, 146, 42, 56, 56
1370, 1, 128, 124, 56, 56
1371, 1, 145, 45, 56, 56
1372, 1, 144, 42, 56, 56
1372, 1, 160, 112, 56, 56
1373, 1, 143, 44, 56, 56
1373, 1, 158, 114, 56, 56
1374, 1, 142, 46, 56, 56
1374, 1, 120, 132, 56, 56
1375, 1, 141, 49, 56, 56
1375, 1, 121, 134, 56, 56
1376, 1, 139, 57, 56, 56
1376, 1, 122, 138, 56, 56
1377, 1, 142, 54, 56, 56
1377, 1, 123, 147, 56, 56
1378, 1, 138, 52, 56, 56
1378, 1, 124, 149, 56, 56
1379, 1, 137, 55, 56, 56
1379, 1, 126, 146, 56, 56
1380, 1, 144, 58, 56, 56
1380, 1, 126, 149, 56, 56
1381, 1, 143, 62, 56, 56
1381, 1, 128, 150, 56, 56
1382, 1, 139, 62, 56, 56
1382, 1, 121, 154, 56, 56
1383, 1, 142, 66, 56, 56
1383, 1, 130, 155, 56, 56
1384, 1, 146, 64, 56, 56
1384, 1, 131, 157, 56, 56
1385, 1, 147, 72, 56, 56
1385, 1, 213, 166, 56, 56
1385, 1, 133, 162, 56, 56
1386, 1, 148, 69, 56, 56
1386, 1, 133, 163, 56, 56
1387, 1, 150, 76, 56, 56
1388, 1, 151, 76, 56, 56
1389, 1, 156, 81, 56, 56
1390, 1, 158, 79, 56, 56
1391, 1, 160, 81, 56, 56
1391, 1, 217, 179, 56, 56
1392, 1, 163, 86, 56, 56
1392, 1, 217, 181, 56, 56
1393, 1, 165, 88, 56, 56
1393, 1, 217, 183, 56, 56
1394, 1, 168, 85, 56, 56
1394, 1, 215, 185, 56, 56
1395, 1, 168, 85, 56, 56
1395, 1, 214, 186, 56, 56
1396, 1, 169, 90, 56, 56
1396, 1, 214, 187, 56, 56
1397, 1, 167, 87, 56, 56
1398, 1, 171, 95, 56, 56
1398, 1, 215, 193, 56, 56
1399, 1, 171, 99, 56, 56
1400, 1, 176, 96, 56, 56
1401, 1, 177, 99, 56, 56
1402, 1, 182, 96, 56, 56
1406, 1, 205, 164, 56, 56
1409, 1, 204, 112, 56, 56
1410, 1, 209, 116, 56, 56
1411, 1, 218, 118, 56, 56
1412, 1, 206, 117, 56, 56
1413, 1, 211, 121, 56, 56
1414, 1, 212, 120, 56, 56
1415, 1, 228, 127, 56, 56
1415, 1, 176, 177, 56, 56
1416, 1, 231, 129, 56, 56
1417, 1, 113, 38, 56, 56
1418, 1, 174, 66, 56, 56
1419, 1, 115, 36, 56, 56
1420, 1, 180, 71, 56, 56
1421, 1, 175, 73, 56, 56
1421, 1, 225, 128, 56, 56
1422, 1, 175, 75, 56, 56
1423, 1, 152, 46, 56, 56
1424, 1, 178, 86, 56, 56
1424, 1, 146, 46, 56, 56
1425, 1, 151, 47, 56, 56
1426, 1, 153, 49, 56, 56
1427, 1, 148, 50, 56, 56
1428, 1, 151, 52, 56, 56
1429, 1, 145, 58, 56, 56
1430, 1, 146, 60, 56, 56
1431, 1, 147, 63, 56, 56
1432, 1, 102, 39, 56, 56
1433, 1, 162, 102, 56, 56
1434, 1, 139, 99, 56, 56
1435, 1, 136, 47, 56, 56
1436, 1, 136, 39, 56, 56
1438, 1, 141, 41, 56, 56
1439, 1, 136, 49, 56, 56
1440, 1, 140, 54, 56, 56
1441, 1, 140, 60, 56, 56
1442, 1, 132, 59, 56, 56
1443, 1, 131, 61, 56, 56
1444, 1, 124, 62, 56, 56
1445, 1, 130, 62, 56, 56
1446, 1, 133, 89, 56, 56
1447, 1, 133, 93, 56, 56
1448, 1, 242, 106, 56, 56
1448, 1, 133, 96, 56, 56
1448, 1, 121, 48, 56, 56
1449, 1, 139, 105, 56, 56
1450, 1, 129, 99, 56, 56
1450, 1, 249, 106, 56, 56
1451, 1, 125, 102, 56, 56
1452, 1, 125, 104, 56, 56
1453, 1, 122, 103, 56, 56
1453, 1, 258, 112, 56, 56
1454, 1, 122, 106, 56, 56
1454, 1, 262, 108, 56, 56
1455, 1, 262, 113, 56, 56
1456, 1, 243, 116, 56, 56
1457, 1, 110, 83, 56, 56
1459, 1, 232, 149, 56, 56
1461, 1, 258, 140, 56, 56
1468, 1, 123, 53, 56, 56
1469, 1, 82, 97, 56, 56
1470, 1, 81, 102, 56, 56
1471, 1, 126, 56, 56, 56
1471, 1, 80, 105, 56, 56
1472, 1, 105, 99, 56, 56
1473, 1, 103, 104, 56, 56
1474, 1, 129, 68, 56, 56
1475, 1, 133, 64, 56, 56
1476, 1, 130, 64, 56, 56
1477, 1, 130, 67, 56, 56
1477, 1, 90, 107, 56, 56
1478, 1, 137, 76, 56, 56
1478, 1, 73, 132, 56, 56
1479, 1, 137, 73, 56, 56
1479, 1, 79, 107, 56, 56
1480, 1, 127, 76, 56, 56
1480, 1, 75, 110, 56, 56
1481, 1, 127, 79, 56, 56
1482, 1, 128, 81, 56, 56
1483, 1, 128, 84, 56, 56
1484, 1, 130, 83, 56, 56
1485, 1, 124, 83, 56, 56
1486, 1, 122, 89, 56, 56
1487, 1, 119, 89, 56, 56
1488, 1, 120, 96, 56, 56
1489, 1, 112, 94, 56, 56
1489, 1, 44, 129, 56, 56
1490, 1, 112, 102, 56, 56
1491, 1, 112, 96, 56, 56
1492, 1, 104, 103, 56, 56
1493, 1, 105, 106, 56, 56
1494, 1, 102, 193, 56, 56
1494, 1, 147, 89, 56, 56
1494, 1, 94, 145, 56, 56
1495, 1, 99, 194, 56, 56
1496, 1, 96, 107, 56, 56
1496, 1, 98, 200, 56, 56
1497, 1, 70, 182, 56, 56
1498, 1, 111, 157, 56, 56
1499, 1, 92, 117, 56, 56
1500, 1, 89, 118, 56, 56
1501, 1, 87, 120, 56, 56
1501, 1, 12, 146, 56, 56
1502, 1, 165, 66, 56, 56
1502, 1, 85, 115, 56, 56
1503, 1, 81, 126, 56, 56
1504, 1, 80, 120, 56, 56
1505, 1, 79, 123, 56, 56
1506, 1, 167, 83, 56, 56
1506, 1, 73, 131, 56, 56
1507, 1, 72, 133, 56, 56
1508, 1, 71, 128, 56, 56
1509, 1, 68, 146, 56, 56
1510, 1, 167, 96, 56, 56
1511, 1, 172, 90, 56, 56
1512, 1, 171, 98, 56, 56
1513, 1, 171, 97, 56, 56
1514, 1, 167, 97, 56, 56
1515, 1, 174, 139, 56, 56
1516, 1, 176, 109, 56, 56
1517, 1, 183, 112, 56, 56
1518, 1, 178, 112, 56, 56
1519, 1, 187, 113, 56, 56
1520, 1, 158, 46, 56, 56
1521, 1, 183, 114, 56, 56
1522, 1, 159, 112, 56, 56
1523, 1, 29, 172, 56, 56
1524, 1, 124, 78, 56, 56
1525, 1, 147, 55, 56, 56
1526, 1, 147, 56, 56, 56
1527, 1, 158, 111, 56, 56
1528, 1, 12, 177, 56, 56
1529, 1, 10, 172, 56, 56
1529, 1, 157, 45, 56, 56
1530, 1, 157, 45, 56, 56
1531, 1, 131, 102, 56, 56
1532, 1, 157, 54, 56, 56
1533, 1, 157, 48, 56, 56
1534, 1, 157, 50, 56, 56
1535, 1, 157, 56, 56, 56
1536, 1, 161, 55, 56, 56
1537, 1, 161, 66, 56, 56
1537, 1, 244, 155, 56, 56
1537, 1, 196, 147, 56, 56
1538, 1, 163, 68, 56, 56
1538, 1, 254, 159, 56, 56
1539, 1, 249, 162, 56, 56
1539, 1, 201, 154, 56, 56
1539, 1, 157, 61, 56, 56
1540, 1, 162, 65, 56, 56
1541, 1, 135, 62, 56, 56
1542, 1, 135, 63, 56, 56
1543, 1, 120, 47, 56, 56
1543, 1, 168, 74, 56, 56
1544, 1, 134, 63, 56, 56
1545, 1, 133, 63, 56, 56
1546, 1, 131, 63, 56, 56
1547, 1, 131, 64, 56, 56
1548, 1, 154, 98, 56, 56
1549, 1, 137, 70, 56, 56
1550, 1, 137, 70, 56, 56
1551, 1, 134, 50, 56, 56
1552, 1, 173, 92, 56, 56
1552, 1, 128, 51, 56, 56
1553, 1, 179, 95, 56, 56
1553, 1, 128, 51, 56, 56
1554, 1, 131, 54, 56, 56
1555, 1, 182, 98, 56, 56
1555, 1, 137, 60, 56, 56
1556, 1, 185, 101, 56, 56
1556, 1, 130, 87, 56, 56
1557, 1, 188, 102, 56, 56
1557, 1, 129, 61, 56, 56
1558, 1, 130, 64, 56, 56
1558, 1, 190, 102, 56, 56
1559, 1, 126, 90, 56, 56
1559, 1, 193, 111, 56, 56
1560, 1, 130, 93, 56, 56
1560, 1, 195, 113, 56, 56
1561, 1, 197, 110, 56, 56
1561, 1, 132, 94, 56, 56
1562, 1, 123, 98, 56, 56
1563, 1, 121, 78, 56, 56
1564, 1, 204, 125, 56, 56
1564, 1, 138, 38, 56, 56
1564, 1, 114, 78, 56, 56
1565, 1, 117, 89, 56, 56
1565, 1, 143, 39, 56, 56
1566, 1, 210, 126, 56, 56
1566, 1, 108, 91, 56, 56
1567, 1, 109, 96, 56, 56
1567, 1, 213, 126, 56, 56
1568, 1, 212, 127, 56, 56
1569, 1, 98, 99, 56, 56
1569, 1, 219, 132, 56, 56
1570, 1, 117, 110, 56, 56
1571, 1, 227, 133, 56, 56
1572, 1, 223, 134, 56, 56
1572, 1, 115, 114, 56, 56
1573, 1, 228, 135, 56, 56
1573, 1, 85, 111, 56, 56
1574, 1, 228, 136, 56, 56
1574, 1, 83, 115, 56, 56
1575, 1, 237, 135, 56, 56
1576, 1, 238, 134, 56, 56
1577, 1, 74, 124, 56, 56
1577, 1, 242, 132, 56, 56
1578, 1, 147, 60, 56, 56
1579, 1, 250, 136, 56, 56
1579, 1, 69, 126, 56, 56
1580, 1, 66, 130, 56, 56
1580, 1, 251, 138, 56, 56
1580, 1, 170, 63, 56, 56
1581, 1, 255, 138, 56, 56
1581, 1, 64, 134, 56, 56
1582, 1, 53, 111, 56, 56
1583, 1, 57, 143, 56, 56
1584, 1, 56, 145, 56, 56
1584, 1, 154, 80, 56, 56
1585, 1, 52, 149, 56, 56
1585, 1, 154, 83, 56, 56
1586, 1, 44, 151, 56, 56
1587, 1, 162, 94, 56, 56
1587, 1, 46, 155, 56, 56
1588, 1, 34, 157, 56, 56
1588, 1, 161, 96, 56, 56
1589, 1, 157, 88, 56, 56
1590, 1, 122, 69, 56, 56
1591, 1, 153, 91, 56, 56
1594, 1, 157, 71, 56, 56
1595, 1, 168, 56, 56, 56
1596, 1, 166, 55, 56, 56
1597, 1, 174, 57, 56, 56
1598, 1, 128, 75, 56, 56
1599, 1, 128, 80, 56, 56
1600, 1, 128, 84, 56, 56
1601, 1, 163, 35, 56, 56
1602, 1, 133, 53, 56, 56
1603, 1, 132, 54, 56, 56
1604, 1, 131, 58, 56, 56
1605, 1, 130, 56, 56, 56
1606, 1, 128, 62, 56, 56
1607, 1, 130, 56, 56, 56
1608, 1, 144, 82, 56, 56
1610, 1, 125, 69, 56, 56
1611, 1, 125, 62, 56, 56
1612, 1, 118, 53, 56, 56
1613, 1, 122, 54, 56, 56
1614, 1, 123, 57, 56, 56
1615, 1, 123, 56, 56, 56
1616, 1, 123, 58, 56, 56
1617, 1, 123, 56, 56, 56
1618, 1, 123, 57, 56, 56
1619, 1, 122, 57, 56, 56
1620, 1, 124, 59, 56, 56
1621, 1, 149, 188, 56, 56
1622, 1, 152, 171, 56, 56
1623, 1, 167, 43, 56, 56
1624, 1, 168, 46, 56, 56
1625, 1, 114, 164, 56, 56
1626, 1, 165, 44, 56, 56
1627, 1, 234, 154, 56, 56
1628, 1, 235, 163, 56, 56
1629, 1, 236, 163, 56, 56
1630, 1, 238, 165, 56, 56
1631, 1, 246, 167, 56, 56
1631, 1, 111, 148, 56, 56
1632, 1, 101, 130, 56, 56
1632, 1, 248, 170, 56, 56
1633, 1, 224, 182, 56, 56
1634, 1, 250, 176, 56, 56
1635, 1, 99, 137, 56, 56
1636, 1, 173, 43, 56, 56
1639, 1, 158, 61, 56, 56
1640, 1, 156, 58, 56, 56
1641, 1, 84, 151, 56, 56
1643, 1, 173, 44, 56, 56
1644, 1, 70, 176, 56, 56
1645, 1, 68, 176, 56, 56
1646, 1, 158, 92, 56, 56
1647, 1, 158, 95, 56, 56
1648, 1, 159, 96, 56, 56
1649, 1, 164, 85, 56, 56
1650, 1, 162, 83, 56, 56
1651, 1, 168, 89, 56, 56
1652, 1, 171, 85, 56, 56
1653, 1, 169, 56, 56, 56
1654, 1, 165, 57, 56, 56
1655, 1, 163, 75, 56, 56
1656, 1, 163, 69, 56, 56
1657, 1, 128, 70, 56, 56
1658, 1, 167, 59, 56, 56
1659, 1, 122, 75, 56, 56
1659, 1, 168, 132, 56, 56
1660, 1, 171, 133, 56, 56
1661, 1, 175, 133, 56, 56
1662, 1, 174, 136, 56, 56
1663, 1, 175, 136, 56, 56
1664, 1, 175, 137, 56, 56
1665, 1, 184, 139, 56, 56
1666, 1, 184, 143, 56, 56
1667, 1, 184, 147, 56, 56
1669, 1, 188, 150, 56, 56
1670, 1, 190, 151, 56, 56
1671, 1, 191, 151, 56, 56
1672, 1, 193, 155, 56, 56
1673, 1, 212, 119, 56, 56
1674, 1, 213, 121, 56, 56
1675, 1, 223, 121, 56, 56
1676, 1, 223, 126, 56, 56
1677, 1, 228, 127, 56, 56
1677, 1, 141, 68, 56, 56
1678, 1, 228, 136, 56, 56
1679, 1, 230, 132, 56, 56
1680, 1, 231, 140, 56, 56
1681, 1, 232, 140, 56, 56
1682, 1, 240, 141, 56, 56
1683, 1, 242, 146, 56, 56
1684, 1, 242, 147, 56, 56
1684, 1, 158, 42, 56, 56
1685, 1, 243, 147, 56, 56
1686, 1, 124, 86, 56, 56
1686, 1, 246, 147, 56, 56
1687, 1, 159, 43, 56, 56
1688, 1, 119, 59, 56, 56
1689, 1, 120, 60, 56, 56
1690, 1, 122, 58, 56, 56
1691, 1, 122, 59, 56, 56
1692, 1, 120, 54, 56, 56
1693, 1, 124, 77, 56, 56
1694, 1, 118, 54, 56, 56
1694, 1, 158, 78, 56, 56
1695, 1, 118, 58, 56, 56
1696, 1, 152, 59, 56, 56
1697, 1, 119, 78, 56, 56
1698, 1, 141, 56, 56, 56
1699, 1, 117, 109, 56, 56
1700, 1, 140, 43, 56, 56
1701, 1, 116, 114, 56, 56
1702, 1, 138, 42, 56, 56
1703, 1, 141, 48, 56, 56
1704, 1, 137, 53, 56, 56
1705, 1, 134, 53, 56, 56
1706, 1, 139, 55, 56, 56
1707, 1, 137, 59, 56, 56
1708, 1, 140, 57, 56, 56
1709, 1, 138, 63, 56, 56
1710, 1, 148, 83, 56, 56
1711, 1, 142, 65, 56, 56
1712, 1, 142, 65, 56, 56
1713, 1, 142, 67, 56, 56
1714, 1, 146, 71, 56, 56
1715, 1, 138, 68, 56, 56
1716, 1, 141, 72, 56, 56
1717, 1, 144, 70, 56, 56
1718, 1, 141, 76, 56, 56
1719, 1, 144, 79, 56, 56
1720, 1, 157, 79, 56, 56
1721, 1, 157, 79, 56, 56
1722, 1, 156, 83, 56, 56
1723, 1, 151, 79, 56, 56
1724, 1, 159, 84, 56, 56
1725, 1, 158, 89, 56, 56
1726, 1, 161, 83, 56, 56
1727, 1, 159, 91, 56, 56
1728, 1, 159, 89, 56, 56
1729, 1, 163, 88, 56, 56
1730, 1, 167, 91, 56, 56
1731, 1, 164, 96, 56, 56
1732, 1, 159, 91, 56, 56
1733, 1, 159, 92, 56, 56
1734, 1, 157, 96, 56, 56
1735, 1, 156, 96, 56, 56
1736, 1, 157, 99, 56, 56
1737, 1, 156, 99, 56, 56
1738, 1, 152, 126, 56, 56
1739, 1, 15, 162, 56, 56
1740, 1, 9, 163, 56, 56
1741, 1, 148, 105, 56, 56
1741, 1, 9, 169, 56, 56
1742, 1, 146, 135, 56, 56
1743, 1, 143, 114, 56, 56
1744, 1, 140, 110, 56, 56
1745, 1, 142, 118, 56, 56
1746, 1, 141, 118, 56, 56
1747, 1, 137, 119, 56, 56
1748, 1, 149, 163, 56, 56
1749, 1, 130, 120, 56, 56
1749, 1, 121, 45, 56, 56
1750, 1, 130, 121, 56, 56
1751, 1, 129, 123, 56, 56
1751, 1, 121, 57, 56, 56
1752, 1, 128, 125, 56, 56
1753, 1, 128, 128, 56, 56
1754, 1, 126, 127, 56, 56
1754, 1, 123, 56, 56, 56
1755, 1, 129, 130, 56, 56
1756, 1, 129, 132, 56, 56
1757, 1, 127, 132, 56, 56
1758, 1, 124, 139, 56, 56
1759, 1, 121, 142, 56, 56
1760, 1, 119, 145, 56, 56
1760, 1, 123, 67, 56, 56
1761, 1, 117, 143, 56, 56
1762, 1, 115, 144, 56, 56
1763, 1, 115, 145, 56, 56
1764, 1, 168, 55, 56, 56
1765, 1, 122, 78, 56, 56
1766, 1, 119, 78, 56, 56
1768, 1, 144, 40, 56, 56
1769, 1, 153, 198, 56, 56
1770, 1, 151, 199, 56, 56
1771, 1, 125, 40, 56, 56
1772, 1, 132, 40, 56, 56
1773, 1, 131, 40, 56, 56
1774, 1, 130, 40, 56, 56
1775, 1, 129, 40, 56, 56
1777, 1, 130, 40, 56, 56
1778, 1, 75, 163, 56, 56
1780, 1, 129, 47, 56, 56
1783, 1, 138, 47, 56, 56
1784, 1, 141, 56, 56, 56
1785, 1, 142, 56, 56, 56
1786, 1, 140, 61, 56, 56
1787, 1, 143, 57, 56, 56
1788, 1, 144, 57, 56, 56
1789, 1, 144, 57, 56, 56
1790, 1, 143, 63, 56, 56
1791, 1, 143, 63, 56, 56
1794, 1, 160, 80, 56, 56
1800, 1, 164, 60, 56, 56
1801, 1, 130, 94, 56, 56
1802, 1, 169, 59, 56, 56
1803, 1, 143, 81, 56, 56
1804, 1, 139, 86, 56, 56
1805, 1, 137, 88, 56, 56
1806, 1, 137, 87, 56, 56
1807, 1, 137, 88, 56, 56
1808, 1, 134, 93, 56, 56
1809, 1, 126, 96, 56, 56
1810, 1, 127, 96, 56, 56
1811, 1, 127, 97, 56, 56
1812, 1, 129, 94, 56, 56
1813, 1, 129, 103, 56, 56
1814, 1, 129, 106, 56, 56
1815, 1, 127, 103, 56, 56
1816, 1, 121, 106, 56, 56
1817, 1, 122, 108, 56, 56
1818, 1, 124, 106, 56, 56
1819, 1, 121, 115, 56, 56
1820, 1, 120, 113, 56, 56
1821, 1, 120, 114, 56, 56
1822, 1, 118, 108, 56, 56
1823, 1, 118, 113, 56, 56
1824, 1, 117, 114, 56, 56
1825, 1, 119, 116, 56, 56
1826, 1, 121, 122, 56, 56
1827, 1, 118, 120, 56, 56
1828, 1, 119, 121, 56, 56
1829, 1, 122, 117, 56, 56
1830, 1, 119, 127, 56, 56
1831, 1, 121, 120, 56, 56
1832, 1, 124, 126, 56, 56
1833, 1, 123, 123, 56, 56
1834, 1, 124, 131, 56, 56
1835, 1, 123, 131, 56, 56
1836, 1, 131, 136, 56, 56
1837, 1, 133, 136, 56, 56
1838, 1, 131, 136, 56, 56
1839, 1, 134, 136, 56, 56
1840, 1, 127, 138, 56, 56
1841, 1, 135, 143, 56, 56
1842, 1, 135, 143, 56, 56
1843, 1, 129, 137, 56, 56
1844, 1, 131, 140, 56, 56
1845, 1, 131, 140, 56, 56
1846, 1, 131, 140, 56, 56
1847, 1, 131, 148, 56, 56
1848, 1, 131, 141, 56, 56
1849, 1, 137, 152, 56, 56
1850, 1, 139, 157, 56, 56
1851, 1, 139, 157, 56, 56
1852, 1, 139, 157, 56, 56
1858, 1, 131, 153, 56, 56
1859, 1, 130, 161, 56, 56
1861, 1, 122, 155, 56, 56
1862, 1, 126, 156, 56, 56
1863, 1, 119, 158, 56, 56
1864, 1, 117, 158, 56, 56
1865, 1, 115, 157, 56, 56
1866, 1, 115, 157, 56, 56
1867, 1, 102, 188, 56, 56
1869, 1, 112, 157, 56, 56
1870, 1, 105, 157, 56, 56
1871, 1, 105, 166, 56, 56
1872, 1, 102, 165, 56, 56
1873, 1, 100, 166, 56, 56
1874, 1, 135, 196, 56, 56
1875, 1, 136, 197, 56, 56
1876, 1, 137, 199, 56, 56
