285, 1, 150, 57, 56, 56
287, 1, 173, 75, 56, 56
292, 1, 156, 63, 56, 56
293, 1, 161, 45, 56, 56
294, 1, 161, 42, 56, 56
295, 1, 152, 42, 56, 56
296, 1, 149, 50, 56, 56
297, 1, 150, 45, 56, 56
298, 1, 147, 50, 56, 56
299, 1, 158, 74, 56, 56
300, 1, 155, 72, 56, 56
301, 1, 142, 68, 56, 56
302, 1, 141, 70, 56, 56
303, 1, 137, 73, 56, 56
305, 1, 127, 79, 56, 56
306, 1, 168, 67, 56, 56
307, 1, 119, 86, 56, 56
307, 1, 167, 70, 56, 56
308, 1, 122, 87, 56, 56
309, 1, 115, 88, 56, 56
310, 1, 117, 85, 56, 56
311, 1, 109, 93, 56, 56
311, 1, 159, 97, 56, 56
312, 1, 111, 93, 56, 56
313, 1, 108, 94, 56, 56
314, 1, 106, 96, 56, 56
315, 1, 102, 97, 56, 56
316, 1, 101, 99, 56, 56
317, 1, 96, 102, 56, 56
318, 1, 92, 104, 56, 56
318, 1, 166, 42, 56, 56
319, 1, 91, 105, 56, 56
319, 1, 163, 51, 56, 56
320, 1, 159, 53, 56, 56
321, 1, 78, 111, 56, 56
321, 1, 161, 53, 56, 56
322, 1, 76, 113, 56, 56
322, 1, 161, 56, 56, 56
323, 1, 154, 58, 56, 56
323, 1, 70, 116, 56, 56
324, 1, 155, 67, 56, 56
324, 1, 63, 116, 56, 56
325, 1, 77, 154, 56, 56
326, 1, 146, 72, 56, 56
327, 1, 146, 79, 56, 56
328, 1, 119, 44, 56, 56
328, 1, 69, 165, 56, 56
329, 1, 43, 130, 56, 56
330, 1, 120, 44, 56, 56
330, 1, 38, 132, 56, 56
330, 1, 66, 171, 56, 56
331, 1, 138, 96, 56, 56
331, 1, 34, 138, 56, 56
331, 1, 113, 43, 56, 56
332, 1, 31, 140, 56, 56
333, 1, 136, 105, 56, 56
334, 1, 136, 112, 56, 56
335, 1, 133, 118, 56, 56
335, 1, 20, 156, 56, 56
336, 1, 131, 123, 56, 56
337, 1, 121, 128, 56, 56
338, 1, 132, 43, 56, 56
338, 1, 119, 133, 56, 56
339, 1, 127, 43, 56, 56
339, 1, 117, 139, 56, 56
340, 1, 115, 138, 56, 56
341, 1, 127, 49, 56, 56
342, 1, 128, 53, 56, 56
343, 1, 133, 52, 56, 56
344, 1, 133, 55, 56, 56
345, 1, 132, 59, 56, 56
346, 1, 130, 59, 56, 56
347, 1, 134, 63, 56, 56
347, 1, 85, 172, 56, 56
348, 1, 80, 175, 56, 56
348, 1, 134, 64, 56, 56
349, 1, 137, 61, 56, 56
350, 1, 142, 63, 56, 56
351, 1, 141, 67, 56, 56
352, 1, 139, 66, 56, 56
352, 1, 58, 194, 56, 56
353, 1, 145, 69, 56, 56
354, 1, 150, 76, 56, 56
354, 1, 54, 203, 56, 56
355, 1, 150, 79, 56, 56
356, 1, 147, 79, 56, 56
357, 1, 157, 81, 56, 56
358, 1, 160, 86, 56, 56
359, 1, 155, 91, 56, 56
360, 1, 163, 91, 56, 56
361, 1, 162, 97, 56, 56
362, 1, 164, 100, 56, 56
363, 1, 169, 102, 56, 56
364, 1, 157, 80, 56, 56
365, 1, 174, 109, 56, 56
366, 1, 121, 91, 56, 56
367, 1, 174, 116, 56, 56
368, 1, 173, 123, 56, 56
369, 1, 148, 49, 56, 56
370, 1, 143, 42, 56, 56
371, 1, 130, 177, 56, 56
372, 1, 184, 145, 56, 56
373, 1, 139, 186, 56, 56
374, 1, 166, 69, 56, 56
375, 1, 190, 161, 56, 56
376, 1, 188, 170, 56, 56
377, 1, 167, 60, 56, 56
378, 1, 196, 179, 56, 56
379, 1, 203, 185, 56, 56
379, 1, 156, 66, 56, 56
380, 1, 200, 186, 56, 56
381, 1, 208, 194, 56, 56
381, 1, 144, 76, 56, 56
382, 1, 157, 79, 56, 56
383, 1, 160, 87, 56, 56
384, 1, 157, 80, 56, 56
385, 1, 134, 88, 56, 56
386, 1, 147, 87, 56, 56
387, 1, 143, 85, 56, 56
388, 1, 142, 88, 56, 56
389, 1, 138, 92, 56, 56
390, 1, 140, 94, 56, 56
391, 1, 143, 96, 56, 56
392, 1, 125, 44, 56, 56
392, 1, 141, 100, 56, 56
393, 1, 137, 102, 56, 56
394, 1, 167, 88, 56, 56
394, 1, 127, 48, 56, 56
395, 1, 129, 115, 56, 56
395, 1, 130, 52, 56, 56
396, 1, 137, 113, 56, 56
397, 1, 128, 119, 56, 56
398, 1, 131, 119, 56, 56
399, 1, 137, 123, 56, 56
400, 1, 126, 53, 56, 56
400, 1, 124, 132, 56, 56
401, 1, 122, 134, 56, 56
402, 1, 122, 139, 56, 56
403, 1, 128, 142, 56, 56
404, 1, 126, 141, 56, 56
405, 1, 128, 148, 56, 56
406, 1, 128, 152, 56, 56
407, 1, 126, 72, 56, 56
407, 1, 129, 157, 56, 56
408, 1, 124, 75, 56, 56
409, 1, 134, 77, 56, 56
410, 1, 129, 85, 56, 56
411, 1, 130, 81, 56, 56
412, 1, 135, 75, 56, 56
413, 1, 134, 87, 56, 56
414, 1, 135, 91, 56, 56
414, 1, 117, 173, 56, 56
415, 1, 158, 79, 56, 56
415, 1, 117, 176, 56, 56
416, 1, 139, 96, 56, 56
417, 1, 141, 100, 56, 56
417, 1, 107, 183, 56, 56
418, 1, 147, 100, 56, 56
419, 1, 149, 103, 56, 56
420, 1, 146, 111, 56, 56
421, 1, 146, 109, 56, 56
421, 1, 122, 40, 56, 56
422, 1, 152, 112, 56, 56
423, 1, 128, 73, 56, 56
424, 1, 147, 121, 56, 56
424, 1, 122, 43, 56, 56
425, 1, 148, 123, 56, 56
425, 1, 121, 56, 56, 56
425, 1, 175, 191, 56, 56
426, 1, 148, 126, 56, 56
426, 1, 121, 53, 56, 56
427, 1, 152, 131, 56, 56
427, 1, 176, 195, 56, 56
428, 1, 154, 133, 56, 56
428, 1, 178, 197, 56, 56
429, 1, 156, 142, 56, 56
430, 1, 156, 145, 56, 56
430, 1, 124, 67, 56, 56
431, 1, 126, 57, 56, 56
432, 1, 163, 153, 56, 56
433, 1, 161, 160, 56, 56
433, 1, 130, 96, 56, 56
434, 1, 162, 165, 56, 56
435, 1, 169, 169, 56, 56
435, 1, 127, 74, 56, 56
436, 1, 174, 171, 56, 56
436, 1, 125, 81, 56, 56
437, 1, 168, 177, 56, 56
437, 1, 123, 83, 56, 56
438, 1, 170, 182, 56, 56
438, 1, 130, 85, 56, 56
439, 1, 123, 84, 56, 56
440, 1, 130, 91, 56, 56
441, 1, 122, 90, 56, 56
442, 1, 128, 93, 56, 56
443, 1, 123, 96, 56, 56
444, 1, 124, 100, 56, 56
445, 1, 124, 107, 56, 56
446, 1, 128, 109, 56, 56
447, 1, 130, 111, 56, 56
448, 1, 123, 113, 56, 56
449, 1, 125, 116, 56, 56
450, 1, 125, 118, 56, 56
451, 1, 122, 121, 56, 56
452, 1, 123, 130, 56, 56
453, 1, 124, 133, 56, 56
454, 1, 121, 135, 56, 56
455, 1, 128, 139, 56, 56
456, 1, 128, 139, 56, 56
457, 1, 123, 142, 56, 56
458, 1, 129, 145, 56, 56
459, 1, 155, 77, 56, 56
460, 1, 160, 103, 56, 56
461, 1, 131, 157, 56, 56
461, 1, 167, 77, 56, 56
462, 1, 129, 91, 56, 56
463, 1, 132, 163, 56, 56
463, 1, 169, 89, 56, 56
464, 1, 130, 165, 56, 56
465, 1, 127, 167, 56, 56
466, 1, 134, 178, 56, 56
468, 1, 135, 187, 56, 56
468, 1, 164, 102, 56, 56
469, 1, 132, 185, 56, 56
469, 1, 167, 106, 56, 56
471, 1, 139, 167, 56, 56
471, 1, 166, 112, 56, 56
472, 1, 167, 110, 56, 56
473, 1, 172, 115, 56, 56
475, 1, 170, 122, 56, 56
476, 1, 176, 126, 56, 56
477, 1, 173, 129, 56, 56
478, 1, 173, 129, 56, 56
479, 1, 157, 157, 56, 56
480, 1, 175, 142, 56, 56
481, 1, 173, 144, 56, 56
485, 1, 172, 186, 56, 56
495, 1, 169, 49, 56, 56
496, 1, 165, 52, 56, 56
497, 1, 168, 51, 56, 56
501, 1, 216, 197, 56, 56
503, 1, 153, 37, 56, 56
504, 1, 129, 113, 56, 56
505, 1, 129, 114, 56, 56
506, 1, 161, 66, 56, 56
507, 1, 129, 123, 56, 56
508, 1, 126, 127, 56, 56
509, 1, 122, 129, 56, 56
510, 1, 125, 127, 56, 56
512, 1, 153, 46, 56, 56
514, 1, 152, 53, 56, 56
515, 1, 150, 50, 56, 56
516, 1, 125, 141, 56, 56
516, 1, 156, 51, 56, 56
517, 1, 156, 53, 56, 56
518, 1, 155, 54, 56, 56
519, 1, 153, 61, 56, 56
520, 1, 151, 55, 56, 56
521, 1, 140, 67, 56, 56
522, 1, 126, 146, 56, 56
523, 1, 161, 86, 56, 56
524, 1, 127, 154, 56, 56
525, 1, 118, 102, 56, 56
525, 1, 156, 62, 56, 56
526, 1, 158, 64, 56, 56
526, 1, 137, 160, 56, 56
527, 1, 138, 161, 56, 56
527, 1, 159, 68, 56, 56
528, 1, 140, 156, 56, 56
528, 1, 160, 72, 56, 56
529, 1, 141, 165, 56, 56
529, 1, 162, 73, 56, 56
530, 1, 142, 168, 56, 56
530, 1, 164, 77, 56, 56
531, 1, 143, 169, 56, 56
531, 1, 168, 76, 56, 56
532, 1, 170, 74, 56, 56
533, 1, 168, 77, 56, 56
534, 1, 149, 174, 56, 56
534, 1, 154, 94, 56, 56
535, 1, 107, 119, 56, 56
536, 1, 160, 116, 56, 56
537, 1, 173, 92, 56, 56
538, 1, 171, 95, 56, 56
539, 1, 130, 182, 56, 56
540, 1, 99, 138, 56, 56
541, 1, 98, 142, 56, 56
542, 1, 176, 99, 56, 56
542, 1, 96, 145, 56, 56
543, 1, 95, 143, 56, 56
544, 1, 93, 146, 56, 56
544, 1, 139, 87, 56, 56
545, 1, 167, 148, 56, 56
546, 1, 96, 149, 56, 56
547, 1, 93, 154, 56, 56
547, 1, 143, 85, 56, 56
548, 1, 89, 159, 56, 56
549, 1, 143, 88, 56, 56
550, 1, 87, 171, 56, 56
551, 1, 93, 166, 56, 56
552, 1, 88, 169, 56, 56
553, 1, 85, 183, 56, 56
553, 1, 162, 48, 56, 56
554, 1, 84, 181, 56, 56
555, 1, 82, 186, 56, 56
556, 1, 179, 125, 56, 56
557, 1, 136, 168, 56, 56
558, 1, 126, 76, 56, 56
559, 1, 188, 128, 56, 56
559, 1, 134, 98, 56, 56
560, 1, 136, 101, 56, 56
561, 1, 142, 106, 56, 56
562, 1, 137, 103, 56, 56
562, 1, 190, 133, 56, 56
562, 1, 141, 38, 56, 56
563, 1, 193, 144, 56, 56
564, 1, 200, 142, 56, 56
565, 1, 199, 142, 56, 56
565, 1, 156, 66, 56, 56
565, 1, 147, 190, 56, 56
566, 1, 201, 144, 56, 56
566, 1, 155, 43, 56, 56
567, 1, 207, 153, 56, 56
567, 1, 156, 69, 56, 56
568, 1, 208, 153, 56, 56
568, 1, 110, 94, 56, 56
569, 1, 158, 47, 56, 56
569, 1, 122, 119, 56, 56
570, 1, 125, 118, 56, 56
570, 1, 157, 46, 56, 56
571, 1, 164, 52, 56, 56
571, 1, 217, 158, 56, 56
571, 1, 107, 104, 56, 56
572, 1, 104, 107, 56, 56
572, 1, 220, 164, 56, 56
572, 1, 161, 57, 56, 56
573, 1, 155, 82, 56, 56
573, 1, 119, 129, 56, 56
574, 1, 156, 90, 56, 56
574, 1, 224, 166, 56, 56
574, 1, 117, 133, 56, 56
575, 1, 101, 120, 56, 56
575, 1, 165, 66, 56, 56
576, 1, 101, 125, 56, 56
577, 1, 98, 126, 56, 56
577, 1, 150, 95, 56, 56
578, 1, 96, 128, 56, 56
579, 1, 157, 73, 56, 56
580, 1, 156, 77, 56, 56
581, 1, 96, 137, 56, 56
582, 1, 96, 148, 56, 56
582, 1, 157, 73, 56, 56
583, 1, 152, 76, 56, 56
583, 1, 95, 150, 56, 56
584, 1, 156, 78, 56, 56
584, 1, 92, 150, 56, 56
585, 1, 153, 78, 56, 56
585, 1, 92, 153, 56, 56
586, 1, 90, 155, 56, 56
586, 1, 150, 79, 56, 56
587, 1, 87, 155, 56, 56
587, 1, 149, 82, 56, 56
588, 1, 87, 160, 56, 56
589, 1, 85, 160, 56, 56
589, 1, 149, 89, 56, 56
589, 1, 121, 39, 56, 56
590, 1, 149, 91, 56, 56
591, 1, 81, 165, 56, 56
591, 1, 120, 39, 56, 56
591, 1, 148, 92, 56, 56
592, 1, 73, 167, 56, 56
592, 1, 143, 93, 56, 56
593, 1, 73, 162, 56, 56
593, 1, 144, 94, 56, 56
593, 1, 127, 42, 56, 56
594, 1, 67, 171, 56, 56
594, 1, 139, 90, 56, 56
594, 1, 128, 41, 56, 56
595, 1, 65, 173, 56, 56
595, 1, 137, 99, 56, 56
596, 1, 62, 174, 56, 56
596, 1, 136, 100, 56, 56
596, 1, 132, 43, 56, 56
597, 1, 61, 168, 56, 56
597, 1, 138, 105, 56, 56
597, 1, 131, 45, 56, 56
598, 1, 130, 47, 56, 56
598, 1, 60, 169, 56, 56
598, 1, 139, 106, 56, 56
599, 1, 60, 172, 56, 56
599, 1, 134, 102, 56, 56
599, 1, 131, 43, 56, 56
600, 1, 56, 180, 56, 56
600, 1, 132, 109, 56, 56
600, 1, 126, 49, 56, 56
601, 1, 129, 110, 56, 56
601, 1, 60, 181, 56, 56
601, 1, 129, 54, 56, 56
602, 1, 132, 111, 56, 56
602, 1, 58, 185, 56, 56
602, 1, 129, 57, 56, 56
603, 1, 55, 187, 56, 56
603, 1, 134, 119, 56, 56
603, 1, 134, 54, 56, 56
604, 1, 54, 183, 56, 56
604, 1, 132, 57, 56, 56
605, 1, 127, 123, 56, 56
605, 1, 133, 57, 56, 56
605, 1, 51, 184, 56, 56
606, 1, 50, 185, 56, 56
606, 1, 126, 126, 56, 56
606, 1, 129, 60, 56, 56
607, 1, 128, 62, 56, 56
607, 1, 123, 127, 56, 56
608, 1, 124, 135, 56, 56
608, 1, 131, 61, 56, 56
609, 1, 120, 134, 56, 56
609, 1, 123, 67, 56, 56
610, 1, 126, 69, 56, 56
611, 1, 118, 143, 56, 56
612, 1, 120, 77, 56, 56
612, 1, 110, 139, 56, 56
613, 1, 120, 73, 56, 56
613, 1, 109, 147, 56, 56
614, 1, 112, 152, 56, 56
615, 1, 100, 150, 56, 56
616, 1, 90, 118, 56, 56
617, 1, 163, 72, 56, 56
618, 1, 164, 73, 56, 56
619, 1, 114, 83, 56, 56
620, 1, 113, 84, 56, 56
621, 1, 114, 87, 56, 56
622, 1, 117, 81, 56, 56
623, 1, 118, 85, 56, 56
624, 1, 114, 90, 56, 56
625, 1, 120, 93, 56, 56
626, 1, 114, 94, 56, 56
627, 1, 121, 97, 56, 56
628, 1, 118, 102, 56, 56
629, 1, 118, 98, 56, 56
630, 1, 118, 106, 56, 56
631, 1, 117, 107, 56, 56
632, 1, 115, 103, 56, 56
634, 1, 122, 107, 56, 56
635, 1, 117, 110, 56, 56
636, 1, 118, 113, 56, 56
636, 1, 121, 179, 56, 56
637, 1, 116, 120, 56, 56
638, 1, 115, 117, 56, 56
639, 1, 115, 118, 56, 56
640, 1, 116, 122, 56, 56
641, 1, 115, 124, 56, 56
642, 1, 113, 125, 56, 56
643, 1, 108, 125, 56, 56
644, 1, 104, 127, 56, 56
645, 1, 107, 121, 56, 56
646, 1, 98, 124, 56, 56
647, 1, 99, 123, 56, 56
647, 1, 151, 82, 56, 56
648, 1, 97, 123, 56, 56
649, 1, 92, 123, 56, 56
650, 1, 100, 196, 56, 56
651, 1, 87, 115, 56, 56
651, 1, 155, 91, 56, 56
652, 1, 159, 97, 56, 56
653, 1, 162, 96, 56, 56
654, 1, 73, 122, 56, 56
655, 1, 161, 99, 56, 56
655, 1, 77, 117, 56, 56
656, 1, 75, 116, 56, 56
657, 1, 69, 120, 56, 56
657, 1, 160, 103, 56, 56
658, 1, 68, 120, 56, 56
659, 1, 64, 121, 56, 56
660, 1, 160, 110, 56, 56
661, 1, 159, 112, 56, 56
662, 1, 153, 115, 56, 56
663, 1, 155, 116, 56, 56
664, 1, 150, 119, 56, 56
665, 1, 145, 121, 56, 56
666, 1, 147, 125, 56, 56
667, 1, 158, 149, 56, 56
667, 1, 128, 73, 56, 56
668, 1, 136, 136, 56, 56
669, 1, 134, 132, 56, 56
670, 1, 145, 158, 56, 56
671, 1, 125, 143, 56, 56
672, 1, 125, 145, 56, 56
672, 1, 99, 198, 56, 56
673, 1, 124, 148, 56, 56
674, 1, 120, 151, 56, 56
675, 1, 116, 151, 56, 56
675, 1, 92, 191, 56, 56
675, 1, 52, 162, 56, 56
676, 1, 113, 158, 56, 56
677, 1, 112, 158, 56, 56
677, 1, 45, 165, 56, 56
679, 1, 112, 159, 56, 56
681, 1, 29, 157, 56, 56
682, 1, 56, 183, 56, 56
683, 1, 15, 190, 56, 56
684, 1, 21, 151, 56, 56
686, 1, 20, 148, 56, 56
687, 1, 41, 186, 56, 56
687, 1, 87, 170, 56, 56
688, 1, 103, 85, 56, 56
689, 1, 99, 83, 56, 56
690, 1, 40, 178, 56, 56
691, 1, 174, 179, 56, 56
694, 1, 156, 52, 56, 56
695, 1, 163, 44, 56, 56
696, 1, 124, 149, 56, 56
697, 1, 163, 48, 56, 56
698, 1, 165, 47, 56, 56
699, 1, 176, 106, 56, 56
700, 1, 179, 105, 56, 56
701, 1, 168, 49, 56, 56
702, 1, 71, 96, 56, 56
702, 1, 169, 53, 56, 56
703, 1, 166, 59, 56, 56
704, 1, 71, 167, 56, 56
705, 1, 163, 61, 56, 56
705, 1, 65, 104, 56, 56
706, 1, 63, 166, 56, 56
707, 1, 91, 168, 56, 56
708, 1, 87, 115, 56, 56
709, 1, 87, 109, 56, 56
710, 1, 193, 138, 56, 56
710, 1, 167, 72, 56, 56
711, 1, 192, 140, 56, 56
711, 1, 88, 121, 56, 56
711, 1, 130, 30, 56, 56
712, 1, 190, 149, 56, 56
712, 1, 42, 116, 56, 56
712, 1, 164, 75, 56, 56
712, 1, 130, 31, 56, 56
713, 1, 128, 37, 56, 56
713, 1, 37, 120, 56, 56
713, 1, 159, 80, 56, 56
713, 1, 191, 153, 56, 56
714, 1, 129, 36, 56, 56
714, 1, 190, 154, 56, 56
715, 1, 127, 44, 56, 56
715, 1, 159, 84, 56, 56
716, 1, 125, 45, 56, 56
716, 1, 166, 171, 56, 56
716, 1, 157, 85, 56, 56
717, 1, 126, 45, 56, 56
717, 1, 166, 180, 56, 56
718, 1, 123, 47, 56, 56
719, 1, 119, 49, 56, 56
719, 1, 202, 170, 56, 56
720, 1, 122, 50, 56, 56
720, 1, 196, 175, 56, 56
720, 1, 150, 99, 56, 56
721, 1, 122, 52, 56, 56
721, 1, 175, 194, 56, 56
722, 1, 123, 54, 56, 56
722, 1, 208, 180, 56, 56
723, 1, 123, 54, 56, 56
723, 1, 206, 186, 56, 56
723, 1, 153, 108, 56, 56
724, 1, 123, 56, 56, 56
725, 1, 124, 55, 56, 56
727, 1, 129, 84, 56, 56
728, 1, 144, 144, 56, 56
729, 1, 145, 146, 56, 56
730, 1, 145, 153, 56, 56
731, 1, 123, 65, 56, 56
732, 1, 122, 67, 56, 56
733, 1, 123, 71, 56, 56
733, 1, 141, 149, 56, 56
734, 1, 125, 72, 56, 56
735, 1, 131, 71, 56, 56
736, 1, 128, 74, 56, 56
737, 1, 131, 73, 56, 56
738, 1, 139, 76, 56, 56
739, 1, 135, 76, 56, 56
739, 1, 132, 167, 56, 56
740, 1, 139, 81, 56, 56
740, 1, 129, 166, 56, 56
741, 1, 129, 172, 56, 56
742, 1, 146, 81, 56, 56
742, 1, 124, 182, 56, 56
743, 1, 147, 79, 56, 56
743, 1, 122, 185, 56, 56
744, 1, 120, 187, 56, 56
744, 1, 151, 86, 56, 56
745, 1, 154, 84, 56, 56
745, 1, 116, 190, 56, 56
746, 1, 157, 79, 56, 56
747, 1, 156, 89, 56, 56
748, 1, 160, 92, 56, 56
749, 1, 159, 93, 56, 56
750, 1, 160, 95, 56, 56
751, 1, 166, 93, 56, 56
752, 1, 170, 98, 56, 56
753, 1, 167, 102, 56, 56
754, 1, 178, 106, 56, 56
755, 1, 176, 107, 56, 56
756, 1, 175, 109, 56, 56
757, 1, 179, 108, 56, 56
758, 1, 180, 111, 56, 56
759, 1, 179, 114, 56, 56
759, 1, 135, 54, 56, 56
760, 1, 187, 117, 56, 56
761, 1, 135, 61, 56, 56
762, 1, 181, 122, 56, 56
762, 1, 130, 63, 56, 56
763, 1, 184, 125, 56, 56
763, 1, 135, 69, 56, 56
764, 1, 182, 130, 56, 56
764, 1, 128, 67, 56, 56
765, 1, 188, 130, 56, 56
765, 1, 126, 70, 56, 56
766, 1, 189, 130, 56, 56
766, 1, 125, 74, 56, 56
767, 1, 192, 136, 56, 56
767, 1, 124, 79, 56, 56
768, 1, 194, 143, 56, 56
769, 1, 197, 140, 56, 56
770, 1, 202, 144, 56, 56
771, 1, 198, 145, 56, 56
771, 1, 125, 89, 56, 56
772, 1, 204, 152, 56, 56
773, 1, 200, 154, 56, 56
774, 1, 125, 103, 56, 56
775, 1, 207, 155, 56, 56
775, 1, 116, 99, 56, 56
776, 1, 114, 102, 56, 56
777, 1, 110, 100, 56, 56
778, 1, 109, 106, 56, 56
779, 1, 105, 106, 56, 56
780, 1, 123, 90, 56, 56
781, 1, 225, 174, 56, 56
782, 1, 100, 113, 56, 56
782, 1, 228, 176, 56, 56
783, 1, 97, 114, 56, 56
784, 1, 228, 175, 56, 56
785, 1, 124, 98, 56, 56
786, 1, 87, 131, 56, 56
787, 1, 238, 184, 56, 56
788, 1, 84, 133, 56, 56
789, 1, 104, 139, 56, 56
790, 1, 88, 118, 56, 56
791, 1, 83, 139, 56, 56
792, 1, 151, 42, 56, 56
793, 1, 121, 78, 56, 56
794, 1, 69, 151, 56, 56
795, 1, 70, 151, 56, 56
795, 1, 165, 69, 56, 56
796, 1, 71, 159, 56, 56
796, 1, 160, 58, 56, 56
797, 1, 94, 86, 56, 56
798, 1, 61, 168, 56, 56
799, 1, 160, 68, 56, 56
800, 1, 160, 70, 56, 56
801, 1, 157, 72, 56, 56
802, 1, 140, 83, 56, 56
803, 1, 96, 190, 56, 56
804, 1, 61, 193, 56, 56
805, 1, 122, 103, 56, 56
806, 1, 135, 124, 56, 56
807, 1, 138, 122, 56, 56
808, 1, 157, 50, 56, 56
809, 1, 153, 46, 56, 56
810, 1, 136, 133, 56, 56
811, 1, 120, 117, 56, 56
812, 1, 121, 119, 56, 56
813, 1, 151, 50, 56, 56
814, 1, 136, 111, 56, 56
815, 1, 152, 85, 56, 56
816, 1, 132, 118, 56, 56
817, 1, 158, 110, 56, 56
818, 1, 124, 150, 56, 56
819, 1, 154, 66, 56, 56
820, 1, 126, 126, 56, 56
821, 1, 151, 69, 56, 56
821, 1, 125, 129, 56, 56
822, 1, 123, 134, 56, 56
822, 1, 150, 71, 56, 56
823, 1, 122, 136, 56, 56
824, 1, 120, 138, 56, 56
824, 1, 141, 65, 56, 56
825, 1, 140, 73, 56, 56
825, 1, 114, 139, 56, 56
826, 1, 140, 75, 56, 56
826, 1, 114, 142, 56, 56
827, 1, 112, 145, 56, 56
827, 1, 139, 77, 56, 56
828, 1, 138, 77, 56, 56
828, 1, 111, 148, 56, 56
829, 1, 135, 79, 56, 56
829, 1, 113, 148, 56, 56
830, 1, 159, 62, 56, 56
831, 1, 131, 77, 56, 56
832, 1, 127, 78, 56, 56
832, 1, 110, 160, 56, 56
832, 1, 161, 43, 56, 56
833, 1, 125, 78, 56, 56
834, 1, 162, 78, 56, 56
835, 1, 114, 167, 56, 56
836, 1, 125, 109, 56, 56
837, 1, 112, 169, 56, 56
838, 1, 112, 172, 56, 56
839, 1, 113, 85, 56, 56
840, 1, 106, 184, 56, 56
841, 1, 125, 53, 56, 56
842, 1, 125, 55, 56, 56
843, 1, 125, 56, 56, 56
844, 1, 165, 33, 56, 56
845, 1, 90, 79, 56, 56
846, 1, 107, 95, 56, 56
847, 1, 164, 37, 56, 56
848, 1, 123, 54, 56, 56
849, 1, 99, 95, 56, 56
850, 1, 99, 97, 56, 56
851, 1, 85, 98, 56, 56
852, 1, 164, 44, 56, 56
853, 1, 89, 103, 56, 56
854, 1, 119, 67, 56, 56
855, 1, 87, 106, 56, 56
856, 1, 125, 140, 56, 56
857, 1, 148, 52, 56, 56
858, 1, 124, 144, 56, 56
859, 1, 124, 144, 56, 56
860, 1, 84, 110, 56, 56
861, 1, 155, 74, 56, 56
862, 1, 74, 107, 56, 56
863, 1, 161, 76, 56, 56
864, 1, 71, 107, 56, 56
865, 1, 70, 107, 56, 56
866, 1, 65, 107, 56, 56
867, 1, 131, 92, 56, 56
868, 1, 131, 94, 56, 56
868, 1, 61, 105, 56, 56
869, 1, 126, 91, 56, 56
870, 1, 130, 93, 56, 56
870, 1, 61, 107, 56, 56
871, 1, 132, 102, 56, 56
871, 1, 57, 107, 56, 56
872, 1, 131, 97, 56, 56
873, 1, 132, 102, 56, 56
874, 1, 155, 69, 56, 56
875, 1, 163, 37, 56, 56
876, 1, 163, 72, 56, 56
877, 1, 130, 113, 56, 56
877, 1, 165, 80, 56, 56
877, 1, 46, 103, 56, 56
878, 1, 163, 79, 56, 56
878, 1, 132, 121, 56, 56
879, 1, 171, 85, 56, 56
880, 1, 164, 78, 56, 56
881, 1, 172, 86, 56, 56
882, 1, 174, 88, 56, 56
883, 1, 157, 143, 56, 56
884, 1, 124, 128, 56, 56
884, 1, 173, 95, 56, 56
885, 1, 175, 94, 56, 56
885, 1, 125, 129, 56, 56
885, 1, 170, 41, 56, 56
887, 1, 123, 134, 56, 56
887, 1, 179, 98, 56, 56
888, 1, 127, 137, 56, 56
888, 1, 183, 97, 56, 56
889, 1, 124, 135, 56, 56
890, 1, 126, 138, 56, 56
890, 1, 185, 101, 56, 56
890, 1, 165, 46, 56, 56
891, 1, 125, 141, 56, 56
891, 1, 122, 33, 56, 56
892, 1, 131, 139, 56, 56
892, 1, 122, 35, 56, 56
893, 1, 167, 54, 56, 56
893, 1, 131, 137, 56, 56
893, 1, 194, 115, 56, 56
893, 1, 123, 37, 56, 56
894, 1, 169, 56, 56, 56
894, 1, 132, 140, 56, 56
895, 1, 135, 134, 56, 56
895, 1, 166, 54, 56, 56
895, 1, 119, 42, 56, 56
896, 1, 135, 135, 56, 56
896, 1, 166, 60, 56, 56
896, 1, 118, 44, 56, 56
897, 1, 139, 137, 56, 56
897, 1, 164, 65, 56, 56
897, 1, 119, 46, 56, 56
898, 1, 139, 136, 56, 56
898, 1, 155, 66, 56, 56
898, 1, 202, 130, 56, 56
898, 1, 32, 106, 56, 56
899, 1, 142, 137, 56, 56
899, 1, 207, 177, 56, 56
900, 1, 144, 133, 56, 56
900, 1, 157, 74, 56, 56
901, 1, 141, 134, 56, 56
901, 1, 148, 78, 56, 56
902, 1, 139, 135, 56, 56
902, 1, 154, 83, 56, 56
902, 1, 219, 139, 56, 56
903, 1, 147, 84, 56, 56
903, 1, 147, 133, 56, 56
903, 1, 19, 108, 56, 56
903, 1, 222, 142, 56, 56
904, 1, 139, 134, 56, 56
904, 1, 140, 84, 56, 56
904, 1, 16, 107, 56, 56
905, 1, 137, 140, 56, 56
905, 1, 136, 90, 56, 56
905, 1, 225, 138, 56, 56
906, 1, 138, 89, 56, 56
906, 1, 224, 138, 56, 56
907, 1, 140, 93, 56, 56
907, 1, 148, 141, 56, 56
908, 1, 137, 97, 56, 56
909, 1, 135, 99, 56, 56
909, 1, 234, 141, 56, 56
910, 1, 131, 96, 56, 56
910, 1, 150, 144, 56, 56
910, 1, 218, 155, 56, 56
911, 1, 129, 102, 56, 56
912, 1, 126, 103, 56, 56
912, 1, 247, 148, 56, 56
913, 1, 127, 103, 56, 56
913, 1, 251, 142, 56, 56
914, 1, 128, 101, 56, 56
914, 1, 254, 141, 56, 56
915, 1, 257, 142, 56, 56
915, 1, 127, 102, 56, 56
915, 1, 150, 150, 56, 56
916, 1, 122, 108, 56, 56
916, 1, 265, 142, 56, 56
916, 1, 154, 156, 56, 56
917, 1, 118, 106, 56, 56
917, 1, 266, 140, 56, 56
917, 1, 179, 192, 56, 56
917, 1, 155, 152, 56, 56
917, 1, 168, 96, 56, 56
918, 1, 118, 108, 56, 56
918, 1, 157, 154, 56, 56
918, 1, 273, 140, 56, 56
919, 1, 116, 74, 56, 56
920, 1, 120, 77, 56, 56
920, 1, 267, 145, 56, 56
921, 1, 112, 77, 56, 56
921, 1, 164, 166, 56, 56
922, 1, 159, 170, 56, 56
922, 1, 110, 119, 56, 56
923, 1, 108, 118, 56, 56
923, 1, 158, 168, 56, 56
924, 1, 162, 174, 56, 56
924, 1, 107, 127, 56, 56
925, 1, 108, 128, 56, 56
925, 1, 113, 80, 56, 56
925, 1, 162, 177, 56, 56
926, 1, 110, 82, 56, 56
926, 1, 161, 179, 56, 56
926, 1, 102, 130, 56, 56
927, 1, 108, 83, 56, 56
927, 1, 97, 129, 56, 56
928, 1, 115, 87, 56, 56
928, 1, 97, 135, 56, 56
929, 1, 94, 137, 56, 56
930, 1, 163, 187, 56, 56
930, 1, 92, 147, 56, 56
931, 1, 91, 141, 56, 56
931, 1, 167, 187, 56, 56
932, 1, 118, 88, 56, 56
932, 1, 93, 147, 56, 56
933, 1, 114, 88, 56, 56
933, 1, 172, 190, 56, 56
933, 1, 86, 143, 56, 56
934, 1, 118, 87, 56, 56
934, 1, 81, 151, 56, 56
935, 1, 112, 96, 56, 56
936, 1, 160, 53, 56, 56
936, 1, 114, 89, 56, 56
937, 1, 114, 99, 56, 56
938, 1, 115, 98, 56, 56
939, 1, 122, 104, 56, 56
940, 1, 125, 103, 56, 56
941, 1, 181, 199, 56, 56
942, 1, 173, 66, 56, 56
943, 1, 127, 105, 56, 56
944, 1, 127, 106, 56, 56
945, 1, 128, 108, 56, 56
946, 1, 189, 195, 56, 56
947, 1, 130, 114, 56, 56
948, 1, 124, 123, 56, 56
949, 1, 125, 125, 56, 56
949, 1, 38, 194, 56, 56
950, 1, 127, 121, 56, 56
951, 1, 128, 130, 56, 56
952, 1, 128, 129, 56, 56
952, 1, 174, 74, 56, 56
954, 1, 135, 131, 56, 56
954, 1, 180, 83, 56, 56
955, 1, 186, 86, 56, 56
956, 1, 184, 79, 56, 56
957, 1, 185, 81, 56, 56
958, 1, 187, 82, 56, 56
959, 1, 191, 84, 56, 56
960, 1, 128, 148, 56, 56
960, 1, 193, 86, 56, 56
961, 1, 162, 126, 56, 56
962, 1, 131, 152, 56, 56
963, 1, 125, 161, 56, 56
964, 1, 130, 160, 56, 56
965, 1, 123, 161, 56, 56
966, 1, 123, 166, 56, 56
967, 1, 211, 101, 56, 56
968, 1, 124, 166, 56, 56
969, 1, 186, 131, 56, 56
970, 1, 117, 174, 56, 56
970, 1, 193, 143, 56, 56
971, 1, 186, 138, 56, 56
972, 1, 193, 146, 56, 56
973, 1, 119, 183, 56, 56
974, 1, 119, 185, 56, 56
975, 1, 166, 194, 56, 56
976, 1, 126, 189, 56, 56
976, 1, 199, 148, 56, 56
977, 1, 213, 129, 56, 56
978, 1, 127, 192, 56, 56
979, 1, 208, 159, 56, 56
980, 1, 165, 202, 56, 56
981, 1, 200, 97, 56, 56
982, 1, 197, 179, 56, 56
983, 1, 208, 182, 56, 56
984, 1, 206, 179, 56, 56
985, 1, 208, 152, 56, 56
986, 1, 215, 184, 56, 56
987, 1, 206, 158, 56, 56
990, 1, 229, 182, 56, 56
991, 1, 233, 183, 56, 56
992, 1, 239, 177, 56, 56
993, 1, 232, 164, 56, 56
994, 1, 236, 163, 56, 56
996, 1, 254, 180, 56, 56
997, 1, 255, 140, 56, 56
998, 1, 255, 139, 56, 56
999, 1, 256, 138, 56, 56
1000, 1, 260, 138, 56, 56
1001, 1, 135, 61, 56, 56
1008, 1, 140, 74, 56, 56
1009, 1, 133, 77, 56, 56
1010, 1, 137, 80, 56, 56
1011, 1, 131, 87, 56, 56
1012, 1, 117, 61, 56, 56
1014, 1, 130, 117, 56, 56
1015, 1, 124, 95, 56, 56
1016, 1, 124, 97, 56, 56
1017, 1, 123, 97, 56, 56
1018, 1, 120, 101, 56, 56
1019, 1, 142, 145, 56, 56
1020, 1, 121, 106, 56, 56
1021, 1, 119, 114, 56, 56
1022, 1, 117, 114, 56, 56
1023, 1, 139, 121, 56, 56
1024, 1, 111, 120, 56, 56
1025, 1, 112, 124, 56, 56
1026, 1, 109, 122, 56, 56
1027, 1, 120, 165, 56, 56
1028, 1, 111, 132, 56, 56
1029, 1, 127, 106, 56, 56
1030, 1, 126, 176, 56, 56
1031, 1, 116, 135, 56, 56
1032, 1, 126, 183, 56, 56
1033, 1, 118, 146, 56, 56
1033, 1, 148, 68, 56, 56
1034, 1, 122, 146, 56, 56
1035, 1, 125, 148, 56, 56
1036, 1, 167, 191, 56, 56
1037, 1, 128, 153, 56, 56
1038, 1, 131, 155, 56, 56
1039, 1, 138, 162, 56, 56
1040, 1, 139, 156, 56, 56
1041, 1, 134, 159, 56, 56
1042, 1, 138, 160, 56, 56
1043, 1, 142, 164, 56, 56
1044, 1, 138, 165, 56, 56
1045, 1, 144, 168, 56, 56
1047, 1, 142, 174, 56, 56
1047, 1, 149, 78, 56, 56
1048, 1, 120, 43, 56, 56
1048, 1, 139, 179, 56, 56
1049, 1, 139, 181, 56, 56
1049, 1, 119, 44, 56, 56
1050, 1, 141, 186, 56, 56
1050, 1, 144, 82, 56, 56
1051, 1, 139, 86, 56, 56
1051, 1, 140, 187, 56, 56
1052, 1, 134, 87, 56, 56
1052, 1, 143, 196, 56, 56
1053, 1, 144, 197, 56, 56
1053, 1, 134, 86, 56, 56
1054, 1, 137, 199, 56, 56
1054, 1, 124, 54, 56, 56
1055, 1, 118, 56, 56, 56
1056, 1, 122, 95, 56, 56
1057, 1, 118, 54, 56, 56
1058, 1, 117, 60, 56, 56
1059, 1, 117, 100, 56, 56
1060, 1, 119, 58, 56, 56
1061, 1, 119, 61, 56, 56
1062, 1, 113, 99, 56, 56
1063, 1, 105, 101, 56, 56
1064, 1, 116, 61, 56, 56
1064, 1, 103, 108, 56, 56
1065, 1, 116, 59, 56, 56
1066, 1, 105, 107, 56, 56
1066, 1, 144, 176, 56, 56
1067, 1, 105, 109, 56, 56
1067, 1, 119, 62, 56, 56
1068, 1, 96, 114, 56, 56
1069, 1, 97, 117, 56, 56
1069, 1, 116, 65, 56, 56
1069, 1, 164, 41, 56, 56
1070, 1, 95, 118, 56, 56
1071, 1, 94, 122, 56, 56
1072, 1, 92, 127, 56, 56
1073, 1, 84, 128, 56, 56
1073, 1, 128, 106, 56, 56
1073, 1, 174, 49, 56, 56
1074, 1, 90, 139, 56, 56
1075, 1, 80, 138, 56, 56
1075, 1, 160, 53, 56, 56
1076, 1, 80, 145, 56, 56
1076, 1, 128, 113, 56, 56
1077, 1, 76, 148, 56, 56
1077, 1, 124, 116, 56, 56
1077, 1, 160, 58, 56, 56
1078, 1, 120, 117, 56, 56
1079, 1, 98, 168, 56, 56
1080, 1, 174, 54, 56, 56
1081, 1, 71, 152, 56, 56
1081, 1, 173, 55, 56, 56
1082, 1, 163, 67, 56, 56
1082, 1, 76, 154, 56, 56
1083, 1, 164, 73, 56, 56
1084, 1, 160, 68, 56, 56
1085, 1, 102, 97, 56, 56
1085, 1, 162, 71, 56, 56
1086, 1, 100, 95, 56, 56
1087, 1, 101, 96, 56, 56
1087, 1, 163, 78, 56, 56
1088, 1, 101, 99, 56, 56
1088, 1, 105, 155, 56, 56
1088, 1, 160, 81, 56, 56
1089, 1, 104, 99, 56, 56
1089, 1, 99, 153, 56, 56
1090, 1, 160, 80, 56, 56
1091, 1, 109, 107, 56, 56
1093, 1, 109, 110, 56, 56
1094, 1, 107, 114, 56, 56
1095, 1, 108, 114, 56, 56
1096, 1, 110, 120, 56, 56
1097, 1, 112, 116, 56, 56
1098, 1, 116, 124, 56, 56
1098, 1, 61, 196, 56, 56
1099, 1, 154, 85, 56, 56
1100, 1, 109, 127, 56, 56
1101, 1, 113, 124, 56, 56
1102, 1, 116, 125, 56, 56
1103, 1, 112, 133, 56, 56
1104, 1, 115, 130, 56, 56
1105, 1, 115, 136, 56, 56
1106, 1, 115, 140, 56, 56
1106, 1, 209, 96, 56, 56
1107, 1, 113, 135, 56, 56
1108, 1, 110, 146, 56, 56
1109, 1, 108, 153, 56, 56
1110, 1, 112, 156, 56, 56
1110, 1, 155, 98, 56, 56
1111, 1, 107, 156, 56, 56
1112, 1, 158, 102, 56, 56
1112, 1, 107, 157, 56, 56
1113, 1, 160, 102, 56, 56
1114, 1, 158, 165, 56, 56
1115, 1, 106, 161, 56, 56
1116, 1, 106, 171, 56, 56
1117, 1, 100, 172, 56, 56
1118, 1, 101, 176, 56, 56
1118, 1, 146, 150, 56, 56
1119, 1, 210, 98, 56, 56
1120, 1, 155, 192, 56, 56
1121, 1, 159, 193, 56, 56
1122, 1, 190, 90, 56, 56
1122, 1, 94, 185, 56, 56
1123, 1, 169, 123, 56, 56
1124, 1, 95, 189, 56, 56
1125, 1, 94, 187, 56, 56
1125, 1, 192, 97, 56, 56
1126, 1, 93, 198, 56, 56
1127, 1, 199, 125, 56, 56
1128, 1, 87, 194, 56, 56
1128, 1, 202, 100, 56, 56
1129, 1, 181, 138, 56, 56
1130, 1, 190, 137, 56, 56
1131, 1, 189, 138, 56, 56
1132, 1, 186, 138, 56, 56
1133, 1, 195, 139, 56, 56
1134, 1, 188, 140, 56, 56
1135, 1, 146, 79, 56, 56
1136, 1, 195, 139, 56, 56
1137, 1, 153, 92, 56, 56
1138, 1, 201, 145, 56, 56
1138, 1, 152, 93, 56, 56
1139, 1, 156, 90, 56, 56
1139, 1, 205, 146, 56, 56
1140, 1, 156, 100, 56, 56
1141, 1, 156, 96, 56, 56
1141, 1, 209, 141, 56, 56
1142, 1, 158, 104, 56, 56
1142, 1, 213, 142, 56, 56
1143, 1, 156, 106, 56, 56
1144, 1, 156, 104, 56, 56
1145, 1, 157, 106, 56, 56
1146, 1, 159, 106, 56, 56
1146, 1, 184, 160, 56, 56
1147, 1, 160, 108, 56, 56
1148, 1, 158, 113, 56, 56
1149, 1, 161, 111, 56, 56
1150, 1, 159, 118, 56, 56
1151, 1, 162, 121, 56, 56
1152, 1, 162, 123, 56, 56
1153, 1, 170, 127, 56, 56
1154, 1, 165, 130, 56, 56
1155, 1, 188, 180, 56, 56
1156, 1, 215, 163, 56, 56
1157, 1, 168, 132, 56, 56
1158, 1, 226, 162, 56, 56
1159, 1, 194, 150, 56, 56
1160, 1, 241, 144, 56, 56
1161, 1, 241, 144, 56, 56
1166, 1, 188, 147, 56, 56
1167, 1, 192, 152, 56, 56
1168, 1, 192, 153, 56, 56
1169, 1, 186, 154, 56, 56
1170, 1, 190, 155, 56, 56
1171, 1, 195, 157, 56, 56
1172, 1, 197, 159, 56, 56
1173, 1, 196, 160, 56, 56
1174, 1, 200, 161, 56, 56
1175, 1, 199, 162, 56, 56
1176, 1, 204, 165, 56, 56
1177, 1, 198, 167, 56, 56
1178, 1, 243, 163, 56, 56
1179, 1, 208, 174, 56, 56
1180, 1, 121, 62, 56, 56
1180, 1, 208, 177, 56, 56
1181, 1, 181, 105, 56, 56
1182, 1, 121, 80, 56, 56
1183, 1, 120, 77, 56, 56
1184, 1, 119, 79, 56, 56
1185, 1, 186, 109, 56, 56
1185, 1, 115, 81, 56, 56
1186, 1, 116, 82, 56, 56
1188, 1, 113, 98, 56, 56
1189, 1, 108, 85, 56, 56
1190, 1, 109, 86, 56, 56
1191, 1, 126, 72, 56, 56
1191, 1, 167, 141, 56, 56
1192, 1, 169, 143, 56, 56
1193, 1, 99, 92, 56, 56
1194, 1, 101, 97, 56, 56
1194, 1, 176, 147, 56, 56
1195, 1, 98, 99, 56, 56
1195, 1, 181, 147, 56, 56
1196, 1, 126, 90, 56, 56
1196, 1, 186, 145, 56, 56
1197, 1, 186, 144, 56, 56
1197, 1, 127, 119, 56, 56
1198, 1, 120, 125, 56, 56
1199, 1, 123, 130, 56, 56
1200, 1, 86, 119, 56, 56
1201, 1, 89, 141, 56, 56
1202, 1, 81, 122, 56, 56
1203, 1, 206, 149, 56, 56
1204, 1, 186, 119, 56, 56
1205, 1, 207, 150, 56, 56
1206, 1, 160, 89, 56, 56
1207, 1, 157, 90, 56, 56
1208, 1, 51, 143, 56, 56
1210, 1, 161, 106, 56, 56
1211, 1, 163, 108, 56, 56
1212, 1, 169, 111, 56, 56
1213, 1, 173, 110, 56, 56
1214, 1, 170, 118, 56, 56
1215, 1, 168, 132, 56, 56
1216, 1, 182, 128, 56, 56
1217, 1, 203, 175, 56, 56
1218, 1, 176, 139, 56, 56
1219, 1, 187, 133, 56, 56
1220, 1, 186, 140, 56, 56
1221, 1, 176, 151, 56, 56
1222, 1, 177, 160, 56, 56
1223, 1, 180, 166, 56, 56
1224, 1, 183, 167, 56, 56
1224, 1, 255, 168, 56, 56
1225, 1, 188, 171, 56, 56
1226, 1, 143, 44, 56, 56
1227, 1, 195, 174, 56, 56
1228, 1, 194, 180, 56, 56
1229, 1, 216, 179, 56, 56
1230, 1, 209, 188, 56, 56
1231, 1, 217, 184, 56, 56
1232, 1, 220, 186, 56, 56
1235, 1, 164, 94, 56, 56
1237, 1, 138, 58, 56, 56
1239, 1, 163, 59, 56, 56
1241, 1, 135, 63, 56, 56
1242, 1, 135, 65, 56, 56
1243, 1, 136, 67, 56, 56
1244, 1, 121, 76, 56, 56
1245, 1, 139, 80, 56, 56
1246, 1, 136, 77, 56, 56
1247, 1, 145, 70, 56, 56
1248, 1, 171, 43, 56, 56
1249, 1, 149, 76, 56, 56
1250, 1, 145, 79, 56, 56
1252, 1, 148, 85, 56, 56
1253, 1, 205, 184, 56, 56
1254, 1, 236, 198, 56, 56
1259, 1, 135, 117, 56, 56
1261, 1, 161, 103, 56, 56
1262, 1, 158, 102, 56, 56
1262, 1, 157, 52, 56, 56
1263, 1, 161, 109, 56, 56
1264, 1, 159, 111, 56, 56
1265, 1, 163, 115, 56, 56
1266, 1, 156, 112, 56, 56
1267, 1, 161, 63, 56, 56
1268, 1, 156, 49, 56, 56
1269, 1, 158, 66, 56, 56
1270, 1, 155, 51, 56, 56
1271, 1, 150, 67, 56, 56
1272, 1, 153, 53, 56, 56
1273, 1, 145, 53, 56, 56
1274, 1, 146, 57, 56, 56
1275, 1, 162, 144, 56, 56
1276, 1, 141, 60, 56, 56
1277, 1, 148, 83, 56, 56
1278, 1, 145, 61, 56, 56
1279, 1, 145, 85, 56, 56
1280, 1, 147, 81, 56, 56
1281, 1, 145, 79, 56, 56
1282, 1, 138, 83, 56, 56
1283, 1, 141, 86, 56, 56
1284, 1, 137, 88, 56, 56
1285, 1, 144, 92, 56, 56
1286, 1, 137, 87, 56, 56
1286, 1, 174, 164, 56, 56
1287, 1, 138, 89, 56, 56
1287, 1, 177, 166, 56, 56
1288, 1, 137, 91, 56, 56
1288, 1, 182, 164, 56, 56
1289, 1, 136, 91, 56, 56
1289, 1, 183, 162, 56, 56
1290, 1, 136, 95, 56, 56
1290, 1, 187, 163, 56, 56
1291, 1, 135, 97, 56, 56
1291, 1, 190, 170, 56, 56
1292, 1, 133, 98, 56, 56
1293, 1, 136, 96, 56, 56
1294, 1, 207, 168, 56, 56
1295, 1, 131, 102, 56, 56
1295, 1, 184, 193, 56, 56
1296, 1, 129, 104, 56, 56
1296, 1, 185, 194, 56, 56
1297, 1, 210, 179, 56, 56
1297, 1, 127, 106, 56, 56
1298, 1, 125, 108, 56, 56
1298, 1, 211, 171, 56, 56
1299, 1, 127, 110, 56, 56
1299, 1, 212, 172, 56, 56
1300, 1, 123, 92, 56, 56
1300, 1, 195, 195, 56, 56
1301, 1, 195, 197, 56, 56
1302, 1, 120, 98, 56, 56
1303, 1, 119, 100, 56, 56
1304, 1, 116, 101, 56, 56
1304, 1, 206, 208, 56, 56
1305, 1, 117, 123, 56, 56
1306, 1, 116, 103, 56, 56
1307, 1, 117, 109, 56, 56
1308, 1, 113, 109, 56, 56
1309, 1, 110, 109, 56, 56
1310, 1, 114, 110, 56, 56
1311, 1, 250, 203, 56, 56
1312, 1, 108, 114, 56, 56
1312, 1, 251, 205, 56, 56
1313, 1, 104, 114, 56, 56
1314, 1, 108, 117, 56, 56
1315, 1, 104, 117, 56, 56
1316, 1, 101, 113, 56, 56
1317, 1, 101, 119, 56, 56
1318, 1, 95, 120, 56, 56
1319, 1, 98, 124, 56, 56
1320, 1, 86, 119, 56, 56
1321, 1, 87, 122, 56, 56
1322, 1, 83, 123, 56, 56
1323, 1, 77, 124, 56, 56
1324, 1, 80, 125, 56, 56
1325, 1, 79, 124, 56, 56
1326, 1, 76, 125, 56, 56
1327, 1, 72, 123, 56, 56
1328, 1, 66, 125, 56, 56
1329, 1, 69, 128, 56, 56
1330, 1, 64, 126, 56, 56
1330, 1, 113, 169, 56, 56
1331, 1, 62, 126, 56, 56
1333, 1, 59, 126, 56, 56
1335, 1, 45, 189, 56, 56
1338, 1, 53, 133, 56, 56
1339, 1, 49, 134, 56, 56
1342, 1, 46, 139, 56, 56
1343, 1, 56, 166, 56, 56
1344, 1, 155, 117, 56, 56
1345, 1, 146, 116, 56, 56
1345, 1, 37, 138, 56, 56
1346, 1, 150, 126, 56, 56
1346, 1, 37, 145, 56, 56
1347, 1, 145, 127, 56, 56
1347, 1, 29, 145, 56, 56
1348, 1, 149, 130, 56, 56
1348, 1, 33, 145, 56, 56
1349, 1, 23, 147, 56, 56
1349, 1, 148, 133, 56, 56
1350, 1, 142, 134, 56, 56
1350, 1, 29, 143, 56, 56
1351, 1, 139, 136, 56, 56
1352, 1, 138, 140, 56, 56
1352, 1, 17, 151, 56, 56
1353, 1, 142, 143, 56, 56
1354, 1, 139, 143, 56, 56
1355, 1, 135, 147, 56, 56
1356, 1, 134, 146, 56, 56
1357, 1, 128, 147, 56, 56
1358, 1, 131, 151, 56, 56
1359, 1, 127, 155, 56, 56
1360, 1, 124, 151, 56, 56
1360, 1, 164, 54, 56, 56
1361, 1, 126, 158, 56, 56
1362, 1, 125, 161, 56, 56
1363, 1, 120, 161, 56, 56
1364, 1, 117, 163, 56, 56
1365, 1, 114, 162, 56, 56
1366, 1, 117, 103, 56, 56
1366, 1, 116, 165, 56, 56
1367, 1, 115, 168, 56, 56
1368, 1, 113, 176, 56, 56
1369, 1, 111, 178, 56, 56
1370, 1, 109, 181, 56, 56
1371, 1, 172, 74, 56, 56
1372, 1, 136, 168, 56, 56
1374, 1, 180, 84, 56, 56
1375, 1, 172, 79, 56, 56
1376, 1, 175, 84, 56, 56
1378, 1, 173, 122, 56, 56
1380, 1, 160, 119, 56, 56
1381, 1, 108, 199, 56, 56
1382, 1, 72, 123, 56, 56
1383, 1, 79, 124, 56, 56
1384, 1, 66, 119, 56, 56
1385, 1, 197, 99, 56, 56
1385, 1, 71, 124, 56, 56
1386, 1, 73, 127, 56, 56
1387, 1, 75, 159, 56, 56
1388, 1, 199, 97, 56, 56
1388, 1, 78, 159, 56, 56
1389, 1, 73, 161, 56, 56
1390, 1, 70, 164, 56, 56
1391, 1, 69, 168, 56, 56
1391, 1, 210, 102, 56, 56
1392, 1, 69, 173, 56, 56
1392, 1, 212, 102, 56, 56
1393, 1, 206, 102, 56, 56
1394, 1, 216, 101, 56, 56
1394, 1, 178, 127, 56, 56
1395, 1, 220, 106, 56, 56
1396, 1, 185, 129, 56, 56
1397, 1, 156, 78, 56, 56
1398, 1, 107, 201, 56, 56
1399, 1, 104, 202, 56, 56
1400, 1, 55, 183, 56, 56
1401, 1, 206, 130, 56, 56
1401, 1, 161, 87, 56, 56
1401, 1, 56, 184, 56, 56
1401, 1, 158, 170, 56, 56
1402, 1, 207, 133, 56, 56
1403, 1, 156, 86, 56, 56
1403, 1, 215, 142, 56, 56
1404, 1, 50, 190, 56, 56
1405, 1, 32, 174, 56, 56
1406, 1, 45, 191, 56, 56
1407, 1, 42, 191, 56, 56
1408, 1, 222, 135, 56, 56
1408, 1, 78, 172, 56, 56
1409, 1, 229, 136, 56, 56
1410, 1, 257, 82, 56, 56
1411, 1, 170, 78, 56, 56
1412, 1, 229, 129, 56, 56
1412, 1, 166, 76, 56, 56
1413, 1, 172, 86, 56, 56
1413, 1, 233, 126, 56, 56
1414, 1, 236, 133, 56, 56
1415, 1, 239, 129, 56, 56
1416, 1, 249, 138, 56, 56
1417, 1, 168, 82, 56, 56
1418, 1, 186, 97, 56, 56
1419, 1, 172, 75, 56, 56
1420, 1, 193, 97, 56, 56
1421, 1, 8, 153, 56, 56
1422, 1, 171, 145, 56, 56
1423, 1, 176, 149, 56, 56
1424, 1, 175, 149, 56, 56
1425, 1, 171, 57, 56, 56
1426, 1, 191, 115, 56, 56
1427, 1, 128, 85, 56, 56
1428, 1, 176, 146, 56, 56
1429, 1, 120, 51, 56, 56
1430, 1, 215, 131, 56, 56
1430, 1, 128, 63, 56, 56
1431, 1, 218, 135, 56, 56
1431, 1, 124, 65, 56, 56
1432, 1, 121, 69, 56, 56
1432, 1, 220, 135, 56, 56
1433, 1, 123, 78, 56, 56
1434, 1, 128, 67, 56, 56
1435, 1, 150, 177, 56, 56
1436, 1, 234, 151, 56, 56
1436, 1, 150, 183, 56, 56
1436, 1, 131, 98, 56, 56
1437, 1, 130, 70, 56, 56
1438, 1, 237, 154, 56, 56
1438, 1, 132, 78, 56, 56
1439, 1, 127, 78, 56, 56
1440, 1, 124, 80, 56, 56
1440, 1, 148, 40, 56, 56
1441, 1, 124, 78, 56, 56
1442, 1, 150, 40, 56, 56
1442, 1, 126, 80, 56, 56
1443, 1, 123, 80, 56, 56
1443, 1, 147, 40, 56, 56
1444, 1, 120, 89, 56, 56
1444, 1, 155, 39, 56, 56
1445, 1, 119, 86, 56, 56
1446, 1, 115, 87, 56, 56
1446, 1, 152, 45, 56, 56
1447, 1, 115, 84, 56, 56
1447, 1, 228, 173, 56, 56
1448, 1, 114, 94, 56, 56
1449, 1, 107, 90, 56, 56
1450, 1, 103, 94, 56, 56
1450, 1, 148, 43, 56, 56
1451, 1, 142, 39, 56, 56
1452, 1, 139, 38, 56, 56
1452, 1, 99, 94, 56, 56
1453, 1, 155, 55, 56, 56
1454, 1, 155, 59, 56, 56
1455, 1, 146, 46, 56, 56
1456, 1, 153, 60, 56, 56
1457, 1, 148, 52, 56, 56
1458, 1, 150, 55, 56, 56
1459, 1, 152, 58, 56, 56
1459, 1, 104, 97, 56, 56
1460, 1, 157, 62, 56, 56
1461, 1, 155, 64, 56, 56
1462, 1, 105, 101, 56, 56
1463, 1, 162, 67, 56, 56
1465, 1, 163, 70, 56, 56
1466, 1, 93, 144, 56, 56
1467, 1, 164, 76, 56, 56
1468, 1, 92, 114, 56, 56
1469, 1, 168, 83, 56, 56
1470, 1, 168, 87, 56, 56
1471, 1, 170, 99, 56, 56
1472, 1, 169, 98, 56, 56
1473, 1, 171, 101, 56, 56
1474, 1, 180, 110, 56, 56
1474, 1, 98, 125, 56, 56
1475, 1, 92, 127, 56, 56
1476, 1, 91, 128, 56, 56
1477, 1, 85, 128, 56, 56
1477, 1, 183, 127, 56, 56
1478, 1, 87, 131, 56, 56
1479, 1, 85, 121, 56, 56
1480, 1, 64, 151, 56, 56
1481, 1, 65, 149, 56, 56
1482, 1, 66, 148, 56, 56
1483, 1, 73, 155, 56, 56
1484, 1, 71, 151, 56, 56
1484, 1, 215, 136, 56, 56
1485, 1, 63, 153, 56, 56
1485, 1, 219, 138, 56, 56
1486, 1, 61, 155, 56, 56
1487, 1, 164, 98, 56, 56
1488, 1, 58, 156, 56, 56
1489, 1, 219, 130, 56, 56
1490, 1, 54, 155, 56, 56
1491, 1, 250, 140, 56, 56
1491, 1, 66, 151, 56, 56
1491, 1, 135, 85, 56, 56
1492, 1, 236, 136, 56, 56
1493, 1, 239, 141, 56, 56
1494, 1, 125, 87, 56, 56
1495, 1, 129, 87, 56, 56
1496, 1, 131, 90, 56, 56
1496, 1, 95, 186, 56, 56
1497, 1, 133, 96, 56, 56
1498, 1, 132, 98, 56, 56
1499, 1, 126, 89, 56, 56
1500, 1, 130, 94, 56, 56
1501, 1, 61, 173, 56, 56
1502, 1, 132, 95, 56, 56
1503, 1, 127, 97, 56, 56
1504, 1, 64, 173, 56, 56
1505, 1, 39, 189, 56, 56
1506, 1, 129, 95, 56, 56
1507, 1, 127, 97, 56, 56
1508, 1, 238, 202, 56, 56
1509, 1, 239, 202, 56, 56
1510, 1, 46, 174, 56, 56
1511, 1, 124, 69, 56, 56
1512, 1, 115, 102, 56, 56
1513, 1, 125, 73, 56, 56
1514, 1, 124, 76, 56, 56
1515, 1, 170, 80, 56, 56
1515, 1, 122, 57, 56, 56
1516, 1, 167, 78, 56, 56
1517, 1, 109, 115, 56, 56
1518, 1, 111, 116, 56, 56
1518, 1, 121, 62, 56, 56
1518, 1, 176, 81, 56, 56
1519, 1, 184, 78, 56, 56
1520, 1, 110, 122, 56, 56
1521, 1, 111, 121, 56, 56
1522, 1, 183, 92, 56, 56
1523, 1, 113, 131, 56, 56
1523, 1, 195, 85, 56, 56
1524, 1, 107, 134, 56, 56
1524, 1, 199, 90, 56, 56
1525, 1, 103, 139, 56, 56
1525, 1, 124, 75, 56, 56
1526, 1, 104, 143, 56, 56
1526, 1, 122, 75, 56, 56
1527, 1, 124, 76, 56, 56
1527, 1, 104, 140, 56, 56
1528, 1, 101, 148, 56, 56
1529, 1, 106, 148, 56, 56
1529, 1, 123, 77, 56, 56
1530, 1, 108, 151, 56, 56
1530, 1, 222, 100, 56, 56
1530, 1, 123, 77, 56, 56
1531, 1, 99, 152, 56, 56
1532, 1, 126, 81, 56, 56
1533, 1, 225, 107, 56, 56
1534, 1, 128, 87, 56, 56
1535, 1, 235, 114, 56, 56
1536, 1, 120, 89, 56, 56
1537, 1, 244, 116, 56, 56
1537, 1, 123, 78, 56, 56
1538, 1, 215, 148, 56, 56
1539, 1, 86, 163, 56, 56
1539, 1, 247, 118, 56, 56
1540, 1, 80, 164, 56, 56
1540, 1, 223, 152, 56, 56
1541, 1, 121, 91, 56, 56
1542, 1, 257, 126, 56, 56
1543, 1, 257, 130, 56, 56
1543, 1, 75, 163, 56, 56
1544, 1, 262, 126, 56, 56
1544, 1, 74, 169, 56, 56
1545, 1, 74, 171, 56, 56
1545, 1, 263, 129, 56, 56
1546, 1, 69, 174, 56, 56
1547, 1, 62, 172, 56, 56
1548, 1, 65, 173, 56, 56
1549, 1, 102, 108, 56, 56
1550, 1, 239, 163, 56, 56
1551, 1, 100, 114, 56, 56
1552, 1, 58, 182, 56, 56
1553, 1, 60, 189, 56, 56
1553, 1, 101, 111, 56, 56
1554, 1, 97, 119, 56, 56
1555, 1, 90, 123, 56, 56
1556, 1, 52, 192, 56, 56
1556, 1, 173, 51, 56, 56
1556, 1, 108, 141, 56, 56
1557, 1, 174, 51, 56, 56
1558, 1, 169, 54, 56, 56
1559, 1, 173, 56, 56, 56
1560, 1, 165, 63, 56, 56
1560, 1, 87, 134, 56, 56
1561, 1, 170, 64, 56, 56
1561, 1, 88, 137, 56, 56
1562, 1, 168, 62, 56, 56
1562, 1, 96, 157, 56, 56
1562, 1, 120, 54, 56, 56
1563, 1, 164, 64, 56, 56
1563, 1, 80, 143, 56, 56
1564, 1, 166, 69, 56, 56
1564, 1, 126, 101, 56, 56
1564, 1, 77, 146, 56, 56
1565, 1, 160, 69, 56, 56
1566, 1, 119, 55, 56, 56
1567, 1, 161, 72, 56, 56
1568, 1, 164, 72, 56, 56
1569, 1, 158, 66, 56, 56
1570, 1, 155, 76, 56, 56
1570, 1, 58, 159, 56, 56
1571, 1, 80, 167, 56, 56
1572, 1, 82, 166, 56, 56
1573, 1, 78, 169, 56, 56
1574, 1, 158, 76, 56, 56
1574, 1, 73, 174, 56, 56
1575, 1, 69, 167, 56, 56
1576, 1, 64, 174, 56, 56
1576, 1, 161, 76, 56, 56
1577, 1, 60, 175, 56, 56
1578, 1, 54, 177, 56, 56
1579, 1, 59, 175, 56, 56
1580, 1, 127, 71, 56, 56
1581, 1, 168, 89, 56, 56
1581, 1, 119, 62, 56, 56
1582, 1, 172, 93, 56, 56
1583, 1, 181, 98, 56, 56
1584, 1, 175, 101, 56, 56
1585, 1, 179, 103, 56, 56
1586, 1, 182, 127, 56, 56
1587, 1, 182, 107, 56, 56
1588, 1, 31, 161, 56, 56
1589, 1, 191, 109, 56, 56
1590, 1, 191, 106, 56, 56
1591, 1, 186, 113, 56, 56
1592, 1, 192, 116, 56, 56
1593, 1, 191, 115, 56, 56
1594, 1, 134, 36, 56, 56
1595, 1, 195, 121, 56, 56
1596, 1, 189, 165, 56, 56
1597, 1, 195, 173, 56, 56
1598, 1, 204, 131, 56, 56
1599, 1, 204, 131, 56, 56
1600, 1, 209, 133, 56, 56
1601, 1, 209, 134, 56, 56
1602, 1, 140, 76, 56, 56
1603, 1, 210, 140, 56, 56
1604, 1, 209, 142, 56, 56
1604, 1, 153, 102, 56, 56
1605, 1, 212, 148, 56, 56
1606, 1, 214, 154, 56, 56
1607, 1, 221, 153, 56, 56
1608, 1, 222, 157, 56, 56
1609, 1, 222, 161, 56, 56
1609, 1, 142, 70, 56, 56
1610, 1, 230, 164, 56, 56
1611, 1, 222, 165, 56, 56
1612, 1, 21, 179, 56, 56
1613, 1, 229, 172, 56, 56
1614, 1, 186, 185, 56, 56
1615, 1, 142, 73, 56, 56
1616, 1, 144, 83, 56, 56
1617, 1, 148, 74, 56, 56
1618, 1, 192, 196, 56, 56
1619, 1, 144, 87, 56, 56
1620, 1, 152, 84, 56, 56
1620, 1, 194, 192, 56, 56
1620, 1, 242, 184, 56, 56
1621, 1, 196, 197, 56, 56
1622, 1, 201, 197, 56, 56
1622, 1, 156, 86, 56, 56
1623, 1, 158, 87, 56, 56
1624, 1, 160, 90, 56, 56
1625, 1, 162, 99, 56, 56
1626, 1, 162, 94, 56, 56
1627, 1, 166, 99, 56, 56
1628, 1, 162, 123, 56, 56
1629, 1, 170, 100, 56, 56
1630, 1, 168, 105, 56, 56
1631, 1, 175, 107, 56, 56
1632, 1, 177, 109, 56, 56
1634, 1, 176, 109, 56, 56
1636, 1, 181, 111, 56, 56
1637, 1, 186, 113, 56, 56
1638, 1, 188, 113, 56, 56
1639, 1, 122, 55, 56, 56
1639, 1, 185, 116, 56, 56
1640, 1, 187, 115, 56, 56
1641, 1, 122, 55, 56, 56
1642, 1, 121, 58, 56, 56
1643, 1, 121, 59, 56, 56
1644, 1, 121, 59, 56, 56
1645, 1, 119, 64, 56, 56
1646, 1, 203, 121, 56, 56
1647, 1, 208, 117, 56, 56
1648, 1, 209, 120, 56, 56
1649, 1, 212, 120, 56, 56
1650, 1, 122, 75, 56, 56
1651, 1, 122, 78, 56, 56
1652, 1, 128, 40, 56, 56
1653, 1, 203, 163, 56, 56
1654, 1, 154, 42, 56, 56
1655, 1, 155, 44, 56, 56
1656, 1, 155, 44, 56, 56
1657, 1, 140, 42, 56, 56
1658, 1, 140, 41, 56, 56
1659, 1, 141, 43, 56, 56
1659, 1, 213, 140, 56, 56
1660, 1, 158, 52, 56, 56
1661, 1, 160, 58, 56, 56
1662, 1, 146, 41, 56, 56
1663, 1, 144, 41, 56, 56
1663, 1, 246, 125, 56, 56
1664, 1, 145, 47, 56, 56
1664, 1, 129, 103, 56, 56
1665, 1, 148, 46, 56, 56
1666, 1, 145, 47, 56, 56
1667, 1, 147, 45, 56, 56
1668, 1, 147, 51, 56, 56
1669, 1, 151, 53, 56, 56
1670, 1, 151, 55, 56, 56
1671, 1, 149, 55, 56, 56
1672, 1, 151, 55, 56, 56
1673, 1, 146, 53, 56, 56
1674, 1, 148, 55, 56, 56
1675, 1, 149, 58, 56, 56
1676, 1, 149, 60, 56, 56
1677, 1, 149, 62, 56, 56
1678, 1, 148, 67, 56, 56
1679, 1, 150, 67, 56, 56
1680, 1, 150, 64, 56, 56
1681, 1, 150, 68, 56, 56
1682, 1, 149, 72, 56, 56
1683, 1, 148, 72, 56, 56
1684, 1, 152, 82, 56, 56
1685, 1, 146, 79, 56, 56
1686, 1, 148, 80, 56, 56
1687, 1, 148, 78, 56, 56
1688, 1, 117, 61, 56, 56
1689, 1, 138, 83, 56, 56
1690, 1, 142, 84, 56, 56
1691, 1, 142, 90, 56, 56
1692, 1, 143, 88, 56, 56
1693, 1, 142, 90, 56, 56
1694, 1, 142, 93, 56, 56
1695, 1, 134, 96, 56, 56
1696, 1, 141, 96, 56, 56
1697, 1, 145, 101, 56, 56
1698, 1, 144, 99, 56, 56
1699, 1, 137, 103, 56, 56
1700, 1, 142, 106, 56, 56
1701, 1, 142, 109, 56, 56
1702, 1, 144, 109, 56, 56
1703, 1, 138, 109, 56, 56
1704, 1, 144, 109, 56, 56
1704, 1, 152, 187, 56, 56
1705, 1, 147, 110, 56, 56
1706, 1, 159, 81, 56, 56
1707, 1, 160, 82, 56, 56
1708, 1, 147, 118, 56, 56
1709, 1, 156, 116, 56, 56
1710, 1, 156, 120, 56, 56
1711, 1, 157, 119, 56, 56
1712, 1, 157, 118, 56, 56
1713, 1, 163, 121, 56, 56
1714, 1, 165, 120, 56, 56
1715, 1, 167, 122, 56, 56
1716, 1, 172, 121, 56, 56
1717, 1, 169, 124, 56, 56
1718, 1, 168, 124, 56, 56
1719, 1, 170, 119, 56, 56
1720, 1, 175, 126, 56, 56
1721, 1, 173, 127, 56, 56
1722, 1, 177, 123, 56, 56
1723, 1, 177, 128, 56, 56
1724, 1, 177, 132, 56, 56
1725, 1, 178, 132, 56, 56
1726, 1, 182, 133, 56, 56
1727, 1, 180, 133, 56, 56
1728, 1, 184, 130, 56, 56
1730, 1, 183, 138, 56, 56
1731, 1, 116, 83, 56, 56
1731, 1, 185, 139, 56, 56
1732, 1, 188, 141, 56, 56
1733, 1, 187, 147, 56, 56
1734, 1, 184, 144, 56, 56
1735, 1, 193, 148, 56, 56
1736, 1, 185, 148, 56, 56
1737, 1, 192, 154, 56, 56
1738, 1, 127, 108, 56, 56
1739, 1, 123, 107, 56, 56
1740, 1, 192, 159, 56, 56
1741, 1, 111, 97, 56, 56
1742, 1, 195, 164, 56, 56
1743, 1, 108, 103, 56, 56
1744, 1, 196, 173, 56, 56
1745, 1, 197, 168, 56, 56
1746, 1, 202, 176, 56, 56
1747, 1, 204, 176, 56, 56
1748, 1, 204, 176, 56, 56
1749, 1, 83, 104, 56, 56
1749, 1, 202, 175, 56, 56
1750, 1, 203, 176, 56, 56
1751, 1, 204, 177, 56, 56
1752, 1, 213, 186, 56, 56
1753, 1, 214, 187, 56, 56
1754, 1, 210, 183, 56, 56
1755, 1, 124, 108, 56, 56
1756, 1, 221, 186, 56, 56
1757, 1, 124, 109, 56, 56
1758, 1, 123, 97, 56, 56
1759, 1, 119, 180, 56, 56
1760, 1, 93, 162, 56, 56
1761, 1, 92, 169, 56, 56
1765, 1, 239, 181, 56, 56
1769, 1, 250, 177, 56, 56
1770, 1, 251, 179, 56, 56
1772, 1, 248, 176, 56, 56
1778, 1, 262, 180, 56, 56
1779, 1, 63, 160, 56, 56
1780, 1, 68, 166, 56, 56
1781, 1, 63, 156, 56, 56
1783, 1, 64, 159, 56, 56
1786, 1, 47, 191, 56, 56
1809, 1, 152, 166, 56, 56
1813, 1, 187, 126, 56, 56
1814, 1, 202, 176, 56, 56
1815, 1, 181, 127, 56, 56
1816, 1, 176, 127, 56, 56
1817, 1, 126, 79, 56, 56
1818, 1, 170, 162, 56, 56
1819, 1, 176, 164, 56, 56
1820, 1, 178, 167, 56, 56
1821, 1, 180, 168, 56, 56
1822, 1, 182, 170, 56, 56
1823, 1, 181, 178, 56, 56
1824, 1, 184, 180, 56, 56
1825, 1, 132, 59, 56, 56
1826, 1, 190, 179, 56, 56
1827, 1, 134, 53, 56, 56
1828, 1, 134, 50, 56, 56
1829, 1, 134, 50, 56, 56
1830, 1, 136, 52, 56, 56
1831, 1, 136, 50, 56, 56
1833, 1, 139, 53, 56, 56
1836, 1, 202, 183, 56, 56
1837, 1, 218, 153, 56, 56
1838, 1, 220, 152, 56, 56
1840, 1, 215, 183, 56, 56
1849, 1, 217, 161, 56, 56
1850, 1, 221, 165, 56, 56
1853, 1, 225, 166, 56, 56
1854, 1, 227, 164, 56, 56
1856, 1, 237, 166, 56, 56
1857, 1, 226, 157, 56, 56
1858, 1, 235, 158, 56, 56
1862, 1, 221, 163, 56, 56
1864, 1, 254, 150, 56, 56
1865, 1, 255, 149, 56, 56
1866, 1, 225, 161, 56, 56
1868, 1, 239, 160, 56, 56
1872, 1, 245, 160, 56, 56
1911, 1, 34, 160, 56, 56
1912, 1, 34, 161, 56, 56
1923, 1, 142, 46, 56, 56
1924, 1, 141, 49, 56, 56
1925, 1, 141, 48, 56, 56
1928, 1, 137, 48, 56, 56
1929, 1, 135, 48, 56, 56
1930, 1, 135, 51, 56, 56
1931, 1, 133, 49, 56, 56
1932, 1, 133, 57, 56, 56
1933, 1, 132, 52, 56, 56
1934, 1, 131, 57, 56, 56
1935, 1, 131, 53, 56, 56
1936, 1, 131, 53, 56, 56
1937, 1, 128, 50, 56, 56
1938, 1, 129, 54, 56, 56
1939, 1, 128, 56, 56, 56
1940, 1, 126, 61, 56, 56
1941, 1, 126, 54, 56, 56
1948, 1, 248, 167, 56, 56
1997, 1, 42, 155, 56, 56
2001, 1, 79, 164, 56, 56
2003, 1, 58, 189, 56, 56
2004, 1, 88, 165, 56, 56
2006, 1, 45, 112, 56, 56
2008, 1, 123, 81, 56, 56
2009, 1, 87, 121, 56, 56
2012, 1, 74, 113, 56, 56
2013, 1, 81, 141, 56, 56
2014, 1, 81, 140, 56, 56
2015, 1, 76, 110, 56, 56
2016, 1, 86, 109, 56, 56
2017, 1, 83, 108, 56, 56
2018, 1, 87, 104, 56, 56
2020, 1, 126, 106, 56, 56
2021, 1, 96, 96, 56, 56
2022, 1, 123, 101, 56, 56
2023, 1, 100, 91, 56, 56
2025, 1, 109, 170, 56, 56
2027, 1, 78, 153, 56, 56
2029, 1, 111, 116, 56, 56
2030, 1, 102, 179, 56, 56
2031, 1, 126, 198, 56, 56
2032, 1, 158, 188, 56, 56
2032, 1, 124, 97, 56, 56
2033, 1, 153, 179, 56, 56
2034, 1, 153, 175, 56, 56
2034, 1, 129, 118, 56, 56
