316, 1, 111, 196, 56, 56
317, 1, 112, 198, 56, 56
318, 1, 10, 181, 56, 56
321, 1, 24, 168, 56, 56
322, 1, 21, 171, 56, 56
323, 1, 21, 169, 56, 56
324, 1, 124, 173, 56, 56
325, 1, 127, 171, 56, 56
326, 1, 129, 168, 56, 56
327, 1, 133, 168, 56, 56
328, 1, 133, 165, 56, 56
329, 1, 139, 164, 56, 56
330, 1, 141, 163, 56, 56
331, 1, 143, 156, 56, 56
332, 1, 141, 159, 56, 56
333, 1, 147, 154, 56, 56
334, 1, 147, 154, 56, 56
335, 1, 150, 157, 56, 56
336, 1, 153, 145, 56, 56
337, 1, 153, 148, 56, 56
338, 1, 153, 154, 56, 56
339, 1, 152, 146, 56, 56
340, 1, 156, 149, 56, 56
341, 1, 154, 148, 56, 56
342, 1, 154, 149, 56, 56
343, 1, 154, 148, 56, 56
344, 1, 160, 137, 56, 56
348, 1, 162, 132, 56, 56
348, 1, 255, 143, 56, 56
349, 1, 154, 136, 56, 56
350, 1, 128, 178, 56, 56
351, 1, 248, 168, 56, 56
354, 1, 227, 109, 56, 56
356, 1, 234, 110, 56, 56
357, 1, 147, 121, 56, 56
358, 1, 148, 131, 56, 56
359, 1, 270, 108, 56, 56
360, 1, 141, 125, 56, 56
360, 1, 248, 124, 56, 56
361, 1, 161, 139, 56, 56
362, 1, 145, 118, 56, 56
363, 1, 144, 118, 56, 56
365, 1, 144, 118, 56, 56
367, 1, 143, 109, 56, 56
368, 1, 142, 115, 56, 56
373, 1, 139, 104, 56, 56
374, 1, 155, 164, 56, 56
375, 1, 144, 97, 56, 56
375, 1, 159, 166, 56, 56
376, 1, 141, 99, 56, 56
376, 1, 157, 163, 56, 56
377, 1, 142, 96, 56, 56
378, 1, 145, 91, 56, 56
378, 1, 148, 164, 56, 56
379, 1, 150, 91, 56, 56
380, 1, 149, 86, 56, 56
381, 1, 148, 86, 56, 56
382, 1, 208, 156, 56, 56
383, 1, 141, 146, 56, 56
385, 1, 153, 76, 56, 56
385, 1, 208, 156, 56, 56
387, 1, 158, 69, 56, 56
388, 1, 76, 158, 56, 56
389, 1, 82, 160, 56, 56
390, 1, 49, 144, 56, 56
391, 1, 157, 63, 56, 56
392, 1, 153, 53, 56, 56
392, 1, 90, 154, 56, 56
392, 1, 207, 146, 56, 56
393, 1, 152, 56, 56, 56
393, 1, 86, 152, 56, 56
394, 1, 157, 53, 56, 56
395, 1, 155, 53, 56, 56
395, 1, 91, 147, 56, 56
396, 1, 148, 45, 56, 56
397, 1, 150, 51, 56, 56
398, 1, 145, 47, 56, 56
399, 1, 153, 39, 56, 56
400, 1, 107, 142, 56, 56
401, 1, 144, 42, 56, 56
402, 1, 143, 38, 56, 56
403, 1, 75, 179, 56, 56
404, 1, 112, 187, 56, 56
405, 1, 116, 184, 56, 56
406, 1, 119, 91, 56, 56
406, 1, 10, 120, 56, 56
407, 1, 113, 123, 56, 56
408, 1, 19, 147, 56, 56
409, 1, 8, 118, 56, 56
409, 1, 124, 76, 56, 56
410, 1, 17, 183, 56, 56
411, 1, 161, 114, 56, 56
412, 1, 27, 150, 56, 56
414, 1, 124, 70, 56, 56
415, 1, 125, 107, 56, 56
416, 1, 119, 201, 56, 56
416, 1, 193, 120, 56, 56
416, 1, 123, 109, 56, 56
417, 1, 166, 104, 56, 56
418, 1, 192, 120, 56, 56
418, 1, 127, 96, 56, 56
419, 1, 131, 96, 56, 56
420, 1, 135, 96, 56, 56
421, 1, 37, 126, 56, 56
422, 1, 34, 123, 56, 56
422, 1, 131, 90, 56, 56
423, 1, 43, 127, 56, 56
424, 1, 42, 123, 56, 56
424, 1, 123, 106, 56, 56
425, 1, 42, 126, 56, 56
425, 1, 131, 75, 56, 56
426, 1, 46, 125, 56, 56
427, 1, 45, 123, 56, 56
427, 1, 141, 44, 56, 56
428, 1, 45, 126, 56, 56
429, 1, 46, 121, 56, 56
430, 1, 126, 191, 56, 56
430, 1, 132, 131, 56, 56
431, 1, 52, 120, 56, 56
432, 1, 53, 119, 56, 56
433, 1, 49, 121, 56, 56
434, 1, 54, 115, 56, 56
435, 1, 59, 115, 56, 56
436, 1, 60, 113, 56, 56
437, 1, 61, 115, 56, 56
438, 1, 59, 110, 56, 56
439, 1, 59, 108, 56, 56
440, 1, 66, 105, 56, 56
441, 1, 126, 188, 56, 56
441, 1, 68, 108, 56, 56
442, 1, 127, 183, 56, 56
443, 1, 123, 185, 56, 56
443, 1, 69, 104, 56, 56
443, 1, 134, 50, 56, 56
444, 1, 172, 117, 56, 56
444, 1, 113, 147, 56, 56
445, 1, 123, 184, 56, 56
445, 1, 67, 102, 56, 56
445, 1, 171, 116, 56, 56
446, 1, 170, 114, 56, 56
446, 1, 128, 185, 56, 56
446, 1, 69, 102, 56, 56
447, 1, 170, 111, 56, 56
447, 1, 119, 152, 56, 56
447, 1, 67, 100, 56, 56
448, 1, 170, 109, 56, 56
448, 1, 120, 145, 56, 56
448, 1, 70, 102, 56, 56
449, 1, 169, 107, 56, 56
449, 1, 125, 184, 56, 56
450, 1, 170, 104, 56, 56
450, 1, 73, 100, 56, 56
451, 1, 170, 102, 56, 56
452, 1, 121, 175, 56, 56
452, 1, 170, 100, 56, 56
452, 1, 81, 95, 56, 56
453, 1, 170, 98, 56, 56
453, 1, 119, 173, 56, 56
453, 1, 82, 95, 56, 56
454, 1, 117, 171, 56, 56
454, 1, 170, 97, 56, 56
454, 1, 85, 99, 56, 56
454, 1, 33, 187, 56, 56
455, 1, 121, 172, 56, 56
455, 1, 82, 95, 56, 56
456, 1, 113, 172, 56, 56
456, 1, 89, 93, 56, 56
457, 1, 116, 167, 56, 56
457, 1, 90, 94, 56, 56
458, 1, 116, 167, 56, 56
458, 1, 90, 95, 56, 56
459, 1, 92, 94, 56, 56
460, 1, 113, 164, 56, 56
460, 1, 96, 102, 56, 56
461, 1, 112, 165, 56, 56
461, 1, 98, 95, 56, 56
462, 1, 114, 169, 56, 56
463, 1, 163, 88, 56, 56
463, 1, 118, 165, 56, 56
464, 1, 162, 88, 56, 56
464, 1, 114, 162, 56, 56
465, 1, 161, 87, 56, 56
465, 1, 94, 207, 56, 56
465, 1, 110, 159, 56, 56
466, 1, 159, 86, 56, 56
466, 1, 116, 165, 56, 56
467, 1, 158, 85, 56, 56
467, 1, 114, 156, 56, 56
467, 1, 28, 147, 56, 56
468, 1, 156, 84, 56, 56
468, 1, 113, 162, 56, 56
469, 1, 112, 160, 56, 56
469, 1, 153, 80, 56, 56
470, 1, 114, 156, 56, 56
471, 1, 153, 83, 56, 56
471, 1, 123, 153, 56, 56
472, 1, 120, 153, 56, 56
472, 1, 149, 83, 56, 56
473, 1, 118, 151, 56, 56
473, 1, 150, 78, 56, 56
473, 1, 261, 174, 56, 56
474, 1, 119, 152, 56, 56
474, 1, 256, 171, 56, 56
475, 1, 119, 152, 56, 56
475, 1, 260, 169, 56, 56
476, 1, 121, 151, 56, 56
476, 1, 262, 171, 56, 56
477, 1, 119, 147, 56, 56
477, 1, 259, 173, 56, 56
480, 1, 150, 64, 56, 56
481, 1, 148, 58, 56, 56
482, 1, 150, 56, 56, 56
482, 1, 128, 141, 56, 56
483, 1, 152, 54, 56, 56
484, 1, 152, 56, 56, 56
485, 1, 154, 49, 56, 56
485, 1, 195, 100, 56, 56
486, 1, 159, 50, 56, 56
487, 1, 156, 42, 56, 56
488, 1, 189, 99, 56, 56
488, 1, 156, 40, 56, 56
489, 1, 220, 117, 56, 56
490, 1, 187, 101, 56, 56
491, 1, 126, 138, 56, 56
491, 1, 187, 96, 56, 56
492, 1, 182, 97, 56, 56
493, 1, 184, 94, 56, 56
494, 1, 182, 91, 56, 56
495, 1, 181, 92, 56, 56
496, 1, 180, 88, 56, 56
496, 1, 123, 141, 56, 56
497, 1, 135, 141, 56, 56
497, 1, 179, 87, 56, 56
498, 1, 131, 141, 56, 56
498, 1, 177, 89, 56, 56
498, 1, 109, 84, 56, 56
498, 1, 91, 173, 56, 56
499, 1, 131, 137, 56, 56
499, 1, 176, 82, 56, 56
499, 1, 82, 148, 56, 56
500, 1, 175, 79, 56, 56
501, 1, 129, 137, 56, 56
502, 1, 174, 80, 56, 56
503, 1, 173, 79, 56, 56
504, 1, 171, 82, 56, 56
505, 1, 170, 76, 56, 56
505, 1, 51, 146, 56, 56
506, 1, 169, 73, 56, 56
507, 1, 131, 131, 56, 56
507, 1, 176, 73, 56, 56
508, 1, 130, 127, 56, 56
508, 1, 168, 71, 56, 56
509, 1, 172, 70, 56, 56
510, 1, 131, 124, 56, 56
512, 1, 126, 130, 56, 56
513, 1, 88, 147, 56, 56
514, 1, 128, 126, 56, 56
515, 1, 165, 61, 56, 56
515, 1, 130, 131, 56, 56
516, 1, 163, 64, 56, 56
516, 1, 123, 123, 56, 56
517, 1, 161, 60, 56, 56
517, 1, 124, 131, 56, 56
518, 1, 125, 127, 56, 56
519, 1, 159, 87, 56, 56
520, 1, 158, 86, 56, 56
521, 1, 160, 55, 56, 56
522, 1, 57, 138, 56, 56
524, 1, 153, 44, 56, 56
530, 1, 54, 130, 56, 56
533, 1, 156, 43, 56, 56
534, 1, 155, 38, 56, 56
536, 1, 116, 129, 56, 56
537, 1, 73, 180, 56, 56
539, 1, 114, 129, 56, 56
540, 1, 114, 129, 56, 56
541, 1, 117, 126, 56, 56
542, 1, 114, 128, 56, 56
543, 1, 115, 127, 56, 56
543, 1, 138, 66, 56, 56
544, 1, 136, 64, 56, 56
544, 1, 109, 127, 56, 56
545, 1, 112, 125, 56, 56
546, 1, 112, 129, 56, 56
547, 1, 111, 125, 56, 56
548, 1, 109, 130, 56, 56
549, 1, 109, 126, 56, 56
550, 1, 135, 47, 56, 56
550, 1, 108, 130, 56, 56
551, 1, 107, 127, 56, 56
551, 1, 139, 71, 56, 56
552, 1, 141, 72, 56, 56
553, 1, 108, 124, 56, 56
554, 1, 136, 62, 56, 56
555, 1, 167, 52, 56, 56
556, 1, 111, 118, 56, 56
556, 1, 143, 59, 56, 56
557, 1, 143, 63, 56, 56
557, 1, 114, 114, 56, 56
558, 1, 145, 62, 56, 56
558, 1, 153, 149, 56, 56
559, 1, 142, 58, 56, 56
559, 1, 111, 117, 56, 56
560, 1, 144, 56, 56, 56
560, 1, 159, 156, 56, 56
561, 1, 157, 153, 56, 56
561, 1, 111, 112, 56, 56
561, 1, 146, 53, 56, 56
562, 1, 113, 111, 56, 56
563, 1, 119, 104, 56, 56
564, 1, 122, 103, 56, 56
565, 1, 157, 44, 56, 56
565, 1, 156, 158, 56, 56
565, 1, 116, 182, 56, 56
565, 1, 122, 101, 56, 56
566, 1, 160, 156, 56, 56
566, 1, 158, 42, 56, 56
566, 1, 120, 100, 56, 56
567, 1, 117, 89, 56, 56
567, 1, 73, 107, 56, 56
568, 1, 120, 88, 56, 56
568, 1, 107, 153, 56, 56
569, 1, 125, 88, 56, 56
569, 1, 156, 150, 56, 56
569, 1, 165, 40, 56, 56
569, 1, 70, 106, 56, 56
570, 1, 138, 191, 56, 56
570, 1, 121, 85, 56, 56
570, 1, 75, 104, 56, 56
571, 1, 126, 80, 56, 56
571, 1, 75, 102, 56, 56
572, 1, 75, 105, 56, 56
572, 1, 125, 87, 56, 56
573, 1, 77, 105, 56, 56
573, 1, 128, 88, 56, 56
573, 1, 82, 166, 56, 56
574, 1, 128, 83, 56, 56
574, 1, 77, 102, 56, 56
574, 1, 122, 176, 56, 56
575, 1, 84, 100, 56, 56
575, 1, 129, 86, 56, 56
575, 1, 156, 154, 56, 56
576, 1, 80, 104, 56, 56
576, 1, 160, 151, 56, 56
576, 1, 127, 77, 56, 56
577, 1, 84, 97, 56, 56
577, 1, 126, 77, 56, 56
577, 1, 157, 148, 56, 56
578, 1, 86, 99, 56, 56
578, 1, 128, 74, 56, 56
579, 1, 85, 97, 56, 56
579, 1, 92, 164, 56, 56
580, 1, 86, 96, 56, 56
581, 1, 91, 161, 56, 56
582, 1, 88, 91, 56, 56
582, 1, 129, 73, 56, 56
582, 1, 85, 169, 56, 56
583, 1, 128, 72, 56, 56
584, 1, 135, 64, 56, 56
585, 1, 131, 66, 56, 56
585, 1, 163, 138, 56, 56
586, 1, 130, 59, 56, 56
586, 1, 95, 153, 56, 56
586, 1, 87, 97, 56, 56
587, 1, 161, 131, 56, 56
588, 1, 125, 51, 56, 56
589, 1, 128, 50, 56, 56
589, 1, 126, 120, 56, 56
590, 1, 223, 164, 56, 56
590, 1, 160, 119, 56, 56
591, 1, 221, 162, 56, 56
591, 1, 127, 109, 56, 56
592, 1, 128, 47, 56, 56
592, 1, 219, 160, 56, 56
592, 1, 171, 160, 56, 56
593, 1, 170, 163, 56, 56
593, 1, 218, 163, 56, 56
593, 1, 129, 42, 56, 56
593, 1, 158, 117, 56, 56
594, 1, 220, 157, 56, 56
594, 1, 129, 40, 56, 56
594, 1, 97, 146, 56, 56
595, 1, 219, 155, 56, 56
595, 1, 130, 38, 56, 56
595, 1, 154, 86, 56, 56
595, 1, 171, 155, 56, 56
596, 1, 220, 155, 56, 56
596, 1, 155, 82, 56, 56
597, 1, 93, 141, 56, 56
597, 1, 217, 153, 56, 56
597, 1, 130, 35, 56, 56
597, 1, 169, 153, 56, 56
597, 1, 154, 83, 56, 56
598, 1, 216, 150, 56, 56
598, 1, 157, 114, 56, 56
599, 1, 217, 149, 56, 56
599, 1, 144, 184, 56, 56
599, 1, 104, 82, 56, 56
599, 1, 154, 103, 56, 56
600, 1, 218, 147, 56, 56
600, 1, 154, 101, 56, 56
601, 1, 217, 145, 56, 56
601, 1, 96, 136, 56, 56
601, 1, 110, 84, 56, 56
602, 1, 217, 143, 56, 56
602, 1, 112, 85, 56, 56
603, 1, 130, 45, 56, 56
603, 1, 154, 101, 56, 56
603, 1, 219, 144, 56, 56
604, 1, 215, 139, 56, 56
605, 1, 212, 139, 56, 56
606, 1, 101, 133, 56, 56
606, 1, 113, 87, 56, 56
606, 1, 212, 141, 56, 56
606, 1, 167, 66, 56, 56
607, 1, 119, 80, 56, 56
607, 1, 99, 135, 56, 56
608, 1, 215, 137, 56, 56
608, 1, 114, 87, 56, 56
608, 1, 170, 55, 56, 56
609, 1, 116, 81, 56, 56
609, 1, 101, 132, 56, 56
609, 1, 207, 139, 56, 56
610, 1, 115, 82, 56, 56
611, 1, 143, 40, 56, 56
612, 1, 116, 96, 56, 56
613, 1, 115, 90, 56, 56
614, 1, 114, 126, 56, 56
615, 1, 116, 126, 56, 56
616, 1, 113, 127, 56, 56
617, 1, 145, 38, 56, 56
617, 1, 113, 125, 56, 56
618, 1, 140, 166, 56, 56
619, 1, 117, 119, 56, 56
620, 1, 119, 124, 56, 56
621, 1, 145, 173, 56, 56
622, 1, 145, 171, 56, 56
623, 1, 155, 60, 56, 56
624, 1, 145, 164, 56, 56
625, 1, 199, 132, 56, 56
626, 1, 149, 164, 56, 56
627, 1, 128, 104, 56, 56
627, 1, 152, 170, 56, 56
628, 1, 198, 131, 56, 56
628, 1, 150, 163, 56, 56
629, 1, 151, 164, 56, 56
630, 1, 194, 126, 56, 56
630, 1, 124, 74, 56, 56
631, 1, 133, 117, 56, 56
632, 1, 194, 130, 56, 56
632, 1, 132, 113, 56, 56
633, 1, 192, 126, 56, 56
633, 1, 132, 119, 56, 56
634, 1, 131, 118, 56, 56
635, 1, 191, 122, 56, 56
636, 1, 16, 166, 56, 56
637, 1, 160, 157, 56, 56
637, 1, 17, 166, 56, 56
638, 1, 160, 159, 56, 56
638, 1, 26, 170, 56, 56
639, 1, 184, 133, 56, 56
640, 1, 160, 156, 56, 56
640, 1, 27, 167, 56, 56
640, 1, 135, 112, 56, 56
641, 1, 138, 107, 56, 56
643, 1, 138, 109, 56, 56
644, 1, 134, 99, 56, 56
645, 1, 133, 100, 56, 56
646, 1, 130, 107, 56, 56
647, 1, 165, 63, 56, 56
649, 1, 129, 98, 56, 56
649, 1, 155, 140, 56, 56
650, 1, 266, 207, 56, 56
651, 1, 130, 94, 56, 56
652, 1, 234, 182, 56, 56
653, 1, 172, 51, 56, 56
653, 1, 132, 91, 56, 56
653, 1, 118, 194, 56, 56
654, 1, 126, 89, 56, 56
655, 1, 117, 184, 56, 56
656, 1, 118, 189, 56, 56
657, 1, 148, 139, 56, 56
658, 1, 149, 136, 56, 56
659, 1, 162, 87, 56, 56
660, 1, 172, 60, 56, 56
661, 1, 103, 179, 56, 56
662, 1, 140, 136, 56, 56
662, 1, 131, 78, 56, 56
663, 1, 109, 173, 56, 56
663, 1, 132, 78, 56, 56
664, 1, 139, 134, 56, 56
664, 1, 133, 78, 56, 56
665, 1, 212, 156, 56, 56
666, 1, 144, 131, 56, 56
667, 1, 180, 111, 56, 56
668, 1, 174, 109, 56, 56
669, 1, 174, 110, 56, 56
670, 1, 168, 140, 56, 56
670, 1, 175, 208, 56, 56
671, 1, 183, 107, 56, 56
672, 1, 148, 58, 56, 56
673, 1, 97, 168, 56, 56
673, 1, 185, 121, 56, 56
674, 1, 97, 161, 56, 56
675, 1, 184, 101, 56, 56
676, 1, 171, 127, 56, 56
676, 1, 134, 42, 56, 56
677, 1, 184, 97, 56, 56
678, 1, 137, 40, 56, 56
679, 1, 138, 43, 56, 56
680, 1, 224, 165, 56, 56
681, 1, 186, 94, 56, 56
682, 1, 188, 94, 56, 56
683, 1, 150, 64, 56, 56
685, 1, 146, 66, 56, 56
686, 1, 147, 66, 56, 56
687, 1, 150, 57, 56, 56
688, 1, 145, 116, 56, 56
689, 1, 225, 155, 56, 56
690, 1, 186, 149, 56, 56
691, 1, 254, 181, 56, 56
692, 1, 147, 114, 56, 56
693, 1, 99, 153, 56, 56
694, 1, 146, 108, 56, 56
695, 1, 140, 106, 56, 56
695, 1, 180, 83, 56, 56
696, 1, 144, 107, 56, 56
696, 1, 251, 182, 56, 56
696, 1, 184, 83, 56, 56
697, 1, 142, 113, 56, 56
697, 1, 180, 88, 56, 56
697, 1, 249, 182, 56, 56
698, 1, 138, 103, 56, 56
698, 1, 178, 79, 56, 56
699, 1, 142, 106, 56, 56
700, 1, 137, 106, 56, 56
700, 1, 103, 146, 56, 56
701, 1, 216, 148, 56, 56
701, 1, 133, 109, 56, 56
701, 1, 173, 77, 56, 56
702, 1, 106, 140, 56, 56
702, 1, 204, 208, 56, 56
703, 1, 211, 149, 56, 56
704, 1, 160, 72, 56, 56
705, 1, 209, 150, 56, 56
706, 1, 60, 178, 56, 56
706, 1, 161, 70, 56, 56
707, 1, 132, 96, 56, 56
707, 1, 116, 144, 56, 56
707, 1, 61, 175, 56, 56
708, 1, 132, 94, 56, 56
708, 1, 116, 142, 56, 56
709, 1, 128, 90, 56, 56
709, 1, 62, 166, 56, 56
710, 1, 126, 86, 56, 56
711, 1, 127, 84, 56, 56
712, 1, 120, 87, 56, 56
713, 1, 202, 157, 56, 56
714, 1, 209, 146, 56, 56
717, 1, 206, 156, 56, 56
718, 1, 159, 178, 56, 56
719, 1, 160, 171, 56, 56
720, 1, 159, 170, 56, 56
721, 1, 20, 146, 56, 56
722, 1, 240, 187, 56, 56
723, 1, 21, 146, 56, 56
724, 1, 27, 140, 56, 56
724, 1, 194, 198, 56, 56
725, 1, 129, 128, 56, 56
725, 1, 26, 137, 56, 56
726, 1, 128, 126, 56, 56
726, 1, 26, 136, 56, 56
726, 1, 149, 74, 56, 56
727, 1, 134, 123, 56, 56
727, 1, 34, 135, 56, 56
728, 1, 133, 121, 56, 56
728, 1, 33, 133, 56, 56
729, 1, 127, 120, 56, 56
729, 1, 29, 131, 56, 56
730, 1, 123, 122, 56, 56
731, 1, 125, 116, 56, 56
732, 1, 119, 114, 56, 56
733, 1, 122, 112, 56, 56
733, 1, 39, 120, 56, 56
734, 1, 40, 118, 56, 56
734, 1, 115, 109, 56, 56
734, 1, 212, 128, 56, 56
735, 1, 122, 108, 56, 56
735, 1, 35, 121, 56, 56
736, 1, 39, 117, 56, 56
737, 1, 116, 108, 56, 56
737, 1, 209, 129, 56, 56
738, 1, 111, 102, 56, 56
739, 1, 116, 103, 56, 56
740, 1, 111, 102, 56, 56
741, 1, 179, 150, 56, 56
742, 1, 205, 125, 56, 56
743, 1, 228, 152, 56, 56
744, 1, 133, 171, 56, 56
745, 1, 172, 146, 56, 56
746, 1, 176, 142, 56, 56
747, 1, 116, 98, 56, 56
747, 1, 198, 120, 56, 56
749, 1, 157, 38, 56, 56
750, 1, 123, 93, 56, 56
751, 1, 121, 88, 56, 56
751, 1, 169, 136, 56, 56
752, 1, 124, 88, 56, 56
753, 1, 133, 87, 56, 56
754, 1, 139, 79, 56, 56
754, 1, 74, 179, 56, 56
755, 1, 142, 80, 56, 56
756, 1, 141, 81, 56, 56
757, 1, 141, 80, 56, 56
757, 1, 172, 174, 56, 56
757, 1, 190, 120, 56, 56
758, 1, 146, 77, 56, 56
758, 1, 190, 117, 56, 56
759, 1, 152, 78, 56, 56
759, 1, 190, 113, 56, 56
760, 1, 150, 75, 56, 56
760, 1, 187, 114, 56, 56
760, 1, 51, 127, 56, 56
761, 1, 156, 74, 56, 56
761, 1, 49, 127, 56, 56
761, 1, 190, 119, 56, 56
762, 1, 154, 76, 56, 56
762, 1, 51, 125, 56, 56
762, 1, 186, 131, 56, 56
763, 1, 52, 126, 56, 56
763, 1, 186, 131, 56, 56
764, 1, 173, 168, 56, 56
764, 1, 91, 143, 56, 56
765, 1, 97, 142, 56, 56
766, 1, 96, 138, 56, 56
766, 1, 189, 113, 56, 56
767, 1, 103, 132, 56, 56
768, 1, 209, 136, 56, 56
769, 1, 185, 129, 56, 56
770, 1, 107, 130, 56, 56
771, 1, 152, 60, 56, 56
772, 1, 51, 125, 56, 56
773, 1, 56, 123, 56, 56
774, 1, 57, 120, 56, 56
775, 1, 146, 186, 56, 56
776, 1, 147, 185, 56, 56
776, 1, 61, 126, 56, 56
777, 1, 61, 117, 56, 56
778, 1, 67, 116, 56, 56
779, 1, 66, 115, 56, 56
779, 1, 146, 182, 56, 56
780, 1, 69, 113, 56, 56
781, 1, 65, 138, 56, 56
782, 1, 73, 105, 56, 56
783, 1, 72, 104, 56, 56
783, 1, 198, 102, 56, 56
784, 1, 72, 103, 56, 56
785, 1, 102, 167, 56, 56
786, 1, 140, 175, 56, 56
787, 1, 140, 172, 56, 56
787, 1, 78, 96, 56, 56
788, 1, 143, 171, 56, 56
788, 1, 76, 94, 56, 56
789, 1, 77, 93, 56, 56
790, 1, 143, 169, 56, 56
791, 1, 143, 170, 56, 56
792, 1, 148, 173, 56, 56
793, 1, 147, 170, 56, 56
795, 1, 215, 185, 56, 56
796, 1, 152, 167, 56, 56
797, 1, 153, 170, 56, 56
798, 1, 131, 104, 56, 56
799, 1, 119, 156, 56, 56
801, 1, 89, 90, 56, 56
802, 1, 154, 165, 56, 56
802, 1, 93, 88, 56, 56
803, 1, 152, 163, 56, 56
803, 1, 90, 85, 56, 56
804, 1, 98, 90, 56, 56
805, 1, 149, 161, 56, 56
805, 1, 100, 87, 56, 56
806, 1, 145, 167, 56, 56
806, 1, 100, 90, 56, 56
806, 1, 144, 62, 56, 56
807, 1, 102, 90, 56, 56
807, 1, 145, 166, 56, 56
808, 1, 146, 168, 56, 56
809, 1, 109, 97, 56, 56
809, 1, 140, 164, 56, 56
810, 1, 111, 92, 56, 56
810, 1, 142, 165, 56, 56
811, 1, 111, 91, 56, 56
812, 1, 117, 90, 56, 56
813, 1, 119, 90, 56, 56
813, 1, 129, 159, 56, 56
814, 1, 134, 158, 56, 56
815, 1, 131, 166, 56, 56
816, 1, 134, 162, 56, 56
817, 1, 128, 157, 56, 56
819, 1, 126, 158, 56, 56
820, 1, 121, 85, 56, 56
820, 1, 121, 151, 56, 56
822, 1, 116, 154, 56, 56
823, 1, 115, 153, 56, 56
823, 1, 204, 178, 56, 56
824, 1, 116, 150, 56, 56
824, 1, 203, 178, 56, 56
825, 1, 118, 147, 56, 56
826, 1, 203, 179, 56, 56
827, 1, 206, 176, 56, 56
827, 1, 119, 145, 56, 56
828, 1, 206, 178, 56, 56
829, 1, 204, 171, 56, 56
830, 1, 126, 70, 56, 56
831, 1, 126, 65, 56, 56
831, 1, 115, 138, 56, 56
832, 1, 105, 96, 56, 56
834, 1, 142, 88, 56, 56
835, 1, 119, 139, 56, 56
836, 1, 120, 138, 56, 56
837, 1, 121, 132, 56, 56
838, 1, 131, 133, 56, 56
839, 1, 129, 131, 56, 56
839, 1, 147, 50, 56, 56
839, 1, 200, 165, 56, 56
840, 1, 130, 130, 56, 56
840, 1, 107, 184, 56, 56
840, 1, 174, 74, 56, 56
841, 1, 125, 128, 56, 56
841, 1, 176, 72, 56, 56
842, 1, 133, 129, 56, 56
843, 1, 129, 122, 56, 56
843, 1, 155, 39, 56, 56
844, 1, 130, 123, 56, 56
845, 1, 130, 122, 56, 56
846, 1, 132, 123, 56, 56
847, 1, 131, 122, 56, 56
848, 1, 24, 187, 56, 56
849, 1, 18, 183, 56, 56
850, 1, 134, 118, 56, 56
850, 1, 131, 34, 56, 56
851, 1, 180, 167, 56, 56
851, 1, 127, 117, 56, 56
851, 1, 166, 66, 56, 56
852, 1, 127, 114, 56, 56
852, 1, 166, 75, 56, 56
853, 1, 132, 113, 56, 56
853, 1, 168, 75, 56, 56
853, 1, 179, 168, 56, 56
854, 1, 126, 112, 56, 56
855, 1, 18, 174, 56, 56
856, 1, 124, 110, 56, 56
856, 1, 18, 169, 56, 56
857, 1, 21, 172, 56, 56
857, 1, 120, 107, 56, 56
858, 1, 175, 180, 56, 56
859, 1, 125, 111, 56, 56
860, 1, 121, 111, 56, 56
860, 1, 165, 79, 56, 56
861, 1, 121, 102, 56, 56
862, 1, 152, 121, 56, 56
863, 1, 117, 106, 56, 56
864, 1, 164, 61, 56, 56
865, 1, 111, 104, 56, 56
866, 1, 113, 103, 56, 56
866, 1, 167, 60, 56, 56
866, 1, 171, 164, 56, 56
867, 1, 174, 157, 56, 56
868, 1, 173, 158, 56, 56
869, 1, 122, 133, 56, 56
869, 1, 174, 165, 56, 56
870, 1, 114, 101, 56, 56
870, 1, 177, 157, 56, 56
871, 1, 151, 188, 56, 56
871, 1, 111, 100, 56, 56
872, 1, 177, 156, 56, 56
873, 1, 107, 95, 56, 56
874, 1, 178, 56, 56, 56
875, 1, 148, 93, 56, 56
876, 1, 103, 95, 56, 56
876, 1, 172, 148, 56, 56
877, 1, 258, 186, 56, 56
878, 1, 110, 98, 56, 56
878, 1, 262, 179, 56, 56
879, 1, 174, 149, 56, 56
879, 1, 33, 152, 56, 56
880, 1, 33, 149, 56, 56
881, 1, 175, 145, 56, 56
881, 1, 255, 182, 56, 56
881, 1, 207, 181, 56, 56
881, 1, 34, 149, 56, 56
882, 1, 256, 184, 56, 56
882, 1, 36, 148, 56, 56
883, 1, 169, 144, 56, 56
883, 1, 33, 146, 56, 56
884, 1, 252, 179, 56, 56
884, 1, 162, 149, 56, 56
885, 1, 165, 144, 56, 56
885, 1, 251, 178, 56, 56
887, 1, 163, 143, 56, 56
888, 1, 167, 45, 56, 56
889, 1, 161, 141, 56, 56
890, 1, 192, 151, 56, 56
891, 1, 158, 140, 56, 56
891, 1, 111, 96, 56, 56
892, 1, 110, 97, 56, 56
892, 1, 152, 145, 56, 56
893, 1, 154, 141, 56, 56
893, 1, 109, 95, 56, 56
894, 1, 111, 92, 56, 56
894, 1, 246, 178, 56, 56
894, 1, 150, 143, 56, 56
895, 1, 115, 92, 56, 56
895, 1, 239, 173, 56, 56
895, 1, 149, 140, 56, 56
896, 1, 120, 91, 56, 56
896, 1, 242, 173, 56, 56
897, 1, 244, 176, 56, 56
898, 1, 241, 178, 56, 56
899, 1, 118, 91, 56, 56
899, 1, 150, 139, 56, 56
900, 1, 238, 178, 56, 56
901, 1, 237, 184, 56, 56
902, 1, 228, 201, 56, 56
903, 1, 229, 184, 56, 56
904, 1, 236, 188, 56, 56
905, 1, 151, 140, 56, 56
905, 1, 230, 183, 56, 56
905, 1, 135, 84, 56, 56
906, 1, 136, 83, 56, 56
906, 1, 149, 138, 56, 56
907, 1, 137, 80, 56, 56
908, 1, 143, 78, 56, 56
909, 1, 153, 134, 56, 56
909, 1, 230, 186, 56, 56
909, 1, 142, 83, 56, 56
910, 1, 142, 81, 56, 56
911, 1, 144, 77, 56, 56
912, 1, 145, 78, 56, 56
913, 1, 112, 123, 56, 56
913, 1, 144, 75, 56, 56
914, 1, 146, 79, 56, 56
916, 1, 116, 120, 56, 56
922, 1, 216, 181, 56, 56
925, 1, 135, 152, 56, 56
928, 1, 150, 132, 56, 56
929, 1, 144, 128, 56, 56
930, 1, 103, 168, 56, 56
930, 1, 143, 128, 56, 56
931, 1, 145, 126, 56, 56
932, 1, 151, 153, 56, 56
933, 1, 151, 154, 56, 56
934, 1, 152, 74, 56, 56
935, 1, 148, 154, 56, 56
935, 1, 149, 69, 56, 56
936, 1, 147, 70, 56, 56
937, 1, 143, 132, 56, 56
937, 1, 148, 76, 56, 56
938, 1, 148, 75, 56, 56
939, 1, 132, 131, 56, 56
940, 1, 139, 128, 56, 56
941, 1, 147, 66, 56, 56
942, 1, 140, 129, 56, 56
943, 1, 139, 125, 56, 56
944, 1, 144, 64, 56, 56
945, 1, 143, 59, 56, 56
946, 1, 262, 151, 56, 56
947, 1, 144, 60, 56, 56
948, 1, 219, 182, 56, 56
949, 1, 121, 106, 56, 56
950, 1, 259, 156, 56, 56
951, 1, 140, 51, 56, 56
952, 1, 172, 129, 56, 56
953, 1, 217, 173, 56, 56
954, 1, 216, 172, 56, 56
954, 1, 170, 138, 56, 56
955, 1, 170, 135, 56, 56
956, 1, 167, 134, 56, 56
957, 1, 169, 135, 56, 56
958, 1, 166, 131, 56, 56
959, 1, 163, 130, 56, 56
960, 1, 164, 128, 56, 56
961, 1, 166, 130, 56, 56
962, 1, 145, 44, 56, 56
962, 1, 164, 126, 56, 56
963, 1, 148, 45, 56, 56
963, 1, 164, 128, 56, 56
964, 1, 145, 45, 56, 56
964, 1, 163, 126, 56, 56
965, 1, 146, 42, 56, 56
965, 1, 163, 126, 56, 56
966, 1, 150, 43, 56, 56
966, 1, 161, 128, 56, 56
967, 1, 163, 126, 56, 56
967, 1, 150, 43, 56, 56
968, 1, 150, 42, 56, 56
968, 1, 161, 126, 56, 56
969, 1, 160, 125, 56, 56
969, 1, 152, 38, 56, 56
970, 1, 210, 161, 56, 56
970, 1, 162, 124, 56, 56
971, 1, 162, 119, 56, 56
972, 1, 163, 118, 56, 56
973, 1, 167, 63, 56, 56
973, 1, 164, 117, 56, 56
974, 1, 209, 160, 56, 56
975, 1, 170, 63, 56, 56
976, 1, 205, 162, 56, 56
977, 1, 208, 164, 56, 56
977, 1, 174, 64, 56, 56
978, 1, 203, 159, 56, 56
979, 1, 196, 162, 56, 56
980, 1, 199, 159, 56, 56
980, 1, 167, 58, 56, 56
981, 1, 200, 155, 56, 56
983, 1, 193, 159, 56, 56
984, 1, 190, 153, 56, 56
984, 1, 162, 58, 56, 56
985, 1, 194, 151, 56, 56
985, 1, 167, 49, 56, 56
986, 1, 191, 153, 56, 56
986, 1, 156, 115, 56, 56
987, 1, 161, 47, 56, 56
988, 1, 205, 126, 56, 56
989, 1, 162, 40, 56, 56
990, 1, 202, 121, 56, 56
991, 1, 210, 145, 56, 56
992, 1, 163, 77, 56, 56
993, 1, 202, 120, 56, 56
994, 1, 152, 108, 56, 56
995, 1, 200, 118, 56, 56
996, 1, 201, 126, 56, 56
997, 1, 199, 120, 56, 56
998, 1, 125, 80, 56, 56
999, 1, 201, 116, 56, 56
1000, 1, 150, 106, 56, 56
1001, 1, 196, 120, 56, 56
1002, 1, 168, 115, 56, 56
1003, 1, 168, 113, 56, 56
1004, 1, 84, 170, 56, 56
1005, 1, 147, 105, 56, 56
1006, 1, 122, 112, 56, 56
1006, 1, 170, 152, 56, 56
1006, 1, 84, 170, 56, 56
1007, 1, 172, 147, 56, 56
1007, 1, 148, 99, 56, 56
1008, 1, 173, 144, 56, 56
1009, 1, 85, 167, 56, 56
1009, 1, 133, 127, 56, 56
1010, 1, 85, 170, 56, 56
1011, 1, 123, 98, 56, 56
1012, 1, 194, 129, 56, 56
1013, 1, 127, 97, 56, 56
1014, 1, 125, 98, 56, 56
1015, 1, 126, 96, 56, 56
1016, 1, 159, 94, 56, 56
1017, 1, 122, 65, 56, 56
1018, 1, 140, 151, 56, 56
1019, 1, 138, 119, 56, 56
1023, 1, 129, 116, 56, 56
1024, 1, 130, 84, 56, 56
1025, 1, 129, 113, 56, 56
1026, 1, 135, 112, 56, 56
1027, 1, 129, 102, 56, 56
1028, 1, 172, 136, 56, 56
1028, 1, 134, 101, 56, 56
1029, 1, 128, 78, 56, 56
1030, 1, 170, 137, 56, 56
1030, 1, 134, 102, 56, 56
1031, 1, 172, 134, 56, 56
1031, 1, 130, 101, 56, 56
1032, 1, 172, 128, 56, 56
1032, 1, 127, 95, 56, 56
1032, 1, 192, 175, 56, 56
1033, 1, 167, 131, 56, 56
1033, 1, 125, 96, 56, 56
1034, 1, 168, 124, 56, 56
1034, 1, 120, 38, 56, 56
1035, 1, 126, 90, 56, 56
1035, 1, 162, 152, 56, 56
1036, 1, 170, 128, 56, 56
1036, 1, 122, 83, 56, 56
1036, 1, 238, 157, 56, 56
1037, 1, 169, 125, 56, 56
1037, 1, 232, 157, 56, 56
1038, 1, 168, 121, 56, 56
1038, 1, 119, 79, 56, 56
1039, 1, 119, 75, 56, 56
1039, 1, 169, 122, 56, 56
1039, 1, 234, 156, 56, 56
1040, 1, 118, 70, 56, 56
1040, 1, 208, 142, 56, 56
1041, 1, 119, 77, 56, 56
1042, 1, 116, 70, 56, 56
1043, 1, 163, 108, 56, 56
1043, 1, 125, 176, 56, 56
1043, 1, 114, 66, 56, 56
1044, 1, 122, 177, 56, 56
1044, 1, 116, 71, 56, 56
1045, 1, 120, 176, 56, 56
1045, 1, 162, 112, 56, 56
1046, 1, 164, 104, 56, 56
1047, 1, 118, 95, 56, 56
1048, 1, 160, 127, 56, 56
1049, 1, 157, 105, 56, 56
1049, 1, 125, 174, 56, 56
1050, 1, 157, 105, 56, 56
1050, 1, 229, 161, 56, 56
1051, 1, 153, 100, 56, 56
1051, 1, 115, 55, 56, 56
1051, 1, 153, 156, 56, 56
1052, 1, 117, 55, 56, 56
1053, 1, 149, 101, 56, 56
1053, 1, 115, 56, 56, 56
1054, 1, 228, 153, 56, 56
1054, 1, 121, 56, 56, 56
1055, 1, 124, 77, 56, 56
1056, 1, 142, 89, 56, 56
1056, 1, 225, 152, 56, 56
1057, 1, 120, 80, 56, 56
1057, 1, 219, 153, 56, 56
1058, 1, 122, 73, 56, 56
1058, 1, 229, 150, 56, 56
1059, 1, 119, 48, 56, 56
1059, 1, 225, 151, 56, 56
1060, 1, 121, 47, 56, 56
1060, 1, 215, 152, 56, 56
1061, 1, 223, 153, 56, 56
1061, 1, 132, 109, 56, 56
1062, 1, 227, 145, 56, 56
1062, 1, 133, 80, 56, 56
1063, 1, 221, 151, 56, 56
1063, 1, 132, 74, 56, 56
1064, 1, 224, 144, 56, 56
1064, 1, 119, 43, 56, 56
1065, 1, 218, 147, 56, 56
1065, 1, 116, 41, 56, 56
1066, 1, 212, 147, 56, 56
1066, 1, 136, 75, 56, 56
1067, 1, 132, 73, 56, 56
1067, 1, 210, 150, 56, 56
1068, 1, 208, 150, 56, 56
1068, 1, 123, 103, 56, 56
1069, 1, 209, 147, 56, 56
1069, 1, 123, 100, 56, 56
1070, 1, 207, 147, 56, 56
1071, 1, 210, 144, 56, 56
1071, 1, 131, 93, 56, 56
1072, 1, 208, 140, 56, 56
1072, 1, 131, 92, 56, 56
1073, 1, 199, 148, 56, 56
1073, 1, 132, 91, 56, 56
1074, 1, 199, 144, 56, 56
1075, 1, 193, 180, 56, 56
1076, 1, 192, 180, 56, 56
1076, 1, 158, 110, 56, 56
1077, 1, 195, 143, 56, 56
1077, 1, 151, 111, 56, 56
1078, 1, 189, 179, 56, 56
1079, 1, 188, 140, 56, 56
1080, 1, 187, 139, 56, 56
1081, 1, 175, 160, 56, 56
1082, 1, 183, 142, 56, 56
1083, 1, 221, 133, 56, 56
1085, 1, 136, 40, 56, 56
1086, 1, 134, 44, 56, 56
1087, 1, 128, 58, 56, 56
1089, 1, 247, 196, 56, 56
1089, 1, 176, 126, 56, 56
1089, 1, 173, 186, 56, 56
1091, 1, 181, 123, 56, 56
1093, 1, 175, 116, 56, 56
1094, 1, 150, 42, 56, 56
1095, 1, 160, 133, 56, 56
1096, 1, 130, 52, 56, 56
1097, 1, 158, 125, 56, 56
1098, 1, 130, 50, 56, 56
1099, 1, 129, 48, 56, 56
1100, 1, 248, 190, 56, 56
1101, 1, 93, 193, 56, 56
1102, 1, 91, 190, 56, 56
1104, 1, 89, 194, 56, 56
1105, 1, 89, 186, 56, 56
1105, 1, 240, 187, 56, 56
1106, 1, 87, 183, 56, 56
1109, 1, 84, 187, 56, 56
1110, 1, 206, 147, 56, 56
1112, 1, 226, 184, 56, 56
1113, 1, 205, 148, 56, 56
1115, 1, 201, 136, 56, 56
1117, 1, 199, 143, 56, 56
1119, 1, 199, 141, 56, 56
1120, 1, 197, 134, 56, 56
1122, 1, 200, 149, 56, 56
1145, 1, 126, 118, 56, 56
1160, 1, 219, 176, 56, 56
1161, 1, 220, 175, 56, 56
1162, 1, 223, 176, 56, 56
1163, 1, 218, 172, 56, 56
1164, 1, 224, 178, 56, 56
1165, 1, 227, 170, 56, 56
1166, 1, 223, 170, 56, 56
1167, 1, 227, 174, 56, 56
1168, 1, 229, 165, 56, 56
1170, 1, 224, 162, 56, 56
1171, 1, 229, 164, 56, 56
1172, 1, 226, 158, 56, 56
1173, 1, 235, 162, 56, 56
1175, 1, 232, 161, 56, 56
1187, 1, 159, 180, 56, 56
1190, 1, 165, 179, 56, 56
1191, 1, 161, 178, 56, 56
1192, 1, 107, 156, 56, 56
1193, 1, 100, 157, 56, 56
1195, 1, 98, 155, 56, 56
1196, 1, 103, 152, 56, 56
1197, 1, 101, 150, 56, 56
1197, 1, 177, 72, 56, 56
1198, 1, 100, 149, 56, 56
1198, 1, 174, 71, 56, 56
1199, 1, 171, 73, 56, 56
1200, 1, 98, 149, 56, 56
1201, 1, 198, 105, 56, 56
1202, 1, 96, 145, 56, 56
1203, 1, 95, 145, 56, 56
1204, 1, 93, 143, 56, 56
1205, 1, 90, 142, 56, 56
1206, 1, 93, 141, 56, 56
1207, 1, 93, 141, 56, 56
1208, 1, 93, 141, 56, 56
1209, 1, 93, 135, 56, 56
1210, 1, 92, 134, 56, 56
1211, 1, 94, 135, 56, 56
1213, 1, 86, 135, 56, 56
1217, 1, 83, 133, 56, 56
1219, 1, 172, 87, 56, 56
1220, 1, 173, 81, 56, 56
1221, 1, 159, 163, 56, 56
1223, 1, 85, 129, 56, 56
1225, 1, 230, 153, 56, 56
1227, 1, 124, 205, 56, 56
1231, 1, 130, 201, 56, 56
1232, 1, 238, 149, 56, 56
1233, 1, 232, 144, 56, 56
1239, 1, 237, 142, 56, 56
1240, 1, 238, 134, 56, 56
1241, 1, 92, 119, 56, 56
1242, 1, 86, 120, 56, 56
1243, 1, 95, 118, 56, 56
1244, 1, 236, 131, 56, 56
1245, 1, 99, 116, 56, 56
1246, 1, 97, 115, 56, 56
1246, 1, 235, 129, 56, 56
1247, 1, 96, 114, 56, 56
1248, 1, 102, 113, 56, 56
1248, 1, 235, 127, 56, 56
1249, 1, 102, 111, 56, 56
1250, 1, 230, 130, 56, 56
1250, 1, 100, 111, 56, 56
1251, 1, 105, 116, 56, 56
1251, 1, 229, 128, 56, 56
1252, 1, 108, 113, 56, 56
1252, 1, 228, 126, 56, 56
1253, 1, 229, 123, 56, 56
1253, 1, 148, 148, 56, 56
1254, 1, 226, 121, 56, 56
1254, 1, 116, 111, 56, 56
1255, 1, 221, 123, 56, 56
1256, 1, 221, 122, 56, 56
1256, 1, 116, 112, 56, 56
1257, 1, 218, 118, 56, 56
1257, 1, 142, 140, 56, 56
1258, 1, 215, 118, 56, 56
1259, 1, 214, 115, 56, 56
1260, 1, 212, 113, 56, 56
1260, 1, 121, 97, 56, 56
1261, 1, 123, 101, 56, 56
1261, 1, 209, 118, 56, 56
1262, 1, 144, 139, 56, 56
1262, 1, 120, 99, 56, 56
1263, 1, 124, 98, 56, 56
1264, 1, 143, 142, 56, 56
1264, 1, 124, 97, 56, 56
1265, 1, 123, 91, 56, 56
1265, 1, 206, 113, 56, 56
1266, 1, 140, 137, 56, 56
1267, 1, 123, 94, 56, 56
1268, 1, 124, 90, 56, 56
1269, 1, 108, 115, 56, 56
1270, 1, 108, 115, 56, 56
1271, 1, 108, 111, 56, 56
1272, 1, 144, 153, 56, 56
1273, 1, 110, 104, 56, 56
1274, 1, 209, 102, 56, 56
1275, 1, 123, 80, 56, 56
1276, 1, 120, 80, 56, 56
1276, 1, 144, 128, 56, 56
1277, 1, 145, 126, 56, 56
1277, 1, 121, 78, 56, 56
1278, 1, 144, 122, 56, 56
1279, 1, 144, 123, 56, 56
1280, 1, 143, 121, 56, 56
1281, 1, 143, 116, 56, 56
1282, 1, 145, 123, 56, 56
1283, 1, 143, 115, 56, 56
1284, 1, 142, 117, 56, 56
1285, 1, 146, 112, 56, 56
1286, 1, 144, 111, 56, 56
1287, 1, 102, 182, 56, 56
1288, 1, 169, 57, 56, 56
1290, 1, 144, 55, 56, 56
1290, 1, 172, 113, 56, 56
1291, 1, 173, 53, 56, 56
1292, 1, 172, 110, 56, 56
1293, 1, 150, 50, 56, 56
1294, 1, 145, 49, 56, 56
1298, 1, 147, 85, 56, 56
1299, 1, 146, 94, 56, 56
1300, 1, 150, 86, 56, 56
1301, 1, 149, 88, 56, 56
1302, 1, 149, 87, 56, 56
1302, 1, 119, 44, 56, 56
1302, 1, 198, 90, 56, 56
1303, 1, 120, 43, 56, 56
1304, 1, 119, 42, 56, 56
1305, 1, 204, 89, 56, 56
1305, 1, 145, 83, 56, 56
1306, 1, 201, 90, 56, 56
1307, 1, 143, 79, 56, 56
1307, 1, 196, 91, 56, 56
1308, 1, 124, 62, 56, 56
1309, 1, 123, 55, 56, 56
1310, 1, 123, 59, 56, 56
1310, 1, 191, 91, 56, 56
1311, 1, 123, 54, 56, 56
1311, 1, 139, 98, 56, 56
1312, 1, 185, 88, 56, 56
1313, 1, 190, 91, 56, 56
1314, 1, 134, 71, 56, 56
1314, 1, 187, 91, 56, 56
1315, 1, 185, 90, 56, 56
1316, 1, 131, 107, 56, 56
1317, 1, 189, 88, 56, 56
1318, 1, 189, 87, 56, 56
1319, 1, 185, 85, 56, 56
1320, 1, 176, 89, 56, 56
1321, 1, 184, 88, 56, 56
1322, 1, 135, 64, 56, 56
1322, 1, 179, 90, 56, 56
1323, 1, 135, 62, 56, 56
1324, 1, 129, 89, 56, 56
1324, 1, 180, 87, 56, 56
1325, 1, 152, 164, 56, 56
1325, 1, 182, 86, 56, 56
1326, 1, 151, 161, 56, 56
1326, 1, 182, 82, 56, 56
1327, 1, 151, 157, 56, 56
1327, 1, 175, 83, 56, 56
1328, 1, 178, 83, 56, 56
1329, 1, 152, 156, 56, 56
1329, 1, 180, 81, 56, 56
1330, 1, 179, 82, 56, 56
1331, 1, 182, 82, 56, 56
1332, 1, 179, 80, 56, 56
1333, 1, 139, 152, 56, 56
1334, 1, 176, 81, 56, 56
1335, 1, 139, 150, 56, 56
1335, 1, 174, 79, 56, 56
1336, 1, 132, 147, 56, 56
1336, 1, 173, 77, 56, 56
1337, 1, 171, 76, 56, 56
1337, 1, 130, 141, 56, 56
1338, 1, 169, 75, 56, 56
1339, 1, 168, 70, 56, 56
1339, 1, 120, 142, 56, 56
1340, 1, 164, 72, 56, 56
1340, 1, 122, 138, 56, 56
1341, 1, 166, 71, 56, 56
1342, 1, 163, 75, 56, 56
1343, 1, 111, 137, 56, 56
1343, 1, 138, 75, 56, 56
1344, 1, 159, 75, 56, 56
1345, 1, 139, 82, 56, 56
1347, 1, 163, 74, 56, 56
1348, 1, 126, 111, 56, 56
1357, 1, 162, 67, 56, 56
1358, 1, 161, 68, 56, 56
1360, 1, 161, 64, 56, 56
1361, 1, 164, 62, 56, 56
1362, 1, 165, 62, 56, 56
1363, 1, 161, 58, 56, 56
1364, 1, 162, 54, 56, 56
1365, 1, 166, 57, 56, 56
1366, 1, 164, 52, 56, 56
1367, 1, 166, 49, 56, 56
1368, 1, 171, 40, 56, 56
1369, 1, 165, 44, 56, 56
1370, 1, 167, 44, 56, 56
1371, 1, 110, 43, 56, 56
1372, 1, 109, 118, 56, 56
1372, 1, 157, 86, 56, 56
1372, 1, 115, 41, 56, 56
1373, 1, 109, 115, 56, 56
1373, 1, 155, 78, 56, 56
1374, 1, 156, 78, 56, 56
1375, 1, 120, 108, 56, 56
1376, 1, 114, 108, 56, 56
1376, 1, 115, 51, 56, 56
1377, 1, 115, 112, 56, 56
1378, 1, 122, 108, 56, 56
1379, 1, 119, 110, 56, 56
1380, 1, 121, 109, 56, 56
1381, 1, 131, 110, 56, 56
1381, 1, 157, 63, 56, 56
1382, 1, 153, 60, 56, 56
1383, 1, 156, 62, 56, 56
1384, 1, 153, 65, 56, 56
1385, 1, 153, 63, 56, 56
1386, 1, 118, 67, 56, 56
1387, 1, 152, 62, 56, 56
1388, 1, 158, 73, 56, 56
1389, 1, 149, 60, 56, 56
1390, 1, 150, 71, 56, 56
1391, 1, 147, 53, 56, 56
1392, 1, 146, 54, 56, 56
1393, 1, 140, 52, 56, 56
1394, 1, 146, 101, 56, 56
1394, 1, 146, 45, 56, 56
1395, 1, 149, 93, 56, 56
1395, 1, 141, 45, 56, 56
1396, 1, 151, 92, 56, 56
1397, 1, 147, 94, 56, 56
1398, 1, 148, 91, 56, 56
1399, 1, 156, 92, 56, 56
1400, 1, 151, 87, 56, 56
1401, 1, 151, 85, 56, 56
1402, 1, 148, 84, 56, 56
1403, 1, 152, 91, 56, 56
1404, 1, 144, 88, 56, 56
1410, 1, 139, 73, 56, 56
1426, 1, 179, 45, 56, 56
1428, 1, 125, 56, 56, 56
1429, 1, 128, 57, 56, 56
1430, 1, 133, 58, 56, 56
1431, 1, 132, 56, 56, 56
1433, 1, 137, 54, 56, 56
1434, 1, 139, 56, 56, 56
1435, 1, 138, 56, 56, 56
1437, 1, 146, 51, 56, 56
1456, 1, 157, 39, 56, 56
1540, 1, 159, 48, 56, 56
1553, 1, 137, 68, 56, 56
1761, 1, 132, 63, 56, 56
1762, 1, 131, 53, 56, 56
1764, 1, 130, 57, 56, 56
1766, 1, 129, 63, 56, 56
1770, 1, 127, 65, 56, 56
