295, 1, 146, 42, 56, 56
307, 1, 128, 59, 56, 56
308, 1, 122, 65, 56, 56
309, 1, 129, 66, 56, 56
310, 1, 126, 62, 56, 56
311, 1, 128, 64, 56, 56
312, 1, 119, 61, 56, 56
313, 1, 163, 43, 56, 56
314, 1, 170, 45, 56, 56
315, 1, 166, 44, 56, 56
316, 1, 166, 45, 56, 56
317, 1, 165, 48, 56, 56
318, 1, 163, 47, 56, 56
319, 1, 167, 47, 56, 56
319, 1, 122, 68, 56, 56
320, 1, 164, 49, 56, 56
321, 1, 164, 54, 56, 56
322, 1, 165, 59, 56, 56
323, 1, 166, 60, 56, 56
324, 1, 157, 57, 56, 56
325, 1, 164, 59, 56, 56
326, 1, 169, 66, 56, 56
327, 1, 163, 63, 56, 56
328, 1, 164, 65, 56, 56
329, 1, 165, 75, 56, 56
334, 1, 170, 91, 56, 56
335, 1, 168, 91, 56, 56
336, 1, 179, 100, 56, 56
337, 1, 174, 106, 56, 56
338, 1, 177, 109, 56, 56
339, 1, 187, 107, 56, 56
340, 1, 118, 59, 56, 56
341, 1, 126, 58, 56, 56
342, 1, 120, 58, 56, 56
343, 1, 119, 61, 56, 56
344, 1, 127, 63, 56, 56
345, 1, 125, 67, 56, 56
346, 1, 125, 67, 56, 56
347, 1, 127, 75, 56, 56
348, 1, 122, 74, 56, 56
349, 1, 132, 94, 56, 56
350, 1, 117, 72, 56, 56
351, 1, 136, 50, 56, 56
352, 1, 113, 79, 56, 56
353, 1, 119, 81, 56, 56
354, 1, 116, 85, 56, 56
355, 1, 114, 84, 56, 56
355, 1, 179, 165, 56, 56
356, 1, 105, 88, 56, 56
356, 1, 180, 165, 56, 56
357, 1, 107, 88, 56, 56
357, 1, 183, 169, 56, 56
358, 1, 107, 93, 56, 56
359, 1, 100, 94, 56, 56
359, 1, 120, 44, 56, 56
360, 1, 94, 98, 56, 56
360, 1, 121, 45, 56, 56
360, 1, 197, 188, 56, 56
361, 1, 88, 98, 56, 56
361, 1, 221, 201, 56, 56
362, 1, 86, 105, 56, 56
362, 1, 226, 206, 56, 56
363, 1, 82, 106, 56, 56
363, 1, 207, 199, 56, 56
364, 1, 76, 105, 56, 56
365, 1, 72, 108, 56, 56
366, 1, 68, 113, 56, 56
367, 1, 67, 115, 56, 56
368, 1, 127, 44, 56, 56
368, 1, 71, 118, 56, 56
369, 1, 130, 48, 56, 56
369, 1, 60, 122, 56, 56
370, 1, 58, 126, 56, 56
371, 1, 53, 128, 56, 56
371, 1, 140, 59, 56, 56
372, 1, 55, 128, 56, 56
372, 1, 137, 64, 56, 56
373, 1, 47, 134, 56, 56
374, 1, 43, 136, 56, 56
375, 1, 54, 183, 56, 56
375, 1, 145, 75, 56, 56
376, 1, 148, 76, 56, 56
376, 1, 39, 152, 56, 56
377, 1, 153, 78, 56, 56
377, 1, 34, 153, 56, 56
378, 1, 24, 151, 56, 56
379, 1, 28, 160, 56, 56
381, 1, 160, 92, 56, 56
383, 1, 161, 100, 56, 56
384, 1, 163, 98, 56, 56
385, 1, 169, 108, 56, 56
386, 1, 172, 111, 56, 56
386, 1, 124, 88, 56, 56
387, 1, 174, 118, 56, 56
388, 1, 175, 121, 56, 56
389, 1, 180, 127, 56, 56
390, 1, 122, 97, 56, 56
391, 1, 151, 44, 56, 56
392, 1, 194, 140, 56, 56
393, 1, 194, 148, 56, 56
394, 1, 148, 56, 56, 56
395, 1, 200, 151, 56, 56
396, 1, 147, 62, 56, 56
397, 1, 144, 60, 56, 56
398, 1, 144, 68, 56, 56
399, 1, 166, 77, 56, 56
400, 1, 222, 174, 56, 56
400, 1, 161, 81, 56, 56
401, 1, 134, 77, 56, 56
402, 1, 125, 80, 56, 56
402, 1, 125, 32, 56, 56
403, 1, 242, 188, 56, 56
403, 1, 124, 37, 56, 56
403, 1, 127, 84, 56, 56
404, 1, 247, 192, 56, 56
404, 1, 119, 39, 56, 56
404, 1, 122, 88, 56, 56
405, 1, 119, 38, 56, 56
405, 1, 162, 89, 56, 56
406, 1, 120, 38, 56, 56
407, 1, 113, 100, 56, 56
408, 1, 106, 104, 56, 56
409, 1, 103, 111, 56, 56
409, 1, 119, 47, 56, 56
410, 1, 118, 47, 56, 56
410, 1, 104, 108, 56, 56
411, 1, 126, 51, 56, 56
411, 1, 127, 133, 56, 56
412, 1, 116, 48, 56, 56
412, 1, 124, 136, 56, 56
413, 1, 121, 52, 56, 56
413, 1, 121, 141, 56, 56
414, 1, 123, 51, 56, 56
415, 1, 121, 53, 56, 56
415, 1, 115, 152, 56, 56
416, 1, 122, 58, 56, 56
416, 1, 108, 158, 56, 56
417, 1, 121, 61, 56, 56
417, 1, 105, 163, 56, 56
418, 1, 123, 62, 56, 56
419, 1, 124, 66, 56, 56
419, 1, 96, 175, 56, 56
420, 1, 117, 61, 56, 56
421, 1, 123, 64, 56, 56
421, 1, 82, 182, 56, 56
422, 1, 123, 71, 56, 56
423, 1, 118, 71, 56, 56
424, 1, 127, 72, 56, 56
425, 1, 126, 78, 56, 56
426, 1, 126, 78, 56, 56
427, 1, 124, 77, 56, 56
428, 1, 127, 91, 56, 56
429, 1, 127, 89, 56, 56
430, 1, 126, 96, 56, 56
431, 1, 123, 93, 56, 56
433, 1, 118, 102, 56, 56
434, 1, 119, 103, 56, 56
436, 1, 119, 110, 56, 56
437, 1, 114, 121, 56, 56
438, 1, 113, 122, 56, 56
439, 1, 110, 122, 56, 56
440, 1, 114, 130, 56, 56
441, 1, 132, 117, 56, 56
442, 1, 106, 134, 56, 56
443, 1, 111, 141, 56, 56
444, 1, 104, 144, 56, 56
445, 1, 132, 62, 56, 56
446, 1, 108, 155, 56, 56
447, 1, 107, 154, 56, 56
447, 1, 148, 77, 56, 56
448, 1, 109, 161, 56, 56
449, 1, 108, 167, 56, 56
450, 1, 109, 168, 56, 56
451, 1, 108, 174, 56, 56
452, 1, 108, 178, 56, 56
453, 1, 125, 85, 56, 56
454, 1, 101, 189, 56, 56
455, 1, 145, 158, 56, 56
456, 1, 122, 45, 56, 56
457, 1, 120, 52, 56, 56
458, 1, 120, 54, 56, 56
459, 1, 146, 118, 56, 56
460, 1, 121, 57, 56, 56
461, 1, 146, 123, 56, 56
462, 1, 144, 125, 56, 56
463, 1, 125, 91, 56, 56
464, 1, 123, 92, 56, 56
465, 1, 141, 135, 56, 56
465, 1, 171, 59, 56, 56
466, 1, 140, 140, 56, 56
467, 1, 137, 141, 56, 56
468, 1, 137, 140, 56, 56
469, 1, 137, 147, 56, 56
471, 1, 130, 150, 56, 56
472, 1, 128, 154, 56, 56
472, 1, 117, 66, 56, 56
473, 1, 128, 165, 56, 56
473, 1, 119, 70, 56, 56
474, 1, 121, 163, 56, 56
475, 1, 130, 112, 56, 56
476, 1, 140, 42, 56, 56
477, 1, 131, 82, 56, 56
478, 1, 144, 44, 56, 56
479, 1, 147, 47, 56, 56
480, 1, 125, 196, 56, 56
480, 1, 140, 96, 56, 56
480, 1, 148, 47, 56, 56
481, 1, 147, 97, 56, 56
482, 1, 148, 103, 56, 56
483, 1, 155, 103, 56, 56
484, 1, 148, 132, 56, 56
485, 1, 162, 107, 56, 56
486, 1, 164, 110, 56, 56
487, 1, 158, 112, 56, 56
488, 1, 159, 114, 56, 56
491, 1, 146, 62, 56, 56
492, 1, 161, 128, 56, 56
493, 1, 164, 134, 56, 56
493, 1, 139, 66, 56, 56
494, 1, 139, 71, 56, 56
494, 1, 168, 141, 56, 56
495, 1, 138, 73, 56, 56
496, 1, 140, 73, 56, 56
497, 1, 129, 78, 56, 56
498, 1, 126, 80, 56, 56
498, 1, 163, 155, 56, 56
499, 1, 167, 161, 56, 56
499, 1, 119, 87, 56, 56
500, 1, 123, 87, 56, 56
500, 1, 164, 167, 56, 56
501, 1, 113, 93, 56, 56
501, 1, 169, 164, 56, 56
502, 1, 166, 171, 56, 56
502, 1, 104, 96, 56, 56
503, 1, 167, 174, 56, 56
503, 1, 108, 96, 56, 56
505, 1, 102, 98, 56, 56
506, 1, 97, 99, 56, 56
507, 1, 97, 103, 56, 56
508, 1, 92, 106, 56, 56
509, 1, 98, 111, 56, 56
510, 1, 91, 109, 56, 56
512, 1, 168, 69, 56, 56
513, 1, 167, 70, 56, 56
514, 1, 169, 71, 56, 56
515, 1, 75, 124, 56, 56
518, 1, 128, 89, 56, 56
519, 1, 130, 90, 56, 56
520, 1, 131, 94, 56, 56
521, 1, 59, 149, 56, 56
522, 1, 54, 151, 56, 56
522, 1, 124, 78, 56, 56
523, 1, 129, 101, 56, 56
524, 1, 128, 79, 56, 56
525, 1, 133, 120, 56, 56
526, 1, 128, 96, 56, 56
527, 1, 133, 107, 56, 56
528, 1, 128, 108, 56, 56
529, 1, 130, 111, 56, 56
530, 1, 134, 114, 56, 56
531, 1, 133, 137, 56, 56
532, 1, 131, 136, 56, 56
532, 1, 159, 69, 56, 56
533, 1, 136, 140, 56, 56
533, 1, 159, 73, 56, 56
534, 1, 166, 80, 56, 56
535, 1, 163, 86, 56, 56
535, 1, 134, 150, 56, 56
536, 1, 135, 157, 56, 56
536, 1, 164, 89, 56, 56
537, 1, 136, 164, 56, 56
538, 1, 136, 170, 56, 56
539, 1, 165, 93, 56, 56
539, 1, 10, 169, 56, 56
540, 1, 162, 95, 56, 56
541, 1, 162, 91, 56, 56
541, 1, 143, 186, 56, 56
542, 1, 166, 119, 56, 56
543, 1, 162, 100, 56, 56
544, 1, 156, 100, 56, 56
545, 1, 152, 104, 56, 56
546, 1, 173, 134, 56, 56
547, 1, 154, 106, 56, 56
548, 1, 148, 107, 56, 56
549, 1, 150, 116, 56, 56
550, 1, 138, 115, 56, 56
551, 1, 135, 115, 56, 56
552, 1, 135, 120, 56, 56
553, 1, 131, 121, 56, 56
554, 1, 130, 126, 56, 56
555, 1, 123, 123, 56, 56
556, 1, 162, 63, 56, 56
556, 1, 125, 123, 56, 56
557, 1, 119, 133, 56, 56
558, 1, 117, 132, 56, 56
559, 1, 113, 134, 56, 56
559, 1, 137, 174, 56, 56
560, 1, 112, 137, 56, 56
561, 1, 133, 176, 56, 56
562, 1, 129, 175, 56, 56
563, 1, 130, 55, 56, 56
564, 1, 132, 36, 56, 56
565, 1, 138, 33, 56, 56
566, 1, 137, 35, 56, 56
567, 1, 138, 32, 56, 56
568, 1, 139, 35, 56, 56
569, 1, 134, 37, 56, 56
570, 1, 137, 42, 56, 56
571, 1, 138, 38, 56, 56
572, 1, 136, 45, 56, 56
573, 1, 93, 183, 56, 56
573, 1, 137, 39, 56, 56
574, 1, 147, 43, 56, 56
574, 1, 146, 103, 56, 56
575, 1, 137, 47, 56, 56
575, 1, 82, 186, 56, 56
576, 1, 141, 72, 56, 56
577, 1, 136, 43, 56, 56
578, 1, 168, 42, 56, 56
579, 1, 138, 46, 56, 56
580, 1, 144, 56, 56, 56
580, 1, 142, 113, 56, 56
581, 1, 142, 57, 56, 56
581, 1, 145, 125, 56, 56
582, 1, 142, 58, 56, 56
583, 1, 143, 62, 56, 56
583, 1, 139, 129, 56, 56
584, 1, 144, 58, 56, 56
584, 1, 137, 131, 56, 56
585, 1, 145, 63, 56, 56
585, 1, 136, 125, 56, 56
586, 1, 144, 61, 56, 56
586, 1, 129, 135, 56, 56
587, 1, 145, 66, 56, 56
587, 1, 135, 136, 56, 56
588, 1, 146, 64, 56, 56
589, 1, 148, 67, 56, 56
589, 1, 124, 144, 56, 56
590, 1, 156, 76, 56, 56
590, 1, 124, 138, 56, 56
591, 1, 159, 76, 56, 56
591, 1, 124, 142, 56, 56
591, 1, 119, 44, 56, 56
592, 1, 158, 77, 56, 56
593, 1, 161, 76, 56, 56
594, 1, 164, 81, 56, 56
594, 1, 117, 154, 56, 56
594, 1, 117, 49, 56, 56
595, 1, 160, 80, 56, 56
596, 1, 171, 79, 56, 56
597, 1, 168, 84, 56, 56
598, 1, 170, 88, 56, 56
599, 1, 174, 88, 56, 56
601, 1, 174, 89, 56, 56
602, 1, 176, 96, 56, 56
603, 1, 180, 94, 56, 56
604, 1, 180, 99, 56, 56
604, 1, 120, 96, 56, 56
605, 1, 185, 100, 56, 56
605, 1, 161, 42, 56, 56
606, 1, 186, 104, 56, 56
607, 1, 194, 108, 56, 56
607, 1, 100, 188, 56, 56
608, 1, 188, 106, 56, 56
609, 1, 190, 109, 56, 56
609, 1, 154, 54, 56, 56
610, 1, 195, 115, 56, 56
610, 1, 158, 58, 56, 56
611, 1, 195, 116, 56, 56
612, 1, 199, 112, 56, 56
612, 1, 153, 64, 56, 56
613, 1, 195, 118, 56, 56
613, 1, 151, 62, 56, 56
614, 1, 146, 67, 56, 56
614, 1, 196, 118, 56, 56
615, 1, 202, 120, 56, 56
616, 1, 203, 130, 56, 56
616, 1, 158, 74, 56, 56
617, 1, 200, 133, 56, 56
618, 1, 148, 73, 56, 56
618, 1, 206, 132, 56, 56
619, 1, 208, 135, 56, 56
619, 1, 148, 74, 56, 56
620, 1, 211, 140, 56, 56
621, 1, 212, 142, 56, 56
621, 1, 155, 82, 56, 56
622, 1, 213, 145, 56, 56
622, 1, 157, 82, 56, 56
622, 1, 113, 44, 56, 56
623, 1, 217, 148, 56, 56
624, 1, 213, 147, 56, 56
625, 1, 221, 157, 56, 56
626, 1, 215, 154, 56, 56
627, 1, 215, 157, 56, 56
628, 1, 225, 162, 56, 56
629, 1, 224, 163, 56, 56
629, 1, 181, 94, 56, 56
630, 1, 180, 95, 56, 56
630, 1, 228, 170, 56, 56
631, 1, 189, 98, 56, 56
631, 1, 231, 166, 56, 56
632, 1, 234, 169, 56, 56
632, 1, 199, 99, 56, 56
633, 1, 237, 171, 56, 56
634, 1, 240, 173, 56, 56
635, 1, 243, 180, 56, 56
635, 1, 206, 99, 56, 56
636, 1, 209, 97, 56, 56
636, 1, 140, 84, 56, 56
636, 1, 245, 181, 56, 56
637, 1, 243, 180, 56, 56
639, 1, 219, 102, 56, 56
640, 1, 223, 104, 56, 56
640, 1, 251, 190, 56, 56
641, 1, 219, 104, 56, 56
641, 1, 125, 67, 56, 56
642, 1, 224, 107, 56, 56
642, 1, 250, 187, 56, 56
643, 1, 230, 108, 56, 56
643, 1, 165, 90, 56, 56
644, 1, 234, 110, 56, 56
645, 1, 232, 111, 56, 56
646, 1, 246, 119, 56, 56
647, 1, 234, 116, 56, 56
648, 1, 238, 118, 56, 56
649, 1, 146, 114, 56, 56
650, 1, 158, 90, 56, 56
651, 1, 162, 70, 56, 56
652, 1, 159, 96, 56, 56
653, 1, 155, 96, 56, 56
654, 1, 168, 79, 56, 56
655, 1, 169, 82, 56, 56
656, 1, 127, 86, 56, 56
657, 1, 121, 58, 56, 56
658, 1, 128, 86, 56, 56
659, 1, 169, 90, 56, 56
660, 1, 161, 93, 56, 56
661, 1, 170, 97, 56, 56
661, 1, 114, 97, 56, 56
662, 1, 117, 97, 56, 56
662, 1, 165, 97, 56, 56
663, 1, 177, 104, 56, 56
663, 1, 126, 118, 56, 56
664, 1, 126, 117, 56, 56
665, 1, 173, 107, 56, 56
666, 1, 173, 111, 56, 56
666, 1, 106, 107, 56, 56
667, 1, 173, 111, 56, 56
668, 1, 175, 123, 56, 56
669, 1, 129, 146, 56, 56
670, 1, 174, 124, 56, 56
670, 1, 207, 169, 56, 56
671, 1, 169, 120, 56, 56
672, 1, 94, 114, 56, 56
673, 1, 97, 118, 56, 56
674, 1, 178, 130, 56, 56
675, 1, 128, 184, 56, 56
676, 1, 171, 144, 56, 56
677, 1, 175, 144, 56, 56
678, 1, 172, 151, 56, 56
679, 1, 170, 150, 56, 56
680, 1, 174, 156, 56, 56
680, 1, 112, 172, 56, 56
681, 1, 175, 160, 56, 56
682, 1, 176, 162, 56, 56
683, 1, 177, 165, 56, 56
683, 1, 80, 143, 56, 56
684, 1, 168, 165, 56, 56
685, 1, 168, 168, 56, 56
685, 1, 77, 147, 56, 56
685, 1, 164, 84, 56, 56
686, 1, 165, 170, 56, 56
687, 1, 169, 183, 56, 56
687, 1, 168, 90, 56, 56
687, 1, 73, 150, 56, 56
688, 1, 93, 162, 56, 56
689, 1, 173, 104, 56, 56
690, 1, 88, 171, 56, 56
691, 1, 123, 100, 56, 56
692, 1, 67, 157, 56, 56
693, 1, 189, 111, 56, 56
694, 1, 191, 113, 56, 56
694, 1, 111, 198, 56, 56
695, 1, 194, 116, 56, 56
696, 1, 195, 120, 56, 56
697, 1, 54, 174, 56, 56
698, 1, 52, 169, 56, 56
699, 1, 74, 173, 56, 56
700, 1, 79, 187, 56, 56
701, 1, 77, 195, 56, 56
701, 1, 29, 172, 56, 56
702, 1, 80, 193, 56, 56
702, 1, 179, 160, 56, 56
703, 1, 76, 193, 56, 56
704, 1, 164, 71, 56, 56
705, 1, 33, 172, 56, 56
707, 1, 23, 175, 56, 56
707, 1, 89, 201, 56, 56
708, 1, 21, 172, 56, 56
709, 1, 18, 179, 56, 56
711, 1, 146, 190, 56, 56
712, 1, 159, 74, 56, 56
713, 1, 139, 86, 56, 56
714, 1, 156, 68, 56, 56
715, 1, 155, 70, 56, 56
716, 1, 140, 97, 56, 56
717, 1, 163, 75, 56, 56
717, 1, 26, 192, 56, 56
718, 1, 169, 79, 56, 56
719, 1, 170, 81, 56, 56
720, 1, 170, 89, 56, 56
721, 1, 177, 93, 56, 56
722, 1, 176, 97, 56, 56
723, 1, 179, 95, 56, 56
724, 1, 181, 99, 56, 56
725, 1, 180, 104, 56, 56
726, 1, 187, 108, 56, 56
727, 1, 189, 110, 56, 56
728, 1, 192, 113, 56, 56
730, 1, 170, 138, 56, 56
731, 1, 202, 129, 56, 56
732, 1, 201, 133, 56, 56
733, 1, 202, 139, 56, 56
734, 1, 204, 143, 56, 56
735, 1, 205, 142, 56, 56
735, 1, 202, 190, 56, 56
736, 1, 132, 51, 56, 56
737, 1, 135, 55, 56, 56
738, 1, 135, 56, 56, 56
739, 1, 124, 64, 56, 56
740, 1, 130, 66, 56, 56
741, 1, 124, 70, 56, 56
741, 1, 221, 168, 56, 56
742, 1, 229, 176, 56, 56
743, 1, 123, 74, 56, 56
744, 1, 124, 80, 56, 56
745, 1, 121, 83, 56, 56
746, 1, 122, 82, 56, 56
747, 1, 122, 123, 56, 56
748, 1, 123, 126, 56, 56
749, 1, 122, 125, 56, 56
750, 1, 123, 96, 56, 56
751, 1, 121, 102, 56, 56
752, 1, 130, 105, 56, 56
753, 1, 131, 108, 56, 56
754, 1, 124, 116, 56, 56
755, 1, 128, 119, 56, 56
756, 1, 136, 122, 56, 56
757, 1, 130, 124, 56, 56
758, 1, 132, 130, 56, 56
759, 1, 141, 133, 56, 56
760, 1, 141, 138, 56, 56
761, 1, 137, 141, 56, 56
762, 1, 141, 145, 56, 56
763, 1, 142, 149, 56, 56
764, 1, 142, 152, 56, 56
765, 1, 144, 155, 56, 56
766, 1, 144, 157, 56, 56
767, 1, 146, 167, 56, 56
768, 1, 147, 163, 56, 56
769, 1, 152, 178, 56, 56
771, 1, 159, 186, 56, 56
772, 1, 161, 190, 56, 56
774, 1, 157, 191, 56, 56
775, 1, 164, 193, 56, 56
781, 1, 150, 183, 56, 56
782, 1, 144, 195, 56, 56
783, 1, 135, 170, 56, 56
788, 1, 129, 130, 56, 56
789, 1, 141, 155, 56, 56
790, 1, 138, 149, 56, 56
791, 1, 119, 134, 56, 56
792, 1, 116, 137, 56, 56
793, 1, 118, 141, 56, 56
794, 1, 113, 141, 56, 56
795, 1, 113, 145, 56, 56
796, 1, 110, 145, 56, 56
797, 1, 107, 149, 56, 56
799, 1, 102, 153, 56, 56
800, 1, 103, 155, 56, 56
800, 1, 127, 99, 56, 56
801, 1, 103, 157, 56, 56
801, 1, 127, 101, 56, 56
802, 1, 95, 162, 56, 56
803, 1, 110, 93, 56, 56
803, 1, 100, 164, 56, 56
804, 1, 99, 101, 56, 56
805, 1, 89, 170, 56, 56
805, 1, 112, 104, 56, 56
806, 1, 88, 176, 56, 56
807, 1, 86, 183, 56, 56
808, 1, 102, 125, 56, 56
809, 1, 118, 186, 56, 56
810, 1, 118, 191, 56, 56
811, 1, 76, 195, 56, 56
812, 1, 71, 195, 56, 56
813, 1, 93, 115, 56, 56
814, 1, 73, 195, 56, 56
817, 1, 127, 34, 56, 56
819, 1, 171, 75, 56, 56
820, 1, 166, 79, 56, 56
821, 1, 165, 81, 56, 56
822, 1, 92, 200, 56, 56
824, 1, 85, 157, 56, 56
825, 1, 88, 165, 56, 56
826, 1, 73, 160, 56, 56
827, 1, 83, 160, 56, 56
828, 1, 47, 144, 56, 56
829, 1, 94, 175, 56, 56
832, 1, 161, 103, 56, 56
833, 1, 161, 110, 56, 56
834, 1, 162, 107, 56, 56
834, 1, 70, 180, 56, 56
835, 1, 130, 53, 56, 56
836, 1, 167, 117, 56, 56
837, 1, 163, 122, 56, 56
838, 1, 166, 130, 56, 56
839, 1, 168, 124, 56, 56
839, 1, 136, 58, 56, 56
840, 1, 166, 132, 56, 56
841, 1, 168, 134, 56, 56
842, 1, 167, 135, 56, 56
843, 1, 177, 137, 56, 56
844, 1, 176, 147, 56, 56
845, 1, 173, 150, 56, 56
846, 1, 142, 60, 56, 56
846, 1, 176, 151, 56, 56
847, 1, 137, 62, 56, 56
848, 1, 173, 158, 56, 56
849, 1, 169, 160, 56, 56
850, 1, 166, 160, 56, 56
851, 1, 164, 170, 56, 56
852, 1, 164, 169, 56, 56
853, 1, 165, 177, 56, 56
854, 1, 159, 182, 56, 56
855, 1, 162, 178, 56, 56
856, 1, 157, 194, 56, 56
857, 1, 152, 196, 56, 56
858, 1, 135, 87, 56, 56
859, 1, 136, 89, 56, 56
860, 1, 131, 108, 56, 56
861, 1, 131, 92, 56, 56
863, 1, 165, 165, 56, 56
864, 1, 158, 79, 56, 56
865, 1, 133, 96, 56, 56
866, 1, 128, 99, 56, 56
867, 1, 129, 100, 56, 56
867, 1, 169, 68, 56, 56
868, 1, 160, 91, 56, 56
869, 1, 128, 103, 56, 56
869, 1, 168, 66, 56, 56
870, 1, 128, 106, 56, 56
870, 1, 168, 70, 56, 56
871, 1, 128, 111, 56, 56
871, 1, 170, 71, 56, 56
872, 1, 158, 87, 56, 56
873, 1, 155, 92, 56, 56
874, 1, 132, 119, 56, 56
874, 1, 176, 75, 56, 56
875, 1, 169, 74, 56, 56
876, 1, 131, 127, 56, 56
877, 1, 127, 122, 56, 56
878, 1, 172, 78, 56, 56
879, 1, 129, 121, 56, 56
880, 1, 180, 83, 56, 56
881, 1, 132, 130, 56, 56
882, 1, 126, 161, 56, 56
883, 1, 133, 137, 56, 56
884, 1, 126, 135, 56, 56
884, 1, 181, 87, 56, 56
885, 1, 135, 98, 56, 56
886, 1, 130, 144, 56, 56
887, 1, 165, 77, 56, 56
887, 1, 134, 148, 56, 56
888, 1, 130, 152, 56, 56
889, 1, 195, 93, 56, 56
890, 1, 130, 156, 56, 56
891, 1, 131, 161, 56, 56
892, 1, 190, 102, 56, 56
893, 1, 160, 111, 56, 56
894, 1, 126, 164, 56, 56
895, 1, 129, 174, 56, 56
896, 1, 128, 175, 56, 56
897, 1, 127, 177, 56, 56
898, 1, 124, 179, 56, 56
899, 1, 124, 182, 56, 56
900, 1, 123, 184, 56, 56
901, 1, 221, 118, 56, 56
902, 1, 230, 118, 56, 56
903, 1, 195, 141, 56, 56
904, 1, 199, 137, 56, 56
905, 1, 126, 190, 56, 56
906, 1, 125, 192, 56, 56
906, 1, 206, 141, 56, 56
907, 1, 126, 196, 56, 56
907, 1, 188, 117, 56, 56
907, 1, 240, 97, 56, 56
908, 1, 127, 206, 56, 56
909, 1, 191, 118, 56, 56
909, 1, 127, 208, 56, 56
910, 1, 217, 143, 56, 56
911, 1, 222, 145, 56, 56
913, 1, 258, 118, 56, 56
914, 1, 146, 92, 56, 56
915, 1, 147, 94, 56, 56
918, 1, 211, 185, 56, 56
939, 1, 140, 119, 56, 56
940, 1, 128, 68, 56, 56
941, 1, 122, 74, 56, 56
942, 1, 120, 74, 56, 56
943, 1, 113, 75, 56, 56
945, 1, 109, 80, 56, 56
946, 1, 107, 86, 56, 56
947, 1, 106, 87, 56, 56
948, 1, 100, 84, 56, 56
949, 1, 93, 87, 56, 56
950, 1, 91, 88, 56, 56
951, 1, 89, 90, 56, 56
952, 1, 92, 85, 56, 56
953, 1, 107, 103, 56, 56
954, 1, 81, 96, 56, 56
955, 1, 78, 95, 56, 56
956, 1, 76, 101, 56, 56
957, 1, 202, 167, 56, 56
957, 1, 76, 101, 56, 56
958, 1, 105, 128, 56, 56
959, 1, 69, 103, 56, 56
960, 1, 209, 170, 56, 56
960, 1, 129, 63, 56, 56
961, 1, 206, 171, 56, 56
962, 1, 126, 71, 56, 56
963, 1, 126, 74, 56, 56
964, 1, 212, 176, 56, 56
964, 1, 124, 77, 56, 56
965, 1, 157, 59, 56, 56
965, 1, 189, 194, 56, 56
966, 1, 45, 121, 56, 56
967, 1, 125, 77, 56, 56
967, 1, 192, 197, 56, 56
968, 1, 194, 191, 56, 56
968, 1, 124, 77, 56, 56
969, 1, 123, 78, 56, 56
969, 1, 196, 201, 56, 56
970, 1, 124, 80, 56, 56
971, 1, 123, 78, 56, 56
971, 1, 28, 138, 56, 56
972, 1, 124, 86, 56, 56
973, 1, 120, 88, 56, 56
974, 1, 121, 87, 56, 56
975, 1, 161, 80, 56, 56
975, 1, 114, 91, 56, 56
976, 1, 115, 92, 56, 56
977, 1, 111, 96, 56, 56
977, 1, 151, 56, 56, 56
978, 1, 114, 94, 56, 56
979, 1, 157, 80, 56, 56
980, 1, 160, 83, 56, 56
980, 1, 106, 97, 56, 56
981, 1, 162, 81, 56, 56
981, 1, 106, 105, 56, 56
981, 1, 33, 158, 56, 56
982, 1, 102, 103, 56, 56
982, 1, 160, 84, 56, 56
983, 1, 29, 169, 56, 56
984, 1, 98, 109, 56, 56
984, 1, 25, 167, 56, 56
985, 1, 99, 114, 56, 56
986, 1, 100, 115, 56, 56
987, 1, 96, 120, 56, 56
987, 1, 161, 90, 56, 56
988, 1, 96, 124, 56, 56
989, 1, 92, 127, 56, 56
989, 1, 164, 72, 56, 56
990, 1, 88, 128, 56, 56
990, 1, 160, 64, 56, 56
991, 1, 90, 130, 56, 56
992, 1, 91, 133, 56, 56
992, 1, 160, 69, 56, 56
993, 1, 88, 142, 56, 56
994, 1, 83, 142, 56, 56
994, 1, 158, 76, 56, 56
995, 1, 84, 145, 56, 56
996, 1, 81, 152, 56, 56
997, 1, 151, 77, 56, 56
997, 1, 82, 157, 56, 56
998, 1, 150, 79, 56, 56
999, 1, 143, 85, 56, 56
1000, 1, 76, 163, 56, 56
1001, 1, 162, 77, 56, 56
1002, 1, 152, 117, 56, 56
1002, 1, 65, 164, 56, 56
1003, 1, 152, 118, 56, 56
1004, 1, 61, 166, 56, 56
1004, 1, 144, 94, 56, 56
1005, 1, 61, 169, 56, 56
1006, 1, 159, 81, 56, 56
1006, 1, 61, 175, 56, 56
1007, 1, 143, 99, 56, 56
1008, 1, 48, 178, 56, 56
1009, 1, 141, 101, 56, 56
1010, 1, 139, 101, 56, 56
1011, 1, 139, 104, 56, 56
1012, 1, 177, 202, 56, 56
1013, 1, 172, 180, 56, 56
1014, 1, 142, 116, 56, 56
1015, 1, 138, 119, 56, 56
1016, 1, 158, 189, 56, 56
1017, 1, 135, 131, 56, 56
1018, 1, 140, 72, 56, 56
1018, 1, 140, 128, 56, 56
1019, 1, 140, 133, 56, 56
1020, 1, 135, 139, 56, 56
1021, 1, 141, 138, 56, 56
1021, 1, 166, 186, 56, 56
1023, 1, 138, 148, 56, 56
1024, 1, 133, 149, 56, 56
1025, 1, 158, 91, 56, 56
1026, 1, 134, 156, 56, 56
1027, 1, 136, 155, 56, 56
1027, 1, 170, 95, 56, 56
1028, 1, 133, 155, 56, 56
1028, 1, 164, 105, 56, 56
1029, 1, 171, 104, 56, 56
1030, 1, 136, 160, 56, 56
1030, 1, 174, 99, 56, 56
1031, 1, 134, 169, 56, 56
1031, 1, 177, 108, 56, 56
1032, 1, 130, 163, 56, 56
1032, 1, 178, 106, 56, 56
1033, 1, 130, 164, 56, 56
1033, 1, 156, 47, 56, 56
1033, 1, 181, 110, 56, 56
1034, 1, 129, 168, 56, 56
1034, 1, 180, 111, 56, 56
1035, 1, 125, 170, 56, 56
1035, 1, 157, 58, 56, 56
1036, 1, 122, 170, 56, 56
1036, 1, 191, 116, 56, 56
1037, 1, 120, 173, 56, 56
1037, 1, 191, 122, 56, 56
1038, 1, 190, 126, 56, 56
1039, 1, 194, 126, 56, 56
1040, 1, 200, 136, 56, 56
1041, 1, 189, 116, 56, 56
1042, 1, 180, 158, 56, 56
1043, 1, 168, 76, 56, 56
1044, 1, 211, 144, 56, 56
1045, 1, 143, 42, 56, 56
1045, 1, 185, 171, 56, 56
1046, 1, 216, 152, 56, 56
1046, 1, 174, 75, 56, 56
1047, 1, 175, 78, 56, 56
1047, 1, 222, 152, 56, 56
1048, 1, 221, 156, 56, 56
1048, 1, 171, 78, 56, 56
1049, 1, 172, 88, 56, 56
1050, 1, 230, 160, 56, 56
1051, 1, 232, 162, 56, 56
1051, 1, 182, 79, 56, 56
1052, 1, 185, 82, 56, 56
1052, 1, 234, 165, 56, 56
1053, 1, 173, 85, 56, 56
1054, 1, 184, 82, 56, 56
1055, 1, 186, 85, 56, 56
1055, 1, 146, 116, 56, 56
1056, 1, 188, 94, 56, 56
1056, 1, 195, 175, 56, 56
1057, 1, 186, 93, 56, 56
1058, 1, 185, 92, 56, 56
1059, 1, 191, 94, 56, 56
1059, 1, 262, 177, 56, 56
1060, 1, 186, 101, 56, 56
1061, 1, 165, 123, 56, 56
1062, 1, 190, 114, 56, 56
1063, 1, 195, 112, 56, 56
1064, 1, 173, 129, 56, 56
1065, 1, 199, 110, 56, 56
1066, 1, 178, 131, 56, 56
1067, 1, 205, 113, 56, 56
1067, 1, 105, 96, 56, 56
1068, 1, 209, 117, 56, 56
1069, 1, 213, 118, 56, 56
1070, 1, 220, 122, 56, 56
1070, 1, 104, 103, 56, 56
1071, 1, 103, 105, 56, 56
1071, 1, 218, 119, 56, 56
1072, 1, 104, 107, 56, 56
1072, 1, 224, 123, 56, 56
1073, 1, 232, 126, 56, 56
1073, 1, 103, 109, 56, 56
1074, 1, 104, 112, 56, 56
1074, 1, 236, 127, 56, 56
1075, 1, 235, 122, 56, 56
1075, 1, 145, 153, 56, 56
1076, 1, 239, 122, 56, 56
1077, 1, 106, 116, 56, 56
1077, 1, 244, 123, 56, 56
1078, 1, 102, 125, 56, 56
1078, 1, 253, 122, 56, 56
1079, 1, 254, 124, 56, 56
1079, 1, 105, 120, 56, 56
1080, 1, 104, 127, 56, 56
1081, 1, 261, 125, 56, 56
1082, 1, 101, 133, 56, 56
1083, 1, 238, 152, 56, 56
1084, 1, 104, 131, 56, 56
1085, 1, 100, 135, 56, 56
1086, 1, 155, 77, 56, 56
1087, 1, 94, 146, 56, 56
1088, 1, 93, 141, 56, 56
1089, 1, 87, 146, 56, 56
1090, 1, 90, 148, 56, 56
1091, 1, 86, 151, 56, 56
1092, 1, 100, 168, 56, 56
1093, 1, 82, 149, 56, 56
1094, 1, 83, 161, 56, 56
1095, 1, 75, 156, 56, 56
1096, 1, 74, 165, 56, 56
1097, 1, 72, 166, 56, 56
1098, 1, 73, 169, 56, 56
1099, 1, 69, 171, 56, 56
1100, 1, 170, 110, 56, 56
1101, 1, 67, 170, 56, 56
1102, 1, 156, 88, 56, 56
1103, 1, 156, 90, 56, 56
1104, 1, 162, 88, 56, 56
1105, 1, 171, 121, 56, 56
1106, 1, 164, 95, 56, 56
1107, 1, 164, 100, 56, 56
1108, 1, 162, 96, 56, 56
1109, 1, 160, 104, 56, 56
1110, 1, 166, 104, 56, 56
1111, 1, 165, 116, 56, 56
1112, 1, 160, 108, 56, 56
1113, 1, 162, 111, 56, 56
1114, 1, 166, 112, 56, 56
1115, 1, 169, 119, 56, 56
1116, 1, 173, 116, 56, 56
1117, 1, 176, 124, 56, 56
1118, 1, 176, 123, 56, 56
1119, 1, 177, 127, 56, 56
1119, 1, 58, 196, 56, 56
1120, 1, 179, 130, 56, 56
1120, 1, 55, 199, 56, 56
1121, 1, 181, 132, 56, 56
1122, 1, 184, 132, 56, 56
1123, 1, 186, 137, 56, 56
1124, 1, 188, 137, 56, 56
1125, 1, 190, 136, 56, 56
1125, 1, 118, 54, 56, 56
1126, 1, 203, 166, 56, 56
1127, 1, 195, 139, 56, 56
1128, 1, 215, 169, 56, 56
1129, 1, 201, 143, 56, 56
1130, 1, 219, 174, 56, 56
1131, 1, 215, 168, 56, 56
1132, 1, 223, 172, 56, 56
1133, 1, 188, 156, 56, 56
1134, 1, 185, 168, 56, 56
1136, 1, 226, 160, 56, 56
1137, 1, 230, 160, 56, 56
1138, 1, 198, 173, 56, 56
1140, 1, 204, 178, 56, 56
1141, 1, 208, 186, 56, 56
1142, 1, 130, 90, 56, 56
1143, 1, 130, 91, 56, 56
1144, 1, 137, 93, 56, 56
1145, 1, 128, 93, 56, 56
1146, 1, 136, 102, 56, 56
1147, 1, 128, 97, 56, 56
1148, 1, 133, 99, 56, 56
1149, 1, 134, 102, 56, 56
1150, 1, 134, 105, 56, 56
1151, 1, 134, 114, 56, 56
1152, 1, 136, 109, 56, 56
1153, 1, 135, 111, 56, 56
1154, 1, 137, 116, 56, 56
1155, 1, 138, 124, 56, 56
1156, 1, 140, 126, 56, 56
1157, 1, 143, 130, 56, 56
1159, 1, 144, 129, 56, 56
1163, 1, 152, 142, 56, 56
1164, 1, 155, 141, 56, 56
1164, 1, 180, 193, 56, 56
1167, 1, 157, 150, 56, 56
1172, 1, 145, 114, 56, 56
1173, 1, 145, 117, 56, 56
1175, 1, 171, 120, 56, 56
1176, 1, 173, 122, 56, 56
1177, 1, 173, 125, 56, 56
1178, 1, 173, 127, 56, 56
1179, 1, 157, 121, 56, 56
1182, 1, 172, 181, 56, 56
1183, 1, 176, 193, 56, 56
1184, 1, 164, 39, 56, 56
1185, 1, 181, 198, 56, 56
1185, 1, 161, 46, 56, 56
1186, 1, 160, 47, 56, 56
1187, 1, 161, 41, 56, 56
1188, 1, 155, 46, 56, 56
1188, 1, 188, 206, 56, 56
1189, 1, 156, 52, 56, 56
1190, 1, 155, 53, 56, 56
1191, 1, 153, 171, 56, 56
1192, 1, 153, 176, 56, 56
1193, 1, 152, 56, 56, 56
1193, 1, 148, 175, 56, 56
1194, 1, 147, 55, 56, 56
1195, 1, 155, 56, 56, 56
1196, 1, 155, 56, 56, 56
1197, 1, 155, 57, 56, 56
1198, 1, 151, 56, 56, 56
1199, 1, 151, 56, 56, 56
1200, 1, 155, 71, 56, 56
1201, 1, 152, 65, 56, 56
1202, 1, 153, 73, 56, 56
1203, 1, 163, 75, 56, 56
1204, 1, 166, 79, 56, 56
1204, 1, 130, 36, 56, 56
1205, 1, 167, 76, 56, 56
1206, 1, 130, 48, 56, 56
1207, 1, 170, 86, 56, 56
1208, 1, 169, 85, 56, 56
1209, 1, 169, 88, 56, 56
1210, 1, 163, 136, 56, 56
1211, 1, 166, 141, 56, 56
1212, 1, 169, 140, 56, 56
1213, 1, 173, 145, 56, 56
1214, 1, 174, 148, 56, 56
1216, 1, 177, 153, 56, 56
1217, 1, 173, 155, 56, 56
1218, 1, 179, 153, 56, 56
1218, 1, 133, 66, 56, 56
1219, 1, 133, 68, 56, 56
1219, 1, 179, 162, 56, 56
1220, 1, 183, 161, 56, 56
1220, 1, 126, 71, 56, 56
1221, 1, 175, 165, 56, 56
1222, 1, 129, 72, 56, 56
1223, 1, 127, 71, 56, 56
1224, 1, 156, 104, 56, 56
1225, 1, 128, 71, 56, 56
1226, 1, 129, 73, 56, 56
1227, 1, 152, 99, 56, 56
1228, 1, 152, 102, 56, 56
1229, 1, 125, 78, 56, 56
1230, 1, 125, 80, 56, 56
1231, 1, 147, 105, 56, 56
1232, 1, 144, 106, 56, 56
1232, 1, 157, 44, 56, 56
1233, 1, 144, 112, 56, 56
1233, 1, 188, 199, 56, 56
1234, 1, 143, 112, 56, 56
1234, 1, 194, 201, 56, 56
1235, 1, 113, 83, 56, 56
1236, 1, 112, 85, 56, 56
1236, 1, 144, 122, 56, 56
1237, 1, 147, 125, 56, 56
1237, 1, 107, 85, 56, 56
1238, 1, 144, 126, 56, 56
1239, 1, 148, 128, 56, 56
1239, 1, 102, 84, 56, 56
1240, 1, 147, 135, 56, 56
1240, 1, 99, 87, 56, 56
1241, 1, 150, 132, 56, 56
1241, 1, 98, 91, 56, 56
1242, 1, 149, 135, 56, 56
1242, 1, 99, 99, 56, 56
1243, 1, 151, 138, 56, 56
1243, 1, 93, 102, 56, 56
1244, 1, 150, 140, 56, 56
1244, 1, 88, 104, 56, 56
1245, 1, 152, 147, 56, 56
1245, 1, 92, 111, 56, 56
1246, 1, 90, 106, 56, 56
1247, 1, 82, 113, 56, 56
1247, 1, 148, 155, 56, 56
1248, 1, 83, 116, 56, 56
1248, 1, 153, 154, 56, 56
1249, 1, 82, 118, 56, 56
1250, 1, 84, 120, 56, 56
1251, 1, 83, 121, 56, 56
1251, 1, 145, 161, 56, 56
1252, 1, 80, 123, 56, 56
1252, 1, 147, 164, 56, 56
1253, 1, 85, 126, 56, 56
1254, 1, 77, 127, 56, 56
1255, 1, 162, 64, 56, 56
1256, 1, 79, 128, 56, 56
1256, 1, 159, 64, 56, 56
1257, 1, 78, 130, 56, 56
1258, 1, 78, 131, 56, 56
1259, 1, 80, 132, 56, 56
1260, 1, 79, 136, 56, 56
1261, 1, 81, 140, 56, 56
1262, 1, 121, 67, 56, 56
1263, 1, 82, 147, 56, 56
1264, 1, 161, 104, 56, 56
1265, 1, 125, 107, 56, 56
1266, 1, 74, 157, 56, 56
1266, 1, 127, 48, 56, 56
1267, 1, 73, 154, 56, 56
1268, 1, 74, 166, 56, 56
1268, 1, 127, 54, 56, 56
1269, 1, 130, 49, 56, 56
1270, 1, 129, 57, 56, 56
1270, 1, 169, 81, 56, 56
1271, 1, 73, 171, 56, 56
1271, 1, 137, 57, 56, 56
1272, 1, 67, 180, 56, 56
1273, 1, 70, 176, 56, 56
1274, 1, 67, 185, 56, 56
1274, 1, 131, 56, 56, 56
1275, 1, 161, 114, 56, 56
1276, 1, 76, 182, 56, 56
1277, 1, 130, 61, 56, 56
1278, 1, 74, 193, 56, 56
1278, 1, 167, 100, 56, 56
1279, 1, 169, 103, 56, 56
1280, 1, 123, 74, 56, 56
1281, 1, 121, 75, 56, 56
1281, 1, 170, 113, 56, 56
1282, 1, 170, 113, 56, 56
1283, 1, 121, 80, 56, 56
1283, 1, 170, 118, 56, 56
1284, 1, 120, 75, 56, 56
1285, 1, 117, 75, 56, 56
1286, 1, 118, 82, 56, 56
1287, 1, 115, 83, 56, 56
1287, 1, 174, 131, 56, 56
1288, 1, 110, 84, 56, 56
1289, 1, 108, 85, 56, 56
1289, 1, 176, 133, 56, 56
1290, 1, 113, 86, 56, 56
1291, 1, 109, 88, 56, 56
1292, 1, 109, 91, 56, 56
1293, 1, 178, 139, 56, 56
1293, 1, 102, 93, 56, 56
1294, 1, 179, 148, 56, 56
1294, 1, 103, 96, 56, 56
1295, 1, 177, 145, 56, 56
1296, 1, 183, 149, 56, 56
1297, 1, 186, 149, 56, 56
1297, 1, 99, 101, 56, 56
1298, 1, 182, 152, 56, 56
1298, 1, 121, 69, 56, 56
1299, 1, 184, 158, 56, 56
1299, 1, 97, 102, 56, 56
1300, 1, 94, 107, 56, 56
1300, 1, 187, 161, 56, 56
1301, 1, 193, 158, 56, 56
1301, 1, 90, 109, 56, 56
1302, 1, 91, 106, 56, 56
1302, 1, 147, 82, 56, 56
1303, 1, 205, 172, 56, 56
1304, 1, 88, 117, 56, 56
1305, 1, 89, 118, 56, 56
1306, 1, 88, 118, 56, 56
1307, 1, 82, 122, 56, 56
1308, 1, 212, 176, 56, 56
1308, 1, 84, 122, 56, 56
1309, 1, 213, 178, 56, 56
1310, 1, 214, 182, 56, 56
1310, 1, 82, 125, 56, 56
1311, 1, 212, 177, 56, 56
1312, 1, 153, 103, 56, 56
1312, 1, 85, 136, 56, 56
1313, 1, 214, 189, 56, 56
1313, 1, 84, 137, 56, 56
1314, 1, 161, 102, 56, 56
1315, 1, 74, 146, 56, 56
1316, 1, 173, 92, 56, 56
1317, 1, 94, 134, 56, 56
1318, 1, 176, 92, 56, 56
1318, 1, 219, 202, 56, 56
1319, 1, 182, 94, 56, 56
1320, 1, 75, 161, 56, 56
1321, 1, 70, 161, 56, 56
1322, 1, 69, 164, 56, 56
1323, 1, 68, 167, 56, 56
1324, 1, 67, 171, 56, 56
1324, 1, 189, 99, 56, 56
1325, 1, 65, 173, 56, 56
1326, 1, 65, 178, 56, 56
1327, 1, 63, 181, 56, 56
1328, 1, 182, 124, 56, 56
1329, 1, 195, 103, 56, 56
1330, 1, 154, 106, 56, 56
1331, 1, 56, 195, 56, 56
1332, 1, 160, 109, 56, 56
1333, 1, 161, 111, 56, 56
1334, 1, 155, 110, 56, 56
1335, 1, 203, 117, 56, 56
1336, 1, 213, 117, 56, 56
1337, 1, 148, 59, 56, 56
1338, 1, 181, 148, 56, 56
1339, 1, 155, 66, 56, 56
1340, 1, 150, 98, 56, 56
1341, 1, 135, 94, 56, 56
1342, 1, 155, 72, 56, 56
1343, 1, 157, 74, 56, 56
1344, 1, 149, 110, 56, 56
1345, 1, 156, 77, 56, 56
1346, 1, 128, 107, 56, 56
1347, 1, 127, 110, 56, 56
1348, 1, 123, 112, 56, 56
1349, 1, 157, 60, 56, 56
1350, 1, 153, 95, 56, 56
1351, 1, 159, 104, 56, 56
1352, 1, 157, 108, 56, 56
1353, 1, 166, 37, 56, 56
1354, 1, 164, 112, 56, 56
1355, 1, 157, 107, 56, 56
1356, 1, 163, 116, 56, 56
1357, 1, 167, 115, 56, 56
1357, 1, 163, 44, 56, 56
1358, 1, 165, 118, 56, 56
1359, 1, 173, 120, 56, 56
1360, 1, 169, 119, 56, 56
1361, 1, 172, 121, 56, 56
1362, 1, 175, 123, 56, 56
1362, 1, 128, 108, 56, 56
1363, 1, 179, 126, 56, 56
1364, 1, 182, 121, 56, 56
1365, 1, 176, 129, 56, 56
1366, 1, 186, 121, 56, 56
1367, 1, 152, 84, 56, 56
1368, 1, 189, 124, 56, 56
1369, 1, 155, 83, 56, 56
1370, 1, 152, 86, 56, 56
1371, 1, 156, 95, 56, 56
1372, 1, 169, 169, 56, 56
1372, 1, 160, 97, 56, 56
1373, 1, 164, 97, 56, 56
1374, 1, 200, 138, 56, 56
1374, 1, 168, 99, 56, 56
1375, 1, 202, 141, 56, 56
1375, 1, 169, 100, 56, 56
1376, 1, 204, 145, 56, 56
1376, 1, 170, 100, 56, 56
1377, 1, 207, 144, 56, 56
1378, 1, 211, 149, 56, 56
1379, 1, 174, 74, 56, 56
1380, 1, 180, 75, 56, 56
1381, 1, 159, 71, 56, 56
1382, 1, 182, 76, 56, 56
1383, 1, 179, 79, 56, 56
1383, 1, 225, 165, 56, 56
1384, 1, 170, 142, 56, 56
1384, 1, 234, 165, 56, 56
1384, 1, 186, 80, 56, 56
1385, 1, 186, 79, 56, 56
1385, 1, 239, 166, 56, 56
1386, 1, 238, 169, 56, 56
1386, 1, 186, 78, 56, 56
1387, 1, 188, 86, 56, 56
1387, 1, 237, 173, 56, 56
1388, 1, 194, 87, 56, 56
1389, 1, 193, 88, 56, 56
1390, 1, 197, 86, 56, 56
1391, 1, 199, 90, 56, 56
1392, 1, 185, 136, 56, 56
1393, 1, 203, 100, 56, 56
1394, 1, 201, 102, 56, 56
1395, 1, 209, 99, 56, 56
1396, 1, 211, 102, 56, 56
1397, 1, 118, 93, 56, 56
1397, 1, 206, 103, 56, 56
1398, 1, 213, 105, 56, 56
1399, 1, 215, 106, 56, 56
1399, 1, 124, 102, 56, 56
1400, 1, 216, 113, 56, 56
1400, 1, 123, 105, 56, 56
1401, 1, 120, 109, 56, 56
1402, 1, 218, 114, 56, 56
1402, 1, 114, 112, 56, 56
1403, 1, 226, 116, 56, 56
1403, 1, 121, 114, 56, 56
1404, 1, 112, 112, 56, 56
1404, 1, 210, 146, 56, 56
1405, 1, 105, 115, 56, 56
1405, 1, 209, 150, 56, 56
1406, 1, 215, 144, 56, 56
1408, 1, 108, 124, 56, 56
1408, 1, 221, 147, 56, 56
1409, 1, 107, 125, 56, 56
1409, 1, 218, 147, 56, 56
1410, 1, 104, 125, 56, 56
1411, 1, 226, 150, 56, 56
1411, 1, 103, 130, 56, 56
1412, 1, 103, 134, 56, 56
1413, 1, 101, 136, 56, 56
1414, 1, 238, 142, 56, 56
1415, 1, 97, 135, 56, 56
1416, 1, 93, 142, 56, 56
1417, 1, 217, 163, 56, 56
1418, 1, 86, 147, 56, 56
1419, 1, 91, 148, 56, 56
1420, 1, 87, 154, 56, 56
1421, 1, 234, 168, 56, 56
1422, 1, 255, 142, 56, 56
1423, 1, 77, 165, 56, 56
1425, 1, 93, 172, 56, 56
1429, 1, 62, 172, 56, 56
1430, 1, 157, 89, 56, 56
1431, 1, 158, 118, 56, 56
1432, 1, 162, 125, 56, 56
1433, 1, 164, 101, 56, 56
1434, 1, 163, 101, 56, 56
1435, 1, 162, 101, 56, 56
1445, 1, 169, 126, 56, 56
1446, 1, 173, 127, 56, 56
1447, 1, 168, 132, 56, 56
1448, 1, 165, 134, 56, 56
1450, 1, 162, 141, 56, 56
1451, 1, 169, 142, 56, 56
1452, 1, 167, 152, 56, 56
1453, 1, 171, 152, 56, 56
1454, 1, 163, 155, 56, 56
1455, 1, 166, 162, 56, 56
1456, 1, 164, 161, 56, 56
1457, 1, 170, 164, 56, 56
1457, 1, 165, 82, 56, 56
1458, 1, 170, 169, 56, 56
1458, 1, 162, 91, 56, 56
1459, 1, 169, 172, 56, 56
1460, 1, 167, 172, 56, 56
1463, 1, 173, 181, 56, 56
1464, 1, 178, 183, 56, 56
1465, 1, 176, 184, 56, 56
1465, 1, 100, 112, 56, 56
1466, 1, 98, 114, 56, 56
1467, 1, 88, 125, 56, 56
1468, 1, 182, 195, 56, 56
1469, 1, 188, 195, 56, 56
1470, 1, 122, 166, 56, 56
1471, 1, 189, 197, 56, 56
1472, 1, 192, 200, 56, 56
1473, 1, 191, 202, 56, 56
1474, 1, 79, 134, 56, 56
1475, 1, 73, 135, 56, 56
1476, 1, 72, 142, 56, 56
1477, 1, 68, 146, 56, 56
1478, 1, 66, 148, 56, 56
1479, 1, 64, 148, 56, 56
1480, 1, 78, 166, 56, 56
1481, 1, 148, 40, 56, 56
1482, 1, 96, 171, 56, 56
1483, 1, 92, 186, 56, 56
1484, 1, 90, 184, 56, 56
1485, 1, 104, 195, 56, 56
1486, 1, 53, 179, 56, 56
1486, 1, 148, 41, 56, 56
1487, 1, 34, 166, 56, 56
1487, 1, 144, 47, 56, 56
1488, 1, 146, 52, 56, 56
1489, 1, 143, 49, 56, 56
1489, 1, 133, 95, 56, 56
1490, 1, 138, 47, 56, 56
1490, 1, 138, 96, 56, 56
1491, 1, 143, 53, 56, 56
1491, 1, 133, 99, 56, 56
1492, 1, 142, 54, 56, 56
1492, 1, 139, 100, 56, 56
1493, 1, 135, 103, 56, 56
1493, 1, 142, 48, 56, 56
1494, 1, 135, 105, 56, 56
1495, 1, 139, 108, 56, 56
1495, 1, 136, 58, 56, 56
1496, 1, 141, 113, 56, 56
1497, 1, 138, 116, 56, 56
1497, 1, 137, 58, 56, 56
1498, 1, 139, 119, 56, 56
1498, 1, 135, 61, 56, 56
1499, 1, 139, 123, 56, 56
1499, 1, 134, 61, 56, 56
1500, 1, 141, 120, 56, 56
1500, 1, 137, 62, 56, 56
1501, 1, 133, 61, 56, 56
1501, 1, 138, 131, 56, 56
1502, 1, 131, 64, 56, 56
1502, 1, 141, 133, 56, 56
1503, 1, 143, 136, 56, 56
1504, 1, 132, 71, 56, 56
1504, 1, 137, 140, 56, 56
1505, 1, 136, 74, 56, 56
1505, 1, 140, 142, 56, 56
1506, 1, 135, 145, 56, 56
1507, 1, 132, 78, 56, 56
1507, 1, 141, 139, 56, 56
1508, 1, 133, 150, 56, 56
1508, 1, 135, 76, 56, 56
1509, 1, 132, 153, 56, 56
1510, 1, 133, 151, 56, 56
1510, 1, 132, 84, 56, 56
1511, 1, 126, 159, 56, 56
1511, 1, 139, 85, 56, 56
1512, 1, 127, 163, 56, 56
1512, 1, 137, 91, 56, 56
1513, 1, 139, 90, 56, 56
1514, 1, 127, 168, 56, 56
1515, 1, 139, 95, 56, 56
1516, 1, 140, 98, 56, 56
1517, 1, 138, 98, 56, 56
1518, 1, 137, 99, 56, 56
1519, 1, 136, 98, 56, 56
1520, 1, 135, 105, 56, 56
1521, 1, 138, 103, 56, 56
1521, 1, 114, 48, 56, 56
1522, 1, 132, 114, 56, 56
1523, 1, 133, 110, 56, 56
1524, 1, 162, 88, 56, 56
1525, 1, 129, 117, 56, 56
1525, 1, 121, 53, 56, 56
1526, 1, 134, 115, 56, 56
1526, 1, 115, 55, 56, 56
1527, 1, 136, 123, 56, 56
1527, 1, 118, 56, 56, 56
1528, 1, 115, 62, 56, 56
1529, 1, 134, 122, 56, 56
1529, 1, 156, 42, 56, 56
1530, 1, 135, 126, 56, 56
1530, 1, 144, 37, 56, 56
1531, 1, 134, 130, 56, 56
1531, 1, 144, 39, 56, 56
1532, 1, 144, 47, 56, 56
1532, 1, 125, 131, 56, 56
1533, 1, 126, 132, 56, 56
1533, 1, 143, 48, 56, 56
1534, 1, 129, 141, 56, 56
1534, 1, 145, 48, 56, 56
1535, 1, 143, 50, 56, 56
1535, 1, 134, 140, 56, 56
1536, 1, 129, 141, 56, 56
1536, 1, 143, 52, 56, 56
1537, 1, 143, 48, 56, 56
1537, 1, 133, 142, 56, 56
1538, 1, 128, 142, 56, 56
1538, 1, 150, 54, 56, 56
1539, 1, 145, 53, 56, 56
1539, 1, 132, 144, 56, 56
1540, 1, 131, 151, 56, 56
1540, 1, 148, 54, 56, 56
1541, 1, 130, 153, 56, 56
1541, 1, 143, 54, 56, 56
1542, 1, 131, 151, 56, 56
1542, 1, 148, 58, 56, 56
1543, 1, 134, 152, 56, 56
1543, 1, 142, 61, 56, 56
1544, 1, 147, 63, 56, 56
1544, 1, 134, 157, 56, 56
1545, 1, 147, 67, 56, 56
1545, 1, 132, 157, 56, 56
1546, 1, 147, 63, 56, 56
1546, 1, 136, 163, 56, 56
1547, 1, 144, 63, 56, 56
1547, 1, 137, 168, 56, 56
1548, 1, 148, 68, 56, 56
1548, 1, 135, 163, 56, 56
1549, 1, 137, 168, 56, 56
1549, 1, 145, 67, 56, 56
1550, 1, 144, 69, 56, 56
1551, 1, 150, 76, 56, 56
1552, 1, 150, 78, 56, 56
1553, 1, 156, 79, 56, 56
1554, 1, 153, 78, 56, 56
1555, 1, 152, 81, 56, 56
1556, 1, 156, 81, 56, 56
1557, 1, 152, 86, 56, 56
1558, 1, 149, 89, 56, 56
1559, 1, 153, 89, 56, 56
1560, 1, 154, 90, 56, 56
1561, 1, 153, 90, 56, 56
1562, 1, 146, 93, 56, 56
1563, 1, 147, 93, 56, 56
1564, 1, 147, 93, 56, 56
1565, 1, 147, 100, 56, 56
1566, 1, 147, 101, 56, 56
1567, 1, 147, 101, 56, 56
1568, 1, 147, 104, 56, 56
1568, 1, 141, 44, 56, 56
1569, 1, 146, 109, 56, 56
1569, 1, 133, 53, 56, 56
1570, 1, 144, 109, 56, 56
1570, 1, 132, 55, 56, 56
1571, 1, 140, 109, 56, 56
1571, 1, 191, 122, 56, 56
1571, 1, 130, 60, 56, 56
1572, 1, 141, 113, 56, 56
1573, 1, 141, 115, 56, 56
1574, 1, 135, 116, 56, 56
1575, 1, 134, 118, 56, 56
1575, 1, 127, 62, 56, 56
1576, 1, 131, 117, 56, 56
1577, 1, 128, 123, 56, 56
1578, 1, 127, 124, 56, 56
1578, 1, 124, 68, 56, 56
1579, 1, 126, 122, 56, 56
1580, 1, 124, 127, 56, 56
1581, 1, 124, 133, 56, 56
1582, 1, 118, 130, 56, 56
1583, 1, 123, 129, 56, 56
1584, 1, 118, 133, 56, 56
1585, 1, 122, 136, 56, 56
1585, 1, 114, 72, 56, 56
1586, 1, 122, 133, 56, 56
1586, 1, 115, 69, 56, 56
1587, 1, 120, 134, 56, 56
1588, 1, 119, 133, 56, 56
1588, 1, 113, 77, 56, 56
1589, 1, 114, 142, 56, 56
1590, 1, 116, 142, 56, 56
1591, 1, 117, 104, 56, 56
1592, 1, 104, 82, 56, 56
1592, 1, 114, 146, 56, 56
1593, 1, 114, 150, 56, 56
1594, 1, 114, 107, 56, 56
1594, 1, 114, 155, 56, 56
1595, 1, 114, 111, 56, 56
1596, 1, 111, 111, 56, 56
1597, 1, 109, 116, 56, 56
1598, 1, 106, 117, 56, 56
1599, 1, 113, 167, 56, 56
1600, 1, 113, 177, 56, 56
1601, 1, 112, 180, 56, 56
1602, 1, 112, 176, 56, 56
1603, 1, 110, 187, 56, 56
1604, 1, 110, 190, 56, 56
1604, 1, 86, 102, 56, 56
1605, 1, 109, 185, 56, 56
1606, 1, 109, 195, 56, 56
1607, 1, 79, 109, 56, 56
1608, 1, 108, 199, 56, 56
1609, 1, 108, 200, 56, 56
1609, 1, 67, 104, 56, 56
1610, 1, 63, 103, 56, 56
1611, 1, 66, 102, 56, 56
1612, 1, 62, 102, 56, 56
1613, 1, 59, 100, 56, 56
1614, 1, 48, 104, 56, 56
1619, 1, 73, 154, 56, 56
1626, 1, 42, 175, 56, 56
1627, 1, 43, 141, 56, 56
1628, 1, 44, 142, 56, 56
1629, 1, 42, 161, 56, 56
1631, 1, 36, 164, 56, 56
1635, 1, 132, 55, 56, 56
1636, 1, 130, 57, 56, 56
1637, 1, 127, 58, 56, 56
1638, 1, 125, 68, 56, 56
1639, 1, 124, 69, 56, 56
1640, 1, 121, 70, 56, 56
1641, 1, 117, 65, 56, 56
1642, 1, 125, 99, 56, 56
1645, 1, 140, 55, 56, 56
1646, 1, 155, 43, 56, 56
1647, 1, 138, 66, 56, 56
1648, 1, 142, 65, 56, 56
1649, 1, 144, 66, 56, 56
1650, 1, 147, 43, 56, 56
1651, 1, 146, 43, 56, 56
1652, 1, 140, 42, 56, 56
1653, 1, 144, 48, 56, 56
1654, 1, 96, 88, 56, 56
1654, 1, 144, 45, 56, 56
1655, 1, 145, 47, 56, 56
1656, 1, 145, 49, 56, 56
1657, 1, 144, 52, 56, 56
1658, 1, 141, 53, 56, 56
1659, 1, 146, 53, 56, 56
1660, 1, 152, 89, 56, 56
1661, 1, 149, 60, 56, 56
1662, 1, 144, 61, 56, 56
1662, 1, 128, 117, 56, 56
1663, 1, 148, 66, 56, 56
1664, 1, 143, 64, 56, 56
1665, 1, 71, 119, 56, 56
1665, 1, 139, 68, 56, 56
1666, 1, 147, 70, 56, 56
1666, 1, 72, 123, 56, 56
1667, 1, 143, 74, 56, 56
1667, 1, 68, 126, 56, 56
1668, 1, 143, 76, 56, 56
1668, 1, 63, 126, 56, 56
1669, 1, 87, 154, 56, 56
1670, 1, 134, 80, 56, 56
1671, 1, 135, 84, 56, 56
1672, 1, 131, 87, 56, 56
1673, 1, 134, 85, 56, 56
1674, 1, 129, 87, 56, 56
1675, 1, 130, 96, 56, 56
1676, 1, 125, 94, 56, 56
1677, 1, 125, 97, 56, 56
1678, 1, 124, 99, 56, 56
1681, 1, 126, 105, 56, 56
1684, 1, 122, 121, 56, 56
1685, 1, 122, 124, 56, 56
1686, 1, 119, 131, 56, 56
1688, 1, 114, 132, 56, 56
1689, 1, 114, 137, 56, 56
1690, 1, 107, 137, 56, 56
1691, 1, 103, 142, 56, 56
1692, 1, 69, 179, 56, 56
1693, 1, 103, 141, 56, 56
1694, 1, 97, 146, 56, 56
1695, 1, 90, 150, 56, 56
1696, 1, 57, 169, 56, 56
1697, 1, 127, 55, 56, 56
1703, 1, 132, 55, 56, 56
1704, 1, 131, 54, 56, 56
1705, 1, 49, 152, 56, 56
1706, 1, 135, 56, 56, 56
1707, 1, 47, 157, 56, 56
1708, 1, 153, 53, 56, 56
1709, 1, 38, 159, 56, 56
1710, 1, 109, 73, 56, 56
1711, 1, 54, 152, 56, 56
1712, 1, 27, 164, 56, 56
1713, 1, 139, 49, 56, 56
1716, 1, 40, 163, 56, 56
1719, 1, 71, 199, 56, 56
1720, 1, 29, 166, 56, 56
1721, 1, 27, 167, 56, 56
1722, 1, 24, 168, 56, 56
1723, 1, 32, 210, 56, 56
1782, 1, 140, 53, 56, 56
1785, 1, 137, 54, 56, 56
1786, 1, 135, 50, 56, 56
1787, 1, 135, 52, 56, 56
1789, 1, 133, 52, 56, 56
1790, 1, 131, 58, 56, 56
1791, 1, 131, 53, 56, 56
1792, 1, 130, 53, 56, 56
1793, 1, 130, 61, 56, 56
1794, 1, 129, 55, 56, 56
1795, 1, 127, 53, 56, 56
1797, 1, 126, 53, 56, 56
1799, 1, 126, 55, 56, 56
