head0,444,124.0,132.0
head0,445,124.0,132.0
head0,446,116.0,132.0
head0,447,116.0,132.0
head0,448,116.0,132.0
head0,449,116.0,140.0
head0,450,108.0,148.0
head0,451,108.0,148.0
head0,452,100.0,148.0
head0,453,100.0,156.0
head0,454,100.0,164.0
head0,455,92.0,164.0
head0,456,92.0,172.0
head0,457,84.0,172.0
head0,458,76.0,172.0
head0,459,76.0,180.0
head0,460,68.0,188.0
head0,461,68.0,188.0
head0,462,68.0,188.0
head0,463,60.0,188.0
head0,464,52.0,188.0
head1,444,188.0,76.0
head1,445,188.0,68.0
head1,447,168.0,64.0
head1,448,156.0,68.0
head1,449,148.0,68.0
head1,450,156.0,68.0
head1,451,156.0,68.0
head1,454,164.0,68.0
head1,456,180.0,68.0
head1,458,188.0,68.0
head1,459,180.0,68.0
head1,460,188.0,68.0
head1,461,188.0,68.0
head1,462,180.0,68.0
head1,463,180.0,68.0
head1,464,180.0,68.0
head1,465,180.0,68.0
head1,466,188.0,68.0
head1,467,180.0,68.0
head1,468,180.0,68.0
head1,469,188.0,68.0
head1,470,188.0,84.0
head1,471,188.0,68.0
head1,472,188.0,76.0
head1,473,188.0,76.0
head2,480,172.0,68.0
head2,481,172.0,60.0
head2,482,172.0,68.0
head2,483,172.0,68.0
head2,484,172.0,60.0
head2,485,172.0,60.0
head2,486,172.0,60.0
head2,487,172.0,60.0
head2,488,180.0,68.0
head2,489,172.0,68.0
head2,490,180.0,60.0
head2,491,180.0,60.0
head2,492,180.0,76.0
head2,493,180.0,76.0
head2,494,180.0,76.0
head2,495,180.0,84.0
head2,496,180.0,76.0
head2,497,180.0,84.0
head2,498,180.0,92.0
head2,499,180.0,100.0
head2,500,180.0,92.0
head2,501,188.0,100.0
head2,502,188.0,108.0
head2,505,196.0,108.0
head2,506,204.0,116.0
head2,507,204.0,108.0
head2,508,204.0,124.0
head2,509,204.0,124.0
head2,510,212.0,132.0
head2,511,212.0,132.0
head2,512,212.0,132.0
head2,513,212.0,140.0
head2,514,212.0,140.0
head2,515,212.0,148.0
head2,516,220.0,148.0
head2,517,212.0,148.0
head2,518,212.0,156.0
head2,519,220.0,164.0
head2,520,220.0,172.0
head2,521,228.0,180.0
head2,522,236.0,180.0
head2,523,228.0,180.0
head2,524,228.0,188.0
head2,525,244.0,188.0
head2,526,236.0,196.0
head2,527,236.0,196.0
head2,528,236.0,204.0
head2,529,236.0,212.0
head2,530,236.0,212.0
head2,531,252.0,212.0
head2,532,252.0,220.0
head2,533,252.0,228.0
head3,446,324.0,28.0
head3,447,324.0,28.0
head3,448,324.0,28.0
head3,449,324.0,28.0
head3,450,324.0,28.0
head3,452,324.0,28.0
head3,454,324.0,28.0
head3,455,324.0,28.0
head3,458,324.0,28.0
head3,459,324.0,28.0
head3,461,324.0,28.0
head3,462,324.0,28.0
head3,463,316.0,28.0
head3,465,324.0,28.0
head3,467,324.0,28.0
head3,468,324.0,28.0
head3,472,324.0,28.0
head3,474,316.0,28.0
head3,475,324.0,28.0
head3,478,316.0,28.0
head3,479,316.0,28.0
head3,483,324.0,28.0
head3,484,324.0,28.0
head3,485,324.0,28.0
head3,486,316.0,28.0
head3,487,300.0,28.0
head3,489,316.0,28.0
head3,490,308.0,28.0
head3,491,308.0,28.0
head3,492,316.0,28.0
head3,493,324.0,28.0
head3,494,324.0,28.0
head3,495,316.0,28.0
head3,496,324.0,28.0
head3,497,308.0,28.0
head3,498,316.0,28.0
head3,501,316.0,28.0
head3,502,324.0,28.0
head3,503,324.0,28.0
head3,504,316.0,28.0
head3,505,308.0,28.0
head3,506,316.0,28.0
head3,507,316.0,28.0
head3,508,316.0,28.0
head3,509,316.0,28.0
head3,510,308.0,28.0
head3,511,324.0,28.0
head3,513,316.0,28.0
head3,515,324.0,28.0
head3,516,324.0,28.0
head3,517,324.0,28.0
head3,518,324.0,28.0
head3,519,324.0,28.0
head3,520,324.0,28.0
head3,521,324.0,28.0
head3,522,324.0,28.0
head3,523,324.0,28.0
head3,524,324.0,28.0
head3,525,324.0,28.0
head3,526,324.0,28.0
head3,527,324.0,28.0
head3,528,324.0,28.0
head3,531,324.0,28.0
head3,534,316.0,28.0
head3,539,316.0,28.0
head3,541,324.0,28.0
head3,542,316.0,28.0
head3,543,316.0,28.0
head3,545,324.0,28.0
head3,546,324.0,28.0
head3,547,316.0,28.0
head3,548,316.0,28.0
head3,549,316.0,28.0
head3,550,316.0,28.0
head3,551,324.0,28.0
head3,552,316.0,28.0
head3,553,324.0,28.0
head3,554,316.0,28.0
head3,555,308.0,28.0
head3,556,316.0,28.0
head3,557,308.0,28.0
head3,558,316.0,28.0
head3,559,316.0,28.0
head3,561,308.0,28.0
head3,562,308.0,28.0
head3,563,308.0,28.0
head3,564,308.0,28.0
head3,565,308.0,28.0
head3,566,308.0,28.0
head4,562,204.0,132.0
head4,563,204.0,124.0
head4,564,212.0,124.0
head4,565,212.0,140.0
head4,566,204.0,140.0
head4,567,212.0,140.0
head4,568,212.0,148.0
head4,569,212.0,148.0
head4,570,220.0,148.0
head4,571,220.0,148.0
head4,572,228.0,156.0
head4,573,228.0,164.0
head4,575,228.0,172.0
head4,576,228.0,172.0
head4,577,228.0,172.0
head4,578,236.0,172.0
head4,579,236.0,172.0
head4,580,244.0,180.0
head4,581,244.0,188.0
head4,582,244.0,188.0
head4,583,244.0,188.0
head4,584,252.0,196.0
head4,585,252.0,196.0
head4,586,252.0,204.0
head4,587,252.0,212.0
head4,588,260.0,204.0
head4,589,260.0,220.0
head4,590,252.0,220.0
head4,591,260.0,228.0
head4,592,260.0,228.0
head4,593,260.0,236.0
head4,594,268.0,244.0
head4,595,260.0,244.0
head4,596,268.0,244.0
head4,597,268.0,244.0
head4,598,268.0,252.0
head5,586,324.0,28.0
head5,587,324.0,28.0
head5,589,324.0,28.0
head5,590,324.0,28.0
head5,591,324.0,28.0
head5,592,324.0,28.0
head5,593,324.0,28.0
head5,595,324.0,28.0
head5,596,324.0,28.0
head5,597,324.0,28.0
head5,598,324.0,28.0
head5,599,324.0,28.0
head5,600,324.0,28.0
head5,601,324.0,28.0
head5,602,324.0,28.0
head5,603,324.0,28.0
head5,604,324.0,28.0
head5,605,316.0,28.0
head5,606,324.0,28.0
head5,607,324.0,28.0
head5,608,308.0,28.0
head5,609,300.0,28.0
head6,614,140.0,164.0
head6,615,124.0,164.0
head6,616,88.0,144.0
head6,620,84.0,140.0
head6,621,84.0,140.0
head6,622,84.0,140.0
head6,623,76.0,140.0
head6,624,68.0,140.0
head6,625,68.0,148.0
head6,626,68.0,156.0
head6,627,76.0,156.0
head6,629,68.0,164.0
head6,630,60.0,172.0
head6,631,60.0,172.0
head6,632,60.0,180.0
head6,633,52.0,188.0
head6,634,52.0,188.0
head6,635,52.0,188.0
head6,636,52.0,188.0
head6,637,52.0,196.0
head6,638,44.0,204.0
head6,640,52.0,204.0
head6,641,44.0,212.0
head6,642,44.0,220.0
head6,644,36.0,220.0
head7,609,156.0,156.0
head7,610,156.0,156.0
head7,611,136.0,136.0
head7,612,104.0,128.0
head7,614,100.0,132.0
head7,615,100.0,132.0
head7,616,92.0,132.0
head7,617,100.0,132.0
head7,618,88.0,144.0
head7,619,80.0,136.0
head7,620,84.0,140.0
head7,621,84.0,140.0
head7,622,84.0,140.0
head7,623,76.0,140.0
head7,624,68.0,140.0
head7,625,68.0,148.0
head7,626,68.0,156.0
head7,627,76.0,156.0
head7,628,64.0,152.0
head7,629,68.0,164.0
head7,630,60.0,172.0
head7,631,60.0,172.0
head7,632,60.0,180.0
head7,633,52.0,188.0
head7,634,52.0,188.0
head7,635,52.0,188.0
head7,636,52.0,188.0
head7,637,52.0,196.0
head7,638,44.0,204.0
head7,640,52.0,204.0
head7,641,44.0,212.0
head7,642,44.0,220.0
head7,644,36.0,220.0
head8,538,140.0,132.0
head8,539,140.0,140.0
head8,540,144.0,128.0
head8,541,160.0,96.0
head8,542,180.0,52.0
head8,543,180.0,52.0
head8,544,160.0,64.0
head8,545,144.0,64.0
head8,546,148.0,60.0
head8,547,148.0,68.0
head8,548,144.0,64.0
head8,549,152.0,64.0
head8,550,156.0,68.0
head8,551,148.0,68.0
head8,552,160.0,64.0
head8,553,152.0,64.0
head8,554,140.0,68.0
head8,555,148.0,68.0
head8,556,136.0,64.0
head8,557,144.0,64.0
head8,558,148.0,68.0
head8,560,148.0,84.0
head8,561,148.0,68.0
head8,562,148.0,76.0
head8,563,148.0,84.0
head8,564,140.0,76.0
head8,565,148.0,76.0
head8,566,140.0,76.0
head8,567,136.0,64.0
head8,568,136.0,64.0
head8,570,156.0,68.0
head8,571,172.0,60.0
head8,572,168.0,56.0
head8,573,160.0,56.0
head8,574,172.0,52.0
head8,575,164.0,68.0
head8,576,160.0,64.0
head8,577,156.0,68.0
head8,578,140.0,60.0
head8,579,140.0,76.0
head8,580,148.0,76.0
head8,581,140.0,76.0
head8,582,148.0,68.0
head8,583,148.0,76.0
head8,584,164.0,76.0
head8,585,160.0,80.0
head8,586,148.0,76.0
head8,587,140.0,76.0
head8,588,140.0,76.0
head8,589,152.0,72.0
head8,590,144.0,80.0
head8,591,132.0,84.0
head8,592,132.0,84.0
head8,593,136.0,88.0
head8,594,128.0,96.0
head8,595,140.0,100.0
head8,596,140.0,92.0
head8,597,140.0,108.0
head8,598,140.0,100.0
head8,599,132.0,108.0
head8,600,140.0,116.0
head8,601,140.0,108.0
head8,602,140.0,124.0
head8,603,132.0,116.0
head8,604,132.0,124.0
head8,605,132.0,124.0
head8,606,124.0,124.0
head8,607,124.0,124.0
head8,608,124.0,124.0
head8,609,116.0,124.0
head8,610,120.0,120.0
head8,611,120.0,128.0
head8,612,116.0,124.0
head8,613,108.0,132.0
head8,614,100.0,132.0
head8,615,96.0,128.0
head8,616,92.0,132.0
head8,617,100.0,132.0
head8,618,88.0,144.0
head8,619,80.0,136.0
head8,620,84.0,140.0
head8,621,84.0,140.0
head8,622,84.0,140.0
head8,623,76.0,140.0
head8,624,68.0,140.0
head8,625,68.0,148.0
head8,626,68.0,156.0
head8,627,76.0,156.0
head8,628,64.0,152.0
head8,629,68.0,164.0
head8,630,60.0,172.0
head8,631,60.0,172.0
head8,632,60.0,180.0
head8,633,52.0,188.0
head8,634,52.0,188.0
head8,635,52.0,188.0
head8,636,52.0,188.0
head8,637,52.0,196.0
head8,638,44.0,204.0
head8,640,52.0,204.0
head8,641,44.0,212.0
head8,642,44.0,220.0
head8,644,36.0,220.0
head9,609,172.0,60.0
head9,610,172.0,68.0
head9,611,164.0,68.0
head9,612,172.0,68.0
head9,613,164.0,68.0
head9,614,164.0,68.0
head9,615,172.0,68.0
head9,616,172.0,76.0
head9,617,172.0,76.0
head9,618,172.0,84.0
head9,619,172.0,84.0
head9,620,180.0,84.0
head9,621,172.0,92.0
head9,623,180.0,100.0
head9,624,188.0,100.0
head9,625,188.0,100.0
head9,626,188.0,100.0
head9,627,196.0,108.0
head9,628,196.0,116.0
head9,629,196.0,108.0
head9,631,196.0,116.0
head9,632,196.0,124.0
head9,633,204.0,132.0
head9,634,204.0,132.0
head9,635,212.0,132.0
head9,636,212.0,140.0
head9,637,212.0,140.0
head9,638,212.0,148.0
head9,639,220.0,148.0
head9,640,220.0,156.0
head9,641,220.0,156.0
head9,642,228.0,164.0
head9,643,236.0,172.0
head9,644,244.0,172.0
head9,645,244.0,172.0
head9,646,252.0,172.0
head9,647,252.0,180.0
head9,648,268.0,180.0
head9,649,260.0,180.0
head10,643,28.0,28.0
head10,646,28.0,36.0
head10,647,28.0,28.0
head10,648,36.0,28.0
head10,649,28.0,28.0
head10,650,28.0,28.0
head10,651,36.0,28.0
head10,655,28.0,28.0
head10,656,36.0,28.0
head10,657,28.0,28.0
head10,658,36.0,28.0
head10,659,36.0,28.0
head10,660,36.0,28.0
head10,661,36.0,28.0
head10,662,28.0,28.0
head10,663,28.0,28.0
head10,664,28.0,28.0
head10,665,28.0,28.0
head10,666,28.0,36.0
head10,667,28.0,28.0
head10,668,28.0,28.0
head10,669,28.0,28.0
head10,670,28.0,28.0
head10,671,28.0,28.0
head10,672,28.0,28.0
head10,673,28.0,28.0
head10,674,28.0,28.0
head10,675,28.0,28.0
head10,676,28.0,28.0
head10,677,28.0,28.0
head10,678,28.0,28.0
head10,679,28.0,28.0
head11,681,180.0,164.0
head11,685,180.0,180.0
head11,686,176.0,176.0
head11,687,180.0,188.0
head11,688,180.0,180.0
head11,689,180.0,196.0
head11,690,180.0,204.0
head11,691,180.0,212.0
head11,692,180.0,212.0
head11,693,172.0,212.0
head11,694,172.0,220.0
head11,695,172.0,220.0
head11,696,180.0,228.0
head11,697,172.0,220.0
head11,698,164.0,228.0
head11,699,164.0,236.0
head11,700,172.0,228.0
head11,701,164.0,236.0
head11,702,164.0,244.0
head11,703,164.0,252.0
head11,704,156.0,244.0
head11,705,148.0,244.0
head11,706,156.0,252.0
head11,707,148.0,252.0
head11,708,148.0,252.0
head11,709,148.0,260.0
head11,710,140.0,260.0
head11,711,140.0,260.0
head11,712,140.0,260.0
head11,713,132.0,260.0
head11,716,132.0,260.0
head12,698,188.0,92.0
head12,699,188.0,100.0
head12,700,188.0,84.0
head12,701,188.0,92.0
head12,702,180.0,100.0
head12,703,180.0,100.0
head12,704,180.0,100.0
head12,706,188.0,100.0
head12,707,188.0,100.0
head12,708,180.0,108.0
head12,709,196.0,108.0
head12,710,188.0,116.0
head12,711,196.0,124.0
head12,712,196.0,116.0
head12,713,188.0,116.0
head12,714,188.0,124.0
head12,715,180.0,116.0
head12,716,188.0,116.0
head12,717,188.0,116.0
head12,718,196.0,124.0
head12,720,180.0,124.0
head12,721,188.0,132.0
head12,722,180.0,132.0
head12,723,180.0,140.0
head13,614,324.0,28.0
head13,616,324.0,28.0
head13,618,324.0,28.0
head13,619,324.0,28.0
head13,620,324.0,28.0
head13,621,324.0,28.0
head13,622,324.0,28.0
head13,624,324.0,28.0
head13,626,324.0,28.0
head13,627,324.0,28.0
head13,628,324.0,28.0
head13,629,324.0,28.0
head13,630,316.0,28.0
head13,631,324.0,28.0
head13,632,324.0,28.0
head13,634,324.0,28.0
head13,635,324.0,28.0
head13,636,316.0,28.0
head13,637,324.0,28.0
head13,638,324.0,28.0
head13,639,324.0,28.0
head13,640,324.0,28.0
head13,641,324.0,28.0
head13,642,324.0,28.0
head13,643,316.0,28.0
head13,644,324.0,28.0
head13,645,324.0,28.0
head13,646,324.0,28.0
head13,647,324.0,28.0
head13,648,324.0,28.0
head13,649,324.0,28.0
head13,650,316.0,28.0
head13,651,324.0,28.0
head13,652,316.0,28.0
head13,653,324.0,28.0
head13,656,324.0,28.0
head13,657,308.0,28.0
head13,660,324.0,28.0
head13,661,316.0,28.0
head13,663,300.0,28.0
head13,665,316.0,28.0
head13,666,324.0,28.0
head13,667,324.0,28.0
head13,668,316.0,28.0
head13,669,316.0,28.0
head13,670,324.0,28.0
head13,671,316.0,28.0
head13,672,316.0,28.0
head13,675,316.0,28.0
head13,676,316.0,28.0
head13,678,316.0,28.0
head13,679,316.0,28.0
head13,681,316.0,28.0
head13,682,316.0,28.0
head13,684,316.0,28.0
head13,686,316.0,28.0
head13,687,316.0,28.0
head13,688,324.0,28.0
head13,689,324.0,28.0
head13,692,324.0,28.0
head13,694,308.0,28.0
head13,696,316.0,28.0
head13,697,316.0,28.0
head13,698,324.0,28.0
head13,699,324.0,28.0
head13,700,316.0,28.0
head13,701,316.0,28.0
head13,702,316.0,28.0
head13,703,316.0,28.0
head13,704,316.0,28.0
head13,705,316.0,28.0
head13,706,316.0,28.0
head13,707,316.0,28.0
head13,708,316.0,28.0
head13,709,316.0,28.0
head13,710,316.0,28.0
head13,711,316.0,28.0
head13,712,316.0,28.0
head13,713,324.0,28.0
head13,714,324.0,28.0
head13,715,324.0,28.0
head13,716,324.0,28.0
head13,720,316.0,28.0
head13,722,316.0,28.0
head13,726,316.0,28.0
head13,728,316.0,28.0
head13,729,316.0,28.0
head13,733,308.0,28.0
head13,734,316.0,28.0
head13,735,316.0,28.0
head13,736,308.0,28.0
head14,705,156.0,148.0
head14,710,164.0,156.0
head14,711,160.0,160.0
head14,712,164.0,164.0
head14,713,164.0,172.0
head14,714,164.0,172.0
head14,715,164.0,172.0
head14,716,172.0,180.0
head14,717,164.0,180.0
head14,718,172.0,180.0
head14,719,180.0,180.0
head14,720,172.0,188.0
head14,721,172.0,188.0
head14,722,180.0,196.0
head14,723,180.0,204.0
head14,724,180.0,204.0
head14,725,172.0,204.0
head14,726,180.0,212.0
head14,727,180.0,212.0
head14,728,180.0,220.0
head14,729,172.0,220.0
head14,730,180.0,220.0
head14,731,172.0,228.0
head14,733,172.0,236.0
head14,734,180.0,244.0
head14,735,172.0,244.0
head14,736,180.0,244.0
head14,738,180.0,260.0
head14,739,180.0,260.0
head14,740,180.0,260.0
head15,688,28.0,28.0
head15,689,28.0,28.0
head15,690,28.0,28.0
head15,691,28.0,28.0
head15,692,28.0,28.0
head15,693,28.0,28.0
head15,694,28.0,28.0
head15,695,28.0,28.0
head15,696,28.0,28.0
head15,697,28.0,28.0
head15,698,28.0,28.0
head15,699,28.0,28.0
head15,700,28.0,28.0
head15,701,28.0,28.0
head15,702,28.0,28.0
head15,703,28.0,28.0
head15,704,28.0,28.0
head15,705,28.0,28.0
head15,706,28.0,28.0
head15,707,36.0,28.0
head15,709,28.0,28.0
head15,710,28.0,28.0
head15,711,36.0,28.0
head15,712,36.0,28.0
head15,713,36.0,28.0
head15,714,28.0,28.0
head15,715,36.0,28.0
head15,716,36.0,28.0
head15,717,36.0,28.0
head15,718,36.0,28.0
head15,719,36.0,28.0
head15,720,28.0,28.0
head15,721,36.0,28.0
head15,722,36.0,28.0
head15,723,28.0,28.0
head15,724,36.0,28.0
head15,725,36.0,28.0
head15,726,36.0,28.0
head15,727,36.0,28.0
head15,728,28.0,28.0
head15,729,28.0,28.0
head15,730,36.0,28.0
head15,731,36.0,28.0
head15,732,28.0,28.0
head15,733,36.0,28.0
head15,734,28.0,28.0
head15,735,28.0,28.0
head15,736,28.0,28.0
head15,737,28.0,28.0
head15,738,36.0,28.0
head15,739,36.0,28.0
head15,740,36.0,28.0
head15,741,36.0,28.0
head15,742,36.0,28.0
head15,743,36.0,28.0
head15,744,36.0,28.0
head15,746,36.0,28.0
head15,747,36.0,28.0
head15,748,36.0,28.0
head15,749,36.0,28.0
head15,753,36.0,28.0
head15,754,36.0,28.0
head15,755,36.0,28.0
head15,756,36.0,28.0
head15,761,36.0,28.0
head15,763,36.0,28.0
head16,750,84.0,228.0
head16,751,84.0,228.0
head16,752,84.0,228.0
head16,753,76.0,228.0
head16,754,76.0,228.0
head16,755,76.0,236.0
head16,756,68.0,244.0
head16,757,60.0,244.0
head16,758,60.0,236.0
head16,759,52.0,244.0
head16,760,52.0,244.0
head16,761,44.0,236.0
head16,762,36.0,244.0
head16,763,28.0,244.0
head16,764,28.0,244.0
head16,765,28.0,244.0
head16,766,28.0,244.0
head16,767,28.0,244.0
head16,768,36.0,236.0
head16,770,36.0,252.0
head16,775,28.0,244.0
head16,776,28.0,236.0
head16,777,28.0,252.0
head17,752,156.0,148.0
head17,754,156.0,156.0
head17,755,144.0,144.0
head17,756,152.0,112.0
head17,757,164.0,68.0
head17,758,180.0,68.0
head17,759,176.0,64.0
head17,760,164.0,68.0
head17,761,156.0,68.0
head17,762,156.0,84.0
head17,763,156.0,92.0
head17,764,148.0,100.0
head17,765,144.0,88.0
head17,766,152.0,80.0
head17,767,148.0,76.0
head17,768,140.0,68.0
head17,769,136.0,64.0
head17,770,136.0,64.0
head17,771,140.0,68.0
head17,772,148.0,68.0
head17,773,168.0,56.0
head17,775,180.0,60.0
head17,776,172.0,60.0
head17,777,180.0,60.0
head17,778,180.0,60.0
head17,779,172.0,68.0
head17,780,172.0,68.0
head17,781,172.0,68.0
head17,782,172.0,68.0
head17,783,172.0,76.0
head17,784,180.0,68.0
head18,755,164.0,68.0
head18,756,164.0,68.0
head18,757,152.0,72.0
head18,758,152.0,64.0
head18,759,156.0,68.0
head18,760,164.0,68.0
head18,761,156.0,68.0
head18,762,156.0,84.0
head18,763,156.0,92.0
head18,764,148.0,100.0
head18,767,140.0,100.0
head18,768,140.0,100.0
head18,769,132.0,100.0
head18,770,140.0,100.0
head18,771,132.0,100.0
head18,772,132.0,100.0
head18,773,132.0,100.0
head18,775,132.0,108.0
head18,777,148.0,108.0
head18,781,140.0,116.0
head18,782,132.0,116.0
head18,785,124.0,124.0
head18,786,116.0,132.0
head18,787,116.0,124.0
head18,788,116.0,132.0
head18,789,116.0,124.0
head19,793,156.0,196.0
head19,794,156.0,196.0
head19,795,144.0,176.0
head19,796,156.0,172.0
head19,797,156.0,172.0
head19,798,144.0,168.0
head19,799,144.0,160.0
head19,800,148.0,164.0
head19,801,148.0,164.0
head19,802,144.0,176.0
head19,803,136.0,176.0
head19,804,140.0,188.0
head19,805,124.0,196.0
head19,806,88.0,184.0
head19,807,76.0,180.0
head19,808,76.0,180.0
head19,809,56.0,160.0
head19,810,36.0,160.0
head19,811,36.0,164.0
head19,812,28.0,172.0
head19,813,28.0,172.0
head19,814,28.0,172.0
head19,815,44.0,184.0
head19,816,36.0,188.0
head19,817,28.0,180.0
head19,818,28.0,176.0
head19,820,28.0,180.0
head19,821,28.0,196.0
head19,822,36.0,200.0
head19,826,28.0,212.0
head19,827,28.0,204.0
head20,801,324.0,28.0
head20,803,324.0,28.0
head20,804,316.0,28.0
head20,805,316.0,28.0
head20,806,324.0,28.0
head20,808,324.0,28.0
head20,809,316.0,28.0
head20,810,316.0,28.0
head20,811,316.0,28.0
head20,812,316.0,28.0
head20,813,316.0,28.0
head20,814,316.0,28.0
head20,815,316.0,28.0
head20,816,316.0,28.0
head20,817,300.0,28.0
head20,818,300.0,28.0
head20,819,316.0,28.0
head20,822,316.0,28.0
head20,826,324.0,28.0
head20,827,316.0,28.0
head20,828,324.0,28.0
head20,830,308.0,28.0
head20,831,308.0,28.0
head20,832,316.0,28.0
head21,850,228.0,156.0
head21,851,236.0,164.0
head21,852,228.0,172.0
head21,853,236.0,172.0
head21,854,244.0,180.0
head21,855,252.0,180.0
head21,856,260.0,188.0
head21,857,260.0,188.0
head21,858,260.0,188.0
head21,859,268.0,188.0
head21,860,268.0,196.0
head21,861,276.0,204.0
head21,862,276.0,204.0
head21,863,284.0,204.0
head21,864,292.0,212.0
head21,865,292.0,212.0
head21,866,300.0,212.0
head21,867,292.0,220.0
head21,868,300.0,220.0
head21,869,308.0,220.0
head21,871,308.0,220.0
head22,822,116.0,156.0
head22,823,124.0,156.0
head22,824,116.0,164.0
head22,825,116.0,164.0
head22,826,116.0,164.0
head22,827,116.0,164.0
head22,828,116.0,164.0
head22,829,108.0,164.0
head22,830,116.0,172.0
head22,833,100.0,172.0
head22,834,92.0,172.0
head22,835,92.0,172.0
head22,836,92.0,180.0
head22,837,84.0,180.0
head22,838,84.0,172.0
head22,839,76.0,172.0
head22,840,76.0,172.0
head22,841,68.0,180.0
head22,842,68.0,180.0
head22,843,60.0,188.0
head22,844,60.0,188.0
head22,845,60.0,188.0
head22,847,52.0,188.0
head22,848,52.0,188.0
head22,849,52.0,188.0
head22,850,52.0,188.0
head22,851,44.0,188.0
head22,852,44.0,196.0
head22,853,44.0,196.0
head22,854,36.0,204.0
head22,855,36.0,196.0
head22,856,28.0,204.0
head22,857,36.0,204.0
head22,858,52.0,204.0
head22,861,60.0,212.0
head22,862,52.0,220.0
head22,863,52.0,220.0
head22,864,52.0,212.0
head22,865,44.0,212.0
head22,866,44.0,220.0
head22,867,44.0,212.0
head22,868,44.0,220.0
head22,869,36.0,212.0
head22,870,36.0,220.0
head22,871,36.0,220.0
head22,872,28.0,220.0
head22,875,28.0,220.0
head22,880,36.0,228.0
head23,828,204.0,92.0
head23,831,196.0,100.0
head23,832,184.0,96.0
head23,833,152.0,72.0
head23,834,148.0,68.0
head23,835,148.0,68.0
head23,836,156.0,76.0
head23,837,148.0,76.0
head23,838,148.0,76.0
head23,839,148.0,84.0
head23,840,148.0,84.0
head23,841,148.0,84.0
head23,842,156.0,92.0
head23,843,156.0,92.0
head23,844,148.0,92.0
head23,845,156.0,100.0
head23,846,148.0,100.0
head23,847,156.0,108.0
head23,849,148.0,116.0
head23,850,148.0,108.0
head23,851,148.0,116.0
head23,852,140.0,116.0
head23,853,140.0,116.0
head23,854,132.0,116.0
head23,855,132.0,116.0
head23,856,132.0,116.0
head23,857,132.0,124.0
head23,858,132.0,116.0
head23,859,132.0,124.0
head23,860,132.0,124.0
head23,861,132.0,132.0
head23,862,132.0,132.0
head23,863,124.0,140.0
head23,864,124.0,140.0
head23,865,124.0,148.0
head23,866,124.0,148.0
head23,867,124.0,156.0
head23,868,124.0,156.0
head23,869,124.0,156.0
head23,870,132.0,156.0
head23,871,124.0,164.0
head23,872,132.0,164.0
head23,873,124.0,172.0
head23,874,124.0,180.0
head23,875,124.0,180.0
head23,876,124.0,188.0
head23,877,124.0,188.0
head23,878,124.0,196.0
head23,879,124.0,196.0
head23,881,116.0,204.0
head23,883,116.0,212.0
head23,884,116.0,212.0
head23,885,116.0,220.0
head23,886,116.0,228.0
head23,887,116.0,228.0
head23,888,116.0,228.0
head23,889,116.0,236.0
head23,890,116.0,236.0
head23,891,116.0,244.0
head23,892,116.0,244.0
head23,893,116.0,252.0
head23,894,124.0,252.0
head24,822,196.0,84.0
head24,826,188.0,84.0
head24,827,168.0,64.0
head24,828,144.0,60.0
head24,829,140.0,68.0
head24,830,148.0,68.0
head24,831,148.0,68.0
head24,832,148.0,76.0
head24,833,140.0,68.0
head24,834,148.0,68.0
head24,835,148.0,68.0
head24,836,156.0,76.0
head24,837,148.0,76.0
head24,838,148.0,76.0
head24,839,148.0,84.0
head24,840,148.0,84.0
head24,841,148.0,84.0
head24,842,156.0,92.0
head24,843,156.0,92.0
head24,844,148.0,92.0
head24,845,156.0,100.0
head24,846,148.0,100.0
head24,847,156.0,108.0
head24,849,148.0,116.0
head24,850,148.0,108.0
head24,851,148.0,116.0
head24,852,140.0,116.0
head24,853,140.0,116.0
head24,854,132.0,116.0
head24,855,132.0,116.0
head24,856,132.0,116.0
head24,857,132.0,124.0
head24,858,132.0,116.0
head24,859,132.0,124.0
head24,860,132.0,124.0
head24,861,132.0,132.0
head24,862,132.0,132.0
head24,863,124.0,140.0
head24,864,124.0,140.0
head24,865,124.0,148.0
head24,866,124.0,148.0
head24,867,124.0,156.0
head24,868,124.0,156.0
head24,869,124.0,156.0
head24,870,132.0,156.0
head24,871,124.0,164.0
head24,872,132.0,164.0
head24,873,124.0,172.0
head24,874,124.0,180.0
head24,875,124.0,180.0
head24,876,124.0,188.0
head24,877,124.0,188.0
head24,878,124.0,196.0
head24,879,124.0,196.0
head24,881,116.0,204.0
head24,883,116.0,212.0
head24,884,116.0,212.0
head24,885,116.0,220.0
head24,886,116.0,228.0
head24,887,116.0,228.0
head24,888,116.0,228.0
head24,889,116.0,236.0
head24,890,116.0,236.0
head24,891,116.0,244.0
head24,892,116.0,244.0
head24,893,116.0,252.0
head24,894,124.0,252.0
head25,806,156.0,124.0
head25,807,164.0,124.0
head25,808,152.0,104.0
head25,809,144.0,64.0
head25,810,140.0,68.0
head25,811,148.0,60.0
head25,812,152.0,56.0
head25,813,152.0,56.0
head25,814,148.0,60.0
head25,815,148.0,68.0
head25,816,144.0,64.0
head25,817,152.0,72.0
head25,818,148.0,68.0
head25,819,148.0,68.0
head25,820,144.0,64.0
head25,821,144.0,72.0
head25,822,148.0,68.0
head25,823,140.0,68.0
head25,824,148.0,68.0
head25,825,136.0,64.0
head25,826,140.0,68.0
head25,827,148.0,68.0
head25,828,148.0,68.0
head25,829,140.0,68.0
head25,830,148.0,68.0
head25,831,148.0,68.0
head25,832,148.0,76.0
head25,833,140.0,68.0
head25,834,148.0,68.0
head25,835,148.0,68.0
head25,836,156.0,76.0
head25,837,148.0,76.0
head25,838,148.0,76.0
head25,839,148.0,84.0
head25,840,148.0,84.0
head25,841,148.0,84.0
head25,842,156.0,92.0
head25,843,156.0,92.0
head25,844,148.0,92.0
head25,845,156.0,100.0
head25,846,148.0,100.0
head25,847,156.0,108.0
head25,849,148.0,116.0
head25,850,148.0,108.0
head25,851,148.0,116.0
head25,852,140.0,116.0
head25,853,140.0,116.0
head25,854,132.0,116.0
head25,855,132.0,116.0
head25,856,132.0,116.0
head25,857,132.0,124.0
head25,858,132.0,116.0
head25,859,132.0,124.0
head25,860,132.0,124.0
head25,861,132.0,132.0
head25,862,132.0,132.0
head25,863,124.0,140.0
head25,864,124.0,140.0
head25,865,124.0,148.0
head25,866,124.0,148.0
head25,867,124.0,156.0
head25,868,124.0,156.0
head25,869,124.0,156.0
head25,870,132.0,156.0
head25,871,124.0,164.0
head25,872,132.0,164.0
head25,873,124.0,172.0
head25,874,124.0,180.0
head25,875,124.0,180.0
head25,876,124.0,188.0
head25,877,124.0,188.0
head25,878,124.0,196.0
head25,879,124.0,196.0
head25,881,116.0,204.0
head25,883,116.0,212.0
head25,884,116.0,212.0
head25,885,116.0,220.0
head25,886,116.0,228.0
head25,887,116.0,228.0
head25,888,116.0,228.0
head25,889,116.0,236.0
head25,890,116.0,236.0
head25,891,116.0,244.0
head25,892,116.0,244.0
head25,893,116.0,252.0
head25,894,124.0,252.0
head25,895,116.0,260.0
head25,896,132.0,260.0
head25,897,124.0,260.0
head26,795,180.0,108.0
head26,798,172.0,108.0
head26,799,144.0,88.0
head26,800,148.0,76.0
head26,801,172.0,60.0
head26,802,176.0,52.0
head26,803,176.0,60.0
head26,804,156.0,72.0
head26,805,140.0,64.0
head26,806,136.0,68.0
head26,807,152.0,60.0
head26,808,148.0,56.0
head26,809,148.0,64.0
head26,810,144.0,76.0
head26,811,144.0,68.0
head26,812,156.0,56.0
head26,813,148.0,52.0
head26,814,136.0,60.0
head26,816,144.0,64.0
head26,817,148.0,72.0
head26,818,148.0,68.0
head26,819,144.0,68.0
head26,820,144.0,64.0
head26,821,148.0,64.0
head26,822,148.0,68.0
head26,823,140.0,68.0
head26,824,148.0,68.0
head26,825,136.0,64.0
head26,826,140.0,68.0
head26,827,148.0,68.0
head26,828,148.0,68.0
head26,829,140.0,68.0
head26,830,148.0,68.0
head26,831,148.0,68.0
head26,832,148.0,76.0
head26,833,140.0,68.0
head26,834,148.0,68.0
head26,835,148.0,68.0
head26,836,156.0,76.0
head26,837,148.0,76.0
head26,838,148.0,76.0
head26,839,148.0,84.0
head26,840,148.0,84.0
head26,841,148.0,84.0
head26,842,156.0,92.0
head26,843,156.0,92.0
head26,844,148.0,92.0
head26,845,156.0,100.0
head26,846,148.0,100.0
head26,847,156.0,108.0
head26,849,148.0,116.0
head26,850,148.0,108.0
head26,851,148.0,116.0
head26,852,140.0,116.0
head26,853,140.0,116.0
head26,854,132.0,116.0
head26,855,132.0,116.0
head26,856,132.0,116.0
head26,857,132.0,124.0
head26,858,132.0,116.0
head26,859,132.0,124.0
head26,860,132.0,124.0
head26,861,132.0,132.0
head26,862,132.0,132.0
head26,863,124.0,140.0
head26,864,124.0,140.0
head26,865,124.0,148.0
head26,866,124.0,148.0
head26,867,124.0,156.0
head26,868,124.0,156.0
head26,869,124.0,156.0
head26,870,132.0,156.0
head26,871,124.0,164.0
head26,872,132.0,164.0
head26,873,124.0,172.0
head26,874,124.0,180.0
head26,875,124.0,180.0
head26,876,124.0,188.0
head26,877,124.0,188.0
head26,878,124.0,196.0
head26,879,124.0,196.0
head26,881,116.0,204.0
head26,883,116.0,212.0
head26,884,116.0,212.0
head26,885,116.0,220.0
head26,886,116.0,228.0
head26,887,116.0,228.0
head26,888,116.0,228.0
head26,889,116.0,236.0
head26,890,116.0,236.0
head26,891,116.0,244.0
head26,892,116.0,244.0
head26,893,116.0,252.0
head26,894,124.0,252.0
head26,895,116.0,260.0
head26,896,132.0,260.0
head26,897,124.0,260.0
head27,847,204.0,68.0
head27,848,196.0,68.0
head27,849,188.0,68.0
head27,850,188.0,60.0
head27,852,188.0,68.0
head27,853,188.0,68.0
head27,854,188.0,68.0
head27,855,188.0,76.0
head27,856,196.0,76.0
head27,857,180.0,76.0
head27,858,180.0,84.0
head27,859,188.0,84.0
head27,860,188.0,84.0
head27,861,188.0,84.0
head27,862,188.0,84.0
head27,863,188.0,92.0
head27,864,188.0,92.0
head27,865,188.0,92.0
head27,867,196.0,100.0
head27,868,188.0,92.0
head27,869,188.0,100.0
head27,870,188.0,100.0
head27,871,188.0,100.0
head27,872,188.0,100.0
head27,873,196.0,108.0
head27,874,188.0,116.0
head27,875,188.0,108.0
head27,876,188.0,116.0
head27,878,188.0,124.0
head27,879,188.0,132.0
head27,880,180.0,132.0
head27,881,180.0,132.0
head27,882,180.0,140.0
head27,883,180.0,140.0
head27,884,180.0,140.0
head27,885,180.0,148.0
head27,886,180.0,148.0
head27,887,180.0,148.0
head27,888,180.0,156.0
head27,889,180.0,164.0
head27,890,172.0,164.0
head27,891,180.0,164.0
head27,892,180.0,172.0
head27,893,172.0,180.0
head27,894,172.0,180.0
head27,895,172.0,180.0
head27,896,172.0,188.0
head27,897,172.0,188.0
head27,898,172.0,196.0
head27,899,172.0,196.0
head27,900,172.0,196.0
head27,901,172.0,204.0
head27,902,172.0,204.0
head27,903,172.0,204.0
head27,904,172.0,212.0
head27,905,172.0,220.0
head27,906,164.0,212.0
head27,907,164.0,220.0
head27,908,156.0,220.0
head27,909,156.0,220.0
head27,910,164.0,220.0
head28,849,308.0,28.0
head28,850,308.0,28.0
head28,851,324.0,28.0
head28,852,308.0,28.0
head28,853,308.0,28.0
head28,854,316.0,28.0
head28,855,324.0,28.0
head28,856,308.0,28.0
head28,857,324.0,28.0
head28,858,324.0,28.0
head28,860,324.0,28.0
head28,861,324.0,28.0
head28,862,316.0,28.0
head28,863,316.0,28.0
head28,864,316.0,28.0
head28,865,308.0,28.0
head28,866,324.0,28.0
head28,867,316.0,28.0
head28,869,316.0,28.0
head28,874,316.0,28.0
head28,875,324.0,28.0
head28,877,316.0,28.0
head28,880,316.0,28.0
head28,881,316.0,28.0
head28,882,316.0,28.0
head28,883,316.0,28.0
head28,888,316.0,28.0
head28,892,316.0,28.0
head28,893,308.0,28.0
head28,894,308.0,28.0
head28,895,308.0,28.0
head28,896,308.0,28.0
head28,897,316.0,28.0
head28,898,308.0,28.0
head28,899,308.0,28.0
head28,900,308.0,28.0
head28,901,308.0,28.0
head28,902,308.0,28.0
head28,903,308.0,28.0
head28,904,308.0,28.0
head28,905,316.0,28.0
head28,907,316.0,28.0
head28,909,316.0,28.0
head28,910,308.0,28.0
head28,911,308.0,28.0
head28,912,316.0,28.0
head28,913,316.0,28.0
head28,914,308.0,28.0
head28,917,316.0,28.0
head28,919,300.0,28.0
head28,920,316.0,28.0
head29,864,148.0,68.0
head29,866,156.0,68.0
head29,867,148.0,68.0
head29,868,148.0,68.0
head29,869,148.0,68.0
head29,871,148.0,68.0
head29,872,148.0,76.0
head29,873,148.0,76.0
head29,874,148.0,76.0
head29,875,148.0,76.0
head29,876,148.0,76.0
head29,877,156.0,84.0
head29,878,156.0,84.0
head29,879,148.0,84.0
head29,880,148.0,84.0
head29,881,156.0,84.0
head29,882,156.0,92.0
head29,885,148.0,92.0
head29,886,164.0,92.0
head29,887,148.0,92.0
head29,888,156.0,92.0
head29,889,148.0,100.0
head29,890,148.0,108.0
head29,891,148.0,108.0
head29,892,148.0,108.0
head29,893,140.0,108.0
head29,894,148.0,108.0
head29,895,140.0,116.0
head29,896,140.0,124.0
head29,897,132.0,116.0
head29,898,132.0,116.0
head29,899,132.0,124.0
head29,900,124.0,124.0
head29,901,132.0,124.0
head29,902,132.0,124.0
head29,903,124.0,132.0
head29,904,132.0,132.0
head29,905,124.0,140.0
head29,906,124.0,140.0
head29,907,124.0,140.0
head29,908,124.0,140.0
head29,909,116.0,148.0
head29,911,124.0,148.0
head29,912,124.0,156.0
head29,913,124.0,156.0
head29,914,132.0,156.0
head29,915,124.0,164.0
head29,916,124.0,164.0
head29,917,132.0,164.0
head29,918,124.0,172.0
head29,919,140.0,172.0
head29,920,140.0,172.0
head29,921,140.0,172.0
head30,891,188.0,68.0
head30,896,188.0,68.0
head30,897,184.0,56.0
head30,898,176.0,68.0
head30,899,188.0,68.0
head30,900,188.0,76.0
head30,901,168.0,64.0
head30,902,168.0,56.0
head30,903,172.0,60.0
head30,904,172.0,60.0
head30,905,152.0,64.0
head30,907,152.0,64.0
head30,908,164.0,68.0
head30,909,172.0,60.0
head30,910,160.0,64.0
head30,911,148.0,68.0
head30,912,156.0,68.0
head30,913,152.0,64.0
head30,914,160.0,72.0
head30,915,172.0,76.0
head30,916,172.0,76.0
head30,917,160.0,72.0
head30,918,160.0,72.0
head30,919,156.0,68.0
head30,920,156.0,76.0
head30,921,164.0,84.0
head30,922,160.0,72.0
head30,923,156.0,76.0
head30,924,156.0,68.0
head30,926,152.0,64.0
head30,929,144.0,72.0
head30,930,156.0,92.0
head30,931,156.0,100.0
head30,932,168.0,120.0
head30,933,164.0,116.0
head30,934,164.0,108.0
head30,935,156.0,116.0
head30,936,156.0,100.0
head30,937,152.0,88.0
head31,938,188.0,60.0
head31,939,188.0,60.0
head31,940,188.0,68.0
head31,941,188.0,68.0
head31,942,188.0,68.0
head31,943,188.0,68.0
head31,944,188.0,68.0
head31,945,188.0,76.0
head31,946,188.0,76.0
head31,947,188.0,76.0
head31,948,196.0,76.0
head31,949,188.0,84.0
head31,950,188.0,84.0
head31,951,188.0,84.0
head31,952,188.0,84.0
head31,953,188.0,84.0
head31,955,180.0,84.0
head31,956,180.0,92.0
head31,957,188.0,92.0
head31,958,180.0,100.0
head31,959,180.0,100.0
head31,962,180.0,100.0
head31,963,180.0,100.0
head31,964,180.0,100.0
head31,965,180.0,108.0
head31,966,180.0,108.0
head31,967,180.0,108.0
head31,970,180.0,124.0
head31,971,188.0,116.0
head31,975,188.0,100.0
head31,976,188.0,84.0
head31,977,180.0,84.0
head31,978,180.0,84.0
head31,981,180.0,68.0
head32,926,124.0,180.0
head32,927,116.0,188.0
head32,928,116.0,188.0
head32,929,108.0,188.0
head32,930,108.0,188.0
head32,931,108.0,188.0
head32,932,100.0,196.0
head32,933,100.0,196.0
head32,934,100.0,196.0
head32,935,92.0,204.0
head32,936,92.0,204.0
head32,937,92.0,204.0
head32,938,92.0,204.0
head32,939,92.0,204.0
head32,940,92.0,204.0
head32,941,92.0,212.0
head32,942,84.0,212.0
head32,943,84.0,212.0
head32,944,84.0,212.0
head32,945,84.0,212.0
head32,946,76.0,204.0
head32,947,76.0,204.0
head32,948,76.0,212.0
head32,949,76.0,212.0
head32,950,76.0,212.0
head32,951,68.0,204.0
head32,952,68.0,204.0
head32,953,68.0,196.0
head32,954,68.0,204.0
head32,955,60.0,204.0
head32,956,60.0,204.0
head32,957,68.0,204.0
head32,958,60.0,204.0
head32,959,60.0,204.0
head32,960,68.0,204.0
head32,961,60.0,196.0
head32,962,60.0,204.0
head32,963,60.0,204.0
head32,964,52.0,204.0
head32,965,60.0,204.0
head32,966,52.0,204.0
head32,967,52.0,204.0
head32,968,60.0,204.0
head32,969,52.0,204.0
head32,970,52.0,212.0
head32,971,52.0,212.0
head32,972,52.0,212.0
head32,973,52.0,212.0
head32,974,52.0,212.0
head32,975,52.0,220.0
head32,976,52.0,220.0
head32,977,52.0,220.0
head32,978,52.0,228.0
head32,979,52.0,228.0
head32,980,52.0,228.0
head32,981,52.0,236.0
head32,982,52.0,236.0
head32,983,52.0,236.0
head32,984,52.0,244.0
head32,985,52.0,244.0
head32,986,52.0,244.0
head32,987,52.0,244.0
head32,988,52.0,252.0
head32,989,52.0,252.0
head32,993,60.0,252.0
head32,996,68.0,252.0
head33,940,180.0,124.0
head33,941,180.0,132.0
head33,942,180.0,132.0
head33,943,172.0,132.0
head33,944,180.0,132.0
head33,945,180.0,132.0
head33,947,180.0,140.0
head33,949,180.0,140.0
head33,954,180.0,156.0
head33,956,164.0,156.0
head33,957,156.0,156.0
head33,958,156.0,156.0
head33,959,148.0,164.0
head33,960,156.0,164.0
head33,961,156.0,164.0
head33,962,156.0,172.0
head33,963,156.0,172.0
head33,964,156.0,172.0
head33,965,156.0,180.0
head33,966,156.0,180.0
head33,967,156.0,180.0
head33,968,156.0,188.0
head33,969,148.0,188.0
head33,971,156.0,188.0
head33,972,148.0,188.0
head33,973,156.0,196.0
head33,974,156.0,196.0
head33,975,148.0,204.0
head33,976,148.0,204.0
head33,977,148.0,204.0
head33,978,148.0,204.0
head33,979,148.0,212.0
head33,980,148.0,212.0
head33,981,148.0,212.0
head33,982,148.0,212.0
head33,983,148.0,220.0
head33,984,156.0,220.0
head33,985,156.0,228.0
head33,986,148.0,228.0
head33,987,148.0,228.0
head33,988,156.0,236.0
head33,989,156.0,236.0
head33,990,156.0,244.0
head33,991,164.0,236.0
head33,992,164.0,244.0
head33,993,164.0,244.0
head33,994,164.0,244.0
head33,995,164.0,252.0
head33,996,164.0,252.0
head33,997,156.0,252.0
head33,999,156.0,252.0
head34,982,204.0,156.0
head34,983,196.0,156.0
head34,984,200.0,152.0
head34,985,192.0,160.0
head34,986,196.0,164.0
head34,987,204.0,172.0
head34,988,196.0,172.0
head34,989,196.0,180.0
head34,990,204.0,180.0
head34,991,204.0,180.0
head34,992,204.0,188.0
head34,993,204.0,188.0
head34,995,204.0,196.0
head34,996,204.0,196.0
head34,998,212.0,196.0
head34,1000,212.0,204.0
head34,1001,212.0,212.0
head34,1003,220.0,212.0
head34,1004,220.0,212.0
head34,1005,220.0,220.0
head34,1006,228.0,228.0
head34,1007,228.0,228.0
head34,1008,228.0,228.0
head34,1009,236.0,236.0
head34,1010,228.0,236.0
head34,1011,228.0,236.0
head34,1012,228.0,244.0
head34,1013,236.0,244.0
head34,1014,236.0,252.0
head34,1015,236.0,252.0
head34,1016,236.0,260.0
head34,1017,236.0,260.0
head34,1018,244.0,260.0
head34,1019,244.0,260.0
head34,1020,244.0,260.0
head35,993,172.0,68.0
head35,994,164.0,68.0
head35,995,172.0,68.0
head35,996,164.0,68.0
head35,997,164.0,68.0
head35,999,164.0,68.0
head35,1001,156.0,76.0
head35,1004,156.0,84.0
head35,1005,148.0,76.0
head35,1006,140.0,76.0
head35,1007,140.0,76.0
head35,1011,140.0,76.0
head35,1012,140.0,76.0
head35,1013,140.0,76.0
head35,1014,140.0,76.0
head35,1015,148.0,68.0
head35,1016,148.0,84.0
head35,1018,140.0,92.0
head35,1019,140.0,84.0
head35,1020,148.0,84.0
head35,1021,164.0,84.0
head36,987,204.0,116.0
head36,989,196.0,108.0
head36,990,196.0,108.0
head36,991,188.0,108.0
head36,992,196.0,108.0
head36,993,204.0,116.0
head36,995,212.0,124.0
head36,996,204.0,116.0
head36,997,212.0,124.0
head36,999,204.0,124.0
head36,1002,220.0,124.0
head36,1003,212.0,132.0
head36,1006,228.0,132.0
head36,1007,228.0,124.0
head36,1008,236.0,124.0
head36,1009,236.0,124.0
head36,1011,244.0,124.0
head36,1012,252.0,124.0
head36,1013,244.0,124.0
head36,1014,260.0,124.0
head36,1018,260.0,132.0
head36,1019,260.0,140.0
head36,1021,276.0,140.0
head36,1023,276.0,148.0
head36,1024,284.0,140.0
head36,1025,292.0,140.0
head36,1030,308.0,140.0
head37,1026,148.0,100.0
head37,1028,148.0,116.0
head37,1029,152.0,112.0
head37,1030,136.0,88.0
head37,1031,140.0,84.0
head37,1032,148.0,92.0
head37,1033,148.0,84.0
head37,1034,144.0,64.0
head37,1035,144.0,60.0
head37,1036,140.0,60.0
head37,1037,148.0,72.0
head37,1038,136.0,64.0
head37,1039,136.0,60.0
head37,1040,148.0,68.0
head37,1041,156.0,56.0
head37,1042,168.0,68.0
head37,1043,176.0,76.0
head37,1044,172.0,72.0
head37,1045,180.0,84.0
head37,1046,180.0,84.0
head37,1047,180.0,92.0
head37,1048,180.0,92.0
head37,1049,188.0,100.0
head37,1050,176.0,88.0
head37,1051,144.0,72.0
head38,1034,28.0,28.0
head38,1035,28.0,28.0
head38,1036,28.0,28.0
head38,1038,36.0,28.0
head38,1039,36.0,28.0
head38,1042,36.0,28.0
head38,1043,28.0,28.0
head38,1044,28.0,28.0
head38,1046,28.0,28.0
head38,1048,28.0,28.0
head38,1049,36.0,28.0
head38,1051,36.0,28.0
head38,1052,44.0,28.0
head38,1053,36.0,28.0
head38,1054,36.0,28.0
head38,1055,28.0,28.0
head38,1056,36.0,28.0
head38,1057,36.0,28.0
head38,1061,36.0,28.0
head38,1064,28.0,28.0
head38,1065,28.0,28.0
head38,1069,28.0,28.0
head38,1070,28.0,28.0
head38,1072,28.0,28.0
head39,1066,180.0,60.0
head39,1067,180.0,60.0
head39,1068,180.0,60.0
head39,1069,188.0,68.0
head39,1070,188.0,68.0
head39,1071,180.0,68.0
head39,1073,180.0,68.0
head39,1074,180.0,76.0
head39,1075,180.0,68.0
head39,1076,180.0,76.0
head39,1077,180.0,76.0
head39,1078,180.0,76.0
head39,1079,180.0,76.0
head39,1080,188.0,84.0
head39,1081,180.0,84.0
head39,1083,180.0,84.0
head39,1085,188.0,84.0
head39,1086,188.0,84.0
head39,1087,196.0,92.0
head39,1088,188.0,100.0
head39,1090,188.0,100.0
head39,1091,188.0,100.0
head39,1092,196.0,100.0
head39,1093,188.0,100.0
head39,1094,188.0,108.0
head39,1095,188.0,100.0
head39,1097,196.0,108.0
head39,1098,196.0,116.0
head39,1099,196.0,116.0
head39,1102,204.0,116.0
head39,1103,196.0,124.0
head39,1104,204.0,124.0
head39,1105,204.0,124.0
head39,1106,212.0,124.0
head39,1107,220.0,124.0
head39,1109,228.0,132.0
head39,1110,228.0,132.0
head39,1112,236.0,132.0
head39,1113,236.0,132.0
head39,1114,236.0,140.0
head39,1117,252.0,140.0
head39,1118,260.0,140.0
head39,1119,260.0,148.0
head39,1120,268.0,148.0
head39,1121,268.0,148.0
head39,1122,268.0,148.0
head39,1123,276.0,156.0
head39,1124,276.0,156.0
head40,1064,164.0,164.0
head40,1065,164.0,164.0
head40,1066,152.0,144.0
head40,1067,152.0,136.0
head40,1068,172.0,108.0
head40,1069,180.0,116.0
head40,1070,188.0,116.0
head40,1071,188.0,116.0
head40,1072,188.0,116.0
head40,1073,188.0,124.0
head40,1074,188.0,124.0
head40,1075,196.0,132.0
head40,1076,196.0,124.0
head40,1077,196.0,132.0
head40,1078,204.0,132.0
head40,1079,212.0,140.0
head40,1080,204.0,140.0
head40,1081,212.0,140.0
head40,1082,212.0,148.0
head40,1083,212.0,148.0
head40,1084,212.0,148.0
head40,1085,220.0,148.0
head40,1086,220.0,148.0
head40,1087,228.0,148.0
head40,1088,228.0,156.0
head40,1089,228.0,156.0
head40,1090,236.0,164.0
head40,1091,236.0,164.0
head40,1092,228.0,172.0
head40,1093,236.0,172.0
head40,1094,236.0,180.0
head40,1095,236.0,180.0
head40,1096,236.0,188.0
head40,1097,236.0,188.0
head40,1098,236.0,196.0
head40,1100,236.0,204.0
head40,1101,236.0,196.0
head40,1102,236.0,204.0
head40,1103,236.0,204.0
head40,1104,236.0,212.0
head40,1105,236.0,204.0
head40,1106,244.0,212.0
head40,1107,236.0,220.0
head40,1108,244.0,220.0
head40,1109,244.0,228.0
head40,1110,244.0,228.0
head40,1111,244.0,220.0
head40,1112,244.0,228.0
head40,1113,252.0,228.0
head40,1114,252.0,228.0
head40,1115,252.0,228.0
head40,1116,252.0,236.0
head40,1117,260.0,236.0
head40,1118,260.0,236.0
head40,1119,260.0,236.0
head40,1120,268.0,244.0
head40,1121,268.0,244.0
head40,1122,268.0,244.0
head40,1123,268.0,244.0
head40,1124,268.0,252.0
head40,1125,268.0,252.0
head40,1126,260.0,252.0
head40,1127,268.0,252.0
head40,1128,268.0,252.0
head40,1130,276.0,252.0
head40,1131,276.0,260.0
head40,1134,276.0,252.0
head40,1135,268.0,252.0
head40,1136,276.0,252.0
head40,1137,268.0,252.0
head40,1138,276.0,252.0
head40,1139,268.0,252.0
head40,1140,276.0,252.0
head40,1141,276.0,244.0
head41,1051,188.0,100.0
head41,1053,180.0,92.0
head41,1054,180.0,100.0
head41,1055,180.0,100.0
head41,1056,188.0,92.0
head41,1057,180.0,100.0
head41,1058,188.0,92.0
head41,1059,188.0,100.0
head41,1060,180.0,100.0
head41,1061,180.0,100.0
head41,1062,180.0,100.0
head41,1063,180.0,100.0
head41,1064,180.0,108.0
head41,1065,172.0,108.0
head41,1066,180.0,108.0
head41,1067,180.0,108.0
head41,1068,180.0,108.0
head41,1069,180.0,116.0
head41,1070,188.0,116.0
head41,1071,188.0,116.0
head41,1072,188.0,116.0
head41,1073,188.0,124.0
head41,1074,188.0,124.0
head41,1075,196.0,132.0
head41,1076,196.0,124.0
head41,1077,196.0,132.0
head41,1078,204.0,132.0
head41,1079,212.0,140.0
head41,1080,204.0,140.0
head41,1081,212.0,140.0
head41,1082,212.0,148.0
head41,1083,212.0,148.0
head41,1084,212.0,148.0
head41,1085,220.0,148.0
head41,1086,220.0,148.0
head41,1087,228.0,148.0
head41,1088,228.0,156.0
head41,1089,228.0,156.0
head41,1090,236.0,164.0
head41,1091,236.0,164.0
head41,1092,228.0,172.0
head41,1093,236.0,172.0
head41,1094,236.0,180.0
head41,1095,236.0,180.0
head41,1096,236.0,188.0
head41,1097,236.0,188.0
head41,1098,236.0,196.0
head41,1100,236.0,204.0
head41,1101,236.0,196.0
head41,1102,236.0,204.0
head41,1103,236.0,204.0
head41,1104,236.0,212.0
head41,1105,236.0,204.0
head41,1106,244.0,212.0
head41,1107,236.0,220.0
head41,1108,244.0,220.0
head41,1109,244.0,228.0
head41,1110,244.0,228.0
head41,1111,244.0,220.0
head41,1112,244.0,228.0
head41,1113,252.0,228.0
head41,1114,252.0,228.0
head41,1115,252.0,228.0
head41,1116,252.0,236.0
head41,1117,260.0,236.0
head41,1118,260.0,236.0
head41,1119,260.0,236.0
head41,1120,268.0,244.0
head41,1121,268.0,244.0
head41,1122,268.0,244.0
head41,1123,268.0,244.0
head41,1124,268.0,252.0
head41,1125,268.0,252.0
head41,1126,260.0,252.0
head41,1127,268.0,252.0
head41,1128,268.0,252.0
head41,1130,276.0,252.0
head41,1132,268.0,252.0
head41,1133,268.0,252.0
head41,1134,276.0,252.0
head41,1135,268.0,252.0
head41,1136,276.0,252.0
head41,1137,268.0,252.0
head41,1138,276.0,252.0
head41,1139,268.0,252.0
head41,1140,276.0,252.0
head41,1141,276.0,244.0
head42,1123,36.0,28.0
head42,1124,36.0,28.0
head42,1125,36.0,28.0
head42,1126,36.0,28.0
head42,1127,36.0,28.0
head42,1129,36.0,28.0
head42,1131,36.0,28.0
head42,1132,36.0,28.0
head42,1133,36.0,28.0
head42,1136,36.0,28.0
head42,1137,36.0,28.0
head42,1138,36.0,28.0
head42,1139,36.0,28.0
head42,1140,44.0,28.0
head42,1142,36.0,28.0
head42,1144,44.0,28.0
head42,1145,28.0,28.0
head42,1150,28.0,28.0
head42,1152,28.0,28.0
head42,1153,36.0,28.0
head42,1154,28.0,28.0
head42,1155,28.0,28.0
head42,1156,28.0,28.0
head42,1157,28.0,28.0
head42,1159,28.0,28.0
head42,1163,28.0,28.0
head43,1129,180.0,132.0
head43,1130,180.0,140.0
head43,1131,180.0,140.0
head43,1135,180.0,148.0
head43,1137,188.0,156.0
head43,1138,188.0,156.0
head43,1139,188.0,164.0
head43,1141,188.0,164.0
head43,1142,188.0,164.0
head43,1143,188.0,164.0
head43,1144,188.0,164.0
head43,1147,188.0,180.0
head43,1148,188.0,188.0
head43,1149,196.0,188.0
head43,1150,188.0,180.0
head43,1151,188.0,180.0
head43,1152,188.0,188.0
head43,1153,188.0,188.0
head43,1154,188.0,188.0
head43,1155,196.0,188.0
head43,1157,196.0,204.0
head43,1158,196.0,204.0
head43,1159,188.0,204.0
head43,1160,188.0,212.0
head43,1161,188.0,212.0
head43,1162,196.0,212.0
head43,1163,196.0,212.0
head43,1164,196.0,212.0
head43,1165,196.0,220.0
head43,1166,196.0,220.0
head43,1167,188.0,220.0
head43,1168,204.0,220.0
head43,1169,196.0,220.0
head43,1170,204.0,228.0
head43,1171,204.0,228.0
head43,1172,212.0,220.0
head43,1173,204.0,220.0
head43,1174,204.0,220.0
head43,1175,204.0,228.0
head43,1176,204.0,228.0
head43,1178,212.0,236.0
head43,1179,212.0,228.0
head43,1180,212.0,236.0
head43,1181,212.0,236.0
head43,1182,220.0,236.0
head43,1183,212.0,236.0
head43,1184,204.0,244.0
head43,1185,212.0,244.0
head43,1186,212.0,244.0
head43,1187,212.0,244.0
head43,1188,212.0,252.0
head43,1189,220.0,244.0
head43,1190,212.0,252.0
head43,1191,220.0,252.0
head44,1176,156.0,100.0
head44,1179,156.0,100.0
head44,1180,156.0,108.0
head44,1184,156.0,116.0
head44,1185,148.0,116.0
head44,1187,148.0,124.0
head44,1188,148.0,132.0
head44,1189,148.0,132.0
head44,1190,148.0,124.0
head44,1191,148.0,132.0
head44,1192,156.0,132.0
head44,1193,140.0,132.0
head44,1194,148.0,140.0
head44,1195,140.0,140.0
head44,1196,148.0,140.0
head44,1197,148.0,140.0
head44,1198,148.0,140.0
head44,1199,148.0,140.0
head44,1200,148.0,148.0
head44,1201,156.0,148.0
head44,1202,148.0,156.0
head44,1203,140.0,156.0
head44,1204,140.0,164.0
head44,1205,148.0,164.0
head44,1206,148.0,164.0
head44,1207,148.0,172.0
head44,1208,148.0,172.0
head44,1209,140.0,172.0
head44,1210,140.0,180.0
head44,1211,140.0,172.0
head44,1212,140.0,180.0
head44,1213,140.0,188.0
head44,1214,140.0,196.0
head44,1215,140.0,196.0
head44,1216,140.0,196.0
head44,1217,132.0,196.0
head44,1218,132.0,204.0
head44,1219,124.0,196.0
head44,1220,124.0,204.0
head44,1221,124.0,204.0
head44,1222,116.0,212.0
head44,1223,124.0,212.0
head44,1224,116.0,212.0
head44,1225,116.0,220.0
head44,1226,116.0,220.0
head44,1227,116.0,228.0
head44,1228,108.0,228.0
head44,1229,108.0,228.0
head44,1230,108.0,228.0
head44,1231,108.0,220.0
head44,1232,108.0,228.0
head45,1220,204.0,116.0
head45,1222,212.0,124.0
head45,1223,200.0,120.0
head45,1224,208.0,128.0
head45,1225,212.0,132.0
head45,1226,212.0,140.0
head45,1227,220.0,132.0
head45,1228,220.0,132.0
head45,1229,220.0,132.0
head45,1230,228.0,132.0
head45,1231,220.0,132.0
head45,1232,228.0,140.0
head45,1233,228.0,140.0
head45,1234,228.0,140.0
head45,1235,228.0,140.0
head45,1236,228.0,140.0
head45,1237,228.0,140.0
head45,1238,220.0,148.0
head45,1239,228.0,148.0
head45,1240,228.0,140.0
head45,1241,220.0,148.0
head45,1242,228.0,148.0
head45,1243,228.0,148.0
head46,1153,180.0,116.0
head46,1154,180.0,108.0
head46,1155,180.0,108.0
head46,1156,180.0,108.0
head46,1157,188.0,116.0
head46,1158,188.0,108.0
head46,1159,172.0,108.0
head46,1161,180.0,116.0
head46,1162,180.0,124.0
head46,1163,172.0,124.0
head46,1164,172.0,124.0
head46,1165,172.0,124.0
head46,1166,180.0,124.0
head46,1167,180.0,124.0
head46,1168,180.0,124.0
head46,1169,180.0,124.0
head46,1170,180.0,132.0
head46,1171,188.0,124.0
head46,1172,180.0,132.0
head46,1173,188.0,132.0
head46,1174,188.0,132.0
head46,1176,196.0,132.0
head46,1177,196.0,140.0
head46,1178,204.0,132.0
head46,1179,204.0,140.0
head46,1180,204.0,140.0
head46,1182,212.0,132.0
head46,1183,204.0,132.0
head46,1184,212.0,132.0
head46,1185,204.0,132.0
head46,1187,212.0,132.0
head46,1188,212.0,132.0
head46,1189,220.0,132.0
head46,1190,220.0,132.0
head46,1191,220.0,132.0
head46,1192,220.0,132.0
head46,1193,228.0,132.0
head46,1194,228.0,140.0
head46,1195,228.0,132.0
head46,1196,228.0,140.0
head46,1197,228.0,140.0
head46,1198,228.0,140.0
head46,1200,236.0,148.0
head46,1201,244.0,148.0
head46,1202,236.0,148.0
head46,1203,244.0,156.0
head46,1204,252.0,156.0
head46,1205,252.0,156.0
head46,1206,252.0,156.0
head46,1207,252.0,156.0
head46,1208,252.0,156.0
head46,1209,260.0,164.0
head46,1210,260.0,164.0
head46,1211,260.0,164.0
head46,1212,260.0,164.0
head46,1213,260.0,164.0
head46,1214,268.0,172.0
head46,1215,260.0,172.0
head46,1216,268.0,172.0
head46,1217,276.0,172.0
head46,1218,268.0,172.0
head46,1219,276.0,172.0
head46,1220,276.0,172.0
head46,1221,276.0,172.0
head46,1222,284.0,172.0
head46,1223,284.0,172.0
head46,1224,284.0,180.0
head46,1225,284.0,188.0
head46,1226,292.0,180.0
head46,1227,292.0,180.0
head46,1228,292.0,188.0
head46,1229,292.0,188.0
head46,1230,300.0,196.0
head46,1231,308.0,196.0
head46,1233,300.0,196.0
head46,1234,308.0,204.0
head46,1235,308.0,204.0
head46,1236,300.0,212.0
head46,1237,308.0,204.0
head46,1238,300.0,212.0
head46,1239,308.0,212.0
head46,1240,308.0,212.0
head46,1241,308.0,220.0
head46,1242,308.0,212.0
head46,1243,300.0,220.0
head46,1244,308.0,220.0
head46,1245,308.0,220.0
head46,1246,308.0,228.0
head46,1247,300.0,228.0
head46,1248,292.0,236.0
head46,1249,308.0,236.0
head46,1250,308.0,236.0
head46,1251,300.0,236.0
head46,1252,292.0,244.0
head46,1253,300.0,244.0
head46,1254,292.0,244.0
head46,1255,300.0,244.0
head46,1256,292.0,244.0
head46,1257,284.0,252.0
head46,1258,300.0,252.0
head46,1260,292.0,252.0
head46,1261,300.0,252.0
head46,1262,300.0,252.0
head46,1263,284.0,252.0
head47,1097,148.0,60.0
head47,1099,156.0,68.0
head47,1100,168.0,56.0
head47,1101,168.0,52.0
head47,1102,156.0,52.0
head47,1103,156.0,68.0
head47,1104,144.0,64.0
head47,1105,136.0,64.0
head47,1106,148.0,68.0
head47,1107,180.0,52.0
head47,1108,192.0,52.0
head47,1109,184.0,64.0
head47,1110,180.0,68.0
head47,1111,188.0,60.0
head47,1112,188.0,60.0
head47,1113,196.0,60.0
head47,1115,196.0,68.0
head47,1116,188.0,68.0
head47,1117,188.0,68.0
head47,1118,188.0,68.0
head47,1119,168.0,64.0
head47,1120,160.0,64.0
head47,1121,156.0,52.0
head47,1122,156.0,52.0
head47,1123,168.0,64.0
head47,1124,168.0,64.0
head47,1125,180.0,52.0
head47,1126,172.0,68.0
head47,1127,160.0,64.0
head47,1128,160.0,64.0
head47,1129,172.0,68.0
head47,1130,180.0,60.0
head47,1131,184.0,56.0
head47,1132,168.0,64.0
head47,1133,164.0,60.0
head47,1134,172.0,60.0
head47,1135,160.0,64.0
head47,1136,168.0,64.0
head47,1137,188.0,76.0
head47,1138,188.0,76.0
head47,1139,168.0,64.0
head47,1140,152.0,72.0
head47,1141,148.0,68.0
head47,1142,148.0,60.0
head47,1143,148.0,68.0
head47,1144,156.0,68.0
head47,1145,156.0,76.0
head47,1146,156.0,76.0
head47,1147,168.0,64.0
head47,1148,176.0,64.0
head47,1149,164.0,68.0
head47,1150,156.0,68.0
head47,1151,168.0,72.0
head47,1152,184.0,56.0
head47,1153,180.0,68.0
head47,1154,180.0,60.0
head47,1155,160.0,56.0
head47,1156,144.0,64.0
head47,1157,148.0,92.0
head47,1158,156.0,100.0
head47,1159,152.0,88.0
head47,1160,164.0,92.0
head47,1161,156.0,76.0
head47,1162,160.0,64.0
head47,1166,160.0,72.0
head47,1167,148.0,68.0
head47,1170,156.0,84.0
head47,1171,160.0,80.0
head47,1172,184.0,80.0
head47,1174,188.0,84.0
head47,1175,196.0,68.0
head47,1176,192.0,56.0
head47,1178,196.0,68.0
head47,1179,196.0,68.0
head47,1180,184.0,88.0
head47,1181,184.0,88.0
head47,1182,196.0,68.0
head47,1183,196.0,68.0
head47,1184,200.0,56.0
head47,1185,184.0,60.0
head47,1186,156.0,52.0
head47,1189,156.0,68.0
head47,1190,144.0,64.0
head47,1191,156.0,68.0
head47,1192,156.0,68.0
head47,1193,148.0,68.0
head47,1194,156.0,68.0
head47,1195,156.0,68.0
head47,1196,156.0,60.0
head47,1197,156.0,68.0
head47,1198,152.0,56.0
head47,1199,152.0,60.0
head47,1200,156.0,68.0
head47,1201,156.0,68.0
head47,1202,144.0,56.0
head47,1203,136.0,52.0
head47,1204,140.0,60.0
head47,1205,140.0,64.0
head47,1206,152.0,48.0
head47,1207,144.0,60.0
head47,1208,148.0,52.0
head47,1209,148.0,68.0
head47,1210,148.0,68.0
head47,1211,144.0,64.0
head47,1212,148.0,68.0
head47,1213,140.0,68.0
head47,1214,144.0,64.0
head47,1215,144.0,64.0
head47,1216,148.0,76.0
head47,1217,148.0,68.0
head47,1218,148.0,68.0
head47,1219,148.0,76.0
head47,1220,148.0,76.0
head47,1221,148.0,68.0
head47,1222,148.0,84.0
head47,1223,148.0,76.0
head47,1224,148.0,76.0
head47,1225,148.0,76.0
head47,1226,148.0,76.0
head47,1227,148.0,84.0
head47,1228,148.0,84.0
head47,1229,148.0,84.0
head47,1230,148.0,92.0
head47,1231,136.0,80.0
head47,1232,144.0,72.0
head47,1234,172.0,68.0
head47,1237,180.0,68.0
head47,1238,180.0,68.0
head47,1239,172.0,76.0
head47,1240,180.0,68.0
head47,1241,180.0,60.0
head47,1242,180.0,60.0
head47,1243,180.0,68.0
head47,1244,180.0,68.0
head47,1245,180.0,68.0
head47,1246,180.0,68.0
head47,1247,180.0,68.0
head47,1248,180.0,76.0
head47,1249,188.0,68.0
head47,1250,184.0,72.0
head47,1251,188.0,84.0
head47,1252,180.0,84.0
head47,1253,188.0,84.0
head47,1254,188.0,84.0
head47,1255,188.0,84.0
head47,1256,188.0,84.0
head47,1257,188.0,84.0
head47,1258,188.0,84.0
head47,1259,188.0,84.0
head47,1260,192.0,64.0
head47,1261,200.0,60.0
head47,1262,188.0,68.0
head47,1264,188.0,84.0
head47,1265,188.0,84.0
head47,1266,168.0,72.0
head47,1267,152.0,64.0
head47,1268,156.0,76.0
head47,1269,156.0,68.0
head47,1270,176.0,56.0
head47,1272,192.0,68.0
head48,1246,204.0,188.0
head48,1247,212.0,180.0
head48,1248,212.0,180.0
head48,1249,220.0,180.0
head48,1250,212.0,180.0
head48,1251,212.0,188.0
head48,1252,204.0,196.0
head48,1253,204.0,188.0
head48,1254,212.0,196.0
head48,1255,204.0,196.0
head48,1256,212.0,196.0
head48,1258,204.0,196.0
head48,1259,204.0,204.0
head48,1260,196.0,212.0
head48,1261,204.0,212.0
head48,1262,196.0,212.0
head48,1263,196.0,220.0
head48,1265,204.0,228.0
head48,1266,196.0,228.0
head48,1267,204.0,236.0
head48,1268,204.0,244.0
head48,1269,204.0,244.0
head48,1270,212.0,244.0
head48,1272,212.0,244.0
head48,1274,204.0,252.0
head48,1278,204.0,252.0
head49,1277,148.0,76.0
head49,1278,140.0,76.0
head49,1279,144.0,72.0
head49,1280,152.0,72.0
head49,1281,172.0,60.0
head49,1282,188.0,60.0
head49,1284,184.0,56.0
head49,1285,192.0,64.0
head49,1286,180.0,60.0
head49,1287,188.0,68.0
head49,1288,188.0,68.0
head49,1289,176.0,64.0
head49,1290,180.0,60.0
head49,1291,180.0,68.0
head49,1292,180.0,68.0
head49,1295,188.0,60.0
head49,1296,196.0,52.0
head49,1297,188.0,52.0
head49,1298,188.0,52.0
head49,1299,196.0,52.0
head49,1300,188.0,60.0
head49,1301,196.0,60.0
head49,1302,188.0,60.0
head49,1304,188.0,60.0
head49,1308,196.0,68.0
head50,1267,172.0,108.0
head50,1270,180.0,108.0
head50,1271,180.0,108.0
head50,1275,172.0,116.0
head50,1276,172.0,116.0
head50,1277,172.0,124.0
head50,1278,172.0,124.0
head50,1279,164.0,124.0
head50,1280,164.0,132.0
head50,1281,172.0,132.0
head50,1282,164.0,132.0
head50,1283,164.0,132.0
head50,1284,164.0,140.0
head50,1285,164.0,132.0
head50,1286,156.0,140.0
head50,1287,156.0,140.0
head50,1288,156.0,140.0
head50,1289,156.0,148.0
head50,1290,156.0,148.0
head50,1291,164.0,148.0
head50,1292,156.0,156.0
head50,1293,156.0,156.0
head50,1294,156.0,156.0
head50,1295,156.0,164.0
head50,1296,148.0,164.0
head50,1297,156.0,164.0
head50,1298,148.0,164.0
head50,1299,148.0,164.0
head50,1300,140.0,172.0
head50,1301,140.0,172.0
head50,1302,132.0,172.0
head50,1303,132.0,172.0
head50,1304,124.0,172.0
head50,1305,124.0,172.0
head50,1306,132.0,172.0
head50,1307,124.0,180.0
head50,1308,124.0,180.0
head50,1309,116.0,180.0
head50,1310,116.0,188.0
head50,1311,124.0,180.0
head50,1312,116.0,188.0
head50,1313,116.0,188.0
head50,1315,116.0,196.0
head50,1316,108.0,196.0
head50,1317,100.0,196.0
head51,1289,140.0,100.0
head51,1290,132.0,108.0
head51,1291,136.0,96.0
head51,1292,144.0,80.0
head51,1293,148.0,84.0
head51,1294,140.0,84.0
head51,1295,128.0,96.0
head51,1296,132.0,108.0
head51,1297,132.0,108.0
head51,1298,124.0,108.0
head51,1299,124.0,108.0
head51,1300,124.0,116.0
head51,1301,116.0,108.0
head51,1302,124.0,116.0
head51,1303,124.0,116.0
head51,1304,132.0,124.0
head51,1307,116.0,124.0
head51,1308,116.0,124.0
head51,1309,116.0,124.0
head51,1310,108.0,124.0
head51,1311,108.0,124.0
head51,1312,116.0,116.0
head51,1313,100.0,116.0
head51,1314,100.0,116.0
head51,1315,100.0,124.0
head51,1316,100.0,116.0
head51,1317,100.0,124.0
head51,1318,100.0,124.0
head51,1319,92.0,124.0
head51,1320,92.0,124.0
head51,1321,84.0,132.0
head51,1322,84.0,132.0
head51,1323,84.0,132.0
head51,1324,84.0,132.0
head51,1325,84.0,140.0
head51,1326,76.0,132.0
head51,1327,76.0,140.0
head51,1328,76.0,140.0
head51,1329,76.0,148.0
head51,1330,76.0,148.0
head51,1331,68.0,148.0
head51,1332,68.0,148.0
head51,1333,76.0,156.0
head51,1334,68.0,148.0
head51,1335,60.0,156.0
head51,1336,60.0,156.0
head51,1338,68.0,164.0
head51,1339,60.0,164.0
head51,1340,60.0,172.0
head51,1341,60.0,164.0
head51,1342,52.0,172.0
head51,1343,52.0,172.0
head51,1344,52.0,172.0
head51,1345,52.0,172.0
head51,1346,52.0,172.0
head51,1347,44.0,180.0
head51,1348,52.0,180.0
head51,1349,44.0,180.0
head51,1350,36.0,188.0
head51,1351,36.0,188.0
head51,1352,28.0,188.0
head51,1353,36.0,188.0
head51,1354,28.0,188.0
head51,1355,36.0,188.0
head51,1356,28.0,188.0
head51,1357,28.0,188.0
head51,1358,28.0,188.0
head51,1359,28.0,188.0
head51,1360,28.0,188.0
head51,1361,28.0,188.0
head51,1364,28.0,196.0
head51,1365,28.0,204.0
head51,1366,28.0,204.0
head51,1368,28.0,212.0
head52,1342,316.0,28.0
head52,1343,316.0,28.0
head52,1344,316.0,28.0
head52,1345,316.0,28.0
head52,1346,308.0,28.0
head52,1347,316.0,28.0
head52,1348,316.0,28.0
head52,1349,324.0,28.0
head52,1350,316.0,28.0
head52,1352,316.0,28.0
head52,1353,316.0,28.0
head52,1354,316.0,28.0
head52,1355,316.0,28.0
head52,1356,316.0,28.0
head52,1358,316.0,28.0
head52,1361,316.0,28.0
head52,1362,316.0,28.0
head52,1363,316.0,28.0
head52,1364,316.0,28.0
head52,1366,316.0,28.0
head52,1369,316.0,28.0
head52,1370,316.0,28.0
head53,1313,188.0,100.0
head53,1318,188.0,116.0
head53,1319,184.0,112.0
head53,1320,196.0,116.0
head53,1321,204.0,116.0
head53,1322,196.0,116.0
head53,1323,204.0,116.0
head53,1324,204.0,124.0
head53,1325,212.0,124.0
head53,1326,212.0,124.0
head53,1327,212.0,132.0
head53,1328,212.0,132.0
head53,1329,212.0,132.0
head53,1330,212.0,132.0
head53,1331,212.0,140.0
head53,1332,220.0,140.0
head53,1333,220.0,140.0
head53,1335,220.0,148.0
head53,1336,228.0,148.0
head53,1337,220.0,156.0
head53,1338,228.0,156.0
head53,1339,228.0,156.0
head53,1340,236.0,164.0
head53,1341,236.0,164.0
head53,1342,244.0,164.0
head53,1343,244.0,172.0
head53,1344,244.0,172.0
head53,1345,252.0,180.0
head53,1346,252.0,180.0
head53,1347,260.0,180.0
head53,1348,268.0,180.0
head53,1349,260.0,180.0
head53,1350,268.0,180.0
head53,1351,268.0,180.0
head53,1352,276.0,188.0
head53,1353,276.0,188.0
head53,1354,284.0,188.0
head53,1355,284.0,188.0
head53,1356,284.0,188.0
head53,1357,292.0,188.0
head53,1358,300.0,188.0
head53,1359,300.0,196.0
head53,1360,300.0,196.0
head53,1361,308.0,196.0
head53,1362,308.0,196.0
head53,1363,316.0,196.0
head53,1364,316.0,196.0
head53,1365,316.0,196.0
head53,1366,316.0,196.0
head53,1367,324.0,204.0
head53,1368,324.0,196.0
head53,1369,324.0,204.0
head53,1370,324.0,204.0
head53,1371,324.0,204.0
head53,1372,324.0,204.0
head53,1373,324.0,204.0
head54,1349,188.0,124.0
head54,1352,188.0,124.0
head54,1353,180.0,124.0
head54,1354,180.0,124.0
head54,1355,180.0,124.0
head54,1356,172.0,116.0
head54,1357,180.0,116.0
head54,1359,180.0,132.0
head54,1360,188.0,140.0
head54,1362,180.0,140.0
head54,1363,180.0,140.0
head54,1364,180.0,156.0
head54,1365,172.0,148.0
head54,1367,172.0,156.0
head54,1368,172.0,156.0
head54,1369,172.0,156.0
head54,1370,164.0,164.0
head54,1371,164.0,172.0
head54,1372,164.0,172.0
head54,1373,156.0,172.0
head54,1374,148.0,172.0
head54,1375,148.0,172.0
head54,1376,140.0,180.0
head54,1377,140.0,180.0
head54,1378,140.0,180.0
head54,1379,140.0,188.0
head54,1380,140.0,180.0
head54,1381,132.0,188.0
head54,1382,140.0,188.0
head54,1384,132.0,196.0
head54,1385,124.0,204.0
head54,1386,132.0,204.0
head54,1387,124.0,212.0
head54,1388,124.0,212.0
head54,1389,116.0,212.0
head54,1390,116.0,220.0
head54,1391,116.0,220.0
head54,1392,108.0,220.0
head54,1393,108.0,220.0
head54,1394,108.0,220.0
head55,1373,36.0,228.0
head55,1374,44.0,236.0
head55,1375,36.0,236.0
head55,1376,28.0,236.0
head55,1379,28.0,244.0
head55,1380,28.0,236.0
head55,1381,28.0,244.0
head55,1382,28.0,236.0
head55,1383,28.0,244.0
head55,1384,28.0,244.0
head55,1385,28.0,244.0
head55,1386,28.0,244.0
head55,1387,28.0,244.0
head55,1388,28.0,252.0
head55,1389,28.0,252.0
head55,1391,28.0,252.0
head55,1392,28.0,252.0
head55,1393,28.0,252.0
head55,1394,28.0,252.0
head55,1396,28.0,252.0
head55,1398,28.0,252.0
head56,1399,84.0,228.0
head56,1400,84.0,236.0
head56,1401,84.0,228.0
head56,1402,76.0,228.0
head56,1403,76.0,236.0
head56,1404,76.0,228.0
head56,1405,68.0,228.0
head56,1406,68.0,228.0
head56,1407,68.0,228.0
head56,1408,60.0,228.0
head56,1409,60.0,220.0
head56,1410,60.0,220.0
head56,1411,52.0,212.0
head56,1412,52.0,212.0
head56,1413,52.0,204.0
head56,1414,52.0,204.0
head56,1415,52.0,204.0
head56,1416,44.0,196.0
head56,1417,44.0,196.0
head56,1418,44.0,196.0
head56,1420,36.0,196.0
head56,1421,36.0,196.0
head56,1422,36.0,188.0
head56,1423,36.0,188.0
head56,1424,28.0,196.0
head56,1425,28.0,188.0
head56,1426,28.0,188.0
head56,1427,28.0,196.0
head56,1428,28.0,196.0
head57,1378,172.0,68.0
head57,1379,164.0,68.0
head57,1380,172.0,68.0
head57,1381,164.0,68.0
head57,1382,164.0,76.0
head57,1383,156.0,76.0
head57,1384,164.0,84.0
head57,1385,164.0,92.0
head57,1387,156.0,92.0
head57,1388,156.0,92.0
head57,1389,148.0,92.0
head57,1390,156.0,92.0
head57,1391,156.0,100.0
head57,1392,156.0,100.0
head57,1393,156.0,100.0
head57,1394,148.0,100.0
head57,1395,148.0,108.0
head57,1396,156.0,108.0
head57,1397,148.0,108.0
head57,1398,148.0,116.0
head57,1399,132.0,116.0
head57,1401,140.0,116.0
head57,1402,140.0,124.0
head57,1403,132.0,124.0
head57,1404,132.0,132.0
head57,1405,124.0,124.0
head57,1406,124.0,132.0
head57,1407,124.0,124.0
head57,1408,116.0,132.0
head57,1409,116.0,132.0
head57,1410,116.0,140.0
head57,1411,108.0,140.0
head57,1412,108.0,140.0
head57,1413,100.0,140.0
head57,1414,92.0,140.0
head57,1415,92.0,140.0
head57,1416,84.0,140.0
head57,1417,92.0,140.0
head57,1418,76.0,140.0
head57,1419,92.0,140.0
head57,1424,92.0,156.0
head57,1428,76.0,156.0
head57,1429,76.0,156.0
head58,1404,164.0,60.0
head58,1406,164.0,68.0
head58,1407,160.0,56.0
head58,1408,156.0,68.0
head58,1409,164.0,60.0
head58,1410,168.0,64.0
head58,1411,192.0,88.0
head58,1414,180.0,92.0
head58,1415,180.0,92.0
head58,1416,168.0,72.0
head58,1418,168.0,64.0
head58,1419,172.0,68.0
head58,1420,196.0,60.0
head58,1421,188.0,68.0
head58,1422,172.0,68.0
head58,1423,188.0,68.0
head58,1424,180.0,68.0
head58,1425,180.0,68.0
head58,1426,180.0,76.0
head58,1427,180.0,76.0
head58,1428,188.0,76.0
head58,1429,188.0,76.0
head58,1430,180.0,68.0
head58,1432,188.0,76.0
head58,1433,188.0,84.0
head58,1434,188.0,84.0
head58,1435,188.0,84.0
head58,1436,188.0,84.0
head58,1439,188.0,100.0
head59,1396,212.0,204.0
head59,1397,212.0,204.0
head59,1399,212.0,188.0
head59,1400,232.0,176.0
head59,1402,228.0,172.0
head59,1403,236.0,172.0
head59,1404,236.0,180.0
head59,1405,244.0,180.0
head59,1406,236.0,180.0
head59,1407,244.0,180.0
head59,1408,236.0,188.0
head59,1409,244.0,188.0
head59,1410,244.0,188.0
head59,1411,252.0,196.0
head59,1413,260.0,196.0
head59,1414,252.0,196.0
head59,1415,260.0,204.0
head59,1416,260.0,204.0
head59,1417,260.0,188.0
head59,1418,268.0,188.0
head59,1419,268.0,196.0
head59,1420,268.0,196.0
head59,1421,268.0,196.0
head59,1422,268.0,196.0
head59,1423,276.0,196.0
head59,1424,276.0,196.0
head59,1425,276.0,196.0
head59,1426,276.0,196.0
head59,1428,276.0,196.0
head59,1429,292.0,196.0
head59,1430,292.0,196.0
head59,1431,292.0,204.0
head59,1432,284.0,204.0
head59,1433,292.0,204.0
head59,1434,292.0,204.0
head59,1435,300.0,196.0
head59,1436,292.0,204.0
head59,1437,300.0,204.0
head59,1438,300.0,204.0
head59,1439,300.0,204.0
head59,1440,300.0,204.0
head59,1441,300.0,212.0
head59,1442,300.0,212.0
head59,1443,308.0,212.0
head59,1444,316.0,212.0
head59,1445,308.0,220.0
head59,1446,316.0,220.0
head59,1447,316.0,220.0
head59,1448,324.0,228.0
head59,1449,316.0,228.0
head59,1450,316.0,228.0
head59,1451,316.0,228.0
head59,1452,324.0,228.0
head59,1453,324.0,236.0
head59,1454,324.0,236.0
head59,1455,324.0,244.0
head59,1456,324.0,236.0
head59,1458,324.0,244.0
head60,1379,196.0,132.0
head60,1384,204.0,132.0
head60,1385,200.0,128.0
head60,1386,212.0,132.0
head60,1387,212.0,140.0
head60,1388,212.0,140.0
head60,1390,212.0,140.0
head60,1392,220.0,148.0
head60,1393,220.0,148.0
head60,1394,220.0,148.0
head60,1395,220.0,156.0
head60,1396,220.0,156.0
head60,1397,228.0,156.0
head60,1398,228.0,156.0
head60,1400,228.0,172.0
head60,1402,228.0,172.0
head60,1403,236.0,172.0
head60,1404,236.0,180.0
head60,1405,244.0,180.0
head60,1406,236.0,180.0
head60,1407,244.0,180.0
head60,1408,236.0,188.0
head60,1409,244.0,188.0
head60,1410,244.0,188.0
head60,1411,252.0,196.0
head60,1413,260.0,196.0
head60,1414,252.0,196.0
head60,1415,260.0,204.0
head60,1416,260.0,204.0
head60,1417,260.0,188.0
head60,1418,268.0,188.0
head60,1419,268.0,196.0
head60,1420,268.0,196.0
head60,1421,268.0,196.0
head60,1422,268.0,196.0
head60,1423,276.0,196.0
head60,1424,276.0,196.0
head60,1425,276.0,196.0
head60,1426,276.0,196.0
head60,1428,276.0,196.0
head60,1429,292.0,196.0
head60,1430,292.0,196.0
head60,1431,292.0,204.0
head60,1432,284.0,204.0
head60,1433,292.0,204.0
head60,1434,292.0,204.0
head60,1435,300.0,196.0
head60,1436,292.0,204.0
head60,1437,300.0,204.0
head60,1438,300.0,204.0
head60,1439,300.0,204.0
head60,1440,300.0,204.0
head60,1441,300.0,212.0
head60,1442,300.0,212.0
head60,1443,308.0,212.0
head60,1444,316.0,212.0
head60,1445,308.0,220.0
head60,1446,316.0,220.0
head60,1447,316.0,220.0
head60,1448,324.0,228.0
head60,1449,316.0,228.0
head60,1450,316.0,228.0
head60,1451,316.0,228.0
head60,1452,324.0,228.0
head60,1453,324.0,236.0
head60,1454,324.0,236.0
head60,1455,324.0,244.0
head60,1456,324.0,236.0
head60,1458,324.0,244.0
head61,1455,172.0,124.0
head61,1456,172.0,140.0
head61,1457,176.0,136.0
head61,1458,172.0,148.0
head61,1459,188.0,140.0
head61,1460,188.0,140.0
head61,1461,192.0,136.0
head61,1462,184.0,152.0
head61,1463,196.0,148.0
head61,1464,228.0,124.0
head61,1465,240.0,128.0
head61,1466,236.0,140.0
head61,1467,244.0,140.0
head61,1468,244.0,140.0
head61,1469,236.0,140.0
head61,1470,248.0,136.0
head61,1471,260.0,132.0
head61,1472,252.0,140.0
head61,1473,248.0,136.0
head61,1474,248.0,136.0
head61,1475,252.0,140.0
head61,1476,252.0,148.0
head61,1477,262.0,136.0
head61,1478,256.0,144.0
head61,1479,260.0,140.0
head61,1480,260.0,156.0
head61,1481,240.0,176.0
head61,1482,240.0,184.0
head61,1483,260.0,188.0
head62,1442,100.0,148.0
head62,1443,100.0,156.0
head62,1444,92.0,156.0
head62,1449,92.0,172.0
head62,1450,92.0,164.0
head62,1451,84.0,164.0
head62,1453,84.0,180.0
head62,1454,76.0,180.0
head62,1455,76.0,180.0
head62,1456,76.0,180.0
head62,1457,68.0,180.0
head62,1458,52.0,180.0
head62,1459,60.0,180.0
head62,1460,44.0,180.0
head62,1461,60.0,180.0
head62,1462,60.0,180.0
head62,1463,52.0,180.0
head62,1464,52.0,180.0
head62,1465,52.0,180.0
head62,1466,52.0,180.0
head62,1467,52.0,180.0
head62,1468,52.0,180.0
head62,1470,36.0,180.0
head62,1471,36.0,172.0
head62,1472,28.0,180.0
head62,1473,28.0,172.0
head62,1474,28.0,172.0
head62,1475,36.0,172.0
head62,1476,28.0,172.0
head62,1477,28.0,172.0
head62,1479,28.0,188.0
head62,1481,28.0,188.0
head62,1482,28.0,172.0
head62,1483,28.0,188.0
head62,1484,28.0,188.0
head62,1485,28.0,172.0
head62,1486,28.0,172.0
head62,1489,28.0,172.0
head62,1492,28.0,188.0
head62,1493,28.0,188.0
head63,1559,244.0,228.0
head63,1563,252.0,236.0
head63,1564,256.0,224.0
head63,1565,262.0,224.0
head63,1566,260.0,236.0
head63,1567,260.0,236.0
head63,1568,262.0,232.0
head63,1569,268.0,244.0
head63,1570,276.0,244.0
head63,1572,268.0,236.0
head63,1573,276.0,244.0
head63,1574,284.0,236.0
head63,1578,292.0,236.0
head63,1579,292.0,228.0
head63,1583,300.0,228.0
head63,1584,308.0,228.0
head63,1585,308.0,228.0
head63,1586,308.0,220.0
head63,1587,316.0,220.0
head63,1588,308.0,220.0
head63,1589,316.0,220.0
head63,1590,316.0,220.0
head63,1591,308.0,220.0
head63,1592,324.0,220.0
head63,1593,324.0,228.0
head63,1594,324.0,228.0
head63,1595,324.0,228.0
head63,1596,324.0,228.0
head63,1597,324.0,228.0
head64,1462,156.0,116.0
head64,1465,148.0,116.0
head64,1466,160.0,96.0
head64,1467,176.0,56.0
head64,1468,180.0,52.0
head64,1469,172.0,52.0
head64,1470,176.0,56.0
head64,1471,176.0,56.0
head64,1472,180.0,60.0
head64,1473,180.0,60.0
head64,1474,176.0,56.0
head64,1475,180.0,60.0
head64,1476,196.0,60.0
head64,1477,196.0,68.0
head64,1478,188.0,68.0
head64,1479,180.0,60.0
head64,1480,180.0,68.0
head64,1481,180.0,68.0
head64,1482,172.0,68.0
head64,1483,172.0,68.0
head64,1484,180.0,68.0
head64,1485,172.0,68.0
head64,1487,172.0,84.0
head64,1488,164.0,84.0
head64,1489,172.0,84.0
head64,1490,164.0,76.0
head64,1491,172.0,84.0
head64,1492,172.0,100.0
head64,1493,172.0,116.0
head64,1494,172.0,100.0
head64,1495,172.0,92.0
head64,1496,180.0,100.0
head64,1497,180.0,100.0
head64,1498,172.0,100.0
head64,1499,180.0,100.0
head64,1500,180.0,108.0
head64,1501,172.0,108.0
head64,1502,180.0,108.0
head64,1503,180.0,116.0
head64,1504,188.0,116.0
head64,1505,188.0,116.0
head64,1506,180.0,124.0
head64,1507,180.0,124.0
head64,1509,188.0,132.0
head64,1510,188.0,132.0
head64,1511,196.0,132.0
head64,1512,196.0,132.0
head64,1513,196.0,140.0
head64,1514,196.0,148.0
head64,1515,196.0,148.0
head64,1517,196.0,156.0
head64,1518,204.0,164.0
head64,1519,196.0,164.0
head64,1520,204.0,164.0
head64,1521,196.0,172.0
head64,1522,204.0,172.0
head64,1523,204.0,180.0
head64,1524,212.0,180.0
head64,1525,212.0,180.0
head64,1526,212.0,188.0
head64,1527,204.0,188.0
head64,1528,212.0,188.0
head64,1529,212.0,188.0
head64,1530,212.0,188.0
head64,1531,220.0,188.0
head64,1532,220.0,196.0
head64,1533,228.0,188.0
head64,1534,220.0,188.0
head64,1535,228.0,188.0
head64,1536,228.0,188.0
head64,1537,228.0,188.0
head64,1538,228.0,188.0
head64,1539,236.0,188.0
head64,1540,236.0,196.0
head64,1541,236.0,188.0
head64,1542,244.0,188.0
head64,1543,252.0,180.0
head64,1544,252.0,188.0
head64,1545,260.0,180.0
head64,1546,252.0,188.0
head64,1547,252.0,188.0
head64,1548,260.0,188.0
head64,1549,260.0,188.0
head64,1550,260.0,188.0
head64,1551,260.0,196.0
head64,1552,260.0,196.0
head64,1553,268.0,196.0
head64,1554,276.0,196.0
head64,1555,276.0,204.0
head64,1556,284.0,212.0
head64,1557,284.0,212.0
head64,1558,292.0,212.0
head64,1559,292.0,212.0
head64,1560,292.0,220.0
head64,1561,292.0,220.0
head64,1562,300.0,220.0
head64,1563,300.0,220.0
head64,1564,300.0,220.0
head64,1565,308.0,228.0
head64,1566,308.0,228.0
head64,1567,308.0,228.0
head64,1568,308.0,220.0
head64,1569,316.0,228.0
head64,1570,324.0,228.0
head64,1571,316.0,220.0
head64,1572,324.0,220.0
head64,1573,324.0,228.0
head64,1575,324.0,220.0
head64,1576,316.0,220.0
head64,1577,324.0,220.0
head64,1582,308.0,220.0
head64,1583,300.0,228.0
head64,1584,308.0,228.0
head64,1585,308.0,228.0
head64,1586,308.0,220.0
head64,1587,316.0,220.0
head64,1588,308.0,220.0
head64,1589,316.0,220.0
head64,1590,316.0,220.0
head64,1591,308.0,220.0
head64,1592,324.0,220.0
head64,1593,324.0,228.0
head64,1594,324.0,228.0
head64,1595,324.0,228.0
head64,1596,324.0,228.0
head64,1597,324.0,228.0
head65,1435,188.0,132.0
head65,1437,180.0,132.0
head65,1438,184.0,112.0
head65,1439,188.0,100.0
head65,1440,180.0,68.0
head65,1441,176.0,60.0
head65,1444,160.0,72.0
head65,1445,156.0,80.0
head65,1446,164.0,84.0
head65,1447,160.0,84.0
head65,1448,152.0,64.0
head65,1449,148.0,68.0
head65,1450,156.0,68.0
head65,1451,156.0,68.0
head65,1452,156.0,68.0
head65,1453,156.0,68.0
head65,1454,148.0,76.0
head65,1455,152.0,72.0
head65,1456,156.0,84.0
head65,1457,148.0,76.0
head65,1458,156.0,76.0
head65,1459,148.0,76.0
head65,1460,156.0,84.0
head65,1461,140.0,84.0
head65,1462,136.0,64.0
head65,1463,140.0,76.0
head65,1464,140.0,68.0
head65,1465,140.0,68.0
head65,1466,148.0,68.0
head65,1467,176.0,48.0
head65,1468,184.0,60.0
head65,1469,172.0,52.0
head65,1470,172.0,52.0
head65,1471,176.0,56.0
head65,1472,180.0,60.0
head65,1473,180.0,60.0
head65,1474,176.0,56.0
head65,1475,180.0,60.0
head65,1476,196.0,60.0
head65,1477,196.0,68.0
head65,1478,188.0,68.0
head65,1479,180.0,60.0
head65,1480,180.0,68.0
head65,1481,180.0,68.0
head65,1482,172.0,68.0
head65,1483,172.0,68.0
head65,1484,180.0,68.0
head65,1485,172.0,68.0
head65,1487,172.0,84.0
head65,1488,164.0,84.0
head65,1489,172.0,84.0
head65,1490,164.0,76.0
head65,1491,172.0,84.0
head65,1492,172.0,100.0
head65,1493,172.0,116.0
head65,1494,172.0,100.0
head65,1495,172.0,92.0
head65,1496,180.0,100.0
head65,1497,180.0,100.0
head65,1498,172.0,100.0
head65,1499,180.0,100.0
head65,1500,180.0,108.0
head65,1501,172.0,108.0
head65,1502,180.0,108.0
head65,1503,180.0,116.0
head65,1504,188.0,116.0
head65,1505,188.0,116.0
head65,1506,180.0,124.0
head65,1507,180.0,124.0
head65,1509,188.0,132.0
head65,1510,188.0,132.0
head65,1511,196.0,132.0
head65,1512,196.0,132.0
head65,1513,196.0,140.0
head65,1514,196.0,148.0
head65,1515,196.0,148.0
head65,1517,196.0,156.0
head65,1518,204.0,164.0
head65,1519,196.0,164.0
head65,1520,204.0,164.0
head65,1521,196.0,172.0
head65,1522,204.0,172.0
head65,1523,204.0,180.0
head65,1524,212.0,180.0
head65,1525,212.0,180.0
head65,1526,212.0,188.0
head65,1527,204.0,188.0
head65,1528,212.0,188.0
head65,1529,212.0,188.0
head65,1530,212.0,188.0
head65,1531,220.0,188.0
head65,1532,220.0,196.0
head65,1533,228.0,188.0
head65,1534,220.0,188.0
head65,1535,228.0,188.0
head65,1536,228.0,188.0
head65,1537,228.0,188.0
head65,1538,228.0,188.0
head65,1539,236.0,188.0
head65,1540,236.0,196.0
head65,1541,236.0,188.0
head65,1542,244.0,188.0
head65,1543,252.0,180.0
head65,1544,252.0,188.0
head65,1545,260.0,180.0
head65,1546,252.0,188.0
head65,1547,252.0,188.0
head65,1548,260.0,188.0
head65,1549,260.0,188.0
head65,1550,260.0,188.0
head65,1551,260.0,196.0
head65,1552,260.0,196.0
head65,1553,268.0,196.0
head65,1554,276.0,196.0
head65,1555,276.0,204.0
head65,1556,284.0,212.0
head65,1557,284.0,212.0
head65,1558,292.0,212.0
head65,1559,292.0,212.0
head65,1560,292.0,220.0
head65,1561,292.0,220.0
head65,1562,300.0,220.0
head65,1563,300.0,220.0
head65,1564,300.0,220.0
head65,1565,308.0,228.0
head65,1566,308.0,228.0
head65,1567,308.0,228.0
head65,1568,308.0,220.0
head65,1569,316.0,228.0
head65,1570,324.0,228.0
head65,1571,316.0,220.0
head65,1572,324.0,220.0
head65,1573,324.0,228.0
head65,1575,324.0,220.0
head65,1576,316.0,220.0
head65,1577,324.0,220.0
head65,1582,308.0,220.0
head65,1583,300.0,228.0
head65,1584,308.0,228.0
head65,1585,308.0,228.0
head65,1586,308.0,220.0
head65,1587,316.0,220.0
head65,1588,308.0,220.0
head65,1589,316.0,220.0
head65,1590,316.0,220.0
head65,1591,308.0,220.0
head65,1592,324.0,220.0
head65,1593,324.0,228.0
head65,1594,324.0,228.0
head65,1595,324.0,228.0
head65,1596,324.0,228.0
head65,1597,324.0,228.0
head66,1563,188.0,100.0
head66,1564,180.0,108.0
head66,1565,180.0,108.0
head66,1566,188.0,108.0
head66,1568,188.0,116.0
head66,1569,188.0,116.0
head66,1570,188.0,116.0
head66,1571,188.0,116.0
head66,1572,196.0,116.0
head66,1573,196.0,124.0
head66,1574,196.0,124.0
head66,1575,204.0,124.0
head66,1576,204.0,124.0
head66,1577,204.0,124.0
head66,1578,212.0,132.0
head66,1579,212.0,132.0
head66,1580,220.0,132.0
head66,1581,228.0,132.0
head66,1582,228.0,132.0
head66,1583,228.0,132.0
head66,1584,236.0,132.0
head66,1585,244.0,140.0
head66,1586,244.0,132.0
head66,1587,244.0,132.0
head66,1588,252.0,132.0
head66,1589,252.0,132.0
head66,1590,252.0,140.0
head66,1591,252.0,140.0
head66,1592,260.0,148.0
head66,1593,260.0,140.0
head66,1594,260.0,148.0
head66,1595,268.0,156.0
head66,1596,268.0,148.0
head66,1597,276.0,156.0
head66,1598,276.0,156.0
head66,1599,284.0,156.0
head66,1600,284.0,156.0
head66,1601,284.0,156.0
head66,1602,292.0,156.0
head66,1603,292.0,164.0
head66,1605,292.0,180.0
head66,1606,292.0,172.0
head67,1567,164.0,68.0
head67,1568,156.0,60.0
head67,1569,156.0,68.0
head67,1572,148.0,68.0
head67,1574,148.0,68.0
head67,1575,148.0,68.0
head67,1577,148.0,68.0
head67,1578,148.0,76.0
head67,1579,156.0,84.0
head67,1580,148.0,76.0
head67,1581,148.0,76.0
head67,1582,156.0,84.0
head67,1583,148.0,84.0
head67,1584,148.0,84.0
head67,1585,148.0,84.0
head67,1586,148.0,84.0
head67,1587,148.0,84.0
head67,1588,148.0,84.0
head67,1589,156.0,92.0
head67,1590,156.0,92.0
head67,1591,156.0,92.0
head67,1592,148.0,92.0
head67,1593,148.0,92.0
head67,1596,148.0,92.0
head67,1599,148.0,100.0
head67,1600,148.0,100.0
head67,1602,148.0,100.0
head67,1606,148.0,100.0
head67,1607,148.0,108.0
head67,1608,148.0,108.0
head67,1609,148.0,116.0
head67,1610,148.0,108.0
head68,1601,188.0,124.0
head68,1603,204.0,124.0
head68,1604,208.0,120.0
head68,1605,192.0,112.0
head68,1606,156.0,100.0
head68,1607,148.0,108.0
head68,1608,148.0,108.0
head68,1609,148.0,116.0
head68,1610,148.0,108.0
head68,1611,152.0,120.0
head68,1612,156.0,124.0
head68,1613,148.0,108.0
head68,1614,160.0,72.0
head68,1616,156.0,76.0
head68,1617,164.0,84.0
head68,1618,152.0,72.0
head68,1619,164.0,76.0
head68,1620,164.0,68.0
head68,1621,164.0,76.0
head68,1622,172.0,84.0
head68,1623,172.0,84.0
head68,1624,172.0,84.0
head68,1625,180.0,92.0
head68,1627,180.0,100.0
head68,1628,180.0,100.0
head68,1629,188.0,100.0
head68,1631,188.0,92.0
head69,1636,180.0,132.0
head69,1637,180.0,132.0
head69,1638,180.0,132.0
head69,1639,180.0,140.0
head69,1640,180.0,140.0
head69,1641,172.0,148.0
head69,1642,180.0,148.0
head69,1643,172.0,156.0
head69,1644,172.0,156.0
head69,1645,172.0,164.0
head69,1646,164.0,164.0
head69,1647,164.0,164.0
head69,1648,164.0,172.0
head69,1649,164.0,180.0
head69,1650,156.0,180.0
head69,1651,164.0,188.0
head69,1652,156.0,188.0
head69,1653,156.0,188.0
head69,1654,156.0,196.0
head69,1655,148.0,204.0
head69,1656,148.0,204.0
head69,1657,148.0,212.0
head69,1658,148.0,212.0
head69,1659,148.0,220.0
head69,1660,148.0,228.0
head69,1661,140.0,236.0
head69,1662,140.0,236.0
head69,1663,140.0,244.0
head69,1664,132.0,252.0
head70,1618,164.0,140.0
head70,1619,164.0,148.0
head70,1620,160.0,144.0
head70,1621,156.0,156.0
head70,1622,156.0,148.0
head70,1623,144.0,128.0
head70,1624,140.0,132.0
head70,1625,140.0,132.0
head70,1626,140.0,140.0
head70,1627,140.0,140.0
head70,1628,140.0,140.0
head70,1629,140.0,148.0
head70,1630,140.0,148.0
head70,1631,140.0,156.0
head70,1632,132.0,156.0
head70,1633,132.0,156.0
head70,1634,132.0,164.0
head70,1635,132.0,164.0
head70,1636,132.0,172.0
head70,1637,132.0,172.0
head70,1638,124.0,180.0
head70,1639,124.0,180.0
head70,1640,124.0,180.0
head70,1641,124.0,180.0
head70,1642,124.0,188.0
head70,1643,116.0,188.0
head70,1644,116.0,188.0
head70,1645,116.0,196.0
head70,1646,116.0,196.0
head70,1647,108.0,204.0
head70,1648,108.0,196.0
head70,1650,100.0,204.0
head70,1651,100.0,204.0
head70,1652,92.0,204.0
head70,1653,92.0,212.0
head70,1654,92.0,212.0
head70,1655,84.0,212.0
head70,1656,84.0,220.0
head70,1657,76.0,220.0
head70,1658,76.0,220.0
head70,1659,76.0,220.0
head70,1660,76.0,228.0
head70,1661,68.0,228.0
head70,1662,68.0,228.0
head70,1663,68.0,236.0
head70,1664,68.0,236.0
head70,1665,60.0,236.0
head70,1666,52.0,228.0
head70,1668,52.0,244.0
head70,1669,44.0,244.0
head70,1670,44.0,244.0
head70,1671,44.0,252.0
head70,1672,36.0,252.0
head70,1673,28.0,252.0
head70,1674,28.0,252.0
head70,1675,28.0,252.0
head70,1677,28.0,252.0
head70,1680,28.0,244.0
head70,1681,28.0,252.0
head70,1682,28.0,252.0
head71,1667,164.0,68.0
head71,1668,172.0,68.0
head71,1669,172.0,68.0
head71,1670,164.0,68.0
head71,1671,148.0,68.0
head71,1672,164.0,68.0
head71,1674,164.0,76.0
head71,1675,148.0,76.0
head71,1677,156.0,84.0
head71,1678,164.0,84.0
head71,1679,164.0,100.0
head71,1680,164.0,84.0
head71,1681,172.0,92.0
head71,1682,164.0,100.0
head71,1683,164.0,92.0
head71,1684,172.0,100.0
head71,1685,180.0,108.0
head71,1686,180.0,100.0
head71,1687,180.0,116.0
head71,1688,180.0,108.0
head71,1689,188.0,116.0
head71,1690,188.0,108.0
head71,1691,188.0,116.0
head71,1692,188.0,116.0
head71,1693,188.0,116.0
head71,1694,188.0,108.0
head71,1696,196.0,116.0
head71,1697,196.0,116.0
head71,1698,196.0,124.0
head71,1699,196.0,124.0
head71,1700,196.0,124.0
head71,1701,204.0,132.0
head71,1702,204.0,132.0
head71,1703,196.0,132.0
head72,1636,148.0,76.0
head72,1638,148.0,68.0
head72,1639,168.0,64.0
head72,1640,172.0,76.0
head72,1641,156.0,76.0
head72,1642,156.0,76.0
head72,1643,156.0,68.0
head72,1644,156.0,76.0
head72,1645,156.0,76.0
head72,1646,156.0,76.0
head72,1647,156.0,84.0
head72,1648,156.0,84.0
head72,1649,156.0,84.0
head72,1650,164.0,92.0
head72,1651,156.0,92.0
head72,1653,156.0,92.0
head72,1654,156.0,92.0
head72,1655,148.0,92.0
head72,1656,148.0,92.0
head72,1657,148.0,92.0
head72,1658,148.0,92.0
head72,1659,148.0,92.0
head72,1660,148.0,92.0
head72,1661,148.0,108.0
head72,1662,140.0,100.0
head72,1663,140.0,108.0
head72,1664,140.0,100.0
head72,1665,132.0,108.0
head72,1666,132.0,108.0
head72,1667,140.0,116.0
head72,1668,132.0,116.0
head72,1669,124.0,116.0
head72,1670,124.0,124.0
head72,1671,124.0,124.0
head72,1672,116.0,124.0
head72,1673,124.0,116.0
head72,1674,116.0,124.0
head72,1675,116.0,124.0
head72,1676,116.0,132.0
head72,1677,124.0,124.0
head72,1678,124.0,124.0
head72,1679,116.0,124.0
head72,1680,108.0,132.0
head72,1681,108.0,140.0
head72,1682,100.0,140.0
head72,1683,108.0,148.0
head72,1684,100.0,148.0
head72,1685,108.0,156.0
head72,1686,100.0,164.0
head72,1687,100.0,164.0
head72,1688,100.0,164.0
head72,1689,92.0,164.0
head72,1690,92.0,172.0
head72,1691,92.0,172.0
head72,1692,92.0,172.0
head72,1693,92.0,180.0
head72,1695,92.0,180.0
head72,1696,84.0,188.0
head72,1698,84.0,188.0
head72,1699,76.0,188.0
head72,1700,76.0,188.0
head72,1701,76.0,188.0
head72,1702,68.0,196.0
head72,1703,60.0,196.0
head72,1704,68.0,196.0
head72,1706,60.0,196.0
head72,1707,52.0,204.0
head72,1708,52.0,204.0
head72,1709,60.0,204.0
head72,1710,44.0,204.0
head72,1711,44.0,212.0
head72,1712,44.0,212.0
head72,1713,44.0,212.0
head72,1714,36.0,212.0
head72,1715,36.0,220.0
head72,1716,36.0,220.0
head72,1717,36.0,220.0
head72,1718,36.0,220.0
head72,1719,28.0,228.0
head72,1720,28.0,228.0
head72,1721,36.0,228.0
head72,1722,28.0,236.0
head72,1723,28.0,236.0
head72,1724,28.0,236.0
head72,1725,28.0,236.0
head72,1726,28.0,244.0
head72,1727,28.0,244.0
head72,1728,28.0,244.0
head72,1729,28.0,252.0
head72,1730,28.0,252.0
head72,1731,28.0,252.0
head72,1732,28.0,252.0
head72,1733,44.0,252.0
head72,1734,28.0,252.0
head72,1735,28.0,252.0
head72,1736,28.0,252.0
head72,1737,28.0,252.0
head72,1738,28.0,252.0
head72,1739,28.0,252.0
head72,1740,28.0,252.0
head72,1741,28.0,252.0
head72,1742,28.0,252.0
head72,1743,28.0,252.0
head73,1708,228.0,156.0
head73,1709,220.0,156.0
head73,1710,228.0,156.0
head73,1711,236.0,164.0
head73,1712,236.0,164.0
head73,1713,228.0,164.0
head73,1714,236.0,172.0
head73,1715,236.0,172.0
head73,1716,244.0,180.0
head73,1717,244.0,180.0
head73,1718,252.0,180.0
head73,1719,244.0,180.0
head73,1720,244.0,180.0
head73,1721,252.0,180.0
head73,1722,252.0,180.0
head73,1723,260.0,180.0
head73,1724,260.0,180.0
head73,1725,260.0,180.0
head73,1726,268.0,180.0
head73,1727,268.0,180.0
head73,1728,268.0,180.0
head73,1729,268.0,180.0
head73,1730,276.0,180.0
head73,1731,276.0,172.0
head73,1733,284.0,164.0
head73,1734,284.0,164.0
head73,1735,292.0,164.0
head73,1736,284.0,172.0
head73,1737,292.0,164.0
head73,1738,292.0,156.0
head73,1739,292.0,156.0
head73,1740,292.0,156.0
head73,1741,300.0,156.0
head73,1745,292.0,156.0
head74,1706,164.0,76.0
head74,1711,172.0,68.0
head74,1712,172.0,68.0
head74,1713,172.0,68.0
head74,1714,172.0,68.0
head74,1715,172.0,76.0
head74,1716,172.0,76.0
head74,1717,172.0,68.0
head74,1718,172.0,84.0
head74,1719,180.0,84.0
head74,1720,180.0,84.0
head74,1721,180.0,84.0
head74,1722,180.0,92.0
head74,1723,180.0,84.0
head74,1724,180.0,92.0
head74,1725,188.0,92.0
head74,1726,188.0,92.0
head74,1727,188.0,92.0
head74,1728,196.0,100.0
head74,1730,196.0,108.0
head74,1731,196.0,108.0
head74,1732,204.0,108.0
head74,1733,204.0,108.0
head74,1734,212.0,116.0
head74,1735,204.0,116.0
head74,1736,204.0,116.0
head74,1737,204.0,124.0
head74,1738,220.0,124.0
head74,1739,212.0,124.0
head74,1740,220.0,124.0
head74,1741,212.0,132.0
head74,1742,212.0,132.0
head74,1743,220.0,140.0
head74,1744,228.0,140.0
head74,1745,228.0,148.0
head74,1746,220.0,148.0
head74,1747,228.0,156.0
head74,1748,228.0,156.0
head74,1749,228.0,164.0
head74,1750,228.0,164.0
head74,1751,236.0,172.0
head74,1752,236.0,172.0
head74,1753,236.0,172.0
head75,1729,148.0,84.0
head75,1730,148.0,84.0
head75,1731,152.0,88.0
head75,1732,168.0,72.0
head75,1734,180.0,68.0
head75,1735,180.0,68.0
head75,1738,184.0,64.0
head75,1739,180.0,68.0
head75,1740,180.0,68.0
head75,1741,180.0,68.0
head75,1742,176.0,72.0
head75,1743,172.0,76.0
head75,1744,172.0,76.0
head75,1745,172.0,84.0
head75,1746,172.0,76.0
head75,1748,172.0,84.0
head75,1749,172.0,92.0
head75,1750,180.0,100.0
head75,1755,164.0,100.0
head75,1756,164.0,108.0
head75,1757,172.0,116.0
head75,1762,156.0,116.0
head75,1763,156.0,116.0
head75,1765,156.0,124.0
head75,1766,156.0,124.0
head75,1767,164.0,124.0
head76,1772,172.0,140.0
head76,1773,172.0,148.0
head76,1774,172.0,140.0
head76,1775,180.0,140.0
head76,1776,180.0,140.0
head76,1777,180.0,148.0
head76,1778,180.0,148.0
head76,1779,180.0,148.0
head76,1780,188.0,156.0
head76,1781,180.0,156.0
head76,1782,180.0,156.0
head76,1783,188.0,164.0
head76,1784,188.0,164.0
head76,1785,188.0,172.0
head76,1786,188.0,172.0
head76,1787,196.0,172.0
head76,1788,188.0,180.0
head76,1789,188.0,180.0
head76,1790,188.0,180.0
head76,1791,180.0,188.0
head76,1792,188.0,196.0
head76,1793,196.0,196.0
head76,1794,196.0,196.0
head76,1795,188.0,204.0
head76,1796,196.0,212.0
head76,1797,188.0,212.0
head76,1798,204.0,212.0
head76,1799,196.0,220.0
head76,1800,204.0,228.0
head76,1801,204.0,228.0
head76,1802,212.0,228.0
head76,1803,212.0,236.0
head76,1804,212.0,236.0
head76,1805,212.0,228.0
