head0, 101, 110, 100
head0, 105, 110, 100
head0, 107, 106, 96
head0, 108, 106, 96
head0, 109, 110, 100
head0, 110, 110, 100
head0, 111, 106, 96
head0, 113, 106, 96
head0, 114, 110, 100
head0, 115, 110, 100
head0, 116, 106, 104
head0, 117, 106, 104
head0, 118, 110, 124
head0, 119, 110, 124
head0, 120, 106, 120
head0, 121, 106, 120
head0, 122, 110, 124
head0, 123, 110, 124
head0, 124, 106, 120
head0, 125, 106, 120
head0, 126, 110, 124
head0, 127, 110, 124
head0, 128, 106, 120
head0, 129, 106, 120
head0, 130, 110, 124
head0, 131, 110, 124
head0, 132, 106, 120
head0, 133, 106, 120
head0, 134, 110, 124
head0, 135, 110, 124
head0, 136, 106, 120
head0, 137, 106, 120
head0, 138, 110, 124
head0, 140, 110, 124
head0, 141, 106, 120
head0, 142, 106, 120
head0, 143, 110, 124
head0, 144, 110, 124
head0, 145, 106, 120
head0, 146, 106, 120
head1, 74, 212, 192
head1, 76, 211, 191
head1, 77, 198, 186
head1, 78, 197, 185
head1, 79, 200, 180
head1, 80, 199, 179
head1, 81, 194, 182
head1, 82, 193, 181
head1, 83, 188, 184
head1, 84, 187, 175
head1, 85, 190, 178
head1, 86, 189, 177
head1, 87, 184, 172
head1, 88, 183, 171
head1, 89, 178, 166
head1, 90, 177, 165
head1, 91, 172, 168
head1, 92, 184, 172
head1, 93, 182, 171
head1, 94, 179, 170
head1, 95, 177, 168
head1, 96, 175, 167
head1, 97, 172, 165
head1, 98, 170, 164
head1, 99, 156, 159
head1, 100, 167, 162
head1, 101, 158, 153
head1, 102, 165, 160
head1, 103, 164, 159
head1, 104, 151, 146
head1, 105, 158, 145
head1, 106, 163, 156
head1, 107, 162, 155
head1, 108, 162, 154
head1, 109, 162, 153
head1, 110, 162, 152
head1, 111, 158, 139
head1, 112, 163, 148
head1, 113, 156, 137
head1, 114, 161, 138
head1, 115, 166, 142
head1, 116, 159, 134
head1, 117, 164, 130
head1, 118, 165, 130
head1, 119, 162, 126
head1, 120, 163, 126
head1, 121, 168, 122
head1, 122, 169, 122
head1, 123, 166, 118
head1, 124, 167, 110
head1, 125, 172, 114
head1, 126, 173, 114
head1, 127, 170, 110
head1, 128, 171, 110
head1, 129, 176, 106
head1, 130, 181, 109
head1, 131, 182, 107
head1, 132, 182, 104
head1, 133, 182, 102
head1, 134, 181, 99
head1, 135, 176, 116
head1, 136, 175, 113
head1, 137, 178, 114
head1, 138, 161, 103
head1, 139, 156, 104
head1, 140, 171, 101
head1, 141, 166, 94
head1, 142, 165, 91
head1, 143, 168, 84
head1, 144, 167, 81
head1, 145, 162, 82
head1, 146, 161, 79
head1, 147, 164, 72
head1, 148, 163, 69
head1, 149, 158, 70
head1, 150, 165, 67
head1, 151, 168, 68
head1, 152, 167, 65
head1, 153, 170, 66
head1, 154, 161, 87
head1, 155, 164, 88
head1, 156, 163, 85
head1, 157, 166, 86
head1, 158, 165, 83
head1, 159, 168, 76
head1, 160, 167, 73
head1, 161, 170, 74
head1, 162, 169, 71
head1, 163, 148, 88
head1, 164, 174, 53
head1, 165, 188, 28
head2, 148, 167, 162
head2, 151, 167, 157
head2, 152, 163, 148
head2, 153, 163, 127
head2, 154, 167, 148
head2, 155, 167, 145
head2, 156, 167, 142
head2, 157, 163, 135
head2, 158, 163, 116
head2, 159, 167, 77
head2, 160, 167, 68
head2, 161, 171, 71
head2, 162, 171, 70
head2, 163, 167, 65
head2, 164, 165, 124
head2, 165, 165, 121
head2, 166, 161, 138
head2, 167, 161, 135
head2, 168, 149, 120
head2, 169, 149, 117
head2, 170, 161, 126
head2, 171, 153, 155
head2, 172, 133, 180
head2, 173, 93, 201
head2, 174, 41, 210
head2, 175, 28, 239
head2, 176, 68, 256
head2, 180, 112, 253
head2, 184, 160, 261
head3, 166, 70, 164
head3, 167, 70, 164
head3, 168, 74, 160
head3, 169, 72, 163
head3, 170, 74, 163
head3, 171, 75, 162
head3, 172, 76, 162
head3, 173, 57, 174
head3, 174, 78, 161
head3, 175, 79, 161
head3, 176, 80, 161
head3, 177, 81, 160
head3, 178, 81, 160
head3, 179, 77, 148
head3, 180, 77, 148
head3, 181, 81, 144
head3, 182, 81, 144
head3, 183, 77, 140
head3, 184, 77, 140
head3, 185, 81, 144
head3, 186, 81, 144
head3, 187, 77, 140
head3, 188, 85, 140
head3, 189, 81, 144
head3, 190, 81, 144
head3, 191, 85, 148
head3, 192, 96, 160
head3, 193, 127, 192
head3, 194, 178, 228
head3, 195, 233, 244
head3, 196, 300, 240
head4, 136, 271, 157
head4, 137, 271, 157
head4, 138, 270, 156
head4, 139, 269, 155
head4, 140, 268, 154
head4, 141, 263, 149
head4, 142, 265, 152
head4, 143, 264, 151
head4, 144, 263, 150
head4, 145, 261, 148
head4, 146, 255, 142
head4, 147, 258, 146
head4, 148, 273, 170
head4, 149, 255, 145
head4, 150, 249, 140
head4, 151, 251, 144
head4, 152, 241, 144
head4, 153, 243, 140
head4, 154, 241, 140
head4, 155, 235, 144
head4, 156, 217, 136
head4, 157, 239, 142
head4, 158, 237, 142
head4, 159, 235, 141
head4, 160, 233, 141
head4, 161, 219, 137
head4, 162, 217, 137
head4, 163, 219, 133
head4, 164, 224, 137
head4, 165, 217, 129
head4, 166, 214, 133
head4, 167, 215, 133
head4, 168, 212, 129
head4, 169, 213, 129
head4, 170, 216, 128
head4, 171, 215, 127
head4, 172, 210, 122
head4, 173, 209, 121
head4, 174, 212, 121
head4, 175, 203, 117
head4, 176, 211, 117
head4, 177, 210, 116
head4, 178, 210, 114
head4, 179, 209, 112
head4, 180, 209, 111
head4, 181, 208, 110
head4, 182, 208, 109
head4, 183, 207, 108
head4, 184, 206, 107
head4, 185, 205, 105
head4, 186, 205, 103
head4, 187, 193, 97
head4, 188, 205, 99
head4, 189, 205, 98
head4, 190, 204, 97
head4, 191, 191, 92
head4, 192, 204, 95
head4, 193, 204, 93
head4, 194, 203, 92
head4, 195, 203, 91
head4, 196, 191, 86
head4, 197, 183, 93
head4, 198, 187, 80
head4, 199, 200, 87
head5, 163, 123, 196
head5, 164, 123, 196
head5, 165, 124, 195
head5, 166, 129, 190
head5, 167, 130, 189
head5, 168, 127, 184
head5, 169, 128, 183
head5, 170, 133, 186
head5, 171, 134, 177
head5, 172, 131, 180
head5, 173, 132, 179
head5, 174, 133, 181
head5, 175, 138, 171
head5, 176, 139, 173
head5, 177, 135, 175
head5, 178, 136, 173
head5, 179, 136, 171
head5, 180, 136, 169
head5, 181, 137, 166
head5, 182, 137, 164
head5, 183, 141, 158
head5, 184, 136, 159
head5, 185, 136, 156
head5, 186, 136, 153
head5, 187, 140, 146
head5, 188, 135, 148
head5, 189, 135, 146
head5, 190, 139, 140
head5, 191, 135, 141
head5, 192, 135, 139
head5, 193, 135, 137
head5, 194, 135, 135
head5, 195, 135, 133
head5, 196, 139, 127
head5, 197, 139, 125
head5, 198, 136, 129
head5, 199, 136, 127
head5, 200, 137, 126
head5, 201, 138, 125
head5, 202, 138, 124
head5, 203, 139, 123
head5, 204, 144, 118
head5, 205, 141, 120
head5, 206, 141, 119
head5, 207, 142, 118
head5, 208, 147, 113
head5, 209, 148, 104
head5, 210, 143, 113
head5, 211, 144, 111
head5, 212, 144, 109
head5, 213, 144, 107
head5, 214, 144, 105
head5, 215, 144, 103
head5, 216, 143, 100
head5, 217, 143, 98
head5, 218, 142, 96
head5, 219, 142, 94
head5, 220, 141, 90
head5, 221, 141, 87
head5, 222, 140, 84
head5, 223, 140, 81
head5, 224, 144, 74
head5, 225, 144, 71
head5, 226, 139, 75
head5, 227, 139, 73
head5, 228, 143, 67
head5, 229, 139, 69
head5, 230, 139, 67
head5, 231, 139, 65
head5, 232, 139, 63
head5, 233, 140, 61
head5, 234, 140, 59
head5, 235, 144, 61
head5, 236, 144, 59
head5, 237, 148, 77
head5, 238, 148, 75
head5, 239, 152, 69
head5, 240, 176, 83
head5, 241, 220, 109
head5, 242, 284, 131
head5, 246, 145, 50
head6, 191, 266, 194
head6, 192, 266, 194
head6, 193, 262, 190
head6, 194, 262, 190
head6, 195, 258, 194
head6, 196, 258, 194
head6, 197, 254, 190
head6, 198, 254, 190
head6, 199, 258, 194
head6, 200, 258, 186
head6, 201, 254, 190
head6, 202, 254, 190
head6, 203, 250, 194
head6, 204, 250, 186
head6, 205, 246, 190
head6, 206, 238, 214
head6, 207, 234, 218
head6, 208, 249, 193
head6, 209, 244, 188
head6, 210, 247, 192
head6, 211, 230, 208
head6, 212, 233, 204
head6, 213, 244, 189
head6, 214, 243, 189
head6, 215, 238, 177
head6, 216, 237, 177
head6, 217, 240, 189
head6, 218, 231, 181
head6, 219, 234, 177
head6, 220, 233, 177
head6, 221, 228, 157
head6, 222, 227, 125
head6, 223, 230, 113
head6, 224, 229, 121
head6, 225, 224, 117
head6, 226, 223, 117
head6, 227, 226, 121
head6, 228, 225, 121
head6, 229, 228, 117
head6, 230, 227, 117
head6, 231, 222, 121
head6, 232, 222, 190
head6, 233, 221, 189
head6, 234, 220, 189
head6, 235, 220, 189
head6, 236, 200, 209
head6, 237, 200, 209
head6, 238, 196, 205
head6, 239, 196, 205
head6, 240, 192, 209
head6, 241, 192, 201
head6, 242, 196, 205
head6, 243, 196, 197
head6, 244, 200, 201
head6, 245, 192, 201
head6, 246, 196, 197
head6, 247, 196, 197
head6, 248, 200, 193
head6, 249, 200, 193
head6, 250, 196, 189
head6, 251, 196, 189
head6, 252, 200, 185
head6, 253, 208, 161
head6, 254, 212, 117
head7, 168, 222, 194
head7, 169, 222, 194
head7, 170, 221, 193
head7, 171, 220, 191
head7, 172, 219, 190
head7, 173, 219, 188
head7, 174, 215, 182
head7, 175, 218, 184
head7, 176, 217, 181
head7, 177, 217, 179
head7, 178, 213, 173
head7, 179, 229, 147
head7, 180, 219, 173
head7, 181, 219, 170
head7, 182, 215, 163
head7, 183, 223, 168
head7, 184, 219, 161
head7, 185, 219, 158
head7, 186, 215, 159
head7, 187, 215, 156
head7, 188, 219, 157
head7, 189, 219, 154
head7, 190, 215, 155
head7, 191, 215, 152
head7, 192, 211, 153
head7, 193, 216, 151
head7, 194, 209, 145
head7, 195, 214, 148
head7, 196, 212, 147
head7, 197, 211, 146
head7, 198, 209, 145
head7, 199, 203, 140
head7, 200, 205, 143
head7, 201, 203, 142
head7, 202, 201, 141
head7, 203, 199, 140
head7, 204, 197, 139
head7, 205, 195, 138
head7, 206, 189, 141
head7, 207, 191, 136
head7, 208, 189, 135
head7, 209, 191, 138
head7, 210, 189, 137
head7, 211, 183, 132
head7, 212, 181, 131
head7, 213, 183, 134
head7, 214, 181, 133
head7, 215, 183, 128
head7, 216, 181, 127
head7, 217, 183, 130
head7, 218, 181, 129
head7, 219, 183, 124
head7, 220, 181, 123
head7, 221, 183, 126
head7, 222, 181, 117
head7, 223, 175, 120
head7, 224, 181, 119
head7, 225, 181, 114
head7, 226, 177, 113
head7, 227, 177, 108
head7, 228, 181, 107
head7, 229, 181, 106
head7, 230, 181, 104
head7, 231, 182, 102
head7, 232, 182, 99
head7, 233, 182, 97
head7, 234, 182, 95
head7, 235, 181, 93
head7, 236, 181, 91
head7, 237, 181, 89
head7, 238, 182, 87
head7, 239, 182, 86
head7, 240, 182, 85
head7, 241, 182, 84
head7, 242, 178, 87
head7, 243, 178, 78
head7, 244, 181, 79
head7, 245, 181, 77
head7, 246, 177, 71
head7, 247, 180, 75
head7, 248, 171, 67
head7, 249, 174, 71
head7, 250, 177, 70
head7, 251, 176, 68
head7, 252, 175, 67
head7, 253, 162, 62
head7, 256, 145, 77
head7, 257, 140, 72
head7, 259, 139, 63
head7, 260, 142, 66
head7, 261, 141, 65
head7, 262, 144, 76
head7, 263, 167, 75
head7, 264, 170, 70
head7, 265, 169, 69
head7, 266, 172, 64
head7, 267, 171, 63
head8, 192, 255, 122
head8, 194, 255, 121
head8, 195, 251, 116
head8, 196, 254, 120
head8, 197, 253, 120
head8, 198, 253, 119
head8, 199, 252, 119
head8, 200, 252, 119
head8, 201, 251, 118
head8, 202, 246, 113
head8, 203, 250, 118
head8, 204, 249, 118
head8, 205, 249, 118
head8, 206, 248, 118
head8, 207, 247, 118
head8, 208, 246, 119
head8, 209, 245, 119
head8, 210, 244, 119
head8, 211, 243, 120
head8, 212, 242, 120
head8, 213, 241, 121
head8, 214, 240, 121
head8, 215, 239, 121
head8, 216, 234, 117
head8, 217, 233, 125
head8, 218, 236, 121
head8, 219, 227, 129
head8, 220, 236, 122
head8, 221, 225, 127
head8, 222, 226, 128
head8, 223, 223, 125
head8, 224, 224, 126
head8, 225, 229, 123
head8, 226, 230, 116
head8, 227, 227, 121
head8, 228, 228, 122
head8, 229, 225, 119
head8, 230, 226, 120
head8, 231, 223, 117
head8, 232, 224, 118
head8, 233, 229, 115
head8, 234, 222, 116
head8, 235, 227, 113
head8, 236, 228, 114
head8, 237, 225, 111
head8, 238, 226, 112
head8, 239, 232, 115
head8, 240, 218, 138
head8, 241, 231, 115
head8, 242, 231, 115
head8, 243, 219, 111
head8, 244, 219, 111
head8, 245, 215, 115
head8, 246, 223, 115
head8, 247, 226, 115
head8, 248, 225, 116
head8, 249, 224, 116
head8, 250, 211, 120
head8, 251, 222, 116
head8, 252, 221, 116
head8, 253, 220, 116
head8, 254, 219, 116
head8, 255, 219, 116
head8, 256, 218, 115
head8, 257, 218, 115
head8, 258, 218, 115
head8, 259, 218, 115
head8, 260, 206, 111
head8, 261, 206, 111
head8, 262, 202, 107
head8, 263, 202, 107
head8, 264, 206, 103
head8, 265, 206, 103
head8, 266, 216, 114
head8, 267, 206, 105
head8, 268, 200, 100
head8, 269, 215, 114
head8, 270, 210, 140
head8, 271, 225, 162
head8, 272, 236, 204
head8, 273, 259, 258
head9, 205, 102, 151
head9, 206, 102, 151
head9, 207, 103, 151
head9, 208, 104, 151
head9, 209, 101, 147
head9, 210, 105, 151
head9, 211, 105, 151
head9, 212, 106, 151
head9, 213, 106, 151
head9, 214, 107, 151
head9, 215, 107, 151
head9, 216, 103, 147
head9, 217, 103, 147
head9, 218, 107, 143
head9, 219, 107, 143
head9, 220, 111, 147
head9, 221, 111, 147
head9, 222, 107, 143
head9, 223, 107, 143
head9, 224, 111, 139
head9, 225, 111, 139
head9, 226, 107, 143
head9, 227, 107, 143
head9, 228, 111, 139
head9, 229, 111, 139
head9, 230, 115, 135
head9, 231, 115, 135
head9, 232, 111, 139
head9, 233, 111, 131
head9, 234, 112, 138
head9, 235, 112, 137
head9, 236, 112, 136
head9, 237, 113, 136
head9, 238, 113, 135
head9, 239, 113, 135
head9, 240, 113, 134
head9, 241, 114, 134
head9, 242, 114, 133
head9, 243, 114, 133
head9, 244, 115, 133
head9, 245, 115, 132
head9, 246, 115, 132
head9, 247, 119, 128
head9, 248, 119, 128
head9, 249, 115, 124
head9, 250, 115, 124
head9, 251, 118, 131
head9, 252, 117, 126
head9, 253, 120, 125
head9, 254, 119, 128
head9, 255, 119, 130
head9, 256, 123, 128
head9, 257, 123, 130
head9, 258, 119, 128
head9, 259, 127, 130
head9, 260, 123, 128
head9, 261, 123, 130
head9, 262, 127, 128
head9, 263, 127, 130
head9, 264, 147, 152
head9, 265, 147, 154
head9, 266, 151, 152
head9, 267, 129, 130
head9, 268, 127, 128
head9, 269, 137, 122
head9, 270, 135, 120
head9, 271, 137, 122
head9, 272, 143, 120
head9, 273, 137, 122
head9, 274, 143, 120
head9, 275, 145, 122
head9, 276, 143, 120
head9, 277, 145, 122
head9, 278, 143, 120
head9, 279, 145, 122
head9, 280, 151, 120
head9, 281, 145, 122
head9, 282, 151, 120
head9, 283, 145, 114
head9, 284, 151, 120
head9, 285, 145, 122
head9, 286, 151, 120
head9, 287, 145, 114
head9, 288, 151, 120
head9, 289, 138, 129
head9, 290, 145, 150
head9, 291, 148, 151
head9, 292, 147, 156
head9, 293, 150, 157
head9, 294, 149, 154
head9, 295, 144, 155
head9, 296, 143, 152
head9, 297, 146, 153
head9, 298, 145, 150
head9, 299, 148, 151
head9, 300, 147, 148
head9, 301, 150, 149
head9, 302, 149, 146
head9, 303, 152, 147
head9, 304, 159, 152
head9, 305, 146, 115
head9, 306, 153, 98
head9, 307, 146, 112
head9, 308, 159, 146
head10, 224, 97, 191
head10, 225, 97, 191
head10, 226, 117, 211
head10, 227, 117, 211
head10, 228, 121, 215
head10, 229, 121, 215
head10, 230, 117, 211
head10, 231, 117, 211
head10, 232, 121, 215
head10, 233, 121, 215
head10, 234, 117, 211
head10, 235, 117, 211
head10, 236, 121, 207
head10, 237, 121, 207
head10, 238, 125, 211
head10, 239, 125, 211
head10, 240, 121, 207
head10, 241, 121, 207
head10, 242, 125, 211
head10, 243, 106, 186
head10, 244, 107, 173
head10, 245, 120, 140
head10, 246, 113, 127
head10, 247, 118, 126
head10, 248, 119, 129
head10, 249, 116, 128
head10, 250, 117, 123
head10, 251, 122, 130
head10, 252, 115, 125
head10, 253, 120, 124
head10, 254, 121, 127
head10, 255, 118, 126
head10, 256, 119, 129
head10, 257, 124, 128
head10, 258, 125, 131
head10, 259, 122, 130
head10, 260, 123, 125
head10, 261, 128, 124
head10, 262, 129, 127
head10, 263, 126, 126
head10, 264, 127, 129
head10, 265, 148, 152
head10, 266, 149, 155
head10, 267, 146, 154
head10, 268, 147, 149
head10, 269, 136, 124
head10, 270, 137, 119
head10, 271, 142, 118
head10, 272, 143, 121
head10, 273, 140, 120
head10, 274, 141, 123
head10, 275, 146, 146
head10, 276, 147, 149
head10, 277, 144, 148
head10, 278, 103, 182
head10, 279, 66, 196
head10, 280, 68, 198
head10, 281, 66, 196
head10, 282, 84, 174
head10, 283, 82, 148
head10, 284, 84, 142
head10, 285, 90, 140
head10, 286, 84, 142
head10, 287, 90, 140
head10, 288, 92, 134
head10, 289, 90, 132
head10, 290, 92, 134
head10, 291, 90, 132
head10, 292, 92, 134
head10, 293, 90, 132
head10, 294, 92, 134
head10, 295, 90, 132
head10, 296, 92, 126
head10, 297, 90, 132
head10, 298, 92, 126
head10, 299, 90, 132
head10, 300, 92, 126
head10, 301, 90, 132
head10, 302, 92, 126
head10, 303, 98, 124
head10, 304, 92, 126
head10, 305, 98, 124
head10, 306, 92, 126
head10, 307, 98, 124
head10, 308, 92, 126
head10, 309, 98, 124
head10, 310, 100, 126
head10, 311, 98, 124
head10, 312, 111, 177
head10, 313, 120, 234
head11, 182, 108, 200
head11, 183, 108, 200
head11, 184, 110, 200
head11, 185, 111, 200
head11, 186, 113, 200
head11, 187, 115, 200
head11, 188, 117, 200
head11, 189, 123, 196
head11, 190, 125, 196
head11, 191, 123, 200
head11, 192, 125, 200
head11, 193, 131, 196
head11, 194, 133, 196
head11, 195, 131, 192
head11, 196, 133, 192
head11, 197, 131, 196
head11, 198, 133, 196
head11, 199, 139, 192
head11, 200, 141, 200
head11, 201, 139, 196
head11, 202, 141, 196
head11, 203, 139, 192
head11, 204, 141, 192
head11, 205, 140, 200
head11, 206, 143, 196
head11, 207, 142, 196
head11, 208, 145, 192
head11, 209, 144, 192
head11, 210, 147, 188
head11, 211, 146, 188
head11, 212, 142, 193
head11, 213, 142, 178
head11, 214, 146, 183
head11, 215, 146, 176
head11, 216, 142, 187
head11, 217, 142, 185
head11, 218, 142, 184
head11, 219, 142, 182
head11, 220, 146, 168
head11, 221, 146, 166
head11, 222, 142, 179
head11, 223, 142, 178
head11, 224, 146, 165
head11, 225, 142, 176
head11, 226, 142, 167
head11, 227, 143, 175
head11, 228, 143, 174
head11, 229, 144, 174
head11, 230, 145, 173
head11, 231, 145, 173
head11, 232, 146, 172
head11, 233, 147, 172
head11, 234, 144, 160
head11, 235, 145, 160
head11, 236, 149, 171
head11, 237, 149, 171
head11, 238, 150, 170
head11, 239, 150, 170
head11, 240, 151, 170
head11, 241, 151, 170
head11, 242, 152, 170
head11, 243, 152, 170
head11, 244, 153, 170
head11, 245, 153, 170
head11, 246, 154, 170
head11, 247, 154, 170
head11, 248, 155, 170
head11, 249, 155, 170
head11, 250, 159, 158
head11, 251, 155, 170
head11, 252, 155, 169
head11, 253, 159, 156
head11, 254, 154, 168
head11, 255, 161, 160
head11, 256, 156, 156
head11, 257, 155, 156
head11, 258, 151, 165
head11, 259, 150, 165
head11, 260, 150, 164
head11, 261, 149, 164
head11, 262, 148, 163
head11, 263, 148, 163
head11, 264, 147, 162
head11, 265, 147, 162
head11, 266, 151, 150
head11, 267, 135, 126
head11, 268, 147, 160
head11, 269, 147, 160
head11, 270, 147, 159
head11, 271, 147, 159
head11, 272, 147, 158
head11, 273, 151, 145
head11, 274, 147, 158
head11, 275, 147, 157
head11, 276, 147, 157
head11, 277, 147, 157
head11, 278, 147, 157
head11, 279, 151, 145
head11, 280, 151, 121
head11, 281, 147, 117
head11, 282, 147, 117
head11, 283, 151, 121
head11, 284, 151, 121
head11, 285, 147, 117
head11, 286, 147, 117
head11, 287, 151, 121
head11, 288, 151, 121
head11, 289, 147, 117
head11, 290, 147, 117
head11, 291, 151, 121
head11, 292, 151, 113
head11, 293, 147, 117
head11, 294, 155, 117
head11, 295, 151, 113
head11, 296, 151, 113
head11, 297, 155, 109
head11, 298, 155, 109
head11, 299, 151, 155
head11, 300, 152, 154
head11, 301, 149, 149
head11, 302, 154, 153
head11, 303, 155, 153
head11, 304, 156, 152
head11, 305, 157, 152
head11, 306, 158, 152
head11, 307, 159, 151
head11, 308, 160, 151
head11, 309, 160, 151
head11, 310, 161, 150
head11, 311, 166, 145
head11, 312, 167, 144
head11, 313, 164, 147
head11, 314, 165, 146
head11, 315, 165, 149
head11, 316, 169, 140
head11, 317, 169, 143
head11, 318, 165, 142
head11, 319, 166, 146
head11, 320, 166, 145
head11, 321, 166, 144
head11, 322, 166, 143
head11, 323, 166, 142
head11, 324, 166, 141
head11, 325, 166, 140
head11, 326, 166, 139
head11, 327, 166, 138
head11, 328, 162, 133
head11, 329, 162, 132
head11, 330, 166, 135
head11, 331, 166, 134
head11, 332, 186, 121
head11, 333, 186, 120
head11, 334, 166, 131
head11, 335, 166, 130
head11, 336, 170, 133
head11, 337, 170, 132
head11, 338, 166, 127
head11, 339, 166, 126
head11, 340, 170, 129
head11, 341, 170, 128
head11, 342, 166, 123
head11, 343, 166, 122
head11, 344, 162, 125
head11, 345, 162, 124
head11, 346, 158, 119
head11, 347, 158, 118
head11, 348, 162, 121
head11, 349, 162, 120
head11, 350, 158, 115
head11, 351, 158, 114
head11, 352, 157, 116
head11, 353, 157, 115
head11, 354, 156, 114
head11, 355, 156, 113
head11, 356, 156, 112
head11, 357, 156, 111
head11, 358, 156, 110
head11, 359, 152, 105
head11, 360, 152, 104
head11, 361, 156, 108
head11, 362, 156, 108
head11, 363, 156, 107
head11, 364, 157, 107
head11, 365, 157, 106
head11, 366, 157, 105
head11, 367, 158, 104
head11, 368, 155, 99
head11, 369, 156, 98
head11, 370, 159, 99
head11, 371, 160, 98
head11, 372, 161, 97
head11, 373, 162, 95
head11, 374, 163, 94
head11, 375, 168, 89
head11, 376, 165, 91
head11, 377, 166, 89
head11, 378, 171, 83
head11, 379, 169, 85
head11, 380, 147, 67
head11, 381, 145, 61
head11, 382, 174, 78
head11, 383, 207, 115
head11, 384, 260, 140
head11, 385, 301, 145
head11, 386, 322, 146
head12, 253, 281, 140
head12, 254, 281, 140
head12, 255, 277, 136
head12, 256, 269, 136
head12, 257, 273, 140
head12, 258, 273, 140
head12, 259, 269, 144
head12, 260, 269, 144
head12, 261, 273, 140
head12, 262, 265, 140
head12, 263, 269, 144
head12, 264, 276, 143
head12, 265, 263, 138
head12, 266, 275, 143
head12, 267, 267, 144
head12, 268, 274, 142
head12, 269, 274, 141
head12, 270, 262, 136
head12, 271, 274, 140
head12, 272, 266, 140
head12, 273, 262, 136
head12, 274, 262, 136
head12, 275, 266, 132
head12, 276, 266, 132
head12, 277, 262, 136
head12, 278, 262, 136
head12, 279, 266, 132
head12, 280, 258, 132
head12, 281, 262, 128
head12, 282, 262, 128
head12, 283, 258, 124
head12, 284, 258, 124
head12, 285, 268, 127
head12, 286, 267, 126
head12, 287, 254, 121
head12, 288, 267, 124
head12, 289, 266, 123
head12, 290, 253, 118
head12, 291, 266, 122
head12, 292, 259, 122
head12, 293, 256, 118
head12, 294, 265, 121
head12, 295, 265, 121
head12, 296, 253, 117
head12, 297, 264, 121
head12, 298, 264, 121
head12, 299, 263, 121
head12, 300, 263, 121
head12, 301, 263, 122
head12, 302, 262, 122
head12, 303, 262, 122
head12, 304, 261, 123
head12, 305, 261, 124
head12, 306, 260, 124
head12, 307, 260, 125
head12, 308, 259, 126
head12, 309, 259, 126
head12, 310, 258, 127
head12, 311, 258, 128
head12, 312, 257, 128
head12, 313, 257, 129
head12, 314, 256, 129
head12, 315, 256, 130
head12, 316, 255, 131
head12, 317, 255, 131
head12, 318, 254, 132
head12, 319, 254, 133
head12, 320, 254, 133
head12, 321, 253, 134
head12, 322, 253, 135
head12, 323, 253, 135
head12, 324, 252, 136
head12, 325, 252, 136
head12, 326, 252, 136
head12, 327, 251, 137
head12, 328, 251, 137
head12, 329, 251, 137
head12, 330, 250, 136
head12, 331, 250, 136
head12, 332, 250, 135
head12, 333, 249, 135
head12, 334, 249, 134
head12, 335, 249, 133
head12, 336, 237, 128
head12, 337, 248, 131
head12, 338, 263, 130
head12, 339, 248, 129
head12, 340, 237, 124
head12, 341, 247, 127
head12, 342, 247, 126
head12, 343, 247, 125
head12, 344, 247, 124
head12, 345, 247, 123
head12, 346, 246, 123
head12, 347, 246, 122
head12, 348, 234, 117
head12, 349, 234, 116
head12, 350, 230, 111
head12, 351, 243, 120
head12, 352, 268, 125
head12, 353, 297, 142
head12, 354, 242, 121
head12, 355, 183, 96
head12, 356, 144, 75
head12, 357, 239, 123
head12, 359, 237, 125
head12, 360, 236, 126
head12, 361, 235, 127
head12, 362, 234, 128
head12, 363, 233, 129
head12, 364, 220, 126
head12, 365, 219, 127
head12, 366, 229, 132
head12, 367, 228, 133
head12, 368, 227, 133
head12, 369, 214, 129
head12, 370, 213, 129
head12, 371, 208, 125
head12, 372, 207, 125
head12, 373, 210, 129
head12, 374, 209, 129
head12, 375, 204, 125
head12, 376, 203, 125
head12, 377, 206, 129
head12, 378, 205, 129
head12, 379, 224, 132
head12, 380, 263, 147
head12, 381, 298, 142
head12, 382, 225, 130
head12, 383, 225, 130
head12, 384, 213, 118
head12, 385, 213, 118
head12, 386, 226, 128
head12, 387, 259, 134
head12, 388, 296, 144
head12, 389, 326, 134
head13, 287, 69, 196
head13, 288, 69, 196
head13, 289, 69, 196
head13, 290, 69, 196
head13, 291, 69, 196
head13, 292, 65, 192
head13, 293, 69, 196
head13, 294, 69, 196
head13, 295, 69, 196
head13, 296, 69, 196
head13, 297, 65, 192
head13, 298, 65, 192
head13, 299, 69, 196
head13, 300, 61, 188
head13, 301, 65, 192
head13, 302, 65, 192
head13, 303, 61, 188
head13, 304, 69, 196
head13, 305, 65, 192
head13, 306, 65, 192
head13, 307, 61, 188
head13, 308, 61, 188
head13, 309, 65, 184
head13, 310, 65, 184
head13, 311, 61, 188
head13, 312, 61, 188
head13, 313, 65, 184
head13, 314, 65, 184
head13, 315, 69, 188
head13, 316, 69, 188
head13, 317, 65, 184
head13, 318, 65, 184
head13, 319, 69, 188
head13, 320, 69, 188
head13, 321, 65, 184
head13, 322, 65, 184
head13, 323, 69, 188
head13, 324, 69, 180
head13, 325, 65, 184
head13, 326, 65, 184
head13, 327, 69, 180
head13, 328, 69, 180
head13, 329, 65, 184
head13, 330, 65, 184
head13, 331, 69, 180
head13, 332, 69, 180
head13, 333, 70, 192
head13, 334, 67, 184
head13, 335, 68, 180
head13, 336, 65, 180
head13, 337, 66, 184
head13, 338, 71, 184
head13, 339, 64, 180
head13, 340, 69, 180
head13, 341, 70, 184
head13, 342, 67, 184
head13, 343, 68, 180
head13, 344, 65, 180
head13, 345, 66, 184
head13, 346, 71, 184
head13, 347, 72, 188
head13, 348, 69, 180
head13, 349, 70, 184
head13, 350, 67, 184
head13, 351, 68, 180
head13, 352, 65, 180
head13, 353, 66, 184
head13, 354, 71, 184
head13, 355, 72, 180
head13, 356, 69, 180
head13, 357, 70, 184
head13, 358, 67, 184
head13, 359, 68, 180
head13, 360, 73, 188
head13, 361, 74, 184
head13, 362, 71, 184
head13, 363, 72, 188
head13, 364, 69, 180
head13, 365, 75, 191
head13, 366, 75, 190
head13, 367, 75, 190
head13, 368, 76, 190
head13, 369, 76, 190
head13, 370, 72, 178
head13, 371, 72, 178
head13, 372, 76, 182
head13, 373, 76, 182
head13, 374, 72, 178
head13, 375, 72, 178
head13, 376, 76, 182
head13, 377, 76, 182
head13, 378, 80, 178
head13, 379, 80, 178
head13, 380, 76, 182
head13, 381, 76, 174
head13, 382, 79, 188
head13, 383, 80, 188
head13, 384, 80, 188
head13, 385, 84, 176
head13, 386, 80, 188
head13, 387, 80, 188
head13, 388, 80, 188
head13, 389, 84, 176
head13, 390, 84, 176
head13, 391, 80, 172
head13, 392, 80, 172
head13, 393, 84, 176
head13, 394, 76, 176
head13, 395, 80, 186
head13, 396, 80, 176
head13, 397, 76, 170
head13, 398, 80, 185
head13, 399, 104, 196
head13, 400, 124, 211
head13, 401, 124, 206
head13, 402, 128, 205
head13, 403, 82, 184
head13, 404, 83, 184
head13, 405, 80, 164
head13, 406, 81, 164
head13, 407, 78, 160
head13, 408, 79, 160
head13, 409, 76, 164
head13, 410, 77, 164
head13, 411, 82, 160
head13, 412, 83, 160
head13, 413, 80, 156
head13, 414, 81, 156
head13, 415, 86, 160
head13, 416, 87, 152
head13, 417, 84, 156
head13, 418, 85, 156
head13, 419, 90, 152
head13, 420, 91, 152
head13, 421, 88, 156
head13, 422, 89, 156
head13, 423, 94, 152
head13, 424, 95, 152
head13, 425, 92, 148
head13, 426, 101, 148
head13, 427, 130, 168
head13, 428, 139, 200
head13, 429, 152, 252
head14, 272, 84, 147
head14, 273, 84, 147
head14, 274, 84, 147
head14, 275, 84, 147
head14, 276, 80, 151
head14, 277, 85, 147
head14, 278, 86, 139
head14, 279, 85, 147
head14, 280, 86, 147
head14, 281, 86, 147
head14, 282, 86, 146
head14, 283, 87, 146
head14, 284, 87, 146
head14, 285, 87, 145
head14, 286, 88, 144
head14, 287, 85, 139
head14, 288, 89, 143
head14, 289, 89, 142
head14, 290, 90, 141
head14, 291, 91, 140
head14, 292, 91, 139
head14, 293, 92, 138
head14, 294, 92, 137
head14, 295, 92, 137
head14, 296, 93, 136
head14, 297, 93, 135
head14, 298, 93, 135
head14, 299, 94, 134
head14, 300, 94, 134
head14, 301, 94, 134
head14, 302, 95, 133
head14, 303, 95, 133
head14, 304, 95, 133
head14, 305, 96, 132
head14, 306, 96, 132
head14, 307, 96, 132
head14, 308, 96, 132
head14, 309, 97, 132
head14, 310, 94, 128
head14, 311, 95, 128
head14, 312, 100, 124
head14, 313, 101, 124
head14, 314, 98, 131
head14, 315, 99, 126
head14, 316, 98, 131
head14, 317, 99, 131
head14, 318, 99, 131
head14, 319, 99, 131
head14, 320, 99, 131
head14, 321, 99, 131
head14, 322, 103, 119
head14, 323, 99, 131
head14, 324, 99, 123
head14, 325, 100, 130
head14, 326, 100, 130
head14, 327, 100, 130
head14, 328, 100, 130
head14, 329, 100, 130
head14, 330, 100, 130
head14, 331, 100, 130
head14, 332, 100, 130
head14, 333, 100, 130
head14, 334, 100, 130
head14, 335, 100, 130
head14, 336, 100, 130
head14, 337, 104, 118
head14, 338, 104, 118
head14, 339, 100, 122
head14, 340, 100, 122
head14, 341, 104, 118
head14, 342, 104, 118
head14, 343, 100, 122
head14, 344, 100, 122
head14, 345, 104, 118
head14, 346, 101, 128
head14, 347, 102, 150
head14, 348, 101, 127
head14, 349, 101, 127
head14, 350, 105, 115
head14, 351, 101, 127
head14, 352, 101, 127
head14, 353, 101, 126
head14, 354, 105, 121
head14, 355, 105, 120
head14, 356, 109, 115
head14, 357, 109, 114
head14, 358, 105, 117
head14, 359, 102, 126
head14, 360, 102, 126
head14, 361, 106, 114
head14, 362, 106, 114
head14, 363, 102, 126
head14, 364, 110, 118
head14, 365, 106, 114
head14, 366, 106, 114
head14, 367, 110, 110
head14, 368, 110, 118
head14, 369, 106, 122
head14, 370, 106, 122
head14, 371, 110, 118
head14, 372, 110, 118
head14, 373, 106, 122
head14, 374, 105, 129
head14, 375, 108, 116
head14, 376, 107, 123
head14, 377, 110, 118
head14, 378, 109, 125
head14, 379, 112, 120
head14, 380, 111, 127
head14, 381, 114, 122
head14, 382, 113, 121
head14, 383, 113, 137
head14, 384, 117, 133
head14, 385, 117, 125
head14, 386, 121, 121
head14, 387, 121, 129
head14, 388, 125, 125
head14, 389, 125, 125
head14, 390, 121, 137
head14, 391, 121, 137
head14, 392, 125, 141
head14, 393, 133, 125
head14, 394, 129, 129
head14, 395, 129, 137
head14, 396, 125, 141
head14, 397, 125, 133
head14, 398, 129, 137
head14, 399, 129, 137
head14, 400, 141, 117
head14, 401, 141, 77
head14, 402, 137, 68
head14, 403, 145, 71
head14, 404, 141, 70
head14, 405, 141, 65
head14, 406, 145, 72
head14, 407, 145, 99
head14, 408, 149, 146
head14, 409, 141, 205
head14, 412, 144, 106
head14, 413, 151, 68
head14, 414, 154, 68
head14, 415, 153, 88
head14, 416, 140, 104
head14, 417, 147, 100
head14, 418, 150, 100
head14, 419, 149, 96
head14, 420, 144, 96
head14, 421, 151, 100
head14, 422, 146, 92
head14, 423, 153, 64
head14, 424, 145, 85
head14, 425, 149, 118
head14, 426, 133, 171
head14, 427, 137, 204
head14, 428, 153, 225
head14, 429, 157, 250
head14, 430, 149, 255
head14, 431, 121, 262
head14, 432, 121, 260
head14, 433, 117, 261
head14, 434, 117, 259
head14, 435, 150, 64
head14, 437, 150, 62
head14, 438, 154, 64
head14, 439, 146, 70
head14, 440, 158, 64
head14, 441, 190, 78
head14, 442, 226, 112
head14, 443, 258, 134
head14, 444, 286, 176
head14, 446, 318, 206
head15, 380, 205, 122
head15, 381, 205, 122
head15, 382, 206, 121
head15, 383, 206, 121
head15, 384, 207, 120
head15, 385, 207, 119
head15, 386, 208, 118
head15, 387, 208, 118
head15, 388, 209, 117
head15, 389, 209, 116
head15, 390, 209, 115
head15, 391, 210, 114
head15, 392, 210, 114
head15, 393, 211, 113
head15, 394, 211, 112
head15, 395, 212, 111
head15, 396, 212, 110
head15, 397, 212, 109
head15, 398, 212, 109
head15, 399, 212, 108
head15, 400, 212, 108
head15, 401, 212, 108
head15, 402, 212, 107
head15, 403, 211, 107
head15, 404, 211, 107
head15, 405, 215, 111
head15, 406, 215, 111
head15, 407, 211, 107
head15, 408, 207, 108
head15, 409, 207, 113
head15, 410, 203, 109
head15, 411, 201, 109
head15, 412, 199, 110
head15, 413, 197, 110
head15, 414, 195, 111
head15, 415, 197, 108
head15, 416, 195, 109
head15, 417, 189, 112
head15, 418, 187, 112
head15, 419, 186, 112
head15, 420, 185, 112
head15, 421, 184, 111
head15, 422, 183, 111
head15, 423, 186, 107
head15, 424, 185, 107
head15, 425, 181, 109
head15, 426, 181, 107
head15, 427, 181, 107
head15, 428, 181, 105
head15, 429, 181, 103
head15, 430, 181, 101
head15, 431, 182, 99
head15, 432, 182, 97
head15, 433, 182, 95
head15, 434, 183, 93
head15, 435, 183, 91
head15, 436, 183, 89
head15, 437, 183, 87
head15, 438, 183, 85
head15, 439, 187, 87
head15, 440, 195, 85
head15, 441, 191, 79
head15, 442, 191, 77
head15, 443, 195, 79
head15, 444, 195, 77
head15, 445, 191, 71
head15, 446, 179, 78
head15, 447, 147, 73
head16, 434, 108, 138
head16, 435, 108, 138
head16, 436, 108, 137
head16, 437, 109, 136
head16, 438, 109, 135
head16, 439, 109, 134
head16, 440, 109, 133
head16, 441, 110, 131
head16, 442, 110, 130
head16, 443, 111, 129
head16, 444, 112, 127
head16, 445, 112, 126
head16, 446, 113, 125
head16, 447, 114, 125
head16, 448, 115, 124
head16, 449, 116, 123
head16, 450, 117, 122
head16, 451, 118, 122
head16, 452, 123, 118
head16, 453, 120, 120
head16, 454, 129, 118
head16, 455, 126, 120
head16, 456, 127, 118
head16, 457, 124, 120
head16, 458, 133, 118
head16, 459, 130, 120
head16, 460, 131, 118
head16, 461, 136, 112
head16, 462, 129, 118
head16, 463, 134, 136
head16, 464, 143, 158
head16, 465, 148, 160
head16, 466, 149, 158
head16, 467, 146, 152
head16, 468, 147, 158
head16, 469, 144, 152
head16, 470, 145, 150
head16, 471, 150, 152
head16, 472, 151, 150
head16, 473, 148, 152
head16, 474, 149, 150
head16, 475, 136, 110
head16, 476, 143, 82
head16, 477, 146, 74
head16, 478, 145, 78
head16, 479, 148, 78
head16, 480, 147, 74
head16, 481, 142, 74
head16, 482, 149, 78
head16, 483, 144, 78
head16, 484, 143, 98
head16, 485, 146, 138
head16, 486, 153, 198
head16, 487, 140, 238
head17, 443, 198, 128
head17, 444, 198, 128
head17, 445, 197, 127
head17, 446, 197, 126
head17, 447, 196, 125
head17, 448, 196, 125
head17, 449, 196, 124
head17, 450, 196, 124
head17, 451, 197, 123
head17, 452, 197, 122
head17, 453, 197, 121
head17, 454, 197, 120
head17, 455, 185, 107
head17, 456, 198, 114
head17, 457, 198, 113
head17, 458, 178, 100
head17, 459, 178, 99
head17, 460, 174, 94
head17, 461, 174, 93
head17, 462, 170, 88
head17, 463, 170, 87
head17, 464, 174, 90
head17, 465, 174, 89
head17, 466, 170, 92
head17, 467, 178, 83
head17, 468, 174, 86
head17, 469, 174, 85
head17, 470, 178, 80
head17, 471, 178, 79
head17, 472, 182, 82
head17, 473, 182, 81
head17, 474, 186, 76
head17, 475, 186, 75
head17, 476, 182, 78
head17, 477, 182, 77
head17, 478, 186, 72
head17, 479, 186, 71
head17, 480, 182, 74
head17, 481, 182, 73
head17, 482, 186, 68
head17, 483, 186, 67
head17, 484, 182, 70
head17, 485, 182, 69
head17, 486, 186, 64
head17, 487, 178, 63
head17, 488, 182, 66
head17, 489, 182, 65
head17, 490, 186, 84
head17, 491, 186, 115
head17, 492, 182, 134
head17, 493, 158, 173
head17, 494, 130, 216
head17, 495, 106, 247
head17, 499, 197, 97
head17, 500, 198, 97
head17, 501, 198, 97
head17, 502, 198, 97
head17, 503, 194, 101
head17, 504, 198, 97
head17, 505, 198, 97
head17, 506, 198, 97
head17, 507, 198, 96
head17, 508, 198, 96
head17, 509, 194, 100
head17, 510, 198, 95
head17, 511, 198, 95
head17, 512, 198, 94
head17, 513, 199, 94
head17, 514, 199, 93
head17, 515, 199, 93
head17, 516, 195, 89
head17, 517, 195, 89
head17, 518, 199, 93
head17, 519, 199, 85
head17, 520, 195, 81
head17, 521, 195, 81
head17, 522, 199, 77
head17, 523, 199, 77
head17, 524, 195, 73
head17, 525, 203, 73
head17, 526, 199, 69
head17, 527, 199, 69
head17, 528, 203, 65
head17, 529, 197, 80
head17, 530, 197, 79
head17, 531, 201, 66
head17, 532, 196, 77
head17, 533, 179, 76
head17, 534, 158, 79
head17, 535, 157, 78
head17, 536, 152, 73
head17, 537, 151, 72
head17, 538, 193, 71
head17, 539, 193, 70
head17, 540, 193, 68
head17, 541, 189, 78
head17, 542, 192, 66
head17, 543, 191, 74
head17, 544, 186, 94
head17, 545, 185, 94
head17, 546, 188, 90
head17, 547, 187, 90
head17, 548, 182, 86
head17, 549, 157, 86
head17, 550, 152, 82
head17, 551, 151, 66
head17, 555, 154, 62
head17, 556, 153, 62
head17, 557, 148, 66
head17, 558, 147, 66
head17, 559, 150, 62
head17, 560, 149, 62
head17, 561, 152, 66
head17, 562, 159, 66
head17, 563, 186, 70
head17, 564, 193, 70
head17, 565, 188, 66
head17, 566, 195, 66
head17, 567, 198, 62
head17, 568, 197, 62
head17, 569, 200, 66
head17, 570, 199, 66
head17, 571, 202, 62
head17, 572, 201, 62
head17, 573, 196, 58
head18, 525, 114, 130
head18, 527, 114, 129
head18, 528, 114, 129
head18, 529, 114, 128
head18, 530, 114, 128
head18, 531, 118, 124
head18, 532, 118, 124
head18, 533, 114, 120
head18, 534, 114, 120
head18, 535, 118, 116
head18, 536, 118, 116
head18, 537, 122, 120
head18, 538, 122, 120
head18, 539, 118, 116
head18, 540, 118, 116
head18, 541, 122, 120
head18, 542, 122, 120
head18, 543, 126, 124
head18, 544, 126, 124
head18, 545, 130, 120
head18, 546, 130, 120
head18, 547, 134, 124
head18, 548, 134, 124
head18, 549, 138, 120
head18, 550, 138, 120
head18, 551, 142, 124
head18, 552, 142, 124
head18, 553, 138, 120
head18, 554, 146, 120
head18, 555, 142, 124
head18, 556, 142, 116
head18, 557, 146, 120
head18, 558, 146, 120
head18, 559, 142, 116
head18, 560, 142, 116
head18, 561, 146, 112
head18, 562, 146, 112
head18, 563, 166, 124
head18, 564, 166, 124
head18, 565, 146, 112
head18, 566, 128, 132
head18, 567, 130, 140
head18, 568, 128, 131
head18, 569, 129, 131
head18, 570, 134, 135
head18, 571, 129, 131
head18, 572, 130, 131
head18, 573, 151, 111
head18, 574, 192, 95
head18, 575, 253, 83
head19, 493, 202, 196
head19, 495, 202, 195
head19, 496, 198, 174
head19, 497, 203, 193
head19, 498, 203, 192
head19, 499, 199, 171
head19, 500, 199, 170
head19, 501, 195, 173
head19, 502, 195, 172
head19, 503, 215, 191
head19, 504, 215, 190
head19, 505, 195, 169
head19, 506, 187, 168
head19, 507, 191, 171
head19, 508, 191, 170
head19, 509, 211, 189
head19, 510, 211, 188
head19, 511, 207, 191
head19, 512, 207, 190
head19, 513, 187, 169
head19, 514, 187, 168
head19, 515, 207, 187
head19, 516, 207, 186
head19, 517, 187, 165
head19, 518, 187, 164
head19, 519, 207, 183
head19, 520, 207, 182
head19, 521, 187, 161
head19, 522, 187, 160
head19, 523, 191, 163
head19, 524, 191, 162
head19, 525, 211, 173
head19, 526, 211, 172
head19, 527, 191, 151
head19, 528, 191, 150
head19, 529, 195, 145
head19, 530, 195, 144
head19, 531, 191, 147
head19, 532, 201, 159
head19, 533, 202, 158
head19, 534, 202, 157
head19, 535, 198, 136
head19, 536, 198, 135
head19, 537, 194, 130
head19, 538, 194, 129
head19, 539, 202, 151
head19, 540, 198, 153
head19, 541, 198, 151
head19, 542, 202, 153
head19, 543, 202, 151
head19, 544, 198, 145
head19, 545, 198, 143
head19, 546, 194, 145
head19, 547, 194, 143
head19, 548, 198, 145
head19, 549, 190, 143
head19, 550, 194, 145
head19, 551, 194, 143
head19, 552, 190, 145
head19, 553, 206, 143
head19, 554, 210, 145
head19, 555, 234, 135
head19, 556, 238, 137
head19, 557, 230, 135
head19, 558, 234, 137
head19, 559, 234, 135
head19, 560, 230, 137
head19, 561, 230, 135
head19, 562, 226, 137
head19, 563, 234, 135
head19, 564, 230, 129
head19, 565, 230, 127
head19, 566, 226, 129
head19, 567, 226, 127
head19, 568, 230, 129
head19, 569, 230, 127
head19, 570, 226, 121
head19, 571, 226, 127
head19, 572, 222, 121
head19, 573, 222, 119
head19, 574, 226, 121
head19, 575, 226, 119
head19, 576, 222, 113
head19, 577, 198, 111
head19, 578, 162, 105
head19, 579, 138, 119
head19, 582, 94, 129
head19, 585, 46, 119
head19, 587, 52, 113
head19, 591, 54, 119
head19, 592, 60, 113
head19, 593, 86, 87
head20, 334, 120, 236
head20, 335, 120, 236
head20, 336, 124, 232
head20, 337, 120, 236
head20, 338, 120, 236
head20, 339, 120, 236
head20, 340, 120, 236
head20, 341, 120, 236
head20, 342, 120, 236
head20, 343, 120, 236
head20, 344, 120, 236
head20, 345, 120, 236
head20, 346, 120, 236
head20, 347, 120, 236
head20, 348, 120, 236
head20, 349, 120, 236
head20, 350, 116, 232
head20, 351, 124, 232
head20, 352, 120, 228
head20, 353, 120, 228
head20, 354, 116, 232
head20, 355, 116, 232
head20, 356, 120, 228
head20, 357, 120, 228
head20, 358, 116, 224
head20, 359, 116, 224
head20, 360, 120, 228
head20, 361, 120, 228
head20, 362, 116, 224
head20, 363, 120, 234
head20, 364, 119, 233
head20, 365, 119, 233
head20, 366, 119, 233
head20, 367, 119, 233
head20, 368, 119, 232
head20, 369, 118, 232
head20, 370, 121, 228
head20, 371, 120, 228
head20, 372, 118, 231
head20, 373, 112, 222
head20, 374, 118, 231
head20, 375, 120, 228
head20, 376, 118, 231
head20, 377, 112, 222
head20, 378, 118, 225
head20, 379, 112, 224
head20, 380, 118, 227
head20, 381, 112, 226
head20, 382, 117, 230
head20, 383, 117, 229
head20, 384, 117, 229
head20, 385, 117, 229
head20, 386, 117, 229
head20, 387, 117, 229
head20, 388, 117, 229
head20, 389, 117, 228
head20, 390, 117, 228
head20, 391, 117, 228
head20, 392, 117, 228
head20, 393, 121, 208
head20, 394, 118, 227
head20, 395, 119, 227
head20, 396, 124, 207
head20, 397, 125, 207
head20, 398, 121, 226
head20, 399, 122, 225
head20, 400, 123, 225
head20, 401, 124, 224
head20, 402, 125, 224
head20, 403, 126, 223
head20, 404, 131, 210
head20, 405, 132, 209
head20, 406, 137, 204
head20, 407, 130, 222
head20, 408, 143, 236
head20, 409, 144, 238
head20, 410, 149, 236
head20, 411, 142, 238
head20, 412, 139, 220
head20, 413, 140, 198
head20, 414, 137, 196
head20, 415, 138, 198
head20, 416, 143, 204
head20, 417, 144, 198
head20, 418, 141, 196
head20, 419, 142, 198
head20, 420, 139, 204
head20, 421, 140, 198
head20, 422, 137, 204
head20, 423, 154, 230
head20, 424, 159, 252
head20, 425, 160, 254
head20, 426, 157, 252
head20, 427, 150, 230
head20, 428, 131, 196
head20, 429, 100, 150
head20, 431, 73, 124
head20, 432, 28, 102
head20, 434, 130, 206
head20, 436, 129, 204
head20, 437, 129, 204
head20, 438, 125, 192
head20, 439, 128, 202
head20, 440, 128, 202
head20, 441, 148, 214
head20, 442, 148, 214
head20, 443, 152, 210
head20, 444, 152, 210
head20, 445, 148, 214
head20, 446, 148, 214
head20, 447, 152, 210
head20, 448, 152, 210
head20, 449, 156, 206
head20, 450, 156, 206
head20, 451, 152, 210
head20, 452, 152, 210
head20, 453, 156, 206
head20, 454, 156, 206
head20, 455, 160, 202
head20, 456, 160, 202
head20, 457, 156, 206
head20, 458, 156, 206
head20, 459, 160, 202
head20, 460, 160, 202
head20, 461, 164, 198
head20, 462, 156, 198
head20, 463, 160, 202
head20, 464, 152, 226
head20, 465, 132, 238
head20, 466, 140, 238
head20, 467, 136, 242
head20, 468, 136, 242
head20, 469, 140, 238
head20, 470, 132, 238
head20, 471, 136, 242
head20, 472, 136, 242
head20, 473, 140, 238
head20, 474, 132, 238
head20, 475, 136, 234
head20, 476, 136, 234
head20, 477, 132, 230
head20, 478, 132, 230
head20, 479, 136, 234
head20, 480, 136, 234
head20, 481, 132, 230
head20, 482, 132, 230
head20, 483, 136, 226
head20, 484, 136, 226
head20, 485, 132, 222
head20, 486, 132, 222
head20, 487, 136, 226
head20, 488, 136, 226
head20, 489, 132, 222
head20, 490, 132, 222
head20, 491, 128, 218
head20, 492, 136, 226
head20, 493, 132, 222
head20, 494, 132, 214
head20, 495, 128, 218
head20, 496, 128, 218
head20, 497, 132, 214
head20, 498, 132, 214
head20, 499, 128, 218
head20, 500, 128, 210
head20, 501, 132, 214
head20, 502, 124, 206
head20, 503, 128, 210
head20, 504, 128, 210
head20, 505, 124, 206
head20, 506, 124, 206
head20, 507, 128, 202
head20, 508, 128, 202
head20, 509, 124, 206
head20, 510, 124, 206
head20, 511, 128, 202
head20, 512, 128, 202
head20, 513, 124, 206
head20, 514, 132, 206
head20, 515, 128, 202
head20, 516, 128, 202
head20, 517, 132, 206
head20, 518, 132, 206
head20, 519, 128, 202
head20, 520, 128, 202
head20, 521, 132, 206
head20, 522, 132, 206
head20, 523, 128, 210
head20, 524, 128, 202
head20, 525, 132, 206
head20, 526, 132, 206
head20, 527, 128, 202
head20, 528, 128, 210
head20, 529, 132, 206
head20, 530, 132, 206
head20, 531, 128, 202
head20, 532, 128, 202
head20, 533, 132, 206
head20, 534, 132, 206
head20, 535, 128, 202
head20, 536, 128, 202
head20, 537, 132, 206
head20, 538, 132, 206
head20, 539, 152, 226
head20, 540, 152, 226
head20, 541, 132, 206
head20, 542, 132, 198
head20, 543, 136, 202
head20, 544, 136, 194
head20, 545, 140, 198
head20, 546, 140, 198
head20, 547, 144, 202
head20, 548, 144, 202
head20, 549, 140, 198
head20, 550, 148, 198
head20, 551, 144, 202
head20, 552, 144, 194
head20, 553, 148, 198
head20, 554, 148, 198
head20, 555, 152, 202
head20, 556, 152, 202
head20, 557, 148, 190
head20, 558, 148, 190
head20, 559, 152, 202
head20, 560, 152, 194
head20, 561, 148, 190
head20, 562, 148, 190
head20, 563, 152, 194
head20, 564, 152, 194
head20, 565, 156, 198
head20, 566, 156, 198
head20, 567, 152, 186
head20, 568, 152, 186
head20, 569, 148, 182
head20, 570, 148, 182
head20, 571, 152, 186
head20, 572, 152, 186
head20, 573, 148, 182
head20, 574, 148, 182
head20, 575, 152, 178
head20, 576, 152, 178
head20, 577, 148, 174
head20, 578, 148, 174
head20, 579, 152, 178
head20, 580, 152, 178
head20, 581, 148, 174
head20, 582, 148, 182
head20, 583, 152, 170
head20, 584, 152, 178
head20, 585, 148, 166
head20, 586, 148, 174
head20, 587, 152, 170
head20, 588, 152, 170
head20, 589, 156, 166
head20, 590, 156, 166
head20, 591, 152, 170
head20, 592, 160, 170
head20, 593, 156, 166
head20, 594, 164, 166
head20, 595, 160, 162
head20, 596, 176, 178
head20, 597, 188, 214
head20, 599, 228, 238
head20, 600, 256, 258
head21, 448, 257, 135
head21, 449, 257, 135
head21, 450, 257, 135
head21, 451, 253, 139
head21, 452, 256, 136
head21, 453, 256, 136
head21, 454, 256, 136
head21, 455, 255, 136
head21, 456, 255, 136
head21, 457, 255, 136
head21, 458, 255, 136
head21, 459, 254, 136
head21, 460, 254, 136
head21, 461, 250, 140
head21, 462, 226, 140
head21, 463, 190, 136
head21, 464, 134, 136
head21, 465, 74, 148
head21, 466, 28, 140
head21, 467, 251, 135
head21, 468, 250, 135
head21, 469, 249, 135
head21, 470, 244, 131
head21, 471, 243, 131
head21, 472, 222, 127
head21, 473, 189, 111
head21, 474, 244, 132
head21, 476, 242, 130
head21, 477, 241, 129
head21, 478, 240, 128
head21, 479, 239, 127
head21, 480, 238, 125
head21, 481, 237, 124
head21, 482, 224, 119
head21, 483, 235, 122
head21, 484, 235, 121
head21, 485, 234, 121
head21, 486, 233, 120
head21, 487, 233, 119
head21, 488, 221, 114
head21, 489, 221, 113
head21, 490, 217, 108
head21, 491, 229, 117
head21, 492, 228, 116
head21, 493, 215, 111
head21, 494, 226, 115
head21, 495, 217, 131
head21, 496, 212, 143
head21, 497, 219, 115
head21, 498, 216, 115
head21, 499, 201, 103
head21, 500, 212, 115
head21, 501, 211, 114
head21, 502, 210, 114
head21, 503, 197, 102
head21, 504, 208, 113
head21, 505, 207, 112
head21, 506, 207, 112
head21, 507, 207, 111
head21, 508, 207, 111
head21, 509, 195, 107
head21, 510, 195, 99
head21, 511, 206, 108
head21, 512, 206, 107
head21, 513, 206, 106
head21, 514, 206, 105
head21, 515, 206, 104
head21, 516, 202, 123
head21, 517, 202, 122
head21, 518, 198, 117
head21, 519, 198, 92
head21, 520, 194, 87
head21, 521, 194, 78
head21, 522, 198, 81
head21, 523, 198, 80
head21, 524, 202, 75
head21, 525, 202, 74
head21, 526, 198, 69
head21, 527, 198, 68
head21, 528, 202, 71
head21, 529, 208, 75
head21, 530, 208, 74
head21, 531, 208, 73
head21, 532, 208, 72
head21, 533, 196, 59
head21, 534, 196, 60
head21, 535, 200, 65
head21, 536, 192, 90
head21, 537, 164, 103
head21, 538, 124, 120
head21, 539, 64, 125
head21, 540, 60, 126
head21, 541, 60, 131
head21, 542, 64, 132
head21, 543, 64, 129
head21, 544, 60, 130
head21, 545, 60, 127
head21, 546, 64, 136
head21, 547, 64, 133
head21, 548, 68, 134
head21, 549, 68, 139
head21, 550, 64, 132
head21, 551, 64, 137
head21, 552, 68, 138
head21, 553, 68, 135
head21, 554, 72, 136
head21, 555, 72, 141
head21, 556, 68, 142
head21, 557, 68, 139
head21, 558, 72, 140
head21, 559, 72, 137
head21, 560, 76, 138
head21, 561, 76, 143
head21, 562, 72, 136
head21, 563, 80, 141
head21, 564, 76, 134
head21, 565, 84, 139
head21, 566, 80, 132
head21, 567, 80, 137
head21, 568, 84, 130
head21, 569, 84, 127
head21, 570, 80, 128
head21, 571, 80, 125
head21, 572, 84, 126
head21, 573, 84, 123
head21, 574, 88, 124
head21, 575, 88, 129
head21, 576, 84, 122
head21, 577, 84, 127
head21, 578, 88, 128
head21, 579, 88, 125
head21, 580, 92, 126
head21, 581, 92, 123
head21, 582, 88, 124
head21, 583, 88, 129
head21, 584, 92, 130
head21, 585, 92, 127
head21, 586, 96, 128
head21, 587, 96, 133
head21, 588, 92, 126
head21, 589, 92, 131
head21, 590, 96, 132
head21, 591, 96, 137
head21, 592, 92, 138
head21, 593, 92, 135
head21, 594, 96, 136
head21, 595, 96, 141
head21, 596, 100, 142
head21, 597, 92, 139
head21, 598, 104, 140
head21, 599, 104, 137
head21, 600, 100, 138
head21, 601, 100, 143
head21, 603, 104, 144
head21, 604, 104, 141
head21, 605, 100, 142
head21, 606, 108, 139
head21, 607, 104, 140
head21, 608, 104, 137
head21, 609, 108, 138
head21, 610, 108, 135
head21, 611, 104, 136
head21, 612, 104, 133
head21, 613, 108, 134
head21, 614, 108, 131
head21, 615, 104, 132
head21, 616, 104, 129
head21, 617, 108, 130
head21, 618, 108, 127
head21, 619, 104, 128
head21, 620, 104, 125
head21, 621, 108, 126
head21, 622, 108, 123
head21, 623, 112, 124
head21, 624, 112, 121
head21, 625, 108, 122
head21, 626, 108, 127
head21, 627, 112, 120
head21, 628, 112, 125
head21, 629, 116, 126
head21, 630, 116, 123
head21, 631, 120, 124
head21, 632, 120, 129
head21, 633, 116, 122
head21, 634, 124, 127
head21, 635, 120, 128
head21, 636, 120, 125
head21, 637, 124, 126
head21, 638, 124, 131
head21, 639, 128, 132
head21, 640, 128, 129
head21, 641, 124, 130
head21, 642, 124, 127
head21, 643, 128, 128
head21, 644, 152, 109
head21, 645, 180, 78
head22, 475, 75, 227
head22, 477, 75, 226
head22, 478, 71, 221
head22, 479, 71, 220
head22, 480, 67, 215
head22, 481, 67, 214
head22, 482, 71, 217
head22, 483, 71, 216
head22, 484, 67, 211
head22, 485, 67, 210
head22, 486, 63, 213
head22, 487, 63, 212
head22, 488, 70, 211
head22, 489, 65, 206
head22, 490, 64, 205
head22, 491, 59, 200
head22, 492, 58, 199
head22, 493, 61, 202
head22, 494, 60, 201
head22, 495, 55, 204
head22, 496, 62, 195
head22, 497, 65, 199
head22, 498, 65, 199
head22, 499, 65, 198
head22, 500, 64, 198
head22, 501, 64, 198
head22, 502, 60, 194
head22, 503, 65, 197
head22, 504, 65, 197
head22, 505, 61, 193
head22, 506, 66, 198
head22, 507, 66, 198
head22, 508, 67, 198
head22, 509, 68, 199
head22, 510, 57, 196
head22, 511, 60, 197
head22, 512, 59, 202
head22, 513, 62, 203
head22, 514, 61, 200
head22, 515, 64, 201
head22, 516, 63, 206
head22, 517, 66, 207
head22, 518, 65, 204
head22, 519, 68, 205
head22, 520, 67, 202
head22, 521, 70, 211
head22, 522, 69, 208
head22, 523, 72, 209
head22, 524, 71, 214
head22, 525, 74, 215
head22, 526, 73, 212
head22, 527, 76, 213
head22, 528, 75, 218
head22, 529, 78, 219
head22, 530, 77, 216
head22, 531, 80, 217
head22, 532, 79, 214
head22, 533, 74, 215
head22, 534, 81, 220
head22, 535, 84, 221
head22, 536, 83, 218
head22, 537, 78, 219
head22, 538, 85, 224
head22, 539, 80, 217
head22, 540, 87, 222
head22, 541, 90, 223
head22, 542, 81, 220
head22, 543, 84, 221
head22, 544, 83, 218
head22, 545, 86, 219
head22, 546, 85, 224
head22, 547, 88, 225
head22, 548, 87, 222
head22, 549, 90, 223
head22, 550, 81, 220
head22, 551, 84, 221
head22, 552, 83, 218
head22, 553, 86, 219
head22, 554, 85, 224
head22, 555, 80, 217
head22, 556, 87, 222
head22, 557, 82, 215
head22, 558, 81, 220
head22, 559, 84, 221
head22, 560, 83, 218
head22, 561, 86, 219
head22, 562, 85, 216
head22, 563, 80, 217
head22, 564, 79, 214
head22, 565, 82, 215
head22, 566, 81, 212
head22, 567, 84, 213
head22, 568, 83, 210
head22, 569, 78, 203
head22, 570, 77, 208
head22, 571, 80, 201
head22, 572, 79, 198
head22, 573, 82, 199
head22, 574, 81, 196
head22, 575, 84, 197
head22, 576, 83, 194
head22, 577, 78, 195
head22, 578, 77, 192
head22, 579, 80, 193
head22, 580, 79, 190
head22, 581, 82, 191
head22, 582, 87, 198
head22, 583, 87, 197
head22, 584, 87, 197
head22, 585, 88, 197
head22, 586, 88, 197
head22, 587, 89, 197
head22, 588, 90, 197
head22, 589, 91, 197
head22, 590, 88, 185
head22, 591, 89, 185
head22, 592, 94, 198
head22, 593, 95, 191
head22, 594, 92, 188
head22, 595, 93, 189
head22, 596, 98, 186
head22, 597, 99, 187
head22, 598, 104, 192
head22, 599, 106, 201
head22, 600, 104, 190
head22, 601, 106, 191
head22, 602, 112, 188
head22, 603, 114, 189
head22, 604, 112, 194
head22, 605, 114, 187
head22, 606, 112, 192
head22, 607, 119, 202
head22, 608, 120, 202
head22, 609, 121, 202
head22, 610, 122, 202
head22, 611, 127, 182
head22, 612, 128, 182
head22, 613, 125, 186
head22, 614, 126, 186
head22, 615, 131, 182
head22, 616, 148, 182
head22, 617, 145, 178
head22, 618, 130, 178
head22, 619, 127, 174
head22, 620, 128, 174
head22, 621, 149, 186
head22, 622, 150, 186
head22, 623, 147, 182
head22, 624, 148, 182
head22, 625, 145, 170
head22, 626, 122, 170
head22, 627, 119, 166
head22, 628, 120, 166
head22, 629, 117, 170
head22, 630, 118, 170
head22, 631, 115, 166
head22, 632, 116, 166
head22, 633, 97, 186
head22, 634, 98, 186
head22, 635, 111, 166
head22, 636, 120, 126
head22, 637, 141, 74
head22, 638, 182, 68
head22, 639, 203, 74
head22, 642, 204, 100
head22, 643, 201, 106
head22, 644, 202, 100
head22, 645, 183, 82
head22, 646, 184, 76
head22, 647, 181, 82
head22, 648, 198, 100
head22, 649, 195, 98
head22, 650, 180, 76
head22, 651, 145, 66
head23, 510, 45, 144
head23, 511, 45, 144
head23, 512, 46, 143
head23, 513, 44, 138
head23, 514, 52, 137
head23, 515, 47, 141
head23, 516, 48, 140
head23, 517, 53, 135
head23, 518, 49, 137
head23, 519, 52, 135
head23, 520, 51, 129
head23, 521, 50, 134
head23, 522, 50, 133
head23, 523, 51, 133
head23, 524, 56, 129
head23, 525, 57, 129
head23, 526, 54, 125
head23, 527, 52, 130
head23, 528, 52, 129
head23, 529, 52, 129
head23, 530, 53, 129
head23, 531, 53, 128
head23, 532, 57, 123
head23, 533, 57, 122
head23, 534, 54, 128
head23, 535, 54, 128
head23, 536, 55, 128
head23, 537, 55, 128
head23, 538, 56, 129
head23, 539, 61, 126
head23, 540, 57, 130
head23, 541, 58, 130
head23, 542, 58, 131
head23, 543, 59, 132
head23, 544, 60, 132
head23, 545, 60, 133
head23, 546, 61, 134
head23, 547, 62, 135
head23, 548, 63, 136
head23, 549, 64, 137
head23, 550, 64, 138
head23, 551, 65, 139
head23, 552, 66, 139
head23, 553, 66, 140
head23, 554, 67, 141
head23, 555, 68, 141
head23, 556, 68, 142
head23, 557, 69, 142
head23, 558, 69, 142
head23, 559, 70, 142
head23, 560, 71, 142
head23, 561, 71, 141
head23, 562, 72, 141
head23, 563, 73, 140
head23, 564, 73, 140
head23, 565, 74, 139
head23, 566, 79, 134
head23, 567, 76, 137
head23, 568, 76, 136
head23, 569, 80, 131
head23, 570, 80, 130
head23, 571, 78, 133
head23, 572, 88, 124
head23, 573, 80, 131
head23, 574, 80, 131
head23, 575, 81, 130
head23, 576, 86, 125
head23, 577, 82, 130
head23, 578, 82, 130
head23, 579, 83, 130
head23, 580, 83, 130
head23, 581, 87, 126
head23, 582, 84, 131
head23, 583, 85, 131
head23, 584, 86, 131
head23, 585, 91, 127
head23, 586, 92, 127
head23, 587, 89, 131
head23, 588, 90, 131
head23, 589, 95, 127
head23, 590, 90, 135
head23, 591, 90, 136
head23, 592, 94, 133
head23, 593, 94, 134
head23, 594, 92, 138
head23, 595, 94, 138
head23, 596, 93, 139
head23, 597, 94, 139
head23, 598, 99, 143
head23, 599, 100, 143
head23, 600, 95, 140
head23, 601, 95, 141
head23, 602, 95, 141
head23, 603, 107, 137
head23, 604, 107, 137
head23, 607, 103, 141
head23, 609, 98, 139
head23, 610, 105, 133
head23, 611, 98, 138
head23, 612, 98, 138
head23, 613, 99, 137
head23, 614, 99, 136
head23, 615, 103, 131
head23, 616, 99, 135
head23, 617, 99, 134
head23, 618, 100, 134
head23, 619, 100, 133
head23, 620, 100, 132
head23, 621, 104, 127
head23, 622, 101, 132
head23, 623, 101, 132
head23, 624, 113, 120
head23, 625, 102, 132
head23, 626, 111, 124
head23, 627, 103, 132
head23, 628, 115, 120
head23, 629, 115, 128
head23, 630, 119, 124
head23, 631, 119, 124
head23, 632, 115, 128
head23, 633, 107, 134
head23, 634, 119, 128
head23, 635, 119, 126
head23, 636, 123, 128
head23, 637, 109, 136
head23, 638, 107, 164
head23, 642, 93, 180
head23, 643, 59, 176
head23, 644, 60, 168
head23, 645, 57, 172
head23, 646, 58, 172
head23, 647, 63, 168
head23, 648, 56, 168
head23, 649, 61, 172
head23, 650, 62, 172
head23, 651, 59, 168
head23, 652, 52, 152
head23, 653, 52, 148
head23, 654, 48, 140
head23, 655, 52, 152
head23, 656, 60, 168
head23, 657, 64, 164
head23, 658, 64, 164
head23, 659, 60, 168
head23, 660, 60, 168
head23, 661, 64, 164
head23, 662, 64, 164
head23, 663, 68, 152
head23, 664, 60, 160
head23, 665, 56, 148
head23, 666, 56, 148
head23, 667, 60, 168
head23, 668, 76, 200
head23, 669, 72, 236
head24, 675, 144, 108
head24, 676, 144, 108
head24, 677, 140, 112
head24, 678, 140, 112
head24, 679, 149, 107
head24, 680, 151, 106
head24, 681, 149, 109
head24, 682, 159, 132
head24, 683, 189, 151
head24, 684, 239, 150
head24, 685, 293, 129
head24, 689, 154, 103
head24, 690, 153, 103
head24, 691, 148, 107
head24, 692, 147, 107
head24, 693, 150, 103
head24, 694, 149, 103
head24, 695, 144, 107
head24, 696, 148, 103
head24, 697, 140, 103
head24, 698, 147, 102
head24, 699, 147, 102
head24, 700, 147, 102
head24, 701, 143, 106
head24, 702, 147, 102
head24, 703, 147, 101
head24, 704, 148, 101
head24, 705, 153, 121
head24, 706, 149, 100
head24, 707, 141, 99
head24, 708, 153, 118
head24, 709, 151, 97
head24, 710, 152, 95
head24, 711, 154, 93
head24, 712, 152, 95
head24, 713, 146, 93
head24, 714, 152, 87
head24, 715, 154, 85
head24, 716, 144, 63
head25, 685, 157, 127
head25, 686, 157, 127
head25, 687, 157, 127
head25, 688, 156, 127
head25, 689, 151, 107
head25, 690, 150, 107
head25, 691, 153, 127
head25, 692, 153, 127
head25, 693, 149, 123
head25, 694, 141, 107
head25, 695, 151, 127
head25, 696, 149, 127
head25, 697, 150, 126
head25, 698, 155, 129
head25, 699, 148, 128
head25, 700, 153, 123
head25, 701, 149, 125
head25, 702, 149, 123
head25, 703, 153, 125
head25, 704, 153, 123
head25, 705, 150, 123
head25, 706, 150, 122
head25, 707, 154, 125
head25, 708, 154, 124
head25, 709, 158, 119
head25, 710, 158, 118
head25, 711, 146, 97
head25, 712, 146, 96
head25, 713, 150, 91
head25, 714, 150, 90
head25, 715, 154, 85
head25, 716, 154, 84
head25, 717, 158, 87
head25, 718, 142, 86
head25, 719, 146, 65
head25, 722, 154, 60
head25, 723, 166, 75
head25, 724, 166, 78
head25, 725, 146, 77
head25, 726, 146, 72
head25, 727, 166, 71
head25, 728, 176, 94
head25, 729, 176, 93
head25, 730, 164, 72
head25, 731, 164, 71
head25, 732, 160, 66
head25, 733, 160, 65
head25, 734, 164, 68
head25, 735, 148, 91
head25, 736, 152, 134
head26, 605, 186, 206
head26, 606, 186, 206
head26, 607, 187, 205
head26, 608, 192, 200
head26, 609, 188, 202
head26, 610, 188, 192
head26, 611, 190, 199
head26, 612, 191, 197
head26, 613, 193, 195
head26, 614, 199, 189
head26, 615, 196, 191
head26, 616, 197, 181
head26, 617, 198, 187
head26, 618, 199, 186
head26, 619, 196, 173
head26, 620, 200, 182
head26, 621, 201, 181
head26, 622, 202, 179
head26, 623, 203, 178
head26, 624, 204, 177
head26, 625, 205, 176
head26, 626, 210, 163
head26, 627, 206, 174
head26, 628, 206, 173
head26, 629, 210, 168
head26, 630, 206, 171
head26, 631, 206, 162
head26, 632, 206, 169
head26, 633, 210, 164
head26, 634, 210, 163
head26, 635, 206, 158
head26, 636, 206, 157
head26, 637, 202, 152
head26, 638, 202, 151
head26, 639, 206, 154
head26, 640, 203, 161
head26, 641, 202, 161
head26, 642, 201, 161
head26, 643, 200, 160
head26, 644, 195, 155
head26, 645, 194, 154
head26, 646, 196, 159
head26, 647, 194, 159
head26, 648, 192, 158
head26, 649, 191, 158
head26, 650, 189, 157
head26, 651, 188, 157
head26, 652, 183, 145
head26, 653, 182, 113
head26, 654, 193, 101
head26, 655, 192, 85
head26, 657, 195, 81
head26, 659, 182, 150
head26, 660, 182, 149
head26, 661, 178, 144
head26, 662, 183, 147
head26, 663, 184, 138
head26, 664, 181, 141
head26, 665, 182, 132
head26, 666, 186, 143
head26, 667, 187, 142
head26, 668, 192, 129
head26, 669, 193, 128
head26, 670, 190, 131
head26, 671, 191, 130
head26, 672, 195, 133
head26, 673, 196, 131
head26, 674, 198, 129
head26, 675, 196, 123
head26, 676, 198, 121
head26, 677, 204, 115
head26, 678, 206, 113
head26, 679, 204, 115
head26, 680, 206, 113
head26, 681, 204, 107
head26, 682, 206, 113
head26, 683, 204, 107
head26, 684, 206, 105
head26, 685, 204, 107
head26, 686, 206, 105
head26, 687, 212, 107
head26, 688, 208, 115
head26, 689, 208, 115
head26, 690, 212, 111
head26, 691, 204, 111
head26, 692, 208, 107
head26, 693, 208, 107
head26, 694, 204, 111
head26, 695, 204, 111
head26, 696, 208, 107
head26, 697, 208, 107
head26, 698, 204, 111
head26, 699, 206, 114
head26, 700, 204, 105
head26, 701, 206, 108
head26, 702, 204, 114
head26, 703, 198, 108
head26, 704, 204, 106
head26, 705, 198, 108
head26, 706, 199, 116
head26, 707, 198, 116
head26, 708, 197, 117
head26, 709, 196, 117
head26, 710, 195, 117
head26, 711, 194, 117
head26, 712, 189, 113
head26, 713, 192, 118
head26, 714, 191, 111
head26, 715, 190, 118
head26, 716, 185, 113
head26, 717, 184, 112
head26, 718, 187, 117
head26, 719, 186, 110
head26, 720, 181, 107
head26, 721, 180, 108
head26, 722, 183, 105
head26, 723, 182, 106
head26, 724, 185, 103
head26, 725, 168, 80
head26, 726, 171, 69
head26, 727, 194, 70
head26, 728, 184, 112
head26, 729, 184, 112
head26, 730, 180, 108
head26, 731, 180, 92
head26, 732, 168, 64
head26, 733, 184, 109
head26, 734, 184, 108
head26, 735, 180, 95
head26, 736, 156, 62
head26, 737, 185, 105
head26, 738, 186, 104
head26, 739, 183, 99
head26, 740, 187, 101
head26, 741, 188, 99
head26, 742, 188, 97
head26, 743, 188, 95
head26, 744, 184, 89
head26, 745, 160, 79
head26, 746, 156, 73
head26, 747, 156, 71
head26, 748, 152, 73
head26, 749, 152, 71
head26, 750, 156, 73
head26, 751, 156, 71
head26, 752, 160, 73
head26, 753, 160, 71
head26, 754, 156, 65
head26, 755, 164, 71
head26, 756, 160, 65
head26, 757, 168, 71
head26, 758, 164, 65
head26, 759, 164, 63
head26, 760, 168, 65
head26, 761, 168, 63
head26, 762, 180, 73
head26, 763, 196, 63
head26, 764, 200, 65
head26, 765, 200, 63
head26, 766, 196, 65
head26, 767, 196, 63
head26, 768, 200, 65
head26, 769, 200, 63
head26, 770, 196, 65
head26, 771, 180, 87
head26, 772, 152, 105
head26, 773, 104, 143
head27, 603, 265, 127
head27, 604, 265, 127
head27, 605, 253, 123
head27, 606, 263, 128
head27, 607, 253, 129
head27, 608, 255, 126
head27, 609, 253, 127
head27, 610, 255, 124
head27, 611, 259, 130
head27, 612, 258, 131
head27, 613, 245, 128
head27, 614, 244, 129
head27, 615, 247, 126
head27, 616, 255, 132
head27, 617, 254, 132
head27, 618, 254, 132
head27, 619, 253, 132
head27, 620, 272, 120
head27, 621, 271, 120
head27, 622, 252, 133
head27, 623, 221, 134
head27, 624, 194, 139
head27, 625, 252, 134
head27, 626, 252, 134
head27, 627, 240, 130
head27, 628, 251, 134
head27, 629, 274, 118
head27, 632, 293, 122
head27, 633, 300, 130
head27, 634, 251, 135
head27, 635, 206, 160
head27, 636, 181, 197
head27, 637, 251, 136
head27, 639, 251, 136
head27, 640, 239, 132
head27, 641, 239, 132
head27, 642, 243, 136
head27, 643, 252, 137
head27, 644, 252, 137
head27, 645, 252, 137
head27, 646, 252, 137
head27, 647, 252, 137
head27, 648, 252, 137
head27, 649, 252, 138
head27, 650, 252, 138
head27, 651, 252, 138
head27, 652, 252, 138
head27, 653, 252, 138
head27, 654, 252, 138
head27, 655, 252, 139
head27, 656, 252, 139
head27, 657, 252, 139
head27, 658, 251, 139
head27, 659, 251, 139
head27, 660, 251, 140
head27, 661, 251, 140
head27, 662, 251, 140
head27, 663, 251, 141
head27, 664, 250, 141
head27, 665, 250, 141
head27, 666, 250, 141
head27, 667, 250, 141
head27, 668, 249, 142
head27, 669, 249, 142
head27, 670, 249, 142
head27, 671, 248, 142
head27, 672, 248, 142
head27, 673, 248, 142
head27, 674, 248, 142
head27, 675, 236, 146
head27, 676, 236, 146
head27, 677, 240, 142
head27, 678, 247, 143
head27, 679, 234, 148
head27, 680, 233, 149
head27, 681, 236, 146
head27, 682, 235, 147
head27, 683, 246, 143
head27, 684, 237, 143
head27, 685, 232, 147
head27, 686, 239, 147
head27, 687, 234, 143
head27, 688, 245, 142
head27, 689, 245, 142
head27, 690, 233, 146
head27, 691, 245, 141
head27, 692, 245, 141
head27, 693, 245, 141
head27, 694, 245, 140
head27, 695, 245, 140
head27, 696, 245, 139
head27, 697, 245, 139
head27, 698, 245, 138
head27, 699, 233, 141
head27, 700, 233, 140
head27, 701, 245, 137
head27, 702, 237, 138
head27, 703, 233, 135
head27, 704, 245, 136
head27, 705, 245, 136
head27, 706, 233, 132
head27, 707, 201, 108
head27, 708, 165, 88
head27, 709, 149, 72
head27, 711, 245, 134
head27, 712, 245, 134
head27, 713, 245, 134
head27, 714, 233, 130
head27, 715, 245, 133
head27, 716, 245, 133
head27, 717, 245, 133
head27, 718, 245, 133
head27, 719, 233, 129
head27, 720, 245, 132
head27, 721, 245, 132
head27, 722, 245, 132
head27, 723, 245, 132
head27, 724, 245, 132
head27, 725, 244, 131
head27, 726, 244, 131
head27, 727, 244, 131
head27, 728, 244, 131
head27, 729, 244, 130
head27, 730, 244, 130
head27, 731, 232, 126
head27, 732, 232, 126
head27, 733, 244, 129
head27, 734, 236, 128
head27, 735, 243, 128
head27, 736, 243, 127
head27, 737, 243, 127
head27, 738, 231, 123
head27, 739, 243, 126
head27, 740, 235, 125
head27, 741, 243, 125
head27, 742, 243, 124
head27, 743, 243, 123
head27, 744, 243, 123
head27, 745, 244, 122
head27, 746, 244, 122
head27, 747, 244, 121
head27, 748, 244, 120
head27, 749, 244, 120
head27, 750, 244, 119
head27, 751, 245, 119
head27, 752, 245, 119
head27, 753, 245, 118
head27, 754, 245, 118
head27, 755, 245, 118
head27, 756, 245, 118
head27, 757, 233, 114
head27, 758, 233, 114
head27, 759, 244, 118
head27, 760, 244, 118
head27, 761, 232, 114
head27, 762, 243, 118
head27, 763, 243, 118
head27, 764, 231, 114
head27, 765, 231, 114
head27, 766, 235, 110
head27, 767, 235, 110
head27, 768, 231, 114
head27, 769, 239, 119
head27, 770, 238, 119
head27, 771, 225, 115
head27, 772, 224, 115
head27, 773, 235, 120
head27, 774, 234, 120
head27, 775, 221, 116
head27, 776, 232, 121
head27, 777, 231, 121
head27, 778, 218, 117
head27, 779, 229, 122
head27, 780, 228, 122
head27, 781, 227, 122
head27, 782, 226, 123
head27, 783, 213, 120
head27, 784, 224, 123
head27, 785, 215, 114
head27, 786, 210, 117
head27, 787, 209, 116
head27, 788, 212, 119
head27, 789, 211, 118
head27, 790, 220, 126
head27, 791, 209, 114
head27, 792, 210, 122
head27, 793, 207, 118
head27, 794, 218, 128
head27, 795, 217, 128
head27, 796, 204, 116
head27, 797, 203, 116
head27, 798, 216, 129
head27, 799, 209, 122
head27, 800, 206, 119
head27, 801, 207, 120
head27, 802, 204, 117
head27, 803, 205, 118
head27, 804, 202, 115
head27, 805, 216, 128
head27, 806, 216, 127
head27, 807, 204, 114
head27, 808, 217, 126
head27, 809, 217, 126
head27, 810, 217, 125
head27, 811, 205, 112
head27, 812, 205, 111
head27, 813, 209, 114
head27, 814, 209, 113
head27, 815, 213, 108
head27, 816, 213, 107
head27, 817, 209, 110
head27, 818, 209, 109
head27, 819, 219, 117
head27, 820, 218, 116
head27, 821, 218, 116
head27, 822, 206, 104
head27, 823, 206, 104
head27, 824, 202, 100
head27, 825, 202, 100
head27, 826, 211, 112
head27, 827, 200, 104
head27, 828, 201, 100
head27, 829, 198, 100
head27, 830, 206, 110
head27, 831, 194, 100
head27, 832, 194, 102
head27, 833, 190, 100
head27, 834, 190, 94
head27, 835, 186, 100
head27, 836, 186, 94
head27, 837, 190, 100
head27, 838, 200, 107
head27, 839, 200, 106
head27, 840, 188, 93
head27, 841, 188, 92
head27, 842, 199, 104
head27, 843, 198, 102
head27, 844, 185, 88
head27, 845, 184, 86
head27, 846, 187, 88
head27, 847, 198, 96
head27, 848, 198, 94
head27, 849, 198, 93
head27, 850, 186, 80
head27, 851, 186, 79
head27, 852, 190, 74
head27, 853, 190, 73
head27, 854, 196, 81
head27, 855, 190, 69
head28, 674, 119, 168
head28, 676, 121, 168
head28, 677, 119, 164
head28, 678, 124, 168
head28, 679, 125, 168
head28, 680, 122, 164
head28, 681, 131, 164
head28, 682, 130, 168
head28, 683, 131, 168
head28, 684, 132, 168
head28, 685, 129, 164
head28, 686, 135, 168
head28, 687, 137, 168
head28, 688, 137, 168
head28, 689, 138, 168
head28, 690, 138, 168
head28, 691, 142, 164
head28, 692, 142, 164
head28, 693, 138, 160
head28, 694, 138, 160
head28, 695, 142, 164
head28, 696, 142, 164
head28, 697, 146, 160
head28, 698, 146, 160
head28, 699, 142, 164
head28, 700, 142, 156
head28, 701, 138, 160
head28, 702, 138, 160
head28, 703, 142, 156
head28, 704, 142, 156
head28, 705, 138, 160
head28, 706, 138, 152
head28, 707, 134, 156
head28, 708, 134, 156
head28, 709, 138, 152
head28, 710, 130, 152
head28, 711, 134, 148
head28, 712, 132, 153
head28, 713, 132, 152
head28, 714, 128, 147
head28, 715, 131, 150
head28, 716, 130, 141
head28, 717, 133, 144
head28, 718, 132, 143
head28, 719, 135, 138
head28, 720, 134, 145
head28, 721, 129, 140
head28, 722, 136, 139
head28, 723, 139, 142
head28, 724, 138, 141
head28, 725, 141, 144
head28, 726, 140, 143
head28, 727, 143, 146
head28, 728, 142, 145
head28, 729, 145, 140
head28, 730, 144, 147
head28, 731, 145, 149
head28, 732, 150, 139
head28, 733, 147, 149
head28, 734, 148, 139
head28, 735, 148, 149
head28, 736, 149, 149
head28, 737, 149, 148
head28, 738, 149, 148
head28, 739, 150, 147
head28, 740, 150, 146
head28, 741, 150, 146
head28, 742, 150, 145
head28, 743, 154, 132
head28, 744, 150, 143
head28, 745, 150, 141
head28, 746, 150, 140
head28, 747, 146, 127
head28, 748, 146, 126
head28, 749, 150, 129
head28, 750, 150, 128
head28, 751, 146, 123
head28, 752, 146, 122
head28, 753, 142, 117
head28, 754, 142, 116
head28, 755, 146, 119
head28, 756, 146, 118
head28, 757, 142, 121
head28, 758, 142, 120
head28, 759, 146, 115
head28, 760, 146, 114
head28, 761, 142, 117
head28, 762, 142, 116
head28, 763, 146, 111
head28, 764, 146, 110
head28, 765, 145, 119
head28, 766, 148, 108
head28, 767, 147, 109
head28, 768, 150, 114
head28, 769, 148, 118
head28, 770, 150, 117
head28, 771, 152, 117
head28, 772, 153, 116
head28, 773, 155, 116
head28, 774, 156, 116
head28, 775, 158, 116
head28, 776, 159, 115
head28, 777, 160, 115
head28, 778, 161, 114
head28, 779, 162, 114
head28, 780, 162, 113
head28, 781, 162, 113
head28, 782, 163, 112
head28, 783, 163, 111
head28, 784, 163, 111
head28, 785, 163, 110
head28, 786, 167, 105
head28, 787, 163, 108
head28, 788, 163, 107
head28, 789, 162, 106
head28, 790, 162, 105
head28, 791, 161, 104
head28, 792, 160, 102
head28, 793, 158, 100
head28, 794, 157, 98
head28, 795, 160, 92
head28, 796, 155, 94
head28, 797, 154, 84
head28, 798, 153, 87
head28, 799, 152, 84
head28, 800, 151, 82
head28, 801, 154, 76
head28, 802, 150, 79
head28, 803, 149, 77
head28, 804, 152, 71
head28, 805, 149, 75
head28, 806, 149, 74
head28, 807, 149, 74
head28, 808, 153, 62
head28, 809, 153, 62
head28, 810, 157, 66
head28, 811, 157, 66
head28, 812, 152, 73
head28, 813, 159, 68
head28, 814, 146, 83
head28, 815, 153, 94
head28, 816, 164, 93
head28, 817, 163, 96
head28, 818, 161, 73
head28, 819, 163, 62
head28, 820, 164, 73
head28, 821, 169, 64
head28, 822, 166, 72
head28, 823, 167, 100
head28, 824, 164, 108
head28, 825, 173, 96
head28, 826, 170, 96
head28, 827, 171, 92
head28, 828, 168, 100
head28, 829, 169, 104
head28, 830, 166, 104
head28, 831, 167, 100
head28, 832, 188, 100
head28, 833, 189, 96
head28, 834, 186, 96
head28, 835, 187, 100
head28, 836, 192, 100
head28, 837, 185, 96
head28, 838, 190, 96
head28, 839, 183, 92
head28, 840, 188, 92
head28, 841, 189, 96
head28, 842, 186, 88
head28, 843, 187, 92
head28, 844, 184, 92
head28, 845, 185, 88
head28, 846, 190, 88
head28, 847, 183, 84
head28, 848, 188, 84
head28, 849, 189, 80
head28, 850, 186, 80
head28, 851, 187, 76
head28, 852, 184, 76
head28, 853, 185, 72
head28, 854, 190, 64
head28, 855, 183, 68
head28, 856, 188, 92
head28, 857, 181, 112
head28, 858, 178, 112
head28, 859, 179, 108
head28, 860, 176, 100
head28, 861, 177, 96
head28, 863, 182, 112
head28, 866, 183, 108
head28, 867, 172, 92
head28, 868, 173, 88
head28, 869, 170, 88
head28, 870, 171, 84
head28, 871, 168, 84
head28, 872, 161, 88
head28, 873, 142, 112
head28, 874, 143, 116
head28, 875, 132, 132
head28, 876, 141, 136
head28, 877, 138, 128
head28, 878, 147, 108
head28, 879, 152, 108
head28, 880, 153, 104
head28, 881, 150, 104
head28, 882, 151, 108
head28, 883, 148, 132
head28, 884, 125, 176
head29, 924, 237, 176
head29, 925, 237, 176
head29, 926, 237, 176
head29, 927, 237, 175
head29, 928, 225, 162
head29, 929, 225, 161
head29, 930, 229, 164
head29, 931, 235, 174
head29, 932, 229, 164
head29, 933, 234, 174
head29, 934, 233, 173
head29, 935, 232, 173
head29, 936, 231, 173
head29, 937, 230, 172
head29, 938, 217, 159
head29, 939, 216, 158
head29, 940, 219, 161
head29, 941, 225, 171
head29, 942, 224, 171
head29, 943, 222, 170
head29, 944, 221, 170
head29, 945, 208, 158
head29, 946, 218, 169
head29, 947, 217, 169
head29, 948, 215, 168
head29, 949, 214, 168
head29, 950, 213, 168
head29, 951, 200, 156
head29, 952, 211, 167
head29, 953, 211, 167
head29, 954, 199, 155
head29, 955, 210, 166
head29, 956, 209, 166
head29, 957, 196, 154
head29, 958, 195, 146
head29, 959, 208, 164
head29, 960, 233, 202
head29, 961, 238, 236
head29, 963, 231, 250
head29, 964, 236, 244
head29, 965, 207, 158
head29, 966, 207, 157
head29, 967, 207, 156
head29, 968, 195, 135
head29, 969, 195, 134
head29, 970, 199, 137
head29, 971, 199, 136
head29, 972, 195, 131
head29, 973, 205, 149
head29, 974, 195, 163
head29, 975, 189, 165
head29, 976, 187, 163
head29, 977, 197, 141
head29, 978, 195, 131
head29, 979, 197, 125
head29, 980, 195, 131
head29, 981, 197, 125
head29, 982, 195, 123
head29, 983, 189, 125
head29, 984, 195, 123
head29, 985, 202, 143
head29, 987, 189, 175
head29, 988, 172, 219
head29, 990, 151, 251
head30, 960, 194, 148
head30, 961, 194, 148
head30, 962, 194, 147
head30, 963, 194, 146
head30, 964, 194, 145
head30, 965, 194, 144
head30, 966, 194, 143
head30, 967, 194, 142
head30, 968, 198, 137
head30, 969, 198, 136
head30, 970, 194, 131
head30, 971, 194, 138
head30, 972, 198, 133
head30, 973, 192, 135
head30, 974, 198, 133
head30, 975, 192, 135
head30, 976, 198, 133
head30, 977, 192, 127
head30, 978, 190, 125
head30, 979, 192, 127
head30, 980, 190, 125
head30, 981, 192, 127
head30, 982, 190, 125
head30, 983, 192, 127
head30, 984, 189, 128
head30, 985, 188, 128
head30, 986, 191, 124
head30, 987, 190, 124
head30, 988, 193, 128
head30, 989, 192, 120
head30, 990, 187, 124
head30, 991, 186, 125
head30, 992, 185, 125
head30, 993, 184, 125
head30, 994, 182, 124
head30, 995, 181, 124
head30, 996, 184, 120
head30, 997, 177, 123
head30, 998, 175, 122
head30, 999, 174, 121
head30, 1000, 172, 121
head30, 1001, 171, 120
head30, 1002, 169, 120
head30, 1003, 168, 119
head30, 1004, 166, 119
head30, 1005, 165, 118
head30, 1006, 164, 118
head30, 1007, 163, 118
head30, 1008, 162, 117
head30, 1009, 161, 117
head30, 1010, 164, 113
head30, 1011, 160, 116
head30, 1012, 160, 115
head30, 1013, 159, 115
head30, 1014, 158, 114
head30, 1015, 161, 109
head30, 1016, 144, 84
head30, 1017, 147, 79
head30, 1018, 154, 62
head30, 1019, 158, 108
head30, 1020, 158, 106
head30, 1021, 158, 105
head30, 1022, 158, 103
head30, 1023, 159, 101
head30, 1024, 159, 100
head30, 1025, 159, 99
head30, 1026, 159, 98
head30, 1027, 160, 97
head30, 1028, 160, 96
head30, 1029, 160, 95
head30, 1030, 160, 94
head30, 1031, 160, 93
head30, 1032, 160, 91
head30, 1033, 160, 90
head30, 1034, 160, 88
head30, 1035, 160, 87
head30, 1036, 159, 86
head30, 1037, 159, 86
head30, 1038, 159, 85
head30, 1039, 158, 84
head30, 1040, 157, 83
head30, 1041, 157, 82
head30, 1042, 156, 81
head30, 1043, 155, 80
head30, 1044, 154, 79
head30, 1045, 153, 78
head30, 1046, 152, 77
head30, 1047, 151, 76
head30, 1048, 151, 75
head30, 1049, 150, 75
head30, 1050, 149, 74
head30, 1051, 149, 73
head30, 1052, 148, 73
head30, 1053, 148, 72
head30, 1054, 148, 72
head30, 1055, 148, 71
head30, 1056, 148, 71
head30, 1057, 148, 71
head30, 1058, 148, 70
head30, 1059, 148, 69
head30, 1060, 148, 69
head30, 1061, 144, 65
head30, 1062, 149, 67
head30, 1063, 149, 66
head30, 1064, 150, 65
head30, 1065, 151, 64
head30, 1066, 151, 63
head30, 1067, 152, 62
head30, 1068, 149, 57
head30, 1069, 150, 56
head30, 1070, 155, 59
head30, 1071, 172, 74
head30, 1072, 169, 101
head30, 1073, 170, 148
head30, 1075, 183, 207
head30, 1076, 224, 246
head31, 1033, 183, 152
head31, 1034, 183, 152
head31, 1035, 182, 151
head31, 1036, 181, 150
head31, 1037, 180, 150
head31, 1038, 179, 149
head31, 1039, 174, 144
head31, 1040, 173, 143
head31, 1041, 168, 138
head31, 1042, 167, 137
head31, 1043, 162, 140
head31, 1044, 161, 139
head31, 1045, 164, 134
head31, 1046, 163, 133
head31, 1047, 158, 128
head31, 1048, 172, 139
head31, 1049, 182, 162
head31, 1050, 171, 136
head31, 1051, 156, 130
head31, 1052, 169, 133
head31, 1053, 168, 132
head31, 1054, 168, 131
head31, 1055, 167, 130
head31, 1056, 167, 129
head31, 1057, 167, 128
head31, 1058, 166, 127
head31, 1059, 166, 126
head31, 1060, 166, 125
head31, 1061, 154, 120
head31, 1062, 154, 111
head31, 1063, 167, 121
head31, 1064, 184, 119
head31, 1065, 181, 113
head31, 1066, 182, 111
head31, 1067, 187, 113
head31, 1068, 171, 115
head31, 1069, 172, 114
head31, 1070, 185, 109
head31, 1071, 186, 108
head31, 1072, 177, 110
head31, 1073, 178, 108
head31, 1074, 180, 107
head31, 1075, 181, 105
head31, 1076, 183, 104
head31, 1077, 173, 91
head31, 1078, 175, 90
head31, 1079, 181, 93
head31, 1080, 183, 92
head31, 1081, 181, 87
head31, 1082, 183, 86
head31, 1083, 181, 89
head31, 1084, 183, 88
head31, 1085, 181, 83
head31, 1086, 183, 82
head31, 1087, 181, 85
head31, 1088, 183, 84
head31, 1089, 181, 87
head31, 1090, 183, 86
head31, 1091, 181, 81
head31, 1092, 183, 80
head31, 1093, 181, 83
head31, 1094, 183, 82
head31, 1095, 181, 77
head31, 1096, 183, 76
head31, 1097, 181, 79
head31, 1098, 183, 78
head31, 1099, 181, 73
head31, 1100, 175, 80
head31, 1101, 173, 75
head31, 1102, 175, 74
head31, 1103, 173, 77
head31, 1104, 175, 76
head31, 1105, 173, 71
head31, 1106, 167, 70
head31, 1107, 165, 65
head31, 1108, 167, 72
head31, 1109, 165, 67
head31, 1110, 167, 66
head31, 1111, 165, 69
head31, 1112, 159, 68
head31, 1113, 157, 63
head31, 1114, 143, 62
head31, 1115, 149, 65
head31, 1116, 143, 64
head31, 1117, 141, 67
head31, 1118, 143, 66
head31, 1119, 141, 61
head31, 1120, 143, 60
head31, 1121, 141, 63
head31, 1122, 143, 86
head31, 1124, 165, 89
head31, 1125, 199, 88
head32, 825, 130, 130
head32, 826, 130, 130
head32, 827, 130, 129
head32, 828, 130, 129
head32, 829, 130, 128
head32, 830, 130, 128
head32, 831, 130, 128
head32, 832, 130, 127
head32, 833, 130, 127
head32, 834, 134, 123
head32, 835, 134, 123
head32, 836, 130, 127
head32, 837, 130, 127
head32, 838, 130, 127
head32, 839, 130, 127
head32, 840, 134, 123
head32, 841, 134, 123
head32, 842, 130, 127
head32, 843, 130, 127
head32, 844, 130, 127
head32, 845, 126, 131
head32, 846, 130, 127
head32, 847, 130, 127
head32, 848, 130, 127
head32, 849, 130, 127
head32, 850, 130, 127
head32, 851, 126, 123
head32, 852, 126, 123
head32, 853, 130, 126
head32, 854, 130, 126
head32, 855, 126, 122
head32, 856, 130, 126
head32, 857, 130, 126
head32, 858, 126, 122
head32, 859, 130, 125
head32, 860, 130, 124
head32, 861, 130, 124
head32, 862, 134, 128
head32, 863, 131, 124
head32, 864, 131, 123
head32, 865, 135, 118
head32, 866, 132, 123
head32, 867, 133, 122
head32, 868, 134, 122
head32, 869, 139, 118
head32, 870, 136, 122
head32, 871, 137, 114
head32, 872, 139, 121
head32, 873, 140, 121
head32, 874, 142, 120
head32, 875, 143, 119
head32, 876, 144, 119
head32, 877, 145, 118
head32, 878, 147, 117
head32, 879, 148, 117
head32, 880, 149, 116
head32, 881, 151, 115
head32, 882, 152, 114
head32, 883, 149, 133
head32, 884, 154, 113
head32, 885, 155, 105
head32, 886, 152, 109
head32, 887, 145, 125
head32, 888, 154, 110
head32, 889, 154, 109
head32, 890, 150, 128
head32, 891, 154, 107
head32, 892, 162, 98
head32, 893, 154, 105
head32, 894, 150, 124
head32, 895, 150, 123
head32, 896, 154, 134
head32, 897, 154, 133
head32, 898, 154, 99
head32, 899, 154, 98
head32, 900, 154, 96
head32, 901, 154, 95
head32, 902, 154, 93
head32, 903, 154, 91
head32, 904, 151, 85
head32, 905, 151, 83
head32, 906, 151, 82
head32, 907, 150, 80
head32, 908, 150, 79
head32, 909, 150, 78
head32, 910, 146, 97
head32, 911, 146, 112
head32, 912, 150, 115
head32, 913, 150, 114
head32, 914, 148, 72
head32, 915, 142, 68
head32, 916, 148, 68
head32, 917, 142, 64
head32, 918, 140, 64
head32, 919, 142, 84
head32, 920, 148, 100
head32, 921, 150, 112
head32, 922, 148, 112
head32, 923, 150, 100
head32, 924, 148, 84
head32, 925, 150, 80
head32, 926, 148, 80
head32, 927, 150, 92
head32, 928, 148, 84
head32, 929, 150, 80
head32, 930, 148, 80
head32, 931, 150, 76
head32, 932, 156, 92
head32, 933, 150, 88
head32, 934, 156, 88
head32, 935, 150, 84
head32, 936, 156, 92
head32, 937, 182, 112
head32, 938, 188, 112
head32, 939, 182, 108
head32, 940, 180, 108
head32, 941, 182, 104
head32, 942, 180, 104
head32, 943, 182, 100
head32, 944, 180, 100
head32, 945, 182, 104
head32, 946, 180, 96
head32, 947, 182, 92
head32, 948, 180, 92
head32, 949, 182, 96
head32, 950, 188, 104
head32, 951, 182, 92
head32, 952, 188, 100
head32, 953, 182, 88
head32, 954, 180, 88
head32, 955, 182, 92
head32, 956, 188, 92
head32, 957, 182, 88
head32, 958, 188, 88
head32, 959, 149, 66
head32, 961, 149, 66
head32, 962, 149, 66
head32, 963, 149, 66
head32, 964, 149, 66
head32, 965, 149, 66
head32, 966, 149, 66
head32, 967, 149, 66
head32, 968, 149, 66
head32, 969, 149, 66
head32, 970, 149, 66
head32, 971, 153, 70
head32, 972, 153, 62
head32, 973, 157, 66
head32, 974, 157, 66
head32, 975, 153, 62
head32, 976, 153, 62
head32, 977, 157, 66
head32, 978, 157, 90
head32, 979, 153, 94
head32, 980, 153, 86
head32, 981, 157, 90
head32, 982, 157, 82
head32, 983, 145, 94
head32, 984, 145, 102
head32, 985, 141, 106
head32, 986, 141, 106
head32, 987, 145, 102
head32, 988, 145, 102
head32, 989, 141, 98
head32, 990, 149, 74
head32, 991, 145, 70
head32, 992, 153, 78
head32, 993, 150, 66
head32, 994, 159, 74
head32, 995, 148, 102
head32, 996, 157, 118
head32, 997, 178, 122
head32, 998, 179, 122
head32, 999, 176, 118
head32, 1000, 177, 118
head32, 1001, 174, 114
head32, 1002, 167, 114
head32, 1003, 172, 118
head32, 1004, 165, 118
head32, 1005, 162, 114
head32, 1006, 163, 114
head32, 1007, 160, 110
head32, 1008, 161, 110
head32, 1009, 151, 65
head32, 1010, 150, 65
head32, 1011, 145, 61
head32, 1012, 160, 61
head32, 1013, 150, 65
head32, 1014, 150, 65
head32, 1015, 150, 65
head32, 1016, 150, 65
head32, 1017, 150, 65
head32, 1018, 154, 61
head32, 1019, 154, 61
head32, 1020, 150, 57
head32, 1021, 142, 65
head32, 1022, 154, 85
head32, 1023, 162, 101
head32, 1024, 158, 97
head32, 1025, 158, 89
head32, 1026, 162, 93
head32, 1027, 162, 93
head32, 1028, 166, 89
head32, 1029, 166, 89
head32, 1030, 162, 85
head32, 1031, 162, 85
head32, 1032, 166, 89
head32, 1033, 166, 89
head32, 1034, 162, 85
head32, 1035, 162, 85
head32, 1036, 158, 81
head32, 1037, 158, 81
head32, 1038, 162, 77
head32, 1039, 162, 77
head32, 1040, 158, 73
head32, 1041, 158, 73
head32, 1042, 154, 77
head32, 1043, 150, 64
head32, 1044, 150, 64
head32, 1045, 150, 64
head32, 1046, 150, 64
head32, 1047, 150, 64
head32, 1048, 150, 64
head32, 1049, 150, 64
head32, 1050, 150, 64
head32, 1051, 150, 64
head32, 1052, 149, 64
head32, 1053, 149, 64
head32, 1054, 149, 64
head32, 1055, 149, 64
head32, 1056, 149, 64
head32, 1057, 149, 64
head32, 1058, 149, 63
head32, 1059, 149, 63
head32, 1060, 149, 63
head32, 1061, 145, 67
head32, 1062, 150, 63
head32, 1063, 150, 63
head32, 1064, 150, 63
head32, 1065, 150, 63
head32, 1066, 150, 63
head32, 1067, 150, 63
head32, 1068, 170, 75
head32, 1069, 170, 75
head32, 1070, 158, 79
head32, 1071, 166, 103
head32, 1072, 186, 107
head32, 1073, 186, 107
head32, 1074, 174, 95
head32, 1075, 174, 95
head32, 1076, 170, 99
head32, 1077, 178, 91
head32, 1078, 174, 95
head32, 1079, 174, 95
head32, 1080, 178, 91
head32, 1081, 178, 91
head32, 1082, 182, 87
head32, 1083, 182, 87
head32, 1084, 186, 91
head32, 1085, 186, 83
head32, 1086, 182, 87
head32, 1087, 182, 87
head32, 1088, 186, 83
head32, 1089, 186, 83
head32, 1090, 182, 87
head32, 1091, 182, 79
head32, 1092, 186, 83
head32, 1093, 178, 83
head32, 1094, 182, 79
head32, 1095, 182, 79
head32, 1096, 178, 83
head32, 1097, 178, 83
head32, 1098, 182, 79
head32, 1099, 182, 79
head32, 1100, 178, 75
head32, 1101, 178, 75
head32, 1102, 174, 79
head32, 1103, 174, 79
head32, 1104, 170, 75
head32, 1105, 170, 75
head32, 1106, 174, 71
head32, 1107, 166, 71
head32, 1108, 170, 75
head32, 1109, 170, 99
head32, 1110, 182, 111
head32, 1111, 182, 103
head32, 1112, 162, 115
head32, 1113, 162, 115
head32, 1114, 182, 103
head32, 1115, 182, 103
head32, 1116, 178, 99
head32, 1117, 178, 99
head32, 1118, 166, 103
head32, 1119, 142, 87
head32, 1120, 138, 67
head32, 1121, 154, 60
head32, 1122, 182, 65
head32, 1123, 198, 82
head32, 1124, 194, 87
head32, 1125, 178, 88
head32, 1126, 166, 77
head32, 1127, 142, 86
