head0, 13, 156, 105
head0, 14, 156, 108
head0, 15, 153, 110
head0, 16, 154, 116
head0, 17, 146, 117
head0, 18, 142, 122
head0, 19, 142, 132
head0, 20, 140, 134
head0, 21, 140, 140
head0, 22, 136, 136
head0, 23, 138, 147
head0, 24, 134, 141
head0, 25, 132, 151
head0, 26, 130, 145
head0, 27, 129, 156
head0, 28, 130, 154
head0, 29, 126, 156
head0, 30, 126, 162
head0, 31, 122, 164
head0, 32, 124, 167
head0, 33, 122, 174
head0, 34, 118, 182
head0, 35, 116, 184
head0, 36, 110, 182
head0, 38, 108, 192
head0, 39, 102, 192
head0, 40, 100, 194
head0, 41, 94, 200
head0, 42, 92, 204
head0, 43, 88, 206
head0, 44, 83, 209
head0, 45, 78, 207
head0, 46, 75, 212
head0, 47, 60, 205
head0, 48, 58, 210
head0, 49, 53, 208
head0, 50, 44, 202
head0, 51, 44, 208
head0, 52, 36, 202
head1, 30, 181, 63
head1, 32, 175, 68
head1, 33, 179, 66
head1, 34, 173, 69
head1, 35, 174, 79
head1, 36, 177, 75
head1, 37, 176, 76
head1, 38, 175, 79
head1, 39, 179, 85
head1, 40, 176, 83
head1, 41, 183, 89
head1, 42, 181, 90
head1, 43, 180, 99
head1, 44, 179, 97
head1, 45, 176, 106
head1, 46, 177, 110
head1, 47, 179, 111
head1, 48, 174, 113
head1, 49, 173, 119
head1, 50, 180, 125
head1, 51, 177, 127
head1, 52, 179, 130
head1, 53, 182, 131
head1, 54, 181, 136
head1, 55, 183, 134
head1, 56, 183, 139
head1, 57, 187, 134
head1, 58, 186, 143
head1, 59, 189, 140
head1, 60, 195, 146
head1, 61, 192, 148
head1, 62, 197, 159
head1, 63, 194, 156
head1, 64, 201, 162
head1, 65, 203, 166
head1, 66, 202, 165
head1, 67, 208, 174
head1, 68, 212, 176
head1, 69, 212, 181
head1, 70, 216, 180
head1, 71, 215, 185
head1, 72, 217, 190
head1, 73, 215, 191
head1, 74, 217, 196
head1, 75, 223, 207
head1, 76, 225, 213
head1, 77, 225, 222
head1, 78, 229, 227
head1, 79, 229, 228
head1, 80, 217, 217
head1, 82, 225, 226
head1, 83, 229, 231
head1, 85, 237, 240
head1, 87, 225, 237
head2, 54, 188, 89
head2, 59, 196, 89
head2, 60, 192, 101
head2, 61, 192, 101
head2, 62, 196, 89
head2, 65, 180, 73
head2, 66, 169, 71
head2, 67, 162, 65
head2, 68, 167, 71
head2, 69, 168, 73
head2, 70, 175, 82
head2, 71, 175, 84
head2, 72, 173, 84
head2, 73, 177, 85
head2, 74, 176, 93
head2, 75, 183, 93
head2, 76, 180, 96
head2, 77, 185, 105
head2, 78, 185, 109
head2, 79, 191, 111
head2, 80, 193, 115
head2, 81, 191, 115
head2, 82, 201, 119
head2, 83, 204, 126
head2, 84, 205, 130
head2, 85, 212, 129
head2, 86, 214, 135
head2, 87, 220, 132
head2, 88, 221, 133
head2, 89, 218, 138
head2, 90, 227, 139
head2, 91, 236, 139
head2, 92, 233, 144
head2, 93, 242, 145
head2, 94, 239, 142
head2, 95, 248, 151
head2, 96, 260, 148
head2, 97, 260, 149
head2, 98, 271, 150
head2, 99, 270, 155
head2, 100, 273, 156
head2, 101, 272, 153
head2, 102, 275, 154
head2, 103, 274, 151
head2, 104, 277, 152
head2, 105, 284, 157
head2, 106, 287, 158
head2, 107, 294, 163
head2, 108, 297, 164
head2, 109, 312, 177
head2, 110, 323, 178
head2, 111, 322, 183
head2, 112, 324, 184
head2, 113, 316, 173
head2, 115, 325, 182
head3, 97, 156, 96
head3, 99, 150, 86
head3, 100, 151, 99
head3, 101, 156, 108
head3, 102, 149, 105
head3, 103, 152, 111
head3, 104, 149, 114
head3, 105, 148, 118
head3, 106, 149, 123
head3, 107, 148, 126
head3, 108, 144, 129
head3, 109, 142, 133
head3, 110, 142, 139
head3, 111, 140, 144
head3, 112, 132, 149
head3, 113, 126, 152
head3, 114, 132, 159
head3, 115, 129, 164
head3, 116, 126, 168
head3, 118, 119, 176
head3, 119, 115, 181
head3, 120, 114, 185
head3, 121, 109, 185
head3, 122, 108, 189
head3, 123, 105, 193
head3, 124, 102, 205
head3, 126, 103, 205
head3, 127, 92, 217
head3, 128, 101, 217
head3, 129, 90, 229
head3, 131, 91, 237
head3, 132, 88, 241
head3, 133, 89, 249
head3, 134, 86, 253
head3, 135, 71, 253
head3, 136, 76, 257
head3, 137, 69, 262
head3, 138, 74, 260
head4, 143, 165, 138
head4, 147, 164, 140
head4, 148, 167, 146
head4, 149, 166, 148
head4, 150, 169, 154
head4, 151, 168, 156
head4, 152, 169, 164
head4, 153, 167, 171
head4, 154, 173, 175
head4, 155, 172, 181
head4, 156, 178, 182
head4, 157, 172, 187
head4, 158, 170, 188
head4, 159, 172, 193
head4, 160, 170, 194
head4, 162, 164, 199
head4, 163, 162, 200
head4, 164, 154, 200
head4, 165, 158, 204
head4, 166, 153, 207
head4, 167, 152, 214
head4, 168, 147, 217
head4, 169, 146, 224
head4, 170, 149, 227
head4, 171, 148, 234
head4, 172, 151, 237
head4, 173, 142, 244
head4, 174, 145, 247
head5, 141, 151, 70
head5, 142, 150, 72
head5, 143, 145, 70
head5, 144, 144, 80
head5, 145, 147, 70
head5, 146, 146, 72
head5, 147, 149, 70
head5, 148, 148, 80
head5, 149, 151, 78
head5, 150, 150, 80
head5, 152, 161, 78
head5, 153, 152, 80
head5, 154, 147, 102
head5, 155, 146, 104
head5, 156, 149, 102
head5, 157, 148, 104
head5, 158, 151, 110
head5, 159, 150, 112
head5, 160, 153, 126
head5, 161, 152, 120
head5, 162, 147, 110
head5, 167, 146, 96
head5, 168, 149, 94
head5, 169, 140, 72
head5, 170, 143, 70
head5, 171, 150, 72
head5, 172, 145, 70
head5, 173, 144, 72
head5, 174, 147, 70
head5, 175, 146, 72
head5, 176, 149, 70
head5, 177, 148, 72
head5, 178, 151, 70
head5, 179, 150, 72
head5, 180, 145, 70
head5, 181, 152, 72
head5, 182, 147, 70
head5, 183, 146, 72
head5, 184, 149, 86
head5, 185, 156, 104
head5, 186, 151, 110
head5, 187, 150, 112
head5, 188, 157, 114
head5, 189, 152, 112
head5, 190, 151, 106
head5, 191, 146, 88
head5, 192, 137, 74
head5, 193, 140, 72
head5, 194, 139, 74
head5, 195, 150, 64
head5, 196, 149, 58
head5, 197, 144, 64
head5, 198, 151, 66
head5, 199, 146, 64
head5, 200, 145, 66
head5, 201, 148, 64
head5, 202, 147, 66
head5, 203, 150, 64
head5, 204, 149, 66
head5, 205, 144, 64
head5, 206, 143, 66
head5, 207, 146, 64
head5, 208, 145, 66
head5, 209, 140, 64
head5, 210, 139, 66
head5, 211, 142, 64
head5, 212, 141, 66
head5, 213, 136, 72
head5, 214, 143, 66
head5, 215, 138, 72
head5, 216, 137, 66
head5, 217, 140, 64
head5, 218, 139, 66
head5, 219, 142, 64
head5, 220, 141, 66
head5, 221, 136, 64
head5, 222, 135, 66
head5, 223, 138, 64
head5, 224, 137, 66
head5, 225, 140, 72
head5, 226, 139, 66
head5, 227, 134, 64
head5, 228, 133, 66
head5, 229, 136, 64
head5, 230, 135, 66
head5, 231, 138, 72
head5, 232, 137, 66
head5, 233, 132, 64
head5, 234, 139, 66
head5, 235, 134, 64
head6, 199, 188, 100
head6, 200, 193, 98
head6, 201, 192, 106
head6, 202, 193, 108
head6, 203, 195, 109
head6, 204, 196, 108
head6, 205, 190, 106
head6, 206, 197, 119
head6, 207, 199, 121
head6, 208, 197, 124
head6, 209, 201, 127
head6, 210, 205, 128
head6, 211, 201, 130
head6, 212, 200, 132
head6, 213, 201, 132
head6, 214, 202, 139
head6, 215, 204, 143
head6, 216, 209, 146
head6, 217, 206, 149
head6, 218, 204, 148
head6, 219, 201, 155
head6, 220, 209, 160
head6, 221, 207, 154
head6, 222, 205, 160
head6, 223, 205, 164
head6, 224, 205, 168
head6, 225, 201, 168
head6, 226, 205, 175
head6, 227, 206, 177
head6, 228, 203, 183
head6, 229, 205, 182
head6, 230, 209, 186
head6, 231, 201, 186
head6, 232, 205, 190
head6, 233, 205, 198
head6, 234, 209, 202
head6, 235, 209, 202
head6, 236, 213, 206
head6, 237, 213, 206
head6, 238, 217, 210
head6, 239, 217, 210
head6, 240, 213, 214
head6, 241, 213, 214
head6, 242, 217, 218
head6, 243, 217, 218
head6, 244, 221, 222
head6, 245, 221, 222
head6, 246, 217, 226
head6, 247, 217, 226
head6, 248, 221, 230
head6, 249, 221, 230
head6, 250, 217, 226
head6, 251, 217, 226
head6, 252, 221, 230
head6, 253, 221, 230
head6, 254, 217, 234
head6, 255, 217, 234
head6, 256, 213, 230
head6, 257, 221, 238
head6, 258, 217, 242
head6, 259, 225, 242
head6, 260, 221, 238
head6, 261, 221, 238
head6, 262, 225, 242
head6, 263, 225, 250
head6, 264, 229, 246
head6, 265, 229, 254
head6, 266, 233, 258
head6, 267, 233, 258
head6, 268, 229, 254
head6, 269, 237, 261
head6, 270, 233, 263
head6, 271, 233, 263
head6, 273, 237, 261
head6, 274, 237, 254
head7, 255, 185, 146
head7, 256, 185, 149
head7, 257, 181, 156
head7, 258, 185, 155
head7, 259, 182, 162
head7, 260, 183, 157
head7, 261, 187, 167
head7, 262, 191, 168
head7, 263, 197, 165
head7, 264, 194, 172
head7, 265, 194, 182
head7, 266, 194, 184
head7, 267, 190, 184
head7, 268, 190, 180
head7, 269, 194, 188
head7, 270, 199, 194
head7, 271, 191, 193
head7, 272, 191, 191
head7, 273, 191, 194
head7, 274, 192, 199
head7, 275, 191, 200
head7, 276, 189, 208
head7, 277, 189, 208
head7, 278, 187, 210
head7, 279, 181, 216
head7, 280, 179, 218
head7, 281, 173, 216
head7, 282, 171, 218
head7, 283, 173, 224
head7, 284, 171, 226
head7, 285, 173, 232
head7, 286, 171, 234
head7, 287, 165, 232
head7, 288, 163, 234
head7, 289, 165, 240
head7, 290, 171, 242
head7, 291, 165, 248
head7, 292, 171, 250
head7, 293, 165, 248
head8, 240, 145, 71
head8, 241, 142, 74
head8, 242, 144, 81
head8, 243, 146, 90
head8, 244, 153, 98
head8, 245, 155, 86
head8, 246, 151, 88
head8, 247, 157, 99
head8, 248, 152, 98
head8, 249, 155, 95
head8, 250, 154, 101
head8, 251, 153, 102
head8, 252, 154, 102
head8, 253, 155, 107
head8, 254, 156, 111
head8, 255, 153, 111
head8, 256, 155, 110
head8, 257, 145, 105
head8, 258, 145, 107
head8, 259, 142, 114
head8, 260, 141, 112
head8, 261, 136, 114
head8, 262, 135, 112
head8, 263, 130, 117
head8, 264, 132, 115
head8, 265, 127, 116
head8, 266, 129, 121
head8, 267, 135, 126
head8, 268, 123, 122
head8, 269, 128, 128
head8, 270, 119, 132
head8, 271, 114, 132
head8, 272, 113, 136
head8, 273, 115, 137
head8, 274, 121, 142
head8, 275, 115, 143
head8, 276, 108, 153
head8, 277, 110, 155
head8, 278, 113, 159
head8, 279, 104, 159
head8, 280, 107, 163
head8, 281, 106, 163
head8, 282, 109, 167
head8, 283, 100, 175
head8, 284, 98, 182
head8, 285, 92, 185
head8, 286, 90, 192
head8, 287, 84, 195
head8, 288, 82, 202
head8, 289, 76, 205
head8, 290, 66, 204
head8, 291, 68, 207
head8, 292, 66, 206
head8, 293, 60, 209
head8, 294, 58, 216
head8, 295, 52, 211
head8, 296, 44, 210
head8, 297, 44, 213
head8, 298, 36, 212
head8, 300, 36, 215
head8, 301, 28, 214
head9, 259, 195, 68
head9, 260, 188, 70
head9, 261, 189, 70
head9, 262, 193, 77
head9, 263, 194, 79
head9, 264, 193, 86
head9, 265, 197, 84
head9, 266, 196, 89
head9, 267, 199, 96
head9, 268, 199, 100
head9, 269, 201, 99
head9, 270, 198, 99
head9, 271, 201, 108
head9, 272, 201, 105
head9, 273, 201, 106
head9, 274, 200, 106
head9, 275, 206, 109
head9, 276, 208, 111
head9, 277, 204, 113
head9, 278, 208, 117
head9, 279, 206, 117
head9, 280, 207, 115
head9, 281, 210, 121
head9, 282, 212, 125
head9, 283, 212, 128
head9, 284, 211, 127
head9, 285, 209, 132
head9, 286, 216, 137
head9, 287, 217, 132
head9, 288, 213, 141
head9, 289, 217, 143
head9, 290, 219, 146
head9, 291, 217, 145
head9, 292, 223, 152
head9, 293, 227, 156
head9, 294, 233, 157
head9, 295, 235, 161
head9, 296, 240, 169
head9, 297, 237, 165
head9, 298, 240, 171
head9, 299, 243, 175
head9, 300, 254, 178
head9, 301, 249, 183
head9, 302, 260, 185
head9, 303, 255, 187
head9, 304, 266, 190
head9, 305, 269, 194
head9, 306, 272, 197
head9, 307, 270, 203
head9, 308, 272, 205
head9, 309, 270, 211
head9, 310, 272, 213
head9, 311, 278, 219
head9, 312, 280, 221
head9, 313, 278, 227
head9, 314, 280, 229
head9, 315, 286, 235
head9, 316, 288, 237
head9, 317, 286, 243
head9, 318, 296, 245
head9, 319, 294, 251
head9, 320, 296, 253
head9, 321, 294, 259
head9, 322, 296, 260
head9, 324, 294, 259
head9, 326, 296, 260
head9, 327, 294, 263
head10, 311, 184, 105
head10, 312, 186, 121
head10, 313, 184, 117
head10, 314, 178, 117
head10, 315, 184, 121
head10, 316, 178, 121
head10, 317, 182, 121
head10, 318, 181, 123
head10, 319, 184, 128
head10, 320, 190, 131
head10, 321, 184, 130
head10, 322, 183, 135
head10, 323, 191, 135
head10, 324, 190, 142
head10, 325, 185, 137
head10, 326, 192, 144
head10, 327, 195, 147
head10, 328, 194, 154
head10, 329, 197, 157
head10, 330, 196, 156
head10, 331, 199, 159
head10, 332, 198, 158
head10, 333, 201, 161
head10, 334, 200, 160
head10, 335, 203, 165
head10, 336, 203, 168
head10, 337, 204, 170
head10, 338, 206, 174
head10, 339, 211, 179
head10, 340, 212, 180
head10, 341, 212, 182
head10, 342, 210, 183
head10, 343, 209, 187
head10, 344, 211, 191
head10, 345, 214, 197
head10, 346, 214, 200
head10, 347, 215, 198
head10, 348, 217, 202
head10, 349, 213, 207
head10, 350, 212, 211
head10, 351, 215, 211
head10, 352, 218, 217
head10, 353, 217, 220
head10, 354, 219, 226
head10, 355, 217, 228
head10, 356, 219, 226
head10, 357, 217, 228
head10, 358, 219, 234
head10, 359, 225, 236
head10, 360, 227, 242
head10, 361, 225, 244
head10, 362, 227, 250
head10, 363, 225, 244
head10, 364, 227, 250
head10, 365, 233, 252
head11, 325, 166, 91
head11, 326, 169, 94
head11, 327, 160, 93
head11, 328, 163, 96
head11, 329, 162, 103
head11, 330, 165, 106
head11, 331, 164, 105
head11, 332, 162, 113
head11, 334, 161, 119
head11, 335, 158, 123
head11, 336, 157, 122
head11, 337, 156, 130
head11, 338, 161, 128
head11, 339, 156, 134
head11, 340, 156, 136
head11, 341, 155, 141
head11, 342, 156, 144
head11, 343, 155, 147
head11, 344, 154, 151
head11, 345, 156, 156
head11, 346, 158, 158
head11, 347, 161, 167
head11, 348, 160, 174
head11, 349, 159, 175
head11, 350, 166, 181
head11, 351, 167, 182
head11, 352, 164, 187
head11, 353, 167, 194
head11, 354, 168, 191
head11, 355, 169, 194
head11, 356, 173, 204
head11, 357, 172, 200
head11, 358, 172, 204
head11, 359, 170, 212
head11, 360, 179, 216
head11, 361, 172, 220
head11, 362, 172, 224
head11, 363, 168, 232
head11, 364, 168, 236
head11, 365, 172, 236
head11, 366, 172, 248
head11, 367, 176, 256
head11, 369, 168, 260
head12, 365, 214, 140
head12, 366, 220, 142
head12, 367, 215, 147
head12, 368, 190, 164
head12, 369, 185, 161
head12, 370, 194, 172
head12, 371, 200, 175
head12, 373, 202, 182
head12, 374, 200, 185
head12, 375, 210, 193
head12, 376, 208, 197
head12, 377, 210, 197
head12, 378, 208, 209
head12, 379, 218, 209
head12, 380, 216, 213
head12, 381, 218, 221
head12, 382, 224, 225
head12, 383, 226, 225
head12, 384, 232, 229
head12, 385, 234, 237
head12, 386, 240, 241
head12, 387, 242, 241
head12, 388, 248, 245
head12, 389, 250, 245
head13, 369, 165, 78
head13, 370, 171, 84
head13, 371, 172, 83
head13, 372, 172, 82
head13, 373, 170, 86
head13, 374, 179, 87
head13, 375, 179, 90
head13, 376, 183, 105
head13, 377, 184, 100
head13, 378, 195, 99
head13, 379, 197, 103
head13, 380, 187, 103
head13, 381, 190, 101
head13, 382, 197, 108
head13, 383, 198, 106
head13, 384, 195, 108
head13, 385, 203, 112
head13, 386, 209, 118
head13, 387, 208, 112
head13, 388, 207, 115
head13, 389, 206, 118
head13, 390, 208, 121
head13, 391, 207, 122
head13, 392, 211, 130
head13, 393, 214, 133
head13, 394, 219, 128
head13, 395, 212, 139
head13, 396, 212, 140
head13, 397, 215, 144
head13, 398, 212, 147
head13, 399, 211, 149
head13, 400, 212, 152
head13, 401, 221, 154
head13, 402, 223, 157
head13, 403, 220, 161
head13, 404, 218, 161
head13, 405, 223, 160
head13, 406, 224, 163
head13, 407, 229, 160
head13, 408, 222, 169
head13, 409, 232, 172
head13, 410, 230, 171
head13, 411, 237, 177
head13, 412, 240, 179
head13, 413, 240, 177
head13, 414, 250, 183
head13, 415, 248, 185
head13, 416, 234, 207
head13, 417, 240, 209
head13, 418, 266, 191
head13, 419, 272, 193
head13, 420, 274, 199
head13, 421, 272, 193
head13, 422, 274, 199
head13, 423, 280, 201
head13, 424, 282, 207
head13, 425, 288, 209
head13, 426, 290, 207
head13, 428, 296, 217
head13, 430, 290, 223
head13, 431, 296, 225
head13, 432, 298, 231
head13, 433, 296, 233
head13, 434, 298, 239
head13, 435, 304, 241
head13, 436, 306, 247
head14, 388, 151, 115
head14, 389, 150, 118
head14, 390, 152, 121
head14, 391, 151, 122
head14, 392, 146, 111
head14, 393, 161, 88
head14, 396, 156, 85
head14, 397, 155, 86
head14, 398, 158, 91
head14, 399, 157, 92
head14, 400, 160, 89
head14, 401, 167, 74
head14, 402, 162, 71
head14, 403, 161, 72
head14, 404, 164, 77
head14, 405, 163, 78
head14, 406, 166, 83
head14, 407, 165, 84
head14, 408, 160, 81
head14, 409, 167, 90
head14, 410, 162, 87
head14, 411, 161, 88
head14, 412, 156, 93
head14, 413, 155, 94
head14, 414, 158, 99
head14, 415, 157, 100
head14, 416, 160, 105
head14, 417, 159, 106
head14, 418, 154, 111
head14, 419, 152, 109
head14, 420, 147, 108
head14, 421, 149, 114
head14, 422, 149, 119
head14, 423, 143, 118
head14, 424, 141, 119
head14, 425, 151, 129
head14, 426, 145, 132
head14, 427, 137, 127
head14, 428, 135, 135
head14, 429, 135, 134
head14, 430, 131, 142
head14, 431, 137, 142
head14, 432, 128, 146
head14, 433, 131, 146
head14, 434, 128, 152
head14, 435, 128, 155
head14, 436, 129, 161
head14, 437, 123, 163
head14, 438, 120, 170
head14, 439, 117, 171
head14, 440, 116, 174
head14, 441, 114, 176
head14, 442, 116, 178
head14, 443, 112, 179
head14, 444, 107, 181
head14, 445, 105, 184
head14, 446, 103, 186
head14, 447, 102, 189
head14, 448, 96, 192
head14, 449, 92, 196
head14, 450, 94, 200
head14, 451, 84, 200
head14, 452, 86, 204
head14, 453, 76, 212
head14, 454, 78, 208
head14, 455, 68, 216
head14, 456, 70, 212
head14, 457, 68, 220
head14, 458, 62, 224
head14, 459, 60, 224
head14, 460, 54, 228
head14, 461, 52, 228
head14, 462, 54, 232
head14, 463, 52, 232
head14, 464, 54, 236
head14, 465, 44, 244
head15, 461, 253, 166
head15, 462, 257, 167
head15, 463, 258, 169
head15, 464, 260, 167
head15, 465, 265, 176
head15, 466, 266, 173
head15, 467, 263, 182
head15, 469, 272, 179
head15, 470, 285, 188
head15, 471, 286, 185
head15, 472, 291, 186
head15, 473, 300, 191
head15, 474, 305, 192
head15, 475, 306, 197
head15, 476, 311, 198
head15, 477, 320, 195
head15, 478, 324, 196
head15, 479, 325, 201
head15, 480, 327, 194
head15, 482, 324, 199
head15, 485, 313, 232
head16, 500, 174, 154
head16, 501, 172, 156
head16, 502, 178, 165
head16, 503, 169, 166
head16, 504, 173, 170
head16, 505, 171, 172
head16, 506, 169, 178
head16, 507, 164, 183
head16, 508, 171, 192
head16, 510, 162, 189
head16, 511, 165, 190
head16, 512, 164, 195
head16, 513, 159, 204
head16, 514, 166, 201
head16, 515, 161, 202
head16, 516, 160, 207
head16, 517, 163, 208
head16, 518, 162, 213
head16, 519, 165, 214
head16, 520, 172, 219
head16, 521, 179, 228
head16, 522, 174, 225
head16, 523, 175, 230
head16, 524, 172, 231
head16, 525, 181, 236
head16, 526, 178, 237
head16, 527, 179, 242
head16, 528, 184, 243
head16, 529, 185, 248
head16, 530, 182, 249
head16, 531, 183, 246
head16, 532, 188, 255
head16, 533, 181, 252
head16, 534, 186, 253
head16, 535, 187, 258
head16, 536, 184, 259
head16, 537, 185, 262
head16, 538, 190, 262
head16, 539, 183, 261
head17, 471, 148, 66
head17, 472, 145, 74
head17, 473, 146, 70
head17, 474, 146, 76
head17, 475, 150, 71
head17, 476, 156, 74
head17, 477, 154, 71
head17, 478, 150, 78
head17, 479, 149, 80
head17, 480, 152, 78
head17, 481, 156, 76
head17, 482, 152, 87
head17, 483, 155, 79
head17, 484, 157, 85
head17, 485, 160, 89
head17, 486, 158, 88
head17, 487, 158, 89
head17, 488, 157, 91
head17, 489, 157, 94
head17, 490, 158, 95
head17, 491, 155, 92
head17, 492, 156, 93
head17, 493, 153, 98
head17, 494, 158, 98
head17, 495, 162, 99
head17, 496, 157, 101
head17, 497, 155, 102
head17, 498, 157, 107
head17, 499, 159, 105
head17, 500, 158, 106
head17, 501, 156, 108
head17, 502, 154, 109
head17, 503, 151, 111
head17, 504, 149, 114
head17, 505, 155, 116
head17, 506, 145, 114
head17, 507, 145, 116
head17, 508, 147, 124
head17, 509, 144, 125
head17, 510, 142, 125
head17, 511, 140, 127
head17, 512, 140, 125
head17, 513, 136, 127
head17, 514, 136, 133
head17, 515, 137, 140
head17, 516, 126, 135
head17, 517, 127, 142
head17, 518, 124, 139
head17, 519, 122, 146
head17, 520, 116, 141
head17, 521, 123, 148
head17, 522, 116, 155
head17, 523, 122, 158
head17, 524, 110, 153
head17, 525, 112, 159
head17, 526, 107, 164
head17, 527, 102, 165
head17, 528, 101, 166
head17, 529, 100, 169
head17, 530, 97, 173
head17, 531, 94, 173
head17, 532, 91, 176
head17, 533, 86, 177
head17, 534, 83, 186
head17, 535, 81, 191
head17, 536, 78, 185
head17, 537, 76, 189
head17, 538, 72, 188
head17, 539, 72, 191
head17, 540, 68, 196
head17, 541, 61, 197
head17, 542, 63, 201
head17, 543, 61, 201
head17, 544, 55, 205
head17, 545, 53, 205
head17, 546, 53, 212
head17, 547, 49, 216
head17, 548, 44, 216
head17, 549, 44, 220
head17, 550, 44, 220
head17, 551, 44, 224
head17, 552, 36, 232
head17, 553, 36, 236
head17, 554, 36, 236
head17, 555, 36, 240
head18, 534, 170, 140
head18, 535, 173, 138
head18, 536, 172, 140
head18, 537, 168, 150
head18, 538, 167, 145
head18, 539, 168, 154
head18, 540, 165, 151
head18, 541, 158, 160
head18, 542, 155, 157
head18, 543, 156, 166
head18, 544, 159, 168
head18, 545, 158, 174
head18, 546, 153, 176
head18, 547, 152, 182
head18, 548, 147, 184
head18, 549, 149, 194
head18, 550, 147, 192
head18, 551, 147, 200
head18, 552, 145, 204
head18, 553, 139, 204
head18, 554, 143, 210
head18, 555, 141, 218
head18, 556, 135, 214
head18, 557, 133, 222
head18, 558, 127, 226
head18, 559, 125, 226
head18, 560, 119, 230
head18, 561, 117, 230
head18, 562, 119, 234
head18, 563, 109, 234
head18, 564, 111, 238
head18, 565, 109, 246
head18, 566, 103, 250
head18, 567, 109, 250
head18, 568, 103, 254
head18, 569, 101, 254
head18, 570, 95, 258
head18, 571, 93, 263
head18, 572, 95, 261
head19, 535, 147, 75
head19, 536, 148, 78
head19, 537, 149, 77
head19, 538, 146, 80
head19, 539, 154, 82
head19, 540, 151, 83
head19, 541, 153, 90
head19, 542, 157, 94
head19, 543, 157, 94
head19, 544, 153, 90
head19, 545, 159, 91
head19, 546, 164, 100
head19, 547, 159, 99
head19, 548, 163, 97
head19, 549, 165, 106
head19, 550, 162, 100
head19, 551, 164, 104
head19, 552, 163, 110
head19, 553, 168, 109
head19, 554, 167, 115
head19, 555, 166, 116
head19, 556, 167, 118
head19, 557, 166, 122
head19, 558, 165, 126
head19, 559, 167, 127
head19, 560, 168, 132
head19, 561, 166, 133
head19, 562, 172, 138
head19, 563, 164, 144
head19, 564, 162, 144
head19, 565, 162, 147
head19, 566, 166, 152
head19, 567, 168, 155
head19, 568, 166, 158
head19, 569, 169, 162
head19, 570, 168, 161
head19, 571, 168, 168
head19, 572, 169, 173
head19, 573, 167, 165
head19, 574, 174, 176
head19, 575, 172, 181
head19, 576, 175, 187
head19, 577, 178, 187
head19, 578, 178, 187
head19, 579, 176, 192
head19, 580, 185, 193
head19, 581, 190, 195
head19, 582, 187, 203
head19, 583, 187, 202
head19, 584, 190, 205
head19, 585, 189, 204
head19, 586, 195, 212
head19, 587, 198, 214
head19, 588, 196, 217
head19, 589, 198, 216
head19, 590, 196, 219
head19, 591, 198, 226
head19, 592, 201, 231
head19, 596, 191, 226
head19, 597, 193, 225
head19, 598, 199, 228
head19, 599, 193, 235
head19, 600, 199, 238
head19, 601, 201, 237
head19, 602, 199, 240
head19, 603, 193, 247
head19, 604, 199, 250
head19, 605, 201, 249
head20, 598, 229, 157
head20, 599, 232, 164
head20, 600, 231, 167
head20, 601, 231, 168
head20, 602, 236, 172
head20, 603, 237, 172
head20, 605, 245, 178
head20, 606, 241, 180
head20, 608, 245, 190
head20, 609, 245, 188
head20, 610, 249, 190
head20, 611, 249, 196
head20, 612, 253, 198
head20, 613, 253, 196
head20, 614, 257, 206
head20, 615, 257, 204
head20, 616, 261, 206
head20, 617, 261, 212
head20, 618, 265, 214
head20, 619, 265, 212
head20, 620, 269, 214
head20, 621, 277, 220
head20, 622, 273, 222
head20, 623, 281, 228
head20, 624, 285, 230
head20, 625, 285, 236
head20, 626, 289, 238
head20, 627, 289, 236
head20, 628, 285, 238
head20, 629, 293, 244
head20, 630, 297, 246
head20, 631, 297, 252
head20, 632, 301, 254
head20, 633, 293, 260
head20, 635, 305, 261
head20, 636, 297, 260
head20, 637, 301, 261
head20, 638, 301, 264
head21, 588, 151, 100
head21, 589, 150, 102
head21, 590, 145, 100
head21, 591, 144, 102
head21, 592, 147, 108
head21, 593, 146, 110
head21, 594, 154, 112
head21, 595, 153, 113
head21, 596, 152, 114
head21, 597, 150, 114
head21, 598, 152, 115
head21, 599, 150, 116
head21, 600, 149, 125
head21, 601, 156, 127
head21, 602, 151, 123
head21, 603, 152, 126
head21, 604, 154, 129
head21, 605, 154, 133
head21, 606, 160, 134
head21, 607, 154, 140
head21, 608, 160, 134
head21, 609, 154, 145
head21, 610, 157, 146
head21, 611, 164, 148
head21, 612, 156, 152
head21, 613, 160, 152
head21, 614, 156, 152
head21, 615, 157, 154
head21, 616, 158, 158
head21, 617, 158, 160
head21, 618, 159, 163
head21, 619, 159, 162
head21, 620, 160, 165
head21, 621, 159, 169
head21, 622, 154, 177
head21, 623, 157, 183
head21, 624, 156, 185
head21, 625, 151, 183
head21, 626, 158, 185
head21, 627, 153, 191
head21, 628, 152, 193
head21, 629, 155, 199
head21, 630, 157, 207
head21, 631, 155, 203
head21, 632, 157, 203
head21, 633, 155, 207
head21, 634, 157, 207
head21, 635, 155, 211
head21, 636, 159, 223
head21, 637, 159, 223
head21, 638, 155, 227
head21, 639, 155, 227
head21, 640, 159, 231
head21, 641, 159, 231
head21, 642, 163, 235
head21, 643, 163, 243
head21, 644, 175, 247
head21, 645, 175, 247
head21, 646, 179, 251
head22, 647, 144, 119
head22, 648, 146, 125
head22, 649, 143, 124
head22, 650, 147, 130
head22, 651, 145, 132
head22, 652, 145, 131
head22, 653, 142, 139
head22, 654, 139, 144
head22, 655, 134, 148
head22, 656, 141, 150
head22, 657, 141, 155
head22, 658, 136, 157
head22, 659, 133, 160
head22, 660, 135, 166
head22, 661, 134, 168
head22, 662, 127, 169
head22, 663, 129, 171
head22, 664, 125, 172
head22, 665, 130, 180
head22, 666, 124, 178
head22, 667, 125, 183
head22, 668, 122, 192
head22, 669, 115, 189
head22, 670, 112, 190
head22, 671, 109, 196
head22, 672, 107, 200
head22, 673, 104, 201
head22, 674, 105, 206
head22, 675, 102, 207
head22, 676, 103, 212
head22, 677, 100, 213
head22, 678, 101, 218
head22, 679, 99, 229
head22, 680, 93, 228
head22, 681, 91, 231
head22, 682, 93, 230
head22, 683, 91, 233
head22, 684, 85, 240
head22, 685, 91, 251
head22, 686, 85, 250
head22, 687, 91, 253
head22, 688, 85, 252
head23, 631, 197, 73
head23, 634, 194, 74
head23, 635, 187, 71
head23, 636, 193, 75
head23, 637, 187, 75
head23, 638, 185, 71
head23, 639, 187, 79
head23, 640, 185, 75
head23, 641, 187, 83
head23, 642, 185, 87
head23, 643, 187, 87
head23, 644, 185, 83
head23, 645, 187, 91
head23, 646, 185, 95
head23, 647, 187, 95
head23, 648, 185, 99
head23, 649, 187, 99
head23, 650, 185, 103
head23, 651, 187, 103
head23, 652, 193, 83
head23, 653, 187, 83
head23, 654, 193, 79
head23, 655, 195, 87
head23, 656, 193, 83
head23, 658, 195, 75
head23, 659, 193, 71
head23, 660, 195, 71
head23, 662, 193, 75
head23, 663, 195, 75
head23, 664, 185, 79
head23, 667, 163, 79
head23, 668, 161, 83
head23, 669, 163, 83
head23, 670, 161, 79
head23, 671, 163, 87
head23, 672, 161, 83
head23, 673, 163, 91
head23, 674, 161, 87
head23, 675, 155, 87
head23, 676, 161, 91
head23, 677, 162, 97
head23, 678, 159, 99
head23, 679, 158, 100
head23, 680, 153, 97
head23, 681, 152, 98
head23, 682, 147, 103
head23, 683, 150, 112
head23, 684, 149, 109
head23, 685, 148, 116
head23, 686, 144, 112
head23, 687, 146, 117
head23, 688, 141, 119
head23, 689, 145, 126
head23, 690, 140, 127
head23, 691, 139, 124
head23, 692, 139, 131
head23, 693, 137, 136
head23, 694, 139, 140
head23, 695, 134, 136
head23, 696, 131, 148
head23, 697, 132, 148
head23, 698, 129, 152
head23, 701, 127, 161
head23, 702, 125, 171
head23, 703, 127, 166
head23, 704, 123, 177
head23, 705, 118, 173
head23, 706, 118, 179
head23, 707, 114, 181
head23, 708, 114, 187
head23, 709, 115, 190
head23, 710, 111, 191
head23, 711, 114, 191
head23, 712, 106, 197
head23, 713, 105, 204
head23, 714, 100, 199
head23, 715, 99, 206
head23, 716, 97, 213
head23, 717, 91, 208
head23, 718, 89, 215
head23, 719, 91, 218
head23, 720, 89, 217
head23, 721, 83, 220
head23, 722, 81, 227
head23, 723, 75, 230
head23, 724, 81, 229
head23, 727, 75, 240
head23, 728, 73, 247
head24, 669, 197, 126
head24, 670, 200, 128
head24, 671, 199, 126
head24, 672, 203, 133
head24, 673, 203, 136
head24, 674, 199, 135
head24, 675, 202, 139
head24, 676, 205, 144
head24, 677, 202, 143
head24, 678, 203, 146
head24, 679, 200, 153
head24, 680, 201, 156
head24, 681, 214, 147
head24, 682, 215, 150
head24, 683, 218, 157
head24, 684, 217, 156
head24, 685, 224, 163
head24, 686, 227, 162
head24, 687, 227, 163
head24, 688, 223, 168
head24, 689, 228, 169
head24, 690, 233, 170
head24, 691, 241, 171
head24, 692, 244, 172
head24, 693, 247, 176
head24, 694, 246, 176
head24, 695, 249, 180
head24, 696, 256, 180
head24, 697, 262, 185
head24, 698, 267, 185
head24, 699, 264, 185
head24, 700, 272, 188
head24, 701, 268, 183
head24, 702, 268, 182
head24, 703, 278, 189
head24, 704, 282, 189
head24, 705, 276, 191
head24, 706, 274, 189
head24, 707, 287, 195
head24, 708, 288, 197
head24, 710, 293, 203
head24, 711, 294, 205
head24, 713, 299, 211
head24, 718, 284, 213
head24, 720, 273, 235
head24, 721, 274, 237
head24, 722, 279, 243
head24, 723, 280, 237
head24, 724, 277, 243
head24, 725, 286, 245
head24, 726, 283, 243
head24, 727, 292, 245
head24, 728, 297, 251
head24, 729, 298, 245
head24, 730, 295, 243
head24, 731, 304, 245
head24, 732, 301, 251
head24, 733, 310, 245
head24, 734, 315, 251
head24, 735, 316, 245
head24, 736, 313, 251
head24, 737, 322, 245
head24, 738, 319, 251
head24, 739, 320, 253
head24, 740, 324, 251
head24, 741, 325, 253
head24, 742, 327, 251
head24, 743, 328, 253
head25, 685, 165, 65
head25, 690, 169, 72
head25, 691, 169, 67
head25, 692, 181, 82
head25, 693, 181, 85
head25, 694, 177, 84
head25, 695, 181, 87
head25, 696, 181, 86
head25, 697, 185, 89
head25, 698, 177, 88
head25, 699, 181, 91
head25, 700, 181, 98
head25, 701, 177, 93
head25, 702, 169, 68
head25, 703, 165, 68
head25, 704, 173, 80
head25, 705, 169, 80
head25, 706, 169, 76
head25, 707, 165, 84
head25, 708, 165, 88
head25, 709, 161, 88
head25, 710, 161, 84
head25, 711, 165, 92
head25, 714, 166, 101
head25, 715, 166, 94
head25, 716, 162, 99
head25, 717, 166, 106
head25, 718, 164, 110
head25, 719, 165, 109
head25, 720, 165, 117
head25, 721, 167, 118
head25, 722, 165, 107
head25, 723, 167, 110
head25, 724, 167, 115
head25, 725, 169, 120
head25, 726, 163, 117
head25, 727, 167, 120
head25, 728, 167, 122
head25, 729, 163, 130
head25, 730, 168, 137
head25, 731, 163, 139
head25, 732, 157, 138
head25, 733, 155, 144
head25, 734, 156, 144
head25, 735, 160, 153
head25, 736, 159, 153
head25, 737, 157, 158
head25, 738, 155, 160
head25, 739, 159, 165
head25, 740, 154, 169
head25, 741, 152, 169
head25, 742, 152, 172
head25, 743, 151, 178
head25, 744, 158, 184
head25, 745, 153, 178
head25, 746, 152, 184
head25, 747, 155, 186
head25, 748, 149, 190
head25, 749, 147, 190
head25, 750, 149, 194
head25, 751, 147, 198
head25, 752, 146, 207
head25, 753, 141, 204
head25, 754, 140, 205
head25, 755, 143, 210
head25, 756, 142, 211
head25, 757, 137, 208
head25, 758, 128, 209
head25, 759, 131, 214
head25, 760, 130, 215
head25, 761, 117, 212
head25, 762, 116, 213
head25, 763, 111, 210
head25, 764, 118, 219
head25, 765, 113, 216
head25, 766, 104, 217
head25, 767, 107, 214
head25, 768, 106, 223
head25, 769, 101, 220
head25, 770, 100, 229
head25, 771, 95, 226
head25, 772, 94, 227
head25, 776, 81, 240
head25, 777, 80, 241
head25, 778, 75, 246
head25, 779, 74, 247
head25, 780, 69, 244
head25, 782, 60, 253
head25, 783, 55, 258
head26, 745, 186, 102
head26, 746, 189, 111
head26, 747, 188, 108
head26, 748, 183, 93
head26, 749, 182, 90
head26, 750, 185, 91
head26, 751, 184, 96
head26, 752, 187, 97
head26, 753, 186, 102
head26, 754, 189, 103
head26, 755, 188, 100
head26, 756, 187, 115
head26, 757, 182, 110
head26, 758, 189, 109
head26, 759, 187, 105
head26, 760, 181, 113
head26, 761, 186, 123
head26, 762, 178, 123
head26, 763, 176, 125
head26, 764, 170, 131
head26, 765, 168, 125
head26, 766, 170, 131
head26, 767, 168, 125
head26, 768, 161, 132
head26, 769, 165, 135
head26, 770, 153, 138
head26, 771, 156, 141
head26, 772, 152, 142
head26, 773, 155, 145
head26, 774, 154, 148
head26, 775, 151, 151
head26, 776, 144, 152
head26, 777, 141, 157
head26, 778, 147, 162
head26, 779, 140, 168
head26, 780, 137, 162
head26, 781, 134, 171
head26, 782, 135, 168
head26, 783, 148, 161
head26, 784, 149, 166
head26, 785, 130, 175
head26, 786, 130, 180
head26, 787, 129, 182
head26, 788, 121, 183
head26, 789, 133, 172
head26, 793, 125, 181
head26, 794, 105, 194
head26, 795, 108, 194
head26, 797, 91, 198
head26, 798, 94, 193
head26, 799, 87, 195
head26, 800, 85, 199
head26, 801, 79, 191
head26, 802, 77, 195
head26, 803, 71, 195
head26, 804, 69, 191
head26, 805, 63, 191
head26, 806, 61, 195
head26, 807, 65, 192
head26, 808, 62, 192
head26, 809, 59, 192
head26, 810, 52, 196
head26, 811, 52, 196
head26, 812, 48, 192
head26, 813, 44, 192
head26, 814, 44, 196
head26, 815, 36, 196
head26, 816, 36, 200
head26, 817, 36, 200
head26, 818, 36, 204
head26, 819, 28, 204
head26, 820, 28, 208
head26, 821, 28, 208
head27, 826, 208, 125
head27, 827, 206, 129
head27, 828, 212, 128
head27, 829, 206, 131
head27, 830, 217, 134
head27, 831, 216, 133
head27, 832, 221, 137
head27, 833, 222, 137
head27, 834, 227, 141
head27, 835, 228, 141
head27, 836, 235, 143
head27, 837, 237, 140
head27, 838, 246, 146
head27, 839, 246, 151
head27, 840, 252, 148
head27, 841, 254, 149
head27, 842, 252, 146
head27, 843, 257, 154
head27, 844, 258, 150
head27, 845, 263, 158
head27, 846, 269, 157
head27, 847, 271, 160
head27, 848, 277, 159
head27, 849, 279, 162
head27, 850, 287, 169
head27, 851, 283, 164
head27, 852, 291, 171
head27, 853, 295, 174
head27, 854, 303, 173
head27, 855, 307, 184
head27, 856, 315, 183
head27, 857, 319, 186
head27, 858, 319, 185
head27, 859, 323, 188
head27, 860, 327, 187
head27, 861, 325, 190
head27, 863, 311, 205
head27, 864, 307, 200
head27, 865, 315, 199
head27, 866, 319, 202
head27, 867, 319, 209
head27, 868, 323, 220
head27, 873, 307, 251
head28, 879, 132, 186
head28, 880, 132, 189
head28, 881, 133, 192
head28, 882, 133, 196
head28, 883, 133, 200
head28, 884, 132, 202
head28, 885, 140, 202
head28, 887, 138, 206
head28, 888, 138, 208
head28, 889, 138, 211
head28, 890, 134, 218
head28, 891, 134, 221
head28, 892, 138, 219
head28, 893, 140, 230
head28, 894, 146, 229
head28, 895, 142, 236
head28, 896, 142, 231
head28, 897, 138, 238
head28, 898, 146, 241
head28, 899, 142, 240
head28, 900, 142, 243
head28, 901, 146, 250
head28, 902, 146, 245
head28, 903, 142, 252
head29, 869, 201, 136
head29, 870, 203, 132
head29, 871, 205, 139
head29, 872, 202, 147
head29, 873, 211, 143
head29, 874, 211, 152
head29, 875, 222, 148
head29, 876, 224, 151
head29, 877, 230, 150
head29, 878, 239, 147
head29, 879, 241, 154
head29, 880, 239, 157
head29, 881, 250, 157
head29, 882, 241, 169
head29, 883, 244, 169
head29, 884, 251, 173
head29, 885, 254, 173
head29, 886, 261, 169
head29, 887, 263, 173
head29, 888, 245, 189
head29, 889, 247, 193
head29, 890, 253, 193
head29, 891, 254, 196
head29, 892, 259, 195
head29, 893, 284, 190
head29, 894, 270, 196
head29, 896, 276, 190
head29, 897, 302, 188
head29, 898, 316, 190
head29, 899, 318, 196
head29, 900, 324, 190
head29, 901, 325, 196
head29, 902, 324, 198
head29, 903, 302, 220
head29, 908, 308, 222
head29, 909, 325, 212
head30, 890, 153, 100
head30, 891, 158, 102
head30, 892, 151, 108
head30, 893, 151, 112
head30, 894, 147, 112
head30, 895, 147, 116
head30, 896, 145, 120
head30, 897, 147, 120
head30, 898, 146, 125
head30, 899, 141, 126
head30, 900, 148, 123
head30, 901, 143, 130
head30, 902, 147, 136
head30, 903, 147, 138
head30, 904, 151, 144
head30, 905, 151, 146
head30, 906, 155, 144
head30, 907, 155, 146
head30, 908, 159, 144
head30, 909, 159, 146
head30, 910, 163, 152
head30, 914, 179, 162
head30, 915, 184, 172
head30, 916, 187, 171
head30, 917, 194, 174
head30, 918, 193, 181
head30, 919, 195, 179
head31, 934, 204, 166
head31, 935, 210, 167
head31, 936, 204, 172
head31, 937, 210, 173
head31, 938, 204, 170
head31, 939, 202, 179
head31, 940, 204, 176
head31, 941, 208, 178
head31, 942, 208, 184
head31, 943, 204, 186
head31, 944, 204, 192
head31, 945, 200, 194
head31, 946, 204, 200
head31, 947, 199, 201
head31, 948, 201, 205
head31, 949, 204, 205
head31, 950, 195, 209
head31, 951, 190, 209
head31, 952, 189, 213
head31, 953, 184, 213
head31, 954, 183, 217
head31, 955, 178, 225
head31, 956, 177, 221
head31, 957, 180, 229
head31, 958, 179, 233
head31, 959, 174, 233
head31, 960, 173, 237
head31, 961, 168, 237
head31, 962, 167, 241
head31, 963, 170, 249
head31, 964, 161, 253
head31, 965, 164, 253
head31, 966, 163, 257
head32, 912, 169, 73
head32, 917, 172, 82
head32, 918, 170, 84
head32, 919, 164, 90
head32, 920, 162, 84
head32, 921, 171, 88
head32, 922, 160, 88
head32, 923, 161, 92
head32, 924, 166, 100
head32, 925, 159, 88
head32, 926, 164, 96
head32, 927, 157, 92
head32, 928, 154, 100
head32, 929, 155, 104
head32, 930, 152, 104
head32, 931, 153, 108
head32, 932, 150, 108
head32, 933, 151, 112
head32, 934, 148, 104
head32, 935, 149, 116
head32, 936, 146, 116
head32, 937, 147, 120
head32, 938, 144, 120
head32, 939, 145, 124
head32, 940, 142, 124
head32, 941, 143, 128
head32, 942, 140, 128
head32, 943, 141, 132
head32, 944, 138, 132
head32, 945, 139, 136
head32, 946, 139, 145
head32, 947, 135, 142
head32, 948, 135, 143
head32, 949, 137, 147
head32, 950, 135, 155
head32, 951, 129, 151
head32, 952, 127, 159
head32, 953, 128, 158
head32, 954, 132, 166
head32, 955, 129, 166
head32, 956, 119, 171
head32, 957, 117, 172
head32, 958, 115, 174
head32, 959, 114, 177
head32, 960, 112, 179
head32, 961, 109, 180
head32, 962, 107, 175
head32, 963, 104, 177
head32, 964, 97, 183
head32, 965, 98, 180
head32, 966, 93, 180
head32, 967, 84, 184
head32, 968, 79, 184
head32, 969, 78, 180
head32, 970, 81, 180
head32, 971, 72, 187
head32, 972, 71, 189
head32, 973, 69, 189
head32, 975, 79, 201
head32, 976, 77, 201
head32, 977, 79, 205
head32, 978, 76, 205
head32, 979, 73, 211
head32, 981, 69, 212
head32, 982, 61, 217
head32, 983, 65, 218
head32, 984, 57, 215
head32, 985, 59, 223
head32, 986, 57, 219
head32, 987, 51, 227
head32, 988, 52, 223
head32, 989, 49, 231
head32, 990, 44, 227
head32, 991, 44, 227
head32, 992, 44, 231
head32, 993, 44, 231
head32, 994, 36, 227
head32, 995, 36, 227
head32, 996, 36, 231
head32, 997, 36, 231
head32, 998, 28, 227
head32, 999, 28, 227
head32, 1000, 28, 231
head32, 1001, 28, 231
head33, 903, 192, 105
head33, 907, 199, 116
head33, 908, 202, 115
head33, 909, 203, 118
head33, 910, 204, 120
head33, 911, 199, 121
head33, 912, 206, 126
head33, 913, 209, 127
head33, 914, 200, 140
head33, 915, 207, 129
head33, 918, 210, 138
head33, 919, 209, 135
head33, 920, 212, 144
head33, 921, 203, 141
head33, 922, 206, 142
head33, 923, 205, 147
head33, 924, 208, 148
head33, 925, 207, 145
head33, 926, 210, 146
head33, 927, 201, 151
head33, 928, 204, 152
head33, 929, 187, 141
head33, 930, 158, 118
head33, 931, 149, 107
head33, 932, 152, 100
head33, 933, 151, 113
head33, 934, 146, 114
head33, 935, 145, 111
head33, 936, 148, 120
head33, 937, 147, 117
head33, 938, 142, 118
head33, 939, 157, 131
head33, 940, 160, 140
head33, 941, 143, 129
head33, 942, 138, 130
head33, 943, 137, 135
head33, 944, 140, 136
head33, 945, 139, 141
head33, 946, 139, 145
head33, 947, 135, 145
head33, 948, 135, 149
head33, 949, 137, 147
head33, 951, 127, 157
head33, 952, 129, 155
head33, 953, 128, 158
head33, 954, 132, 166
head33, 955, 129, 166
head33, 956, 119, 171
head33, 957, 117, 172
head33, 958, 115, 174
head33, 959, 114, 177
head33, 960, 112, 179
head33, 961, 109, 180
head33, 962, 107, 175
head33, 963, 104, 177
head33, 964, 97, 183
head33, 965, 98, 180
head33, 966, 93, 180
head33, 967, 84, 184
head33, 968, 79, 184
head33, 969, 78, 180
head33, 970, 81, 180
head33, 971, 72, 187
head33, 972, 71, 189
head33, 973, 69, 189
head33, 974, 87, 201
head33, 975, 80, 207
head33, 976, 77, 201
head33, 977, 78, 207
head33, 978, 76, 205
head33, 979, 73, 211
head33, 981, 69, 212
head33, 982, 61, 217
head33, 983, 65, 218
head33, 984, 57, 215
head33, 985, 59, 223
head33, 986, 57, 219
head33, 987, 51, 227
head33, 988, 52, 223
head33, 989, 49, 231
head33, 990, 44, 227
head33, 991, 44, 227
head33, 992, 44, 231
head33, 993, 44, 231
head33, 994, 36, 227
head33, 995, 36, 227
head33, 996, 36, 231
head33, 997, 36, 231
head33, 998, 28, 227
head33, 999, 28, 227
head33, 1000, 28, 231
head33, 1001, 28, 231
head34, 968, 147, 87
head34, 970, 149, 96
head34, 971, 147, 93
head34, 972, 152, 95
head34, 973, 145, 93
head34, 974, 150, 95
head34, 975, 151, 93
head34, 976, 148, 95
head34, 977, 146, 107
head34, 978, 149, 106
head34, 979, 150, 108
head34, 980, 149, 110
head34, 981, 141, 112
head34, 982, 140, 113
head34, 983, 140, 112
head34, 984, 138, 116
head34, 985, 135, 117
head34, 986, 127, 115
head34, 987, 131, 117
head34, 988, 123, 115
head34, 989, 127, 117
head34, 990, 127, 115
head34, 991, 123, 117
head34, 992, 123, 115
head34, 993, 127, 125
head34, 994, 127, 123
head34, 995, 123, 125
head34, 996, 128, 128
head34, 997, 122, 126
head34, 998, 121, 137
head34, 999, 124, 135
head34, 1000, 120, 143
head34, 1001, 118, 146
head34, 1002, 117, 147
head34, 1003, 112, 144
head34, 1004, 111, 145
head34, 1005, 106, 150
head34, 1006, 121, 167
head34, 1007, 124, 172
head34, 1008, 123, 173
head34, 1009, 118, 178
head34, 1011, 117, 179
head34, 1015, 96, 176
head34, 1017, 71, 185
head34, 1018, 68, 190
head34, 1021, 77, 191
head34, 1022, 74, 188
head34, 1023, 75, 189
head34, 1024, 72, 194
head34, 1025, 69, 190
head34, 1026, 62, 196
head34, 1027, 58, 197
head34, 1028, 53, 201
head34, 1029, 52, 193
head34, 1030, 47, 197
head34, 1031, 52, 197
head34, 1032, 45, 201
head34, 1034, 36, 201
head34, 1035, 36, 197
head34, 1036, 36, 197
head34, 1037, 36, 203
head34, 1040, 31, 205
head34, 1041, 28, 203
head34, 1042, 28, 205
head35, 928, 189, 66
head35, 930, 197, 69
head35, 931, 193, 60
head35, 932, 193, 63
head35, 933, 197, 62
head35, 934, 197, 65
head35, 935, 193, 64
head35, 936, 169, 67
head35, 937, 165, 74
head35, 938, 165, 69
head35, 939, 161, 76
head35, 940, 169, 71
head35, 941, 189, 86
head35, 942, 187, 83
head35, 943, 195, 93
head35, 944, 189, 87
head35, 945, 191, 92
head35, 946, 191, 94
head35, 947, 193, 94
head35, 948, 191, 95
head35, 949, 192, 96
head35, 950, 190, 97
head35, 951, 192, 100
head35, 952, 192, 102
head35, 953, 186, 102
head35, 954, 185, 104
head35, 955, 191, 106
head35, 956, 189, 111
head35, 957, 190, 108
head35, 958, 190, 111
head35, 959, 186, 110
head35, 960, 186, 89
head35, 961, 190, 88
head35, 962, 190, 99
head35, 963, 186, 98
head35, 964, 194, 101
head35, 967, 190, 108
head35, 968, 198, 103
head35, 969, 194, 110
head35, 970, 194, 113
head35, 971, 198, 112
head35, 972, 198, 115
head35, 973, 202, 114
head35, 974, 202, 117
head35, 975, 206, 116
head35, 976, 206, 119
head35, 977, 210, 118
head35, 978, 210, 121
head35, 979, 206, 128
head35, 980, 214, 123
head35, 981, 210, 130
head35, 982, 215, 135
head35, 983, 216, 136
head35, 984, 216, 137
head35, 985, 212, 142
head35, 986, 217, 141
head35, 987, 220, 146
head35, 988, 220, 148
head35, 989, 221, 151
head35, 990, 222, 153
head35, 991, 227, 159
head35, 992, 224, 163
head35, 993, 229, 165
head35, 994, 232, 167
head35, 995, 229, 168
head35, 996, 236, 171
head35, 997, 236, 166
head35, 998, 234, 174
head35, 999, 236, 170
head35, 1000, 234, 178
head35, 1003, 246, 182
head35, 1004, 256, 186
head35, 1005, 256, 187
head35, 1006, 260, 188
head35, 1007, 260, 185
head35, 1008, 264, 186
head35, 1009, 248, 207
head35, 1010, 244, 205
head35, 1011, 252, 207
head35, 1012, 256, 204
head35, 1014, 280, 189
head35, 1015, 284, 194
head35, 1016, 284, 187
head35, 1017, 288, 192
head35, 1018, 288, 193
head35, 1019, 292, 190
head35, 1020, 292, 191
head35, 1021, 296, 196
head35, 1022, 296, 197
head35, 1023, 300, 194
head35, 1024, 300, 195
head35, 1025, 280, 216
head35, 1026, 280, 217
head35, 1027, 276, 206
head35, 1028, 276, 207
head35, 1029, 288, 220
head35, 1030, 280, 213
head35, 1033, 292, 218
head35, 1034, 292, 219
head35, 1035, 296, 216
head35, 1038, 304, 225
head35, 1039, 308, 238
head35, 1040, 308, 231
head35, 1041, 304, 236
head35, 1042, 320, 237
head35, 1043, 316, 242
head35, 1044, 324, 243
head35, 1047, 326, 240
head35, 1048, 326, 241
head35, 1049, 328, 238
head35, 1054, 324, 239
head35, 1055, 326, 244
head35, 1056, 326, 237
head36, 1022, 152, 86
head36, 1023, 151, 86
head36, 1024, 148, 89
head36, 1025, 148, 89
head36, 1026, 147, 96
head36, 1027, 147, 99
head36, 1028, 148, 101
head36, 1029, 147, 102
head36, 1030, 143, 105
head36, 1031, 146, 112
head36, 1032, 140, 112
head36, 1033, 138, 116
head36, 1034, 138, 120
head36, 1035, 140, 121
head36, 1036, 134, 120
head36, 1037, 131, 123
head36, 1038, 133, 124
head36, 1039, 125, 122
head36, 1040, 128, 127
head36, 1041, 127, 127
head36, 1042, 121, 123
head36, 1043, 118, 121
head36, 1044, 119, 123
head36, 1045, 119, 125
head36, 1046, 115, 123
head36, 1047, 115, 125
head36, 1048, 111, 123
head36, 1049, 115, 123
head36, 1050, 107, 127
head36, 1051, 111, 127
head36, 1052, 103, 123
head36, 1053, 109, 123
head36, 1054, 111, 103
head36, 1059, 109, 103
head36, 1060, 95, 99
head36, 1061, 93, 99
head36, 1062, 87, 95
head36, 1063, 93, 95
head36, 1066, 103, 83
head36, 1067, 101, 83
head36, 1069, 103, 87
head37, 1066, 85, 136
head37, 1067, 84, 137
head37, 1068, 85, 140
head37, 1069, 82, 139
head37, 1070, 83, 142
head37, 1071, 80, 133
head37, 1072, 81, 137
head37, 1073, 78, 137
head37, 1074, 79, 141
head37, 1075, 76, 141
head37, 1076, 77, 137
head37, 1077, 74, 145
head37, 1078, 75, 141
head37, 1079, 80, 141
head37, 1080, 73, 145
head37, 1081, 78, 145
head37, 1082, 79, 149
head37, 1083, 76, 149
head37, 1084, 77, 145
head37, 1085, 82, 145
head37, 1086, 83, 149
head37, 1087, 80, 149
head37, 1088, 81, 145
head37, 1089, 78, 145
head37, 1090, 79, 149
head37, 1091, 76, 149
head37, 1092, 77, 145
head37, 1093, 74, 145
head37, 1094, 75, 149
head37, 1095, 80, 149
head37, 1096, 73, 145
head37, 1097, 78, 145
head37, 1098, 71, 141
head37, 1099, 76, 141
head37, 1100, 69, 137
head37, 1101, 74, 137
head37, 1102, 67, 133
head37, 1103, 72, 133
head37, 1104, 65, 129
head37, 1105, 70, 129
head37, 1106, 71, 133
head37, 1107, 68, 133
head37, 1108, 69, 129
head37, 1109, 66, 129
head37, 1110, 59, 125
head37, 1111, 64, 125
head37, 1112, 57, 121
head37, 1113, 62, 129
head37, 1114, 55, 125
head37, 1115, 52, 125
head37, 1116, 53, 121
head37, 1117, 50, 121
head37, 1118, 52, 125
head37, 1119, 50, 125
head37, 1120, 52, 129
head37, 1121, 50, 129
head37, 1122, 44, 133
head37, 1123, 44, 133
head37, 1124, 44, 129
head37, 1125, 36, 137
head37, 1126, 36, 141
head37, 1127, 36, 141
head37, 1128, 36, 129
head37, 1129, 36, 129
head37, 1134, 36, 125
head37, 1138, 28, 125
head38, 1054, 199, 80
head38, 1055, 195, 83
head38, 1056, 195, 82
head38, 1057, 199, 77
head38, 1058, 199, 76
head38, 1059, 179, 87
head38, 1060, 179, 86
head38, 1062, 199, 81
head38, 1063, 199, 80
head38, 1064, 179, 91
head38, 1065, 163, 82
head38, 1066, 167, 69
head38, 1067, 167, 68
head38, 1068, 171, 71
head38, 1069, 171, 70
head38, 1070, 167, 73
head38, 1071, 167, 72
head38, 1072, 171, 75
head38, 1073, 195, 66
head38, 1074, 199, 69
head38, 1075, 183, 92
head38, 1076, 187, 95
head38, 1077, 187, 102
head38, 1078, 190, 101
head38, 1079, 181, 120
head38, 1080, 184, 127
head38, 1081, 183, 130
head38, 1082, 186, 113
head38, 1084, 185, 108
head38, 1087, 164, 91
head38, 1088, 163, 94
head38, 1089, 166, 93
head38, 1090, 165, 88
head38, 1091, 168, 79
head38, 1092, 167, 82
head38, 1093, 162, 89
head38, 1094, 161, 108
head38, 1095, 180, 123
head38, 1096, 180, 128
head38, 1097, 176, 121
head38, 1098, 160, 134
head38, 1099, 160, 134
head38, 1100, 161, 136
head38, 1101, 158, 134
head38, 1105, 165, 130
head38, 1106, 162, 137
head38, 1107, 171, 132
head38, 1108, 175, 136
head38, 1109, 183, 120
head38, 1110, 179, 124
head38, 1111, 187, 124
head38, 1112, 187, 125
head38, 1113, 183, 122
head38, 1114, 190, 129
head38, 1115, 184, 130
head38, 1116, 182, 127
head38, 1117, 184, 128
head38, 1118, 182, 133
head38, 1119, 184, 134
head38, 1120, 182, 131
head38, 1121, 190, 132
head38, 1122, 178, 137
head38, 1123, 178, 138
head38, 1124, 182, 135
head38, 1125, 182, 136
head38, 1126, 178, 133
head38, 1127, 180, 139
head38, 1128, 176, 139
head38, 1129, 176, 135
head38, 1130, 172, 135
head38, 1131, 173, 141
head38, 1132, 171, 138
head38, 1133, 170, 144
head38, 1134, 165, 143
head38, 1135, 164, 138
head38, 1136, 159, 145
head38, 1137, 163, 149
head38, 1138, 161, 149
head38, 1139, 156, 151
head38, 1140, 152, 157
head38, 1141, 152, 159
head38, 1142, 150, 162
head38, 1143, 146, 161
head38, 1144, 145, 161
head38, 1145, 146, 164
head38, 1146, 144, 162
head38, 1147, 150, 166
head38, 1148, 147, 168
head38, 1149, 147, 184
head38, 1150, 153, 185
head38, 1151, 147, 182
head38, 1152, 155, 186
head38, 1153, 151, 186
head38, 1154, 151, 182
head38, 1155, 147, 182
head38, 1156, 147, 178
head38, 1157, 151, 186
head38, 1158, 151, 190
head38, 1159, 147, 182
head38, 1160, 147, 178
head38, 1161, 143, 178
head38, 1162, 145, 191
head38, 1163, 143, 192
head38, 1164, 141, 190
head38, 1165, 140, 190
head38, 1166, 145, 196
head38, 1167, 138, 190
head38, 1168, 135, 188
head38, 1169, 133, 189
head38, 1170, 126, 193
head38, 1171, 123, 185
head38, 1172, 123, 189
head38, 1173, 119, 189
head38, 1174, 119, 193
head38, 1176, 107, 185
head38, 1177, 107, 192
head38, 1178, 107, 191
head38, 1179, 103, 186
head38, 1180, 108, 192
head38, 1181, 102, 197
head38, 1182, 100, 190
head38, 1183, 102, 195
head38, 1184, 100, 196
head38, 1185, 94, 193
head38, 1186, 68, 194
head38, 1187, 68, 191
head38, 1188, 64, 192
head39, 1184, 163, 83
head39, 1185, 169, 87
head39, 1186, 170, 86
head39, 1187, 171, 90
head39, 1188, 171, 90
head39, 1189, 169, 93
head39, 1190, 177, 94
head39, 1191, 178, 95
head39, 1192, 179, 96
head39, 1193, 183, 96
head39, 1194, 183, 102
head39, 1195, 185, 103
head39, 1196, 189, 102
head39, 1197, 194, 104
head39, 1198, 195, 105
head39, 1199, 200, 110
head39, 1200, 201, 103
head39, 1201, 206, 108
head39, 1202, 207, 109
head39, 1203, 212, 114
head39, 1204, 213, 107
head39, 1205, 218, 112
head39, 1206, 217, 114
head39, 1207, 216, 113
head39, 1208, 219, 116
head39, 1209, 221, 117
head39, 1210, 222, 119
head39, 1211, 223, 121
head39, 1212, 230, 124
head39, 1213, 225, 123
head39, 1214, 224, 126
head39, 1215, 228, 126
head39, 1216, 239, 130
head39, 1217, 230, 130
head39, 1218, 233, 126
head39, 1219, 232, 134
head39, 1220, 235, 138
head39, 1221, 242, 140
head39, 1222, 247, 142
head39, 1223, 247, 143
head39, 1224, 245, 146
head39, 1225, 247, 145
head39, 1226, 253, 140
head39, 1228, 255, 147
head39, 1229, 261, 142
head39, 1230, 263, 141
head39, 1231, 270, 142
head39, 1232, 273, 143
head39, 1233, 272, 144
head39, 1234, 276, 146
head39, 1235, 277, 146
head39, 1236, 282, 142
head39, 1237, 283, 142
head39, 1238, 288, 138
head39, 1239, 297, 138
head39, 1240, 302, 142
head39, 1241, 303, 142
head39, 1242, 308, 138
head39, 1243, 309, 138
head39, 1244, 314, 142
head40, 1236, 185, 114
head40, 1238, 186, 118
head40, 1239, 180, 120
head40, 1240, 186, 118
head40, 1241, 188, 120
head40, 1242, 188, 121
head40, 1243, 192, 118
head40, 1244, 191, 125
head40, 1245, 194, 125
head40, 1246, 193, 129
head40, 1247, 196, 129
head40, 1248, 195, 125
head40, 1249, 198, 133
head40, 1250, 197, 153
head40, 1251, 200, 153
head40, 1252, 203, 137
head40, 1253, 202, 141
head40, 1254, 205, 141
head40, 1255, 211, 140
head40, 1256, 205, 143
head40, 1257, 211, 142
head40, 1258, 213, 145
head40, 1259, 214, 144
head40, 1260, 219, 147
head40, 1261, 218, 149
head40, 1262, 221, 147
head40, 1263, 220, 149
head40, 1264, 225, 157
head40, 1265, 226, 153
head40, 1266, 231, 153
head40, 1267, 235, 158
head40, 1268, 239, 158
head40, 1269, 243, 158
head40, 1270, 235, 162
head40, 1271, 247, 162
head40, 1272, 247, 158
head40, 1273, 251, 158
head40, 1274, 251, 162
head40, 1275, 231, 186
head41, 1136, 184, 101
head41, 1138, 183, 101
head41, 1139, 178, 81
head41, 1140, 178, 84
head41, 1141, 174, 83
head41, 1142, 174, 89
head41, 1143, 170, 91
head41, 1144, 170, 89
head41, 1145, 174, 91
head41, 1146, 174, 89
head41, 1147, 170, 91
head41, 1148, 170, 89
head41, 1149, 174, 91
head41, 1150, 174, 89
head41, 1151, 170, 91
head41, 1153, 170, 97
head41, 1154, 174, 91
head41, 1155, 174, 97
head41, 1156, 170, 99
head41, 1157, 170, 97
head41, 1158, 175, 100
head41, 1159, 175, 103
head41, 1160, 176, 103
head41, 1161, 173, 102
head41, 1162, 176, 106
head41, 1163, 181, 109
head41, 1164, 180, 112
head41, 1165, 182, 113
head41, 1166, 182, 110
head41, 1167, 181, 115
head41, 1168, 185, 115
head41, 1169, 184, 113
head41, 1170, 184, 115
head41, 1171, 188, 118
head41, 1172, 185, 120
head41, 1173, 186, 126
head41, 1174, 183, 120
head41, 1175, 184, 126
head41, 1176, 189, 128
head41, 1177, 182, 126
head41, 1178, 187, 128
head41, 1179, 188, 126
head41, 1180, 185, 128
head41, 1181, 186, 134
head41, 1182, 183, 128
head41, 1183, 184, 126
head41, 1184, 189, 136
head41, 1185, 190, 134
head41, 1186, 187, 136
head41, 1187, 188, 139
head41, 1188, 185, 146
head41, 1189, 191, 145
head41, 1190, 188, 146
head41, 1191, 187, 148
head41, 1192, 182, 146
head41, 1193, 188, 151
head41, 1194, 184, 150
head41, 1195, 185, 155
head41, 1196, 190, 155
head41, 1197, 189, 159
head41, 1198, 192, 160
head41, 1199, 191, 162
head41, 1200, 192, 161
head41, 1201, 193, 170
head41, 1202, 193, 167
head41, 1203, 192, 165
head41, 1204, 195, 175
head41, 1205, 192, 166
head41, 1206, 201, 175
head41, 1207, 201, 167
head41, 1208, 200, 169
head41, 1209, 209, 175
head41, 1210, 210, 175
head41, 1211, 210, 174
head41, 1212, 214, 176
head41, 1213, 214, 174
head41, 1214, 219, 178
head41, 1215, 221, 172
head41, 1216, 223, 174
head41, 1217, 223, 171
head41, 1218, 227, 172
head41, 1219, 227, 171
head41, 1220, 231, 174
head41, 1221, 231, 173
head41, 1222, 235, 176
head41, 1223, 235, 175
head41, 1224, 239, 178
head41, 1225, 243, 177
head41, 1226, 237, 181
head41, 1227, 244, 182
head41, 1228, 240, 187
head41, 1229, 246, 190
head41, 1230, 249, 190
head41, 1231, 250, 188
head41, 1232, 247, 194
head41, 1233, 251, 196
head41, 1234, 250, 201
head41, 1235, 251, 205
head41, 1236, 248, 205
head41, 1237, 249, 209
head41, 1238, 254, 209
head41, 1239, 255, 213
head41, 1240, 256, 214
head41, 1241, 255, 220
head41, 1242, 258, 214
head41, 1243, 258, 222
head41, 1244, 262, 218
head41, 1245, 262, 218
head41, 1246, 267, 224
head41, 1247, 268, 226
head41, 1248, 265, 224
head41, 1249, 266, 226
head41, 1250, 271, 224
head41, 1251, 272, 226
head41, 1252, 269, 224
head41, 1253, 270, 226
head41, 1254, 275, 224
head41, 1255, 276, 226
head41, 1256, 281, 224
head41, 1257, 282, 226
head41, 1258, 279, 224
head41, 1259, 280, 226
head41, 1260, 285, 224
head41, 1261, 286, 218
head41, 1262, 291, 224
head41, 1263, 292, 218
head41, 1264, 297, 216
head41, 1265, 298, 218
head41, 1266, 295, 216
head41, 1267, 296, 218
head41, 1268, 301, 216
head41, 1269, 302, 218
head41, 1270, 299, 216
head41, 1271, 308, 218
head41, 1272, 313, 224
head41, 1273, 314, 218
head41, 1274, 311, 224
head41, 1275, 312, 218
head41, 1276, 317, 224
head41, 1277, 318, 226
head41, 1278, 323, 224
head41, 1279, 316, 226
head41, 1280, 321, 224
head41, 1281, 322, 226
head41, 1282, 325, 232
head41, 1283, 326, 234
head41, 1284, 324, 232
head41, 1285, 325, 234
head41, 1286, 327, 232
head42, 1250, 159, 73
head42, 1252, 161, 69
head42, 1253, 159, 69
head42, 1254, 161, 68
head42, 1255, 162, 74
head42, 1256, 168, 77
head42, 1257, 162, 73
head42, 1258, 168, 76
head42, 1259, 164, 81
head42, 1260, 168, 78
head42, 1261, 161, 79
head42, 1262, 168, 79
head42, 1263, 167, 88
head42, 1264, 162, 83
head42, 1265, 170, 85
head42, 1266, 164, 89
head42, 1267, 170, 88
head42, 1268, 165, 92
head42, 1269, 165, 95
head42, 1270, 170, 94
head42, 1271, 172, 100
head42, 1272, 162, 102
head42, 1273, 164, 99
head42, 1274, 159, 106
head42, 1275, 166, 109
head42, 1276, 153, 108
head42, 1277, 162, 109
head42, 1278, 167, 114
head42, 1279, 165, 120
head42, 1280, 164, 117
head42, 1281, 167, 122
head42, 1282, 163, 122
head42, 1283, 163, 118
head42, 1284, 161, 128
head42, 1285, 169, 126
head42, 1286, 164, 125
head42, 1287, 164, 130
head42, 1288, 163, 133
head42, 1289, 167, 130
head42, 1290, 167, 135
head42, 1291, 169, 139
head42, 1292, 170, 139
head42, 1293, 170, 139
head42, 1294, 173, 148
head42, 1295, 174, 149
head42, 1296, 174, 148
head42, 1297, 175, 149
head42, 1298, 180, 146
head42, 1299, 180, 155
head42, 1300, 184, 153
head42, 1301, 183, 155
head42, 1302, 189, 157
head42, 1303, 190, 159
head42, 1304, 189, 161
head42, 1305, 189, 162
head42, 1306, 191, 164
head42, 1307, 194, 163
head42, 1308, 194, 168
head42, 1309, 197, 168
head42, 1310, 194, 168
head42, 1311, 195, 172
head42, 1312, 196, 173
head42, 1313, 194, 174
head42, 1314, 196, 176
head42, 1315, 202, 174
head42, 1316, 196, 176
head42, 1317, 202, 181
head42, 1318, 204, 182
head42, 1319, 202, 187
head42, 1320, 206, 196
head42, 1321, 198, 193
head42, 1322, 202, 194
head42, 1323, 202, 199
head42, 1324, 206, 200
head42, 1325, 206, 205
head42, 1326, 207, 209
head42, 1327, 215, 218
head42, 1328, 211, 215
head42, 1329, 211, 216
head42, 1330, 215, 221
head42, 1331, 215, 222
head42, 1332, 211, 219
head42, 1334, 219, 228
head42, 1335, 215, 225
head42, 1336, 215, 226
head43, 1334, 274, 130
head43, 1335, 273, 132
head43, 1336, 276, 130
head43, 1337, 285, 132
head43, 1338, 282, 130
head43, 1339, 288, 133
head43, 1340, 287, 126
head43, 1341, 290, 131
head43, 1342, 294, 128
head43, 1343, 294, 129
head43, 1344, 298, 126
head43, 1345, 298, 127
head43, 1346, 302, 124
head43, 1347, 302, 133
head43, 1348, 306, 130
head43, 1349, 306, 131
head43, 1350, 302, 136
head43, 1351, 302, 129
head43, 1355, 306, 134
head43, 1356, 314, 135
head43, 1357, 318, 132
head43, 1358, 318, 133
head43, 1359, 314, 138
head43, 1360, 290, 147
head43, 1361, 262, 160
head44, 1272, 204, 70
head44, 1273, 204, 75
head44, 1274, 204, 78
head44, 1275, 195, 78
head44, 1276, 198, 74
head44, 1277, 197, 82
head44, 1278, 192, 78
head44, 1279, 191, 78
head44, 1280, 194, 82
head44, 1281, 193, 82
head44, 1282, 188, 86
head44, 1283, 187, 86
head44, 1284, 190, 90
head44, 1285, 189, 90
head44, 1286, 192, 86
head44, 1287, 191, 94
head44, 1288, 194, 90
head44, 1289, 193, 90
head44, 1290, 188, 94
head44, 1291, 193, 99
head44, 1292, 194, 100
head44, 1293, 199, 97
head44, 1294, 200, 98
head44, 1295, 181, 103
head44, 1296, 182, 104
head44, 1297, 187, 109
head44, 1298, 204, 102
head44, 1299, 209, 99
head44, 1300, 194, 108
head44, 1302, 199, 113
head44, 1303, 208, 106
head44, 1304, 205, 103
head44, 1305, 214, 104
head44, 1306, 211, 109
head44, 1307, 212, 102
head44, 1308, 217, 107
head44, 1309, 202, 116
head44, 1311, 207, 121
head44, 1312, 208, 122
head44, 1313, 221, 111
head44, 1314, 222, 112
head44, 1315, 227, 109
head44, 1316, 228, 110
head44, 1317, 209, 123
head44, 1318, 210, 124
head44, 1319, 231, 121
head44, 1320, 240, 122
head44, 1321, 237, 119
head44, 1322, 238, 120
head44, 1323, 243, 125
head44, 1324, 247, 127
head44, 1325, 247, 125
head44, 1326, 251, 127
head44, 1327, 251, 125
head44, 1328, 255, 127
head44, 1329, 263, 125
head44, 1330, 259, 127
head44, 1331, 251, 133
head44, 1332, 239, 159
head44, 1333, 240, 156
head44, 1334, 237, 157
head44, 1335, 214, 146
head44, 1338, 203, 123
head44, 1339, 204, 120
head44, 1340, 201, 121
head44, 1341, 208, 126
head44, 1342, 212, 130
head44, 1343, 210, 129
head44, 1344, 220, 133
head44, 1345, 222, 136
head44, 1346, 223, 137
head44, 1347, 220, 142
head44, 1348, 221, 143
head44, 1349, 226, 148
head44, 1350, 227, 149
head44, 1351, 232, 146
head44, 1352, 233, 147
head44, 1353, 238, 152
head44, 1354, 239, 153
head44, 1355, 252, 142
head44, 1356, 245, 151
head44, 1357, 250, 156
head44, 1358, 251, 157
head44, 1359, 256, 154
head44, 1360, 263, 164
head44, 1361, 258, 162
head44, 1362, 265, 156
head44, 1364, 276, 162
head44, 1365, 275, 156
head44, 1366, 278, 162
head44, 1367, 277, 156
head44, 1368, 280, 162
head44, 1369, 287, 156
head44, 1372, 296, 165
head44, 1373, 293, 162
head44, 1374, 302, 155
head44, 1375, 307, 160
head44, 1376, 300, 161
head44, 1377, 305, 166
head44, 1378, 306, 167
head44, 1379, 311, 172
head44, 1380, 312, 173
head44, 1381, 317, 170
head44, 1382, 318, 171
head44, 1383, 323, 176
head44, 1384, 324, 177
head44, 1385, 326, 182
head44, 1389, 327, 183
head44, 1391, 311, 180
head44, 1396, 312, 173
head44, 1397, 317, 178
head45, 1381, 269, 181
head45, 1382, 271, 184
head45, 1383, 276, 183
head45, 1384, 277, 185
head45, 1385, 280, 188
head45, 1386, 288, 188
head45, 1388, 291, 191
head45, 1390, 290, 192
head45, 1392, 293, 197
head45, 1393, 294, 202
head45, 1394, 291, 203
head45, 1395, 300, 200
head45, 1397, 305, 201
head45, 1398, 306, 198
head45, 1399, 311, 199
head45, 1402, 320, 196
head45, 1403, 317, 197
head45, 1404, 318, 202
head45, 1405, 323, 203
head45, 1406, 324, 200
head45, 1407, 326, 201
head45, 1408, 314, 182
head45, 1409, 311, 175
head45, 1410, 320, 180
head45, 1411, 317, 181
head45, 1412, 318, 178
head45, 1413, 315, 179
head45, 1414, 316, 176
head45, 1415, 313, 185
head45, 1416, 314, 222
head45, 1418, 325, 239
head45, 1419, 326, 236
head45, 1420, 317, 221
head45, 1421, 310, 218
head45, 1426, 315, 219
head45, 1429, 316, 216
head45, 1434, 321, 225
head46, 1357, 184, 77
head46, 1358, 179, 71
head46, 1359, 170, 61
head46, 1360, 173, 71
head46, 1361, 172, 69
head46, 1362, 175, 63
head46, 1363, 167, 70
head46, 1364, 176, 66
head46, 1365, 173, 66
head46, 1366, 173, 68
head46, 1367, 175, 69
head46, 1368, 176, 70
head46, 1370, 180, 72
head46, 1371, 180, 70
head46, 1372, 184, 72
head46, 1373, 184, 94
head46, 1374, 182, 79
head46, 1375, 182, 80
head46, 1376, 186, 85
head46, 1377, 186, 86
head46, 1378, 182, 83
head46, 1379, 182, 84
head46, 1380, 186, 89
head46, 1381, 186, 90
head46, 1382, 190, 95
head46, 1383, 190, 96
head46, 1384, 186, 93
head46, 1385, 186, 94
head46, 1386, 190, 91
head46, 1387, 190, 100
head46, 1388, 186, 97
head46, 1389, 186, 98
head46, 1390, 190, 103
head46, 1391, 190, 104
head46, 1392, 186, 101
head46, 1393, 170, 94
head46, 1394, 166, 83
head46, 1395, 172, 84
head46, 1396, 166, 89
head46, 1397, 164, 90
head46, 1398, 157, 98
head46, 1399, 157, 101
head46, 1400, 160, 101
head46, 1401, 151, 105
head46, 1402, 146, 105
head46, 1403, 145, 101
head46, 1404, 148, 109
head46, 1405, 143, 105
head46, 1406, 150, 121
head46, 1407, 143, 111
head46, 1408, 136, 118
head46, 1409, 136, 121
head46, 1410, 137, 127
head46, 1411, 137, 123
head46, 1412, 133, 126
head46, 1413, 126, 126
head46, 1414, 131, 137
head46, 1415, 128, 135
head46, 1416, 124, 142
head46, 1417, 126, 146
head46, 1418, 121, 143
head46, 1419, 118, 144
head46, 1420, 119, 149
head46, 1421, 113, 150
head46, 1422, 111, 150
head46, 1423, 108, 153
head46, 1424, 105, 152
head46, 1425, 104, 155
head46, 1426, 102, 156
head46, 1427, 99, 157
head46, 1428, 96, 159
head46, 1429, 87, 159
head46, 1430, 84, 160
head46, 1431, 80, 159
head46, 1432, 77, 160
head46, 1433, 74, 157
head46, 1434, 67, 158
head46, 1435, 64, 155
head46, 1437, 57, 156
head46, 1438, 58, 160
head46, 1439, 55, 160
head46, 1440, 50, 163
head46, 1441, 49, 164
head46, 1442, 46, 165
head46, 1443, 44, 166
head46, 1444, 40, 168
head46, 1445, 36, 166
head46, 1446, 36, 176
head46, 1447, 36, 174
head46, 1448, 28, 176
head46, 1449, 28, 182
head46, 1450, 28, 184
head47, 1347, 150, 74
head47, 1348, 152, 74
head47, 1349, 145, 75
head47, 1350, 152, 67
head47, 1351, 150, 83
head47, 1352, 152, 103
head47, 1353, 150, 119
head47, 1354, 152, 123
head47, 1355, 150, 123
head47, 1356, 152, 127
head47, 1357, 150, 127
head47, 1358, 152, 107
head47, 1359, 174, 67
head47, 1360, 176, 68
head47, 1361, 174, 73
head47, 1362, 168, 66
head47, 1363, 167, 70
head47, 1364, 176, 66
head47, 1365, 173, 66
head47, 1366, 173, 68
head47, 1367, 175, 69
head47, 1368, 176, 70
head47, 1370, 180, 72
head47, 1371, 180, 70
head47, 1372, 184, 72
head47, 1373, 184, 94
head47, 1374, 182, 79
head47, 1375, 182, 80
head47, 1376, 186, 85
head47, 1377, 186, 86
head47, 1378, 182, 83
head47, 1379, 182, 84
head47, 1380, 186, 89
head47, 1381, 186, 90
head47, 1382, 190, 95
head47, 1383, 190, 96
head47, 1384, 186, 93
head47, 1385, 186, 94
head47, 1386, 190, 91
head47, 1387, 190, 100
head47, 1388, 186, 97
head47, 1389, 186, 98
head47, 1390, 190, 103
head47, 1391, 190, 104
head47, 1392, 186, 101
head47, 1393, 170, 94
head47, 1394, 166, 83
head47, 1395, 172, 84
head47, 1396, 166, 89
head47, 1397, 164, 90
head47, 1398, 157, 98
head47, 1399, 157, 101
head47, 1400, 160, 101
head47, 1401, 151, 105
head47, 1402, 146, 105
head47, 1403, 145, 101
head47, 1404, 148, 109
head47, 1405, 143, 105
head47, 1406, 150, 121
head47, 1407, 143, 111
head47, 1408, 136, 118
head47, 1409, 136, 121
head47, 1410, 137, 127
head47, 1411, 137, 123
head47, 1412, 133, 126
head47, 1413, 126, 126
head47, 1414, 131, 137
head47, 1415, 128, 135
head47, 1416, 124, 142
head47, 1417, 126, 146
head47, 1418, 121, 143
head47, 1419, 118, 144
head47, 1420, 119, 149
head47, 1421, 113, 150
head47, 1422, 111, 150
head47, 1423, 108, 153
head47, 1424, 105, 152
head47, 1425, 104, 155
head47, 1426, 102, 156
head47, 1427, 99, 157
head47, 1428, 96, 159
head47, 1429, 87, 159
head47, 1430, 84, 160
head47, 1431, 80, 159
head47, 1432, 77, 160
head47, 1433, 74, 157
head47, 1434, 67, 158
head47, 1435, 64, 155
head47, 1437, 57, 156
head47, 1438, 58, 160
head47, 1439, 55, 160
head47, 1440, 50, 163
head47, 1441, 49, 164
head47, 1442, 46, 165
head47, 1443, 44, 166
head47, 1444, 40, 168
head47, 1445, 36, 166
head47, 1446, 36, 176
head47, 1447, 36, 174
head47, 1448, 28, 176
head47, 1449, 28, 182
head47, 1450, 28, 184
head48, 1417, 221, 136
head48, 1418, 226, 141
head48, 1419, 227, 142
head48, 1420, 232, 138
head48, 1421, 233, 138
head48, 1422, 238, 142
head48, 1423, 242, 144
head48, 1424, 242, 142
head48, 1425, 246, 144
head48, 1426, 246, 142
head48, 1427, 250, 144
head48, 1428, 250, 142
head48, 1429, 254, 144
head48, 1430, 254, 142
head48, 1431, 258, 144
head48, 1432, 258, 142
head48, 1433, 262, 144
head48, 1434, 267, 146
head48, 1435, 268, 149
head48, 1436, 269, 148
head48, 1437, 271, 150
head48, 1438, 269, 148
head48, 1439, 271, 150
head48, 1440, 277, 156
head48, 1441, 279, 158
head48, 1442, 277, 156
head48, 1443, 287, 158
head48, 1444, 285, 164
head48, 1445, 297, 160
head48, 1446, 297, 168
head48, 1447, 293, 164
head48, 1448, 293, 164
head48, 1449, 297, 168
head48, 1450, 297, 168
head48, 1451, 293, 164
head48, 1452, 301, 172
head48, 1453, 305, 176
head48, 1454, 305, 176
head48, 1455, 309, 172
head48, 1456, 309, 180
head48, 1457, 313, 176
head48, 1458, 321, 176
head48, 1459, 317, 180
head48, 1461, 324, 180
head48, 1462, 326, 184
head48, 1463, 326, 184
head49, 1468, 182, 102
head49, 1469, 189, 103
head49, 1470, 184, 124
head49, 1471, 183, 125
head49, 1472, 194, 106
head49, 1474, 191, 111
head49, 1475, 200, 112
head49, 1476, 205, 117
head49, 1477, 206, 118
head49, 1478, 211, 115
head49, 1479, 212, 116
head49, 1482, 217, 121
head49, 1483, 218, 122
head49, 1484, 223, 127
head49, 1485, 224, 128
head49, 1486, 229, 129
head49, 1487, 222, 126
head49, 1488, 227, 127
head49, 1489, 228, 132
head49, 1491, 241, 141
head49, 1492, 242, 138
head50, 1445, 152, 110
head50, 1449, 147, 111
head50, 1450, 146, 108
head50, 1451, 141, 109
head50, 1452, 140, 114
head50, 1453, 135, 115
head50, 1454, 134, 112
head50, 1455, 136, 120
head50, 1456, 132, 121
head50, 1457, 124, 118
head50, 1458, 119, 122
head50, 1459, 118, 114
head50, 1460, 117, 115
head50, 1461, 112, 124
head50, 1462, 111, 121
head50, 1463, 106, 122
head50, 1464, 105, 119
head50, 1465, 108, 128
head50, 1466, 99, 125
head50, 1467, 102, 126
head50, 1468, 101, 131
head50, 1469, 96, 132
head50, 1470, 95, 129
head50, 1471, 98, 130
head50, 1472, 93, 135
head50, 1473, 92, 136
head50, 1474, 87, 141
head50, 1475, 90, 150
head50, 1476, 90, 146
head50, 1477, 86, 146
head50, 1478, 86, 150
head50, 1479, 82, 158
head50, 1480, 82, 162
head50, 1481, 78, 162
head50, 1482, 82, 164
head50, 1483, 81, 169
head50, 1484, 75, 175
head50, 1485, 79, 172
head50, 1486, 76, 175
head50, 1487, 75, 176
head50, 1488, 72, 177
head50, 1489, 71, 177
head50, 1490, 67, 181
head50, 1491, 58, 179
head50, 1492, 63, 180
head50, 1493, 58, 183
head50, 1494, 57, 174
head50, 1495, 52, 177
head50, 1496, 50, 178
head50, 1497, 47, 179
head50, 1498, 51, 180
head50, 1499, 43, 177
head50, 1501, 36, 170
head50, 1502, 36, 167
head50, 1503, 36, 168
head50, 1504, 28, 173
head50, 1505, 28, 166
head50, 1506, 28, 171
head51, 1487, 163, 71
head51, 1488, 165, 69
head51, 1489, 166, 74
head51, 1490, 168, 73
head51, 1491, 169, 74
head51, 1492, 161, 75
head51, 1493, 165, 80
head51, 1494, 165, 81
head51, 1495, 161, 86
head51, 1496, 160, 87
head51, 1497, 158, 90
head51, 1498, 160, 89
head51, 1499, 159, 93
head51, 1500, 157, 99
head51, 1501, 153, 99
head51, 1502, 155, 102
head51, 1503, 152, 104
head51, 1504, 151, 112
head51, 1505, 150, 111
head51, 1506, 149, 110
head51, 1507, 147, 113
head51, 1508, 141, 123
head51, 1509, 147, 122
head51, 1510, 144, 127
head51, 1511, 143, 124
head51, 1512, 142, 123
head51, 1513, 137, 126
head51, 1514, 136, 133
head51, 1515, 139, 136
head51, 1516, 138, 135
head51, 1517, 139, 141
head51, 1518, 136, 143
head51, 1519, 129, 149
head51, 1520, 134, 151
head51, 1521, 127, 157
head51, 1522, 124, 159
head51, 1523, 122, 165
head51, 1524, 123, 167
head51, 1525, 121, 169
head51, 1526, 121, 169
head51, 1527, 114, 175
head51, 1528, 117, 175
head51, 1529, 106, 176
head51, 1530, 103, 176
head51, 1531, 97, 177
head51, 1532, 97, 176
head51, 1533, 95, 180
head51, 1534, 87, 176
head51, 1535, 89, 181
head51, 1536, 86, 177
head51, 1537, 81, 179
head51, 1538, 79, 177
head51, 1539, 78, 178
head51, 1540, 70, 181
head51, 1541, 74, 180
head51, 1542, 71, 183
head51, 1543, 69, 182
head51, 1544, 67, 186
head51, 1545, 64, 187
head51, 1546, 53, 189
head51, 1547, 56, 192
head51, 1548, 71, 183
head51, 1550, 66, 186
head51, 1551, 65, 193
head51, 1552, 44, 204
head51, 1553, 36, 203
head51, 1554, 36, 206
head51, 1555, 39, 207
head51, 1557, 52, 196
head51, 1558, 53, 197
head51, 1559, 50, 202
head51, 1560, 52, 203
head51, 1561, 50, 200
head51, 1562, 44, 201
head51, 1563, 44, 198
head51, 1564, 44, 199
head51, 1565, 44, 196
head51, 1566, 36, 197
head51, 1567, 36, 194
head51, 1568, 36, 195
head51, 1569, 36, 192
head51, 1570, 28, 193
head51, 1571, 28, 190
head51, 1572, 28, 191
head51, 1573, 28, 188
head51, 1574, 28, 189
