head0, 117, 189, 208
head0, 118, 188, 206
head0, 119, 183, 208
head0, 120, 190, 206
head0, 121, 191, 205
head0, 122, 188, 200
head0, 123, 189, 201
head0, 124, 186, 198
head0, 125, 187, 191
head0, 126, 184, 188
head0, 127, 185, 189
head0, 128, 182, 186
head0, 129, 183, 187
head0, 130, 180, 184
head0, 131, 181, 185
head0, 132, 178, 182
head0, 133, 179, 199
head0, 134, 176, 196
head0, 135, 177, 197
head0, 136, 174, 194
head0, 137, 175, 195
head0, 138, 172, 192
head0, 139, 173, 185
head0, 140, 170, 158
head1, 68, 213, 209
head1, 69, 212, 207
head1, 70, 214, 201
head1, 71, 212, 199
head1, 72, 211, 202
head1, 73, 209, 197
head1, 74, 210, 196
head1, 75, 211, 190
head1, 76, 208, 188
head1, 77, 201, 190
head1, 78, 198, 188
head1, 79, 199, 183
head1, 80, 202, 187
head1, 81, 197, 184
head1, 82, 196, 193
head1, 83, 191, 182
head1, 84, 191, 175
head1, 85, 187, 180
head1, 86, 188, 178
head1, 87, 185, 174
head1, 88, 178, 174
head1, 89, 182, 170
head1, 90, 179, 170
head1, 91, 179, 167
head1, 92, 178, 168
head1, 93, 179, 164
head1, 94, 168, 164
head1, 95, 171, 164
head1, 96, 167, 160
head1, 97, 165, 163
head1, 98, 161, 159
head1, 99, 164, 157
head1, 100, 160, 157
head1, 101, 157, 154
head1, 102, 157, 152
head1, 103, 156, 153
head1, 104, 156, 150
head1, 105, 152, 151
head1, 106, 152, 148
head1, 107, 156, 149
head1, 108, 156, 146
head1, 109, 158, 147
head1, 110, 154, 145
head1, 111, 156, 142
head1, 112, 157, 138
head1, 113, 160, 142
head1, 114, 159, 134
head1, 115, 163, 138
head1, 116, 163, 130
head1, 117, 159, 134
head1, 118, 168, 131
head1, 119, 166, 131
head1, 120, 166, 128
head1, 121, 169, 121
head1, 122, 168, 125
head1, 123, 172, 120
head1, 124, 170, 116
head1, 125, 172, 116
head1, 126, 173, 108
head1, 127, 176, 111
head1, 128, 173, 105
head1, 129, 175, 108
head1, 130, 174, 102
head1, 131, 178, 105
head1, 132, 178, 99
head1, 133, 178, 94
head1, 134, 174, 93
head1, 135, 174, 88
head1, 136, 170, 87
head1, 137, 170, 82
head1, 138, 174, 81
head1, 139, 174, 81
head1, 142, 172, 70
head1, 143, 190, 71
head1, 144, 188, 68
head2, 137, 172, 143
head2, 138, 176, 140
head2, 139, 168, 133
head2, 140, 172, 130
head2, 141, 172, 123
head2, 142, 173, 125
head2, 143, 171, 121
head2, 144, 166, 119
head2, 145, 172, 117
head2, 146, 166, 111
head2, 147, 168, 110
head2, 148, 166, 105
head2, 149, 160, 104
head2, 150, 166, 99
head2, 151, 160, 98
head2, 152, 165, 97
head2, 153, 166, 84
head2, 154, 163, 91
head2, 155, 164, 86
head2, 158, 172, 83
head2, 159, 173, 80
head2, 160, 170, 73
head2, 161, 147, 86
head2, 162, 144, 103
head2, 163, 147, 104
head2, 165, 146, 85
head2, 166, 149, 78
head2, 167, 148, 83
head2, 168, 159, 92
head2, 169, 158, 89
head2, 170, 153, 66
head2, 171, 144, 68
head2, 172, 155, 74
head2, 173, 154, 76
head2, 174, 157, 74
head2, 175, 156, 68
head2, 176, 159, 66
head2, 177, 174, 68
head3, 192, 264, 197
head3, 193, 265, 196
head3, 194, 264, 195
head3, 195, 258, 188
head3, 196, 257, 197
head3, 197, 260, 194
head3, 198, 256, 189
head3, 199, 256, 188
head3, 200, 258, 195
head3, 201, 253, 197
head3, 202, 252, 195
head3, 203, 250, 197
head3, 204, 250, 189
head3, 205, 247, 187
head3, 206, 248, 189
head3, 207, 248, 189
head3, 208, 245, 190
head3, 210, 230, 203
head3, 211, 235, 204
head3, 212, 228, 209
head3, 213, 225, 210
head3, 214, 226, 199
head3, 215, 223, 200
head3, 216, 216, 213
head3, 217, 221, 206
head3, 218, 230, 179
head3, 219, 227, 132
head4, 165, 298, 126
head4, 167, 297, 125
head4, 168, 292, 128
head4, 169, 283, 135
head4, 170, 286, 130
head4, 171, 284, 125
head4, 172, 284, 125
head4, 173, 282, 125
head4, 174, 279, 125
head4, 175, 278, 125
head4, 176, 276, 133
head4, 177, 270, 137
head4, 178, 272, 125
head4, 179, 272, 127
head4, 180, 268, 125
head4, 181, 267, 132
head4, 182, 268, 134
head4, 183, 265, 124
head4, 184, 263, 134
head4, 185, 265, 124
head4, 186, 262, 133
head4, 187, 263, 122
head4, 188, 260, 123
head4, 189, 261, 120
head4, 190, 258, 121
head4, 191, 256, 123
head4, 192, 258, 121
head4, 193, 256, 123
head4, 194, 254, 122
head4, 195, 256, 117
head4, 196, 254, 116
head4, 197, 248, 127
head4, 198, 254, 118
head4, 199, 248, 113
head4, 200, 246, 128
head4, 201, 248, 123
head4, 202, 246, 114
head4, 203, 248, 117
head4, 204, 246, 116
head4, 205, 248, 119
head4, 206, 246, 118
head4, 207, 243, 117
head4, 208, 244, 120
head4, 209, 241, 127
head4, 210, 243, 116
head4, 211, 241, 124
head4, 212, 235, 120
head4, 213, 238, 126
head4, 214, 239, 127
head4, 215, 236, 124
head4, 216, 237, 125
head4, 217, 231, 123
head4, 218, 229, 117
head4, 219, 233, 124
head4, 220, 233, 127
head4, 221, 229, 150
head4, 222, 229, 153
head4, 223, 225, 152
head4, 224, 225, 155
head4, 225, 221, 162
head4, 226, 221, 181
head4, 227, 209, 204
head4, 228, 212, 207
head4, 229, 211, 206
head4, 230, 206, 209
head4, 231, 197, 200
head4, 232, 200, 211
head4, 233, 199, 210
head4, 234, 202, 205
head4, 235, 209, 180
head4, 236, 220, 143
head4, 240, 219, 110
head4, 241, 198, 81
head5, 196, 208, 146
head5, 197, 209, 146
head5, 198, 212, 147
head5, 199, 206, 146
head5, 200, 202, 143
head5, 201, 201, 142
head5, 202, 198, 142
head5, 203, 201, 138
head5, 204, 196, 143
head5, 205, 197, 142
head5, 206, 194, 137
head5, 207, 193, 141
head5, 208, 188, 133
head5, 209, 187, 137
head5, 210, 182, 129
head5, 211, 189, 101
head5, 212, 184, 93
head5, 213, 183, 97
head5, 214, 178, 97
head5, 215, 153, 101
head5, 216, 148, 93
head5, 217, 150, 91
head5, 218, 148, 90
head5, 219, 148, 91
head5, 220, 149, 87
head5, 221, 145, 86
head5, 222, 146, 85
head5, 223, 145, 83
head5, 224, 149, 75
head5, 225, 143, 70
head5, 226, 149, 69
head5, 227, 143, 64
head5, 228, 146, 66
head5, 229, 143, 70
head5, 230, 145, 64
head5, 231, 144, 66
head5, 232, 139, 64
head5, 233, 151, 64
head5, 234, 149, 64
head5, 235, 143, 60
head5, 236, 149, 60
head5, 237, 151, 72
head5, 238, 149, 72
head5, 239, 151, 68
head5, 240, 173, 84
head5, 241, 177, 90
head5, 242, 177, 85
head5, 243, 178, 83
head5, 244, 179, 82
head5, 245, 178, 81
head5, 246, 175, 77
head5, 247, 173, 73
head5, 248, 178, 75
head5, 249, 173, 71
head5, 250, 173, 69
head5, 251, 169, 63
head5, 252, 169, 69
head5, 253, 165, 63
head5, 254, 165, 61
head5, 256, 145, 79
head5, 257, 145, 77
head5, 259, 141, 71
head5, 260, 141, 69
head5, 261, 145, 71
head5, 262, 169, 77
head6, 153, 122, 220
head6, 154, 123, 219
head6, 155, 124, 215
head6, 156, 118, 209
head6, 157, 122, 204
head6, 158, 122, 203
head6, 159, 126, 198
head6, 160, 121, 205
head6, 161, 123, 198
head6, 162, 121, 195
head6, 163, 124, 193
head6, 164, 125, 191
head6, 165, 130, 193
head6, 166, 131, 191
head6, 167, 128, 185
head6, 168, 133, 188
head6, 169, 134, 186
head6, 170, 133, 185
head6, 171, 136, 183
head6, 172, 131, 176
head6, 173, 140, 175
head6, 174, 134, 176
head6, 175, 140, 171
head6, 176, 140, 173
head6, 177, 141, 167
head6, 178, 141, 170
head6, 179, 144, 165
head6, 180, 141, 165
head6, 181, 142, 159
head6, 182, 139, 158
head6, 183, 143, 157
head6, 184, 139, 155
head6, 185, 145, 152
head6, 186, 139, 146
head6, 187, 137, 147
head6, 188, 138, 143
head6, 189, 141, 142
head6, 190, 138, 142
head6, 191, 139, 138
head6, 192, 140, 135
head6, 193, 141, 130
head6, 194, 144, 128
head6, 195, 141, 126
head6, 196, 142, 120
head6, 197, 139, 126
head6, 198, 140, 120
head6, 199, 144, 122
head6, 200, 146, 121
head6, 201, 145, 120
head6, 202, 146, 116
head6, 203, 145, 114
head6, 204, 147, 112
head6, 205, 148, 116
head6, 206, 150, 109
head6, 207, 153, 109
head6, 208, 149, 107
head6, 209, 149, 111
head6, 210, 150, 110
head6, 211, 145, 104
head6, 212, 152, 102
head6, 213, 147, 104
head6, 214, 146, 102
head6, 215, 155, 99
head6, 216, 152, 92
head6, 217, 150, 91
head6, 218, 148, 90
head6, 219, 148, 91
head6, 220, 149, 87
head6, 221, 145, 86
head6, 222, 146, 85
head6, 223, 145, 83
head6, 224, 149, 75
head6, 225, 143, 70
head6, 226, 149, 69
head6, 227, 143, 64
head6, 228, 146, 66
head6, 229, 143, 70
head6, 230, 145, 64
head6, 231, 144, 66
head6, 232, 139, 64
head6, 233, 151, 64
head6, 234, 149, 64
head6, 235, 143, 60
head6, 236, 149, 60
head6, 237, 151, 72
head6, 238, 149, 72
head6, 239, 151, 68
head6, 240, 173, 84
head6, 241, 177, 90
head6, 242, 177, 85
head6, 243, 178, 83
head6, 244, 179, 82
head6, 245, 178, 81
head6, 246, 175, 77
head6, 247, 173, 73
head6, 248, 178, 75
head6, 249, 173, 71
head6, 250, 173, 69
head6, 251, 169, 63
head6, 252, 169, 69
head6, 253, 165, 63
head6, 254, 165, 61
head6, 256, 145, 79
head6, 257, 145, 77
head6, 259, 141, 71
head6, 260, 141, 69
head6, 261, 145, 71
head6, 262, 169, 77
head7, 128, 280, 178
head7, 129, 279, 171
head7, 130, 274, 168
head7, 131, 273, 169
head7, 132, 276, 166
head7, 135, 267, 159
head7, 136, 270, 156
head7, 137, 269, 157
head7, 138, 274, 158
head7, 139, 267, 155
head7, 140, 264, 148
head7, 141, 265, 153
head7, 142, 262, 146
head7, 143, 263, 151
head7, 144, 262, 150
head7, 145, 257, 145
head7, 146, 256, 144
head7, 147, 251, 147
head7, 148, 255, 145
head7, 151, 249, 149
head7, 152, 247, 141
head7, 153, 241, 145
head7, 154, 231, 169
head7, 155, 233, 173
head7, 156, 231, 173
head7, 157, 225, 169
head7, 158, 223, 169
head7, 159, 225, 165
head7, 162, 223, 141
head7, 163, 221, 136
head7, 164, 220, 134
head7, 165, 212, 131
head7, 166, 217, 132
head7, 167, 210, 129
head7, 168, 214, 131
head7, 169, 212, 129
head7, 170, 206, 123
head7, 171, 212, 121
head7, 172, 211, 124
head7, 173, 208, 123
head7, 174, 209, 118
head7, 175, 206, 117
head7, 176, 208, 118
head7, 177, 206, 115
head7, 178, 201, 114
head7, 179, 208, 111
head7, 180, 201, 107
head7, 181, 205, 102
head7, 182, 204, 106
head7, 183, 200, 104
head7, 184, 200, 103
head7, 185, 204, 108
head7, 186, 196, 101
head7, 187, 202, 101
head7, 188, 192, 95
head7, 189, 196, 94
head7, 190, 197, 91
head7, 191, 198, 91
head7, 192, 199, 93
head7, 193, 196, 91
head7, 194, 193, 94
head7, 195, 193, 98
head7, 196, 189, 82
head7, 197, 189, 86
head7, 198, 188, 82
head7, 199, 183, 74
head7, 200, 182, 78
head7, 201, 184, 79
head7, 202, 182, 76
head7, 203, 184, 69
head7, 204, 182, 74
head7, 205, 184, 67
head7, 206, 182, 72
head7, 207, 184, 73
head7, 208, 182, 70
head7, 209, 184, 71
head7, 210, 182, 68
head7, 211, 184, 69
head7, 212, 182, 66
head7, 213, 184, 67
head7, 214, 182, 88
head7, 215, 184, 89
head7, 216, 182, 94
head7, 217, 184, 87
head7, 218, 182, 84
head7, 219, 184, 85
head7, 220, 182, 82
head7, 221, 184, 83
head7, 222, 190, 80
head7, 223, 184, 81
head7, 224, 190, 78
head7, 225, 184, 79
head7, 226, 182, 76
head7, 227, 184, 77
head7, 228, 190, 74
head7, 229, 192, 83
head7, 234, 182, 96
head7, 235, 186, 101
head7, 236, 182, 99
head7, 237, 181, 91
head7, 238, 181, 95
head7, 239, 185, 96
head7, 240, 180, 85
head7, 241, 177, 90
head7, 242, 177, 85
head7, 243, 178, 83
head7, 244, 179, 82
head7, 245, 178, 81
head7, 246, 175, 77
head7, 247, 173, 73
head7, 248, 178, 75
head7, 249, 173, 71
head7, 250, 173, 69
head7, 251, 169, 63
head7, 252, 169, 69
head7, 253, 165, 63
head7, 254, 165, 61
head7, 256, 145, 79
head7, 257, 145, 77
head7, 259, 141, 71
head7, 260, 141, 69
head7, 261, 145, 71
head7, 262, 169, 77
head8, 181, 104, 198
head8, 183, 111, 197
head8, 184, 107, 195
head8, 185, 113, 200
head8, 186, 116, 202
head8, 187, 113, 203
head8, 188, 121, 197
head8, 189, 119, 200
head8, 190, 121, 199
head8, 191, 127, 194
head8, 192, 124, 199
head8, 193, 131, 193
head8, 194, 126, 199
head8, 195, 133, 193
head8, 196, 136, 199
head8, 197, 135, 193
head8, 198, 138, 199
head8, 199, 137, 193
head8, 200, 140, 199
head8, 201, 139, 193
head8, 202, 142, 199
head8, 203, 145, 200
head8, 204, 144, 197
head8, 205, 144, 197
head8, 206, 143, 196
head8, 207, 144, 194
head8, 208, 147, 194
head8, 209, 153, 189
head8, 210, 152, 191
head8, 211, 147, 189
head8, 212, 146, 188
head8, 213, 145, 185
head8, 214, 148, 182
head8, 215, 143, 181
head8, 216, 142, 179
head8, 217, 145, 173
head8, 218, 144, 171
head8, 219, 147, 173
head8, 220, 146, 171
head8, 221, 141, 173
head8, 222, 140, 171
head8, 223, 143, 165
head8, 224, 142, 163
head8, 225, 145, 165
head8, 226, 144, 163
head8, 227, 147, 165
head8, 228, 148, 167
head8, 229, 145, 167
head8, 230, 146, 163
head8, 231, 149, 167
head8, 232, 150, 166
head8, 233, 145, 160
head8, 234, 145, 160
head8, 235, 152, 164
head8, 236, 153, 165
head8, 237, 155, 164
head8, 238, 153, 159
head8, 239, 155, 158
head8, 240, 153, 161
head8, 241, 155, 160
head8, 242, 153, 163
head8, 243, 155, 162
head8, 244, 161, 157
head8, 245, 155, 164
head8, 246, 161, 159
head8, 247, 163, 158
head8, 248, 161, 161
head8, 249, 163, 160
head8, 250, 161, 163
head8, 251, 163, 162
head8, 252, 161, 157
head8, 253, 158, 162
head8, 254, 160, 156
head8, 255, 153, 159
head8, 256, 160, 158
head8, 257, 157, 160
head8, 258, 152, 159
head8, 259, 151, 154
head8, 260, 154, 153
head8, 261, 153, 156
head8, 262, 148, 155
head8, 264, 147, 150
head9, 251, 209, 162
head9, 252, 208, 146
head9, 253, 203, 142
head9, 254, 210, 118
head9, 255, 213, 114
head9, 256, 212, 114
head9, 257, 207, 110
head9, 258, 206, 110
head9, 259, 209, 114
head9, 260, 208, 114
head9, 261, 203, 110
head9, 262, 210, 110
head9, 263, 205, 106
head9, 264, 204, 106
head9, 265, 203, 103
head9, 266, 206, 104
head9, 267, 205, 101
head9, 268, 200, 94
head9, 269, 199, 99
head9, 270, 202, 100
head9, 271, 201, 105
head9, 272, 196, 98
head9, 273, 195, 103
head9, 274, 190, 96
head9, 275, 189, 93
head9, 276, 192, 94
head9, 277, 191, 91
head9, 278, 194, 92
head9, 279, 193, 89
head9, 280, 188, 90
head9, 281, 187, 95
head9, 282, 190, 96
head9, 283, 189, 93
head9, 284, 192, 94
head9, 285, 191, 83
head9, 286, 194, 84
head9, 287, 193, 81
head9, 288, 188, 90
head9, 289, 195, 79
head9, 290, 190, 80
head9, 291, 189, 85
head9, 292, 192, 78
head9, 293, 191, 75
head9, 294, 194, 76
head9, 295, 201, 97
head9, 296, 196, 98
head9, 297, 203, 95
head9, 298, 190, 72
head9, 299, 189, 69
head9, 300, 192, 62
head9, 301, 191, 67
head9, 302, 194, 92
head9, 303, 201, 113
head9, 304, 188, 138
head9, 306, 187, 143
head9, 307, 190, 144
head9, 308, 189, 141
head9, 309, 184, 142
head10, 266, 200, 184
head10, 267, 207, 185
head10, 268, 194, 182
head10, 269, 201, 175
head10, 270, 196, 180
head10, 271, 195, 173
head10, 272, 198, 178
head10, 273, 197, 171
head10, 274, 192, 168
head10, 275, 191, 169
head10, 276, 194, 166
head10, 277, 192, 171
head10, 278, 193, 171
head10, 279, 190, 167
head10, 280, 191, 167
head10, 281, 188, 163
head10, 282, 189, 163
head10, 283, 186, 159
head10, 285, 191, 159
head10, 286, 184, 163
head10, 291, 189, 155
head10, 292, 174, 127
head10, 293, 147, 119
head10, 298, 156, 114
head10, 299, 153, 113
head10, 300, 158, 114
head10, 301, 151, 111
head10, 302, 156, 104
head10, 303, 157, 109
head10, 304, 154, 102
head10, 305, 160, 106
head10, 306, 154, 106
head10, 307, 152, 110
head10, 308, 154, 102
head10, 309, 152, 106
head10, 310, 154, 90
head10, 311, 159, 101
head10, 312, 160, 92
head10, 313, 157, 87
head10, 314, 158, 86
head10, 315, 155, 81
head10, 316, 156, 80
head10, 317, 153, 75
head10, 318, 154, 74
head10, 319, 159, 77
head10, 320, 160, 76
head10, 321, 157, 79
head10, 322, 158, 78
head11, 331, 164, 65
head11, 332, 168, 80
head11, 333, 152, 83
head11, 334, 156, 82
head11, 335, 164, 69
head11, 336, 152, 76
head11, 337, 152, 79
head11, 338, 156, 78
head11, 339, 156, 73
head11, 340, 144, 88
head11, 344, 144, 107
head11, 345, 164, 122
head11, 346, 164, 117
head11, 347, 167, 121
head11, 348, 164, 120
head11, 349, 159, 119
head11, 350, 161, 113
head11, 351, 162, 119
head11, 352, 155, 116
head11, 353, 158, 116
head11, 354, 158, 109
head11, 355, 154, 106
head11, 356, 154, 107
head11, 357, 154, 106
head11, 358, 150, 109
head11, 359, 150, 108
head11, 360, 154, 103
head11, 361, 154, 110
head11, 362, 158, 105
head11, 363, 158, 104
head11, 364, 154, 107
head11, 365, 157, 105
head11, 366, 159, 109
head11, 367, 157, 101
head11, 368, 161, 102
head11, 369, 159, 101
head11, 370, 165, 100
head11, 371, 164, 93
head11, 372, 161, 93
head11, 373, 167, 94
head11, 374, 167, 91
head11, 375, 169, 91
head11, 376, 167, 87
head11, 377, 169, 87
head11, 378, 167, 83
head11, 379, 169, 83
head11, 380, 176, 79
head11, 381, 171, 79
head11, 382, 181, 77
head11, 383, 179, 71
head11, 384, 181, 69
head11, 385, 184, 74
head11, 386, 175, 99
head11, 389, 185, 108
head11, 390, 215, 113
head12, 302, 156, 153
head12, 303, 154, 153
head12, 304, 157, 149
head12, 305, 160, 154
head12, 306, 156, 154
head12, 307, 161, 151
head12, 308, 163, 147
head12, 309, 163, 149
head12, 310, 163, 154
head12, 311, 170, 148
head12, 312, 164, 148
head12, 313, 165, 147
head12, 314, 162, 142
head12, 315, 163, 141
head12, 316, 168, 144
head12, 317, 169, 143
head12, 318, 166, 146
head12, 319, 167, 145
head12, 320, 170, 138
head12, 321, 169, 143
head12, 322, 166, 141
head12, 323, 167, 135
head12, 324, 164, 133
head12, 325, 165, 135
head12, 326, 162, 133
head12, 327, 163, 135
head12, 328, 168, 133
head12, 329, 161, 127
head12, 330, 166, 133
head12, 331, 167, 135
head12, 332, 164, 133
head12, 333, 165, 135
head12, 334, 170, 133
head12, 335, 163, 127
head12, 336, 168, 133
head12, 337, 172, 133
head12, 338, 170, 132
head12, 339, 169, 131
head12, 340, 164, 126
head12, 341, 163, 125
head12, 342, 166, 128
head12, 343, 168, 125
head12, 344, 165, 121
head12, 345, 161, 124
head12, 346, 161, 123
head12, 347, 167, 121
head12, 348, 164, 120
head12, 349, 159, 119
head12, 350, 161, 113
head12, 351, 162, 119
head12, 352, 155, 116
head12, 353, 158, 116
head12, 354, 158, 109
head12, 355, 154, 106
head12, 356, 154, 107
head12, 357, 154, 106
head12, 358, 150, 109
head12, 359, 150, 108
head12, 360, 154, 103
head12, 361, 154, 110
head12, 362, 158, 105
head12, 363, 158, 104
head12, 364, 154, 107
head12, 365, 157, 105
head12, 366, 159, 109
head12, 367, 157, 101
head12, 368, 161, 102
head12, 369, 159, 101
head12, 370, 165, 100
head12, 371, 164, 93
head12, 372, 161, 93
head12, 373, 167, 94
head12, 374, 167, 91
head12, 375, 169, 91
head12, 376, 167, 87
head12, 377, 169, 87
head12, 378, 167, 83
head12, 379, 169, 83
head12, 380, 176, 79
head12, 381, 171, 79
head12, 382, 181, 77
head12, 383, 179, 71
head12, 384, 181, 69
head12, 385, 184, 74
head12, 386, 175, 99
head12, 389, 185, 108
head12, 390, 215, 113
head13, 357, 231, 120
head13, 360, 228, 120
head13, 361, 226, 125
head13, 362, 225, 125
head13, 363, 217, 125
head13, 364, 217, 123
head13, 365, 222, 128
head13, 366, 219, 128
head13, 367, 212, 128
head13, 368, 218, 130
head13, 369, 209, 131
head13, 370, 212, 128
head13, 371, 211, 129
head13, 372, 206, 126
head13, 373, 205, 127
head13, 374, 208, 124
head13, 375, 207, 125
head13, 376, 202, 122
head13, 377, 201, 123
head13, 378, 204, 128
head13, 379, 203, 121
head13, 380, 206, 126
head13, 381, 205, 119
head13, 382, 208, 124
head13, 383, 207, 117
head13, 384, 210, 122
head13, 385, 209, 115
head13, 386, 212, 120
head13, 387, 211, 121
head13, 388, 214, 118
head13, 389, 213, 119
head13, 390, 216, 116
head13, 391, 215, 117
head13, 392, 210, 106
head13, 393, 217, 115
head13, 394, 212, 112
head13, 395, 211, 105
head13, 396, 214, 110
head13, 397, 213, 111
head13, 398, 216, 108
head13, 399, 215, 109
head13, 400, 218, 106
head13, 401, 217, 107
head13, 402, 212, 112
head13, 404, 211, 111
head13, 405, 214, 106
head13, 406, 213, 105
head13, 407, 216, 108
head13, 408, 207, 107
head13, 409, 210, 110
head13, 410, 209, 109
head13, 411, 204, 112
head13, 412, 203, 111
head13, 413, 198, 106
head13, 414, 197, 113
head13, 415, 200, 124
head13, 416, 223, 155
head13, 417, 220, 156
head13, 418, 197, 137
head14, 287, 92, 141
head14, 289, 90, 134
head14, 290, 92, 135
head14, 291, 90, 135
head14, 292, 94, 135
head14, 293, 93, 136
head14, 294, 94, 133
head14, 295, 92, 128
head14, 296, 94, 127
head14, 297, 92, 127
head14, 298, 94, 131
head14, 299, 92, 131
head14, 300, 94, 127
head14, 301, 92, 127
head14, 302, 94, 131
head14, 303, 92, 123
head14, 304, 94, 127
head14, 305, 92, 127
head14, 306, 94, 123
head14, 307, 92, 131
head14, 308, 94, 127
head14, 309, 92, 127
head14, 310, 94, 131
head14, 311, 100, 123
head14, 312, 94, 127
head14, 313, 100, 119
head14, 314, 94, 131
head14, 315, 100, 123
head14, 316, 102, 119
head14, 317, 100, 119
head14, 318, 102, 123
head14, 319, 100, 123
head14, 320, 102, 127
head14, 321, 100, 119
head14, 322, 102, 123
head14, 323, 100, 123
head14, 324, 102, 119
head14, 325, 100, 119
head14, 326, 102, 123
head14, 327, 100, 123
head14, 328, 102, 119
head14, 329, 100, 119
head14, 330, 102, 123
head14, 331, 100, 123
head14, 332, 102, 119
head14, 333, 100, 119
head14, 334, 102, 123
head14, 335, 100, 123
head14, 336, 102, 119
head14, 337, 100, 119
head14, 338, 102, 123
head14, 339, 100, 123
head14, 340, 102, 119
head14, 341, 108, 103
head14, 342, 110, 99
head14, 343, 108, 99
head14, 344, 102, 119
head14, 345, 108, 119
head14, 346, 102, 123
head14, 347, 108, 115
head14, 348, 102, 127
head14, 349, 108, 119
head14, 350, 102, 123
head14, 351, 108, 115
head14, 352, 102, 119
head14, 353, 108, 119
head14, 354, 110, 115
head14, 355, 108, 115
head14, 356, 102, 135
head14, 358, 108, 159
head14, 360, 110, 163
head14, 361, 108, 155
head14, 362, 110, 159
head14, 363, 108, 151
head14, 368, 110, 155
head14, 369, 108, 139
head14, 370, 110, 111
head14, 371, 108, 103
head14, 372, 110, 115
head14, 373, 108, 139
head14, 374, 110, 143
head14, 375, 108, 127
head14, 376, 112, 122
head14, 377, 111, 123
head14, 378, 111, 127
head14, 379, 118, 124
head14, 380, 111, 125
head14, 381, 113, 128
head14, 382, 119, 124
head14, 383, 117, 125
head14, 384, 123, 126
head14, 385, 121, 124
head14, 386, 120, 128
head14, 387, 125, 129
head14, 388, 123, 128
head14, 389, 117, 139
head14, 390, 123, 130
head14, 391, 128, 132
head14, 392, 121, 138
head14, 393, 134, 124
head14, 394, 135, 122
head14, 395, 138, 126
head14, 397, 129, 134
head14, 398, 131, 138
head14, 399, 129, 130
head14, 400, 147, 118
head14, 401, 145, 110
head14, 402, 147, 114
head14, 403, 145, 106
head14, 404, 153, 108
head14, 405, 151, 103
head14, 406, 152, 101
head14, 407, 153, 98
head14, 408, 148, 102
head14, 409, 151, 96
head14, 410, 149, 90
head14, 411, 153, 89
head14, 412, 145, 100
head14, 413, 148, 109
head14, 414, 147, 106
head14, 415, 145, 106
head14, 416, 147, 102
head14, 417, 147, 106
head14, 418, 149, 102
head14, 419, 150, 104
head14, 420, 148, 98
head14, 421, 151, 102
head14, 422, 150, 94
head14, 425, 153, 66
head14, 426, 160, 68
head14, 427, 147, 82
head14, 428, 153, 87
head14, 429, 149, 85
head14, 430, 153, 83
head14, 431, 149, 82
head14, 432, 149, 77
head14, 433, 153, 76
head14, 434, 153, 71
head14, 435, 157, 70
head14, 436, 157, 65
head14, 437, 153, 64
head14, 438, 153, 67
head14, 439, 157, 66
head14, 440, 149, 61
head14, 441, 153, 60
head14, 442, 153, 63
head15, 390, 118, 219
head15, 391, 118, 215
head15, 392, 117, 213
head15, 393, 120, 215
head15, 394, 117, 218
head15, 395, 122, 218
head15, 396, 118, 209
head15, 397, 125, 210
head15, 398, 126, 208
head15, 399, 127, 207
head15, 400, 124, 210
head15, 401, 125, 209
head15, 402, 130, 204
head15, 403, 131, 203
head15, 404, 136, 206
head15, 405, 137, 205
head15, 406, 134, 208
head15, 407, 135, 207
head15, 408, 140, 205
head15, 411, 141, 207
head15, 412, 138, 197
head15, 413, 139, 199
head15, 414, 136, 197
head15, 415, 137, 199
head15, 416, 142, 197
head15, 417, 143, 199
head15, 418, 140, 197
head15, 419, 141, 199
head15, 420, 138, 221
head15, 421, 155, 231
head15, 422, 176, 221
head15, 423, 201, 207
head15, 424, 230, 189
head15, 425, 234, 191
head15, 426, 226, 189
head15, 427, 206, 199
head15, 428, 206, 205
head15, 429, 226, 191
head15, 430, 226, 181
head15, 431, 222, 175
head15, 435, 232, 174
head15, 436, 222, 169
head15, 437, 224, 168
head15, 438, 222, 171
head15, 439, 224, 170
head15, 440, 222, 165
head15, 441, 224, 172
head15, 442, 222, 167
head15, 443, 216, 166
head15, 444, 214, 169
head15, 445, 216, 160
head15, 446, 214, 171
head16, 422, 92, 155
head16, 423, 98, 154
head16, 424, 96, 153
head16, 425, 98, 148
head16, 426, 96, 147
head16, 427, 102, 149
head16, 428, 105, 147
head16, 429, 106, 147
head16, 430, 108, 145
head16, 431, 106, 147
head16, 432, 100, 145
head16, 433, 106, 139
head16, 434, 108, 137
head16, 435, 108, 140
head16, 436, 107, 143
head16, 437, 108, 141
head16, 438, 108, 140
head16, 439, 106, 140
head16, 440, 109, 135
head16, 441, 112, 130
head16, 442, 113, 129
head16, 443, 113, 133
head16, 444, 109, 133
head16, 445, 117, 125
head16, 446, 116, 126
head16, 447, 116, 125
head16, 448, 117, 125
head16, 449, 119, 128
head16, 450, 117, 127
head16, 451, 121, 127
head16, 452, 121, 127
head16, 453, 123, 126
head16, 454, 121, 121
head16, 455, 128, 117
head16, 456, 129, 122
head16, 457, 131, 115
head16, 458, 132, 121
head16, 459, 137, 115
head16, 461, 130, 121
head16, 462, 135, 115
head16, 463, 136, 113
head16, 464, 133, 115
head16, 465, 134, 137
head17, 432, 266, 118
head17, 435, 263, 120
head17, 436, 264, 126
head17, 437, 261, 120
head17, 438, 262, 126
head17, 439, 264, 127
head17, 440, 254, 124
head17, 441, 256, 125
head17, 442, 254, 130
head17, 443, 256, 131
head17, 444, 254, 128
head17, 445, 256, 129
head17, 446, 254, 134
head17, 447, 256, 135
head17, 448, 254, 132
head17, 449, 256, 133
head17, 450, 254, 138
head17, 451, 256, 139
head17, 452, 254, 136
head17, 453, 256, 137
head17, 454, 254, 134
head17, 455, 248, 135
head17, 456, 254, 140
head17, 458, 248, 133
head17, 460, 246, 138
head17, 461, 248, 139
head17, 464, 246, 136
head17, 465, 248, 137
head17, 466, 246, 134
head17, 467, 248, 135
head17, 468, 250, 132
head17, 469, 247, 132
head17, 470, 240, 128
head17, 471, 245, 136
head17, 472, 238, 132
head17, 473, 243, 131
head17, 474, 242, 130
head17, 475, 237, 125
head17, 476, 236, 124
head17, 477, 238, 123
head17, 478, 236, 128
head17, 479, 235, 121
head17, 480, 230, 121
head17, 481, 230, 121
head17, 482, 229, 119
head17, 483, 227, 123
head17, 484, 227, 122
head17, 485, 223, 117
head17, 486, 223, 116
head17, 487, 219, 119
head17, 488, 219, 118
head17, 489, 215, 113
head17, 490, 215, 112
head17, 491, 219, 107
head17, 492, 211, 114
head17, 493, 215, 109
head17, 494, 215, 108
head17, 495, 211, 111
head17, 496, 203, 110
head17, 497, 207, 105
head17, 498, 207, 112
head17, 499, 203, 107
head17, 500, 203, 106
head17, 501, 199, 109
head17, 502, 199, 108
head17, 503, 195, 103
head17, 504, 195, 110
head17, 505, 191, 105
head17, 506, 191, 104
head17, 507, 195, 107
head17, 508, 195, 106
head17, 509, 191, 101
head17, 510, 191, 100
head17, 511, 195, 103
head17, 512, 195, 102
head17, 513, 199, 105
head17, 514, 199, 104
head17, 515, 203, 123
head17, 516, 203, 122
head17, 517, 199, 117
head17, 518, 199, 124
head17, 519, 195, 119
head17, 520, 195, 118
head17, 521, 199, 113
head17, 522, 199, 112
head17, 523, 195, 107
head17, 524, 195, 106
head17, 525, 199, 101
head17, 526, 199, 76
head17, 527, 203, 71
head17, 528, 203, 70
head17, 529, 198, 65
head17, 530, 197, 64
head17, 531, 200, 67
head17, 532, 206, 65
head17, 533, 200, 59
head17, 534, 206, 63
head18, 480, 192, 197
head18, 481, 192, 196
head18, 482, 193, 195
head18, 483, 190, 190
head18, 484, 191, 189
head18, 486, 196, 184
head18, 487, 197, 183
head18, 488, 194, 186
head18, 489, 195, 177
head18, 490, 192, 180
head18, 491, 193, 179
head18, 492, 198, 198
head18, 493, 199, 197
head18, 494, 196, 176
head18, 495, 197, 175
head18, 496, 202, 178
head18, 497, 195, 193
head18, 498, 200, 188
head18, 499, 198, 172
head18, 500, 201, 171
head18, 501, 196, 169
head18, 502, 203, 174
head18, 503, 195, 172
head18, 504, 194, 172
head18, 505, 189, 168
head18, 506, 190, 170
head18, 507, 191, 169
head18, 508, 212, 188
head18, 509, 215, 190
head18, 510, 214, 188
head18, 511, 209, 190
head18, 512, 184, 172
head18, 513, 185, 172
head18, 514, 188, 169
head18, 515, 189, 171
head18, 516, 210, 185
head18, 517, 227, 179
head18, 518, 248, 161
head18, 519, 249, 155
head18, 520, 246, 153
head18, 521, 247, 155
head18, 522, 252, 153
head18, 523, 245, 147
head18, 524, 250, 145
head18, 525, 251, 147
head18, 526, 248, 145
head18, 527, 249, 147
head18, 528, 230, 153
head18, 530, 231, 147
head18, 531, 228, 145
head18, 532, 229, 147
head18, 533, 226, 145
head18, 534, 227, 147
head18, 535, 232, 145
head18, 536, 233, 147
head18, 537, 230, 145
head18, 538, 231, 147
head18, 539, 228, 145
head18, 540, 221, 139
head19, 521, 193, 168
head19, 523, 195, 174
head19, 524, 194, 161
head19, 525, 189, 152
head19, 527, 194, 147
head19, 528, 195, 146
head19, 529, 196, 152
head19, 530, 195, 143
head19, 531, 196, 143
head19, 532, 198, 141
head19, 533, 196, 143
head19, 534, 198, 157
head19, 535, 204, 175
head19, 539, 198, 189
head19, 540, 204, 199
head19, 541, 198, 189
head19, 543, 196, 191
head19, 544, 198, 189
head19, 545, 196, 191
head19, 546, 198, 189
head19, 547, 196, 191
head19, 548, 190, 181
head19, 549, 196, 183
head19, 550, 190, 181
head19, 551, 196, 183
head19, 552, 190, 181
head19, 553, 188, 175
head19, 554, 190, 181
head19, 555, 188, 175
head19, 556, 190, 173
head19, 557, 188, 175
head19, 558, 190, 173
head19, 559, 188, 175
head19, 560, 190, 173
head19, 561, 188, 175
head19, 562, 187, 166
head19, 563, 190, 169
head19, 564, 189, 168
head19, 565, 184, 163
head19, 566, 191, 162
head19, 567, 218, 173
head20, 554, 213, 141
head20, 558, 208, 147
head20, 560, 208, 142
head20, 561, 209, 139
head20, 562, 230, 132
head20, 563, 231, 137
head20, 564, 228, 130
head20, 565, 229, 127
head20, 566, 226, 128
head20, 567, 227, 125
head20, 568, 224, 126
head20, 569, 225, 131
head20, 570, 206, 132
head20, 571, 207, 129
head20, 572, 228, 122
head20, 573, 229, 119
head20, 574, 226, 120
head20, 575, 227, 117
head20, 576, 224, 118
head20, 577, 225, 115
head20, 578, 222, 116
head20, 579, 223, 113
head20, 580, 220, 114
head20, 582, 221, 111
head20, 583, 218, 112
head20, 584, 203, 109
head20, 585, 184, 110
head20, 586, 153, 123
head21, 434, 133, 197
head21, 435, 132, 196
head21, 436, 129, 191
head21, 437, 130, 190
head21, 438, 127, 185
head21, 439, 128, 184
head21, 440, 125, 187
head21, 441, 126, 186
head21, 442, 123, 181
head21, 443, 124, 180
head21, 444, 129, 183
head21, 445, 130, 182
head21, 446, 127, 177
head21, 447, 128, 176
head21, 448, 125, 179
head21, 449, 126, 178
head21, 450, 131, 181
head21, 451, 132, 180
head21, 452, 129, 175
head21, 453, 130, 174
head21, 454, 135, 169
head21, 455, 136, 168
head21, 456, 133, 171
head21, 457, 134, 170
head21, 458, 139, 165
head21, 459, 140, 164
head21, 460, 137, 167
head21, 461, 140, 162
head21, 462, 139, 161
head21, 463, 142, 164
head21, 464, 141, 155
head21, 465, 144, 158
head21, 466, 143, 157
head21, 467, 146, 152
head21, 468, 145, 159
head21, 469, 148, 154
head21, 470, 147, 153
head21, 471, 150, 148
head21, 472, 149, 155
head21, 473, 152, 150
head21, 474, 151, 149
head21, 475, 154, 160
head21, 476, 161, 191
head21, 478, 156, 210
head21, 479, 155, 209
head21, 480, 134, 228
head21, 481, 141, 235
head21, 482, 136, 230
head21, 483, 135, 229
head21, 484, 138, 232
head21, 485, 137, 231
head21, 486, 132, 226
head21, 487, 131, 225
head21, 488, 134, 220
head21, 489, 133, 219
head21, 490, 136, 222
head21, 491, 135, 221
head21, 492, 130, 216
head21, 493, 129, 215
head21, 494, 132, 218
head21, 495, 131, 217
head21, 496, 126, 212
head21, 497, 133, 211
head21, 498, 128, 214
head21, 499, 127, 213
head21, 500, 130, 216
head21, 501, 129, 215
head21, 502, 124, 210
head21, 503, 123, 209
head21, 504, 126, 212
head21, 505, 125, 203
head21, 506, 128, 206
head21, 507, 127, 205
head21, 508, 130, 200
head21, 509, 129, 207
head21, 510, 124, 202
head21, 511, 131, 201
head21, 512, 126, 204
head21, 513, 125, 203
head21, 514, 128, 206
head21, 515, 127, 205
head21, 516, 130, 208
head21, 517, 129, 207
head21, 518, 132, 202
head21, 519, 131, 209
head21, 520, 126, 204
head21, 521, 133, 203
head21, 522, 128, 206
head21, 523, 127, 205
head21, 524, 130, 208
head21, 525, 129, 207
head21, 526, 148, 226
head21, 531, 147, 225
head21, 532, 134, 204
head21, 533, 133, 203
head21, 534, 128, 198
head21, 535, 127, 205
head21, 536, 130, 208
head21, 537, 129, 207
head21, 538, 132, 210
head21, 539, 131, 201
head21, 540, 134, 204
head21, 541, 133, 203
head21, 542, 136, 198
head21, 543, 135, 197
head21, 544, 138, 200
head21, 545, 137, 207
head21, 546, 140, 194
head21, 547, 139, 193
head21, 548, 142, 196
head21, 549, 141, 195
head21, 550, 144, 198
head21, 551, 143, 205
head21, 552, 146, 192
head21, 553, 145, 191
head21, 554, 148, 194
head21, 555, 147, 201
head21, 556, 150, 204
head21, 557, 149, 203
head21, 558, 152, 198
head21, 559, 151, 197
head21, 560, 154, 200
head21, 561, 153, 191
head21, 562, 156, 202
head21, 563, 155, 193
head21, 564, 150, 188
head21, 565, 149, 187
head21, 566, 152, 198
head21, 567, 151, 189
head21, 568, 154, 192
head21, 569, 153, 183
head21, 570, 148, 186
head21, 571, 155, 193
head21, 572, 150, 180
head21, 573, 149, 179
head21, 574, 152, 182
head21, 575, 151, 181
head21, 576, 146, 176
head21, 577, 153, 175
head21, 578, 148, 178
head21, 579, 147, 177
head21, 580, 150, 172
head21, 581, 149, 171
head21, 582, 152, 174
head21, 583, 151, 173
head21, 584, 154, 178
head21, 585, 153, 171
head21, 586, 148, 176
head21, 587, 147, 161
head21, 589, 150, 166
head21, 590, 157, 165
head21, 591, 158, 171
head21, 592, 155, 157
head21, 593, 161, 170
head21, 594, 164, 169
head21, 595, 163, 164
head21, 596, 182, 179
head22, 567, 292, 154
head22, 569, 297, 156
head22, 570, 297, 155
head22, 571, 298, 154
head22, 572, 294, 154
head22, 573, 296, 151
head22, 574, 294, 152
head22, 575, 290, 152
head22, 576, 289, 145
head22, 577, 284, 142
head22, 578, 286, 144
head22, 579, 291, 143
head22, 583, 276, 130
head22, 585, 276, 129
head22, 586, 273, 128
head22, 587, 273, 126
head22, 589, 273, 123
head22, 590, 269, 124
head22, 591, 269, 121
head22, 592, 265, 122
head22, 593, 265, 119
head22, 595, 261, 120
head22, 596, 261, 117
head22, 597, 265, 118
head22, 598, 265, 123
head22, 599, 261, 116
head22, 600, 261, 121
head22, 601, 257, 122
head22, 602, 257, 119
head22, 603, 253, 120
head22, 604, 262, 125
head22, 605, 259, 122
head22, 606, 256, 122
head22, 607, 261, 125
head22, 608, 254, 124
head22, 609, 251, 127
head22, 610, 252, 126
head22, 611, 247, 126
head22, 612, 246, 130
head22, 613, 249, 130
head22, 614, 254, 132
head22, 615, 247, 130
head22, 616, 244, 132
head22, 617, 245, 130
head22, 618, 242, 132
head22, 619, 243, 130
head22, 620, 240, 132
head22, 621, 241, 130
head22, 622, 238, 132
head22, 623, 239, 130
head22, 624, 228, 132
head22, 625, 237, 130
head22, 626, 226, 132
head22, 628, 235, 130
head22, 629, 224, 132
head22, 630, 225, 130
head23, 483, 69, 215
head23, 484, 73, 216
head23, 485, 73, 214
head23, 486, 69, 208
head23, 487, 63, 209
head23, 488, 69, 206
head23, 489, 63, 207
head23, 490, 61, 204
head23, 491, 63, 205
head23, 492, 63, 199
head23, 493, 59, 205
head23, 494, 63, 198
head23, 495, 60, 204
head23, 496, 62, 204
head23, 497, 60, 200
head23, 498, 62, 196
head23, 499, 60, 196
head23, 500, 62, 192
head23, 501, 60, 192
head23, 502, 54, 196
head23, 503, 60, 196
head23, 504, 54, 192
head23, 505, 60, 192
head23, 506, 62, 196
head23, 507, 60, 196
head23, 508, 62, 200
head23, 509, 60, 200
head23, 510, 62, 196
head23, 511, 63, 197
head23, 512, 60, 202
head23, 513, 64, 202
head23, 514, 64, 198
head23, 515, 65, 203
head23, 516, 70, 208
head23, 517, 68, 205
head23, 518, 71, 207
head23, 519, 70, 205
head23, 520, 73, 207
head23, 521, 72, 205
head23, 522, 73, 209
head23, 523, 73, 215
head23, 524, 77, 212
head23, 525, 77, 213
head23, 526, 73, 210
head23, 527, 83, 215
head23, 528, 81, 216
head23, 529, 81, 221
head23, 530, 77, 214
head23, 531, 77, 219
head23, 532, 81, 220
head23, 533, 81, 217
head23, 534, 77, 218
head23, 535, 77, 215
head23, 536, 81, 224
head23, 537, 81, 221
head23, 538, 85, 222
head23, 539, 85, 219
head23, 540, 81, 220
head23, 541, 89, 225
head23, 542, 85, 226
head23, 543, 85, 223
head23, 544, 89, 224
head23, 545, 89, 221
head23, 546, 85, 222
head23, 547, 85, 219
head23, 548, 81, 220
head23, 549, 89, 225
head23, 550, 85, 226
head23, 551, 85, 223
head23, 552, 89, 224
head23, 553, 89, 221
head23, 554, 85, 222
head23, 555, 85, 219
head23, 556, 89, 220
head23, 557, 81, 217
head23, 558, 85, 218
head23, 559, 85, 215
head23, 560, 81, 216
head23, 561, 81, 213
head23, 562, 85, 214
head23, 563, 85, 211
head23, 564, 81, 212
head23, 565, 81, 209
head23, 566, 82, 210
head23, 567, 79, 207
head23, 568, 85, 210
head23, 569, 79, 205
head23, 570, 79, 206
head23, 571, 80, 200
head23, 572, 81, 200
head23, 573, 82, 198
head23, 574, 79, 200
head23, 575, 85, 198
head23, 576, 79, 192
head23, 577, 79, 194
head23, 578, 83, 192
head23, 579, 80, 195
head23, 580, 81, 194
head23, 581, 78, 189
head23, 582, 79, 188
head23, 583, 84, 191
head23, 584, 85, 190
head23, 585, 82, 185
head23, 586, 83, 184
head23, 587, 88, 187
head23, 588, 81, 186
head23, 589, 86, 189
head23, 590, 87, 188
head23, 591, 84, 183
head23, 592, 95, 187
head23, 593, 94, 187
head23, 594, 94, 188
head23, 595, 100, 192
head23, 596, 94, 192
head23, 597, 98, 189
head23, 598, 98, 190
head23, 599, 106, 191
head23, 600, 106, 197
head23, 601, 110, 191
head23, 602, 110, 189
head23, 603, 115, 189
head23, 604, 116, 193
head23, 605, 113, 193
head23, 606, 117, 187
head23, 607, 117, 185
head23, 608, 121, 187
head23, 609, 128, 191
head23, 610, 123, 185
head23, 611, 122, 183
head23, 612, 126, 188
head23, 613, 134, 187
head23, 614, 130, 182
head23, 615, 130, 185
head23, 616, 129, 180
head23, 617, 132, 178
head23, 618, 147, 180
head23, 619, 150, 186
head23, 622, 149, 172
head23, 623, 152, 170
head23, 624, 151, 172
head23, 625, 146, 170
head23, 626, 129, 170
head23, 627, 123, 173
head23, 628, 121, 172
head23, 629, 120, 171
head23, 630, 115, 166
head23, 631, 121, 171
head23, 632, 118, 166
head23, 633, 111, 165
head23, 634, 112, 172
head23, 635, 109, 167
head23, 636, 110, 166
head23, 637, 113, 165
head23, 638, 96, 184
head23, 639, 91, 183
head23, 640, 106, 162
head23, 642, 125, 129
head24, 643, 55, 168
head24, 644, 64, 170
head24, 645, 61, 168
head24, 646, 57, 170
head24, 647, 60, 170
head24, 648, 59, 166
head24, 649, 62, 166
head24, 650, 61, 170
head24, 651, 64, 170
head24, 652, 63, 166
head24, 653, 58, 166
head24, 655, 57, 162
head24, 656, 52, 154
head24, 659, 60, 166
head24, 660, 64, 166
head24, 664, 64, 162
head24, 665, 60, 162
head24, 666, 60, 166
head24, 668, 64, 166
head24, 669, 64, 170
head24, 670, 60, 162
head24, 671, 60, 166
head24, 672, 64, 166
head24, 673, 64, 170
head24, 674, 60, 162
head24, 675, 60, 166
head24, 676, 64, 166
head24, 677, 64, 170
head24, 678, 60, 170
head24, 679, 60, 166
head24, 680, 64, 174
head24, 681, 64, 170
head24, 682, 68, 170
head24, 683, 68, 174
head24, 684, 64, 174
head24, 685, 64, 170
head24, 686, 68, 178
head24, 687, 68, 174
head25, 510, 48, 146
head25, 511, 48, 141
head25, 512, 47, 143
head25, 513, 52, 141
head25, 514, 47, 140
head25, 515, 52, 135
head25, 516, 51, 138
head25, 517, 49, 139
head25, 518, 53, 135
head25, 522, 53, 127
head25, 523, 57, 131
head25, 524, 57, 131
head25, 525, 53, 127
head25, 526, 53, 127
head25, 527, 57, 123
head25, 528, 57, 123
head25, 529, 53, 127
head25, 530, 53, 127
head25, 531, 57, 123
head25, 532, 57, 123
head25, 533, 53, 127
head25, 534, 53, 127
head25, 535, 57, 123
head25, 536, 57, 123
head25, 537, 53, 127
head25, 538, 63, 129
head25, 539, 61, 127
head25, 540, 59, 128
head25, 541, 63, 129
head25, 542, 63, 130
head25, 543, 64, 130
head25, 544, 65, 132
head25, 545, 66, 133
head25, 546, 66, 133
head25, 547, 67, 134
head25, 548, 67, 135
head25, 549, 68, 135
head25, 550, 68, 135
head25, 551, 69, 137
head25, 552, 70, 137
head25, 553, 70, 138
head25, 554, 71, 138
head25, 555, 68, 142
head25, 556, 69, 142
head25, 557, 74, 138
head25, 558, 76, 140
head25, 559, 74, 138
head25, 560, 76, 140
head25, 561, 80, 140
head25, 562, 72, 136
head25, 563, 76, 136
head25, 564, 76, 140
head25, 565, 80, 140
head25, 566, 80, 136
head25, 567, 84, 136
head25, 568, 86, 136
head25, 569, 79, 133
head25, 570, 84, 126
head25, 571, 85, 131
head25, 572, 90, 129
head25, 573, 83, 131
head25, 574, 88, 129
head25, 575, 89, 123
head25, 576, 86, 121
head25, 577, 87, 123
head25, 578, 87, 127
head25, 579, 91, 127
head25, 580, 87, 126
head25, 581, 87, 125
head25, 582, 92, 125
head25, 583, 93, 129
head25, 584, 100, 129
head25, 585, 94, 131
head25, 586, 92, 129
head25, 587, 93, 131
head25, 588, 90, 129
head25, 589, 91, 131
head25, 590, 96, 129
head25, 592, 97, 131
head25, 593, 94, 137
head25, 594, 95, 139
head25, 595, 92, 137
head25, 596, 93, 139
head25, 597, 98, 137
head25, 598, 99, 139
head25, 599, 104, 137
head25, 600, 105, 139
head25, 603, 102, 145
head25, 604, 103, 139
head25, 605, 108, 137
head25, 606, 109, 139
head25, 607, 106, 137
head25, 608, 107, 139
head25, 609, 112, 135
head25, 610, 105, 135
head25, 611, 110, 131
head25, 612, 111, 131
head25, 613, 108, 135
head25, 614, 109, 127
head25, 615, 106, 131
head25, 616, 113, 132
head25, 617, 108, 129
head25, 618, 107, 130
head25, 619, 110, 127
head25, 620, 109, 128
head25, 621, 112, 125
head25, 622, 111, 126
head25, 623, 114, 123
head25, 624, 113, 124
head25, 625, 108, 121
head25, 626, 115, 122
head25, 627, 110, 119
head25, 628, 117, 128
head25, 629, 112, 125
head25, 630, 122, 127
head25, 631, 120, 125
head25, 632, 122, 127
head25, 633, 120, 125
head25, 634, 122, 127
head25, 635, 123, 124
head25, 636, 130, 126
head25, 637, 125, 124
head25, 638, 131, 131
head25, 639, 125, 126
head25, 640, 123, 133
head25, 641, 125, 128
head25, 642, 131, 127
head25, 643, 125, 130
head25, 644, 131, 129
head25, 647, 125, 124
head25, 648, 131, 123
head25, 649, 125, 126
head25, 650, 131, 125
head25, 651, 125, 120
head25, 652, 131, 119
head25, 653, 125, 122
head25, 654, 131, 121
head25, 655, 133, 116
head25, 657, 131, 115
head25, 659, 125, 118
head25, 660, 131, 117
head25, 661, 133, 112
head25, 662, 131, 119
head25, 663, 133, 114
head25, 667, 131, 113
head25, 668, 133, 116
head25, 669, 131, 115
head25, 670, 135, 114
head25, 671, 135, 109
head25, 672, 131, 116
head25, 673, 140, 114
head25, 674, 137, 108
head25, 675, 138, 106
head25, 676, 143, 108
head25, 677, 144, 106
head25, 678, 141, 108
head25, 679, 145, 107
head25, 680, 149, 111
head25, 681, 146, 108
head25, 682, 146, 109
head25, 683, 158, 130
head25, 684, 158, 131
head25, 685, 154, 128
head25, 687, 146, 105
head25, 688, 150, 102
head25, 689, 150, 103
head25, 690, 154, 124
head25, 691, 159, 130
head25, 692, 158, 129
head25, 693, 156, 130
head25, 694, 155, 130
head25, 695, 150, 126
head25, 696, 141, 102
head25, 701, 144, 98
head25, 702, 143, 106
head25, 703, 154, 126
head25, 704, 153, 126
head25, 705, 148, 122
head25, 706, 150, 121
head25, 707, 140, 100
head25, 708, 142, 99
head25, 709, 156, 118
head25, 710, 158, 117
head25, 711, 148, 96
head25, 712, 150, 95
head25, 713, 148, 90
head25, 714, 150, 89
head25, 715, 160, 91
head26, 590, 197, 227
head26, 591, 202, 226
head26, 592, 195, 221
head26, 593, 192, 220
head26, 594, 192, 224
head26, 595, 194, 221
head26, 596, 190, 216
head26, 597, 190, 215
head26, 598, 186, 218
head26, 599, 186, 217
head26, 600, 182, 212
head26, 601, 187, 210
head26, 602, 189, 210
head26, 603, 183, 210
head26, 604, 183, 208
head26, 605, 184, 203
head26, 606, 189, 206
head26, 607, 192, 202
head26, 608, 195, 196
head26, 609, 195, 200
head26, 610, 188, 195
head26, 611, 197, 193
head26, 612, 191, 191
head26, 613, 197, 185
head26, 615, 199, 183
head26, 616, 197, 185
head26, 617, 199, 183
head26, 618, 197, 177
head26, 619, 197, 176
head26, 620, 208, 176
head26, 621, 209, 176
head26, 622, 207, 171
head26, 623, 208, 174
head26, 624, 209, 171
head26, 625, 211, 166
head26, 626, 211, 166
head26, 627, 212, 169
head26, 628, 209, 168
head26, 629, 210, 163
head26, 630, 207, 162
head26, 631, 208, 165
head26, 632, 205, 164
head26, 633, 207, 161
head26, 634, 205, 162
head26, 635, 207, 159
head26, 636, 207, 155
head26, 637, 203, 155
head26, 638, 203, 151
head26, 639, 207, 151
head26, 640, 199, 155
head26, 641, 204, 157
head26, 642, 202, 153
head26, 643, 196, 153
head26, 644, 194, 149
head26, 645, 199, 152
head26, 646, 192, 151
head26, 647, 189, 146
head26, 648, 192, 152
head26, 649, 191, 146
head26, 650, 186, 152
head26, 651, 185, 146
head26, 652, 188, 144
head26, 653, 187, 146
head26, 654, 182, 144
head26, 655, 181, 146
head26, 656, 184, 144
head26, 657, 183, 138
head26, 659, 178, 144
head26, 660, 179, 147
head26, 661, 184, 138
head26, 662, 185, 133
head26, 663, 182, 140
head26, 664, 185, 143
head26, 665, 184, 132
head26, 666, 187, 133
head26, 667, 191, 135
head26, 668, 196, 132
head26, 669, 198, 130
head26, 670, 188, 132
head26, 671, 197, 130
head26, 672, 197, 126
head26, 673, 198, 126
head26, 674, 195, 122
head26, 675, 199, 121
head26, 676, 201, 119
head26, 677, 199, 121
head26, 678, 201, 111
head26, 679, 207, 113
head26, 680, 210, 109
head26, 681, 205, 109
head26, 682, 207, 109
head26, 683, 206, 108
head26, 684, 209, 111
head26, 685, 208, 110
head26, 686, 211, 105
head26, 687, 210, 104
head26, 688, 205, 107
head26, 689, 212, 106
head26, 690, 207, 109
head26, 691, 206, 108
head26, 692, 209, 111
head26, 693, 208, 110
head26, 694, 211, 105
head26, 695, 210, 112
head26, 696, 205, 107
head26, 697, 204, 106
head26, 698, 207, 109
head26, 699, 206, 108
head26, 700, 201, 111
head26, 701, 200, 110
head26, 702, 203, 105
head26, 703, 202, 104
head26, 704, 197, 107
head26, 705, 196, 106
head26, 706, 199, 109
head26, 707, 198, 108
head26, 708, 193, 111
head26, 709, 192, 110
head26, 710, 195, 113
head26, 711, 194, 111
head26, 712, 192, 114
head26, 713, 194, 113
head26, 714, 192, 116
head26, 715, 186, 107
head26, 716, 189, 112
head26, 717, 192, 112
head26, 718, 183, 108
head26, 719, 186, 108
head26, 720, 185, 112
head26, 721, 180, 104
head27, 673, 116, 164
head27, 674, 119, 163
head27, 675, 120, 170
head27, 676, 121, 167
head27, 677, 121, 165
head27, 678, 122, 171
head27, 679, 128, 174
head27, 680, 128, 167
head27, 681, 124, 164
head27, 682, 127, 170
head27, 683, 133, 172
head27, 684, 134, 171
head27, 685, 135, 171
head27, 686, 132, 167
head27, 687, 133, 167
head27, 688, 138, 163
head27, 689, 139, 163
head27, 690, 136, 167
head27, 691, 137, 159
head27, 692, 142, 163
head27, 693, 143, 163
head27, 694, 140, 167
head27, 695, 141, 159
head27, 696, 146, 163
head27, 697, 139, 163
head27, 698, 144, 159
head27, 699, 145, 159
head27, 700, 142, 163
head27, 701, 143, 155
head27, 702, 140, 159
head27, 703, 141, 159
head27, 704, 137, 162
head27, 705, 136, 161
head27, 706, 139, 156
head27, 707, 138, 155
head27, 708, 139, 152
head27, 709, 136, 153
head27, 710, 135, 149
head27, 711, 130, 125
head27, 713, 137, 121
head27, 715, 140, 121
head27, 716, 139, 117
head27, 717, 142, 117
head27, 718, 141, 113
head27, 719, 144, 114
head27, 720, 143, 111
head27, 721, 152, 107
head27, 722, 149, 107
head27, 723, 150, 103
head27, 725, 147, 111
head27, 728, 148, 99
head28, 734, 163, 67
head28, 736, 160, 65
head28, 737, 169, 83
head28, 738, 164, 85
head28, 739, 163, 83
head28, 740, 166, 83
head28, 742, 161, 80
head28, 743, 160, 81
head28, 744, 155, 78
head28, 745, 154, 79
head28, 746, 160, 78
head28, 747, 154, 73
head28, 748, 160, 78
head28, 749, 161, 73
head28, 750, 157, 72
head28, 751, 160, 71
head28, 752, 162, 69
head28, 753, 158, 73
head28, 754, 167, 70
head28, 755, 166, 68
head28, 756, 162, 65
head28, 757, 162, 66
head28, 758, 166, 63
head28, 759, 166, 66
head28, 760, 170, 65
head28, 761, 194, 68
head28, 762, 198, 67
head28, 763, 198, 70
head28, 764, 202, 61
head28, 765, 194, 64
head28, 766, 198, 63
head28, 767, 198, 66
head28, 768, 194, 65
head28, 769, 170, 68
head28, 770, 166, 67
head28, 771, 166, 62
head28, 772, 162, 61
head28, 777, 178, 80
head29, 750, 150, 126
head29, 751, 149, 123
head29, 752, 146, 125
head29, 753, 146, 124
head29, 754, 147, 120
head29, 755, 144, 118
head29, 756, 145, 120
head29, 757, 142, 118
head29, 758, 143, 120
head29, 759, 140, 118
head29, 760, 141, 112
head29, 761, 146, 110
head29, 762, 147, 112
head29, 763, 144, 110
head29, 764, 145, 118
head29, 765, 145, 117
head29, 766, 146, 117
head29, 767, 146, 115
head29, 768, 147, 114
head29, 769, 147, 114
head29, 770, 149, 113
head29, 771, 149, 111
head29, 772, 153, 105
head29, 773, 160, 111
head29, 774, 162, 109
head29, 775, 160, 111
head29, 776, 162, 109
head29, 777, 160, 108
head29, 778, 162, 109
head29, 780, 163, 107
head29, 785, 168, 101
head29, 786, 161, 99
head29, 787, 166, 101
head29, 788, 167, 99
head29, 789, 164, 101
head29, 790, 166, 95
head29, 791, 164, 93
head29, 792, 163, 95
head29, 793, 158, 93
head29, 794, 157, 95
head29, 795, 160, 85
head29, 796, 159, 87
head29, 797, 154, 85
head29, 798, 153, 79
head29, 799, 156, 77
head29, 800, 155, 71
head29, 801, 157, 72
head29, 802, 156, 73
head29, 803, 151, 70
head29, 804, 150, 63
head29, 805, 153, 68
head29, 806, 152, 69
head29, 807, 155, 66
head29, 808, 154, 67
head29, 809, 157, 72
head29, 810, 156, 65
head29, 811, 159, 70
head29, 812, 158, 71
head29, 815, 161, 68
head29, 816, 160, 61
head29, 817, 163, 66
head29, 821, 170, 67
head29, 822, 165, 64
head29, 823, 172, 65
head30, 772, 231, 111
head30, 776, 226, 121
head30, 777, 217, 119
head30, 778, 220, 113
head30, 779, 219, 119
head30, 780, 214, 113
head30, 781, 213, 119
head30, 782, 216, 113
head30, 783, 215, 119
head30, 784, 210, 113
head30, 785, 209, 119
head30, 786, 212, 113
head30, 787, 211, 119
head30, 788, 206, 121
head30, 789, 213, 119
head30, 790, 208, 121
head30, 791, 207, 119
head30, 792, 210, 121
head30, 793, 210, 120
head30, 794, 206, 115
head30, 795, 206, 122
head30, 796, 202, 117
head30, 797, 202, 116
head30, 798, 206, 119
head30, 799, 206, 118
head30, 800, 202, 121
head30, 801, 202, 120
head30, 802, 206, 123
head30, 803, 206, 122
head30, 804, 202, 117
head30, 805, 202, 116
head30, 806, 206, 119
head30, 807, 206, 118
head30, 808, 202, 113
head30, 809, 202, 120
head30, 810, 206, 115
head30, 811, 206, 114
head30, 812, 210, 109
head30, 813, 214, 118
head30, 814, 212, 117
head30, 815, 206, 112
head30, 816, 212, 111
head30, 817, 206, 106
head30, 818, 212, 105
head30, 819, 206, 108
head30, 820, 210, 111
head30, 821, 207, 106
head30, 822, 208, 108
head30, 823, 207, 105
head30, 824, 202, 98
head30, 825, 207, 96
head30, 826, 204, 101
head30, 827, 203, 101
head30, 828, 195, 101
head30, 829, 193, 103
head30, 830, 193, 100
head30, 831, 198, 100
head30, 832, 191, 96
head30, 833, 194, 95
head30, 834, 197, 99
head30, 835, 188, 99
head30, 836, 191, 95
head30, 837, 190, 95
head30, 838, 185, 99
head30, 839, 184, 91
head30, 840, 187, 95
head30, 841, 186, 95
head30, 842, 189, 91
head30, 843, 188, 91
head30, 844, 191, 87
head30, 845, 190, 87
head30, 846, 189, 85
head30, 847, 184, 87
head30, 848, 189, 80
head30, 849, 186, 85
head30, 850, 191, 81
head30, 851, 187, 80
head30, 852, 189, 76
head30, 853, 186, 72
head30, 854, 190, 70
head30, 855, 190, 64
head30, 856, 186, 70
head31, 798, 108, 215
head31, 799, 110, 216
head31, 800, 108, 213
head31, 801, 108, 214
head31, 802, 104, 211
head31, 803, 104, 212
head31, 804, 101, 216
head31, 805, 102, 208
head31, 806, 107, 204
head31, 807, 104, 206
head31, 808, 105, 204
head31, 809, 102, 206
head31, 810, 103, 204
head31, 811, 100, 206
head31, 812, 101, 204
head31, 813, 98, 206
head31, 814, 99, 204
head31, 815, 96, 206
head31, 816, 97, 204
head31, 817, 102, 206
head31, 818, 95, 204
head31, 819, 100, 206
head31, 820, 93, 204
head31, 821, 98, 198
head31, 822, 99, 204
head31, 823, 96, 198
head31, 824, 97, 204
head31, 825, 94, 198
head31, 826, 95, 204
head31, 827, 92, 198
head31, 828, 93, 204
head31, 829, 98, 198
head31, 833, 99, 196
head31, 834, 96, 198
head31, 835, 97, 196
head31, 836, 102, 198
head31, 837, 95, 196
head31, 838, 100, 198
head31, 839, 101, 196
head31, 840, 98, 198
head31, 841, 99, 196
head31, 842, 104, 198
head31, 843, 105, 204
head31, 844, 102, 198
head31, 845, 103, 204
head31, 846, 108, 198
head31, 847, 109, 204
head31, 848, 106, 206
head31, 849, 107, 204
head31, 850, 112, 206
head31, 851, 113, 204
head31, 852, 118, 206
head31, 853, 119, 204
head31, 854, 116, 206
head31, 855, 117, 204
head31, 856, 122, 206
head31, 857, 121, 207
head31, 858, 124, 204
head31, 859, 123, 205
head31, 860, 130, 207
head31, 861, 125, 205
head31, 862, 124, 199
head31, 863, 127, 205
head31, 864, 126, 199
head31, 865, 129, 197
head31, 866, 128, 199
head31, 867, 131, 197
head31, 868, 130, 199
head31, 869, 133, 197
head31, 870, 132, 199
head31, 871, 127, 197
head31, 872, 126, 191
head31, 873, 132, 200
head31, 874, 131, 193
head31, 875, 133, 192
head31, 876, 132, 189
head31, 877, 124, 187
head31, 878, 128, 181
head31, 879, 128, 179
head31, 880, 128, 181
head31, 881, 129, 179
head31, 882, 126, 181
head31, 883, 128, 176
head31, 884, 128, 175
head31, 885, 127, 172
head31, 886, 122, 173
head31, 887, 127, 171
head31, 888, 127, 172
head31, 889, 123, 169
head31, 890, 123, 170
head31, 891, 127, 167
head31, 892, 127, 168
head31, 893, 123, 173
head31, 894, 123, 174
head31, 895, 127, 171
head31, 896, 127, 172
head31, 897, 130, 167
head31, 898, 129, 166
head31, 899, 132, 169
head31, 900, 138, 169
head31, 901, 132, 173
head31, 902, 139, 167
head31, 903, 140, 166
head31, 904, 144, 169
head31, 905, 146, 168
head31, 906, 148, 166
head31, 907, 145, 169
head31, 908, 149, 170
head31, 909, 147, 166
head31, 910, 149, 167
head31, 911, 146, 168
head31, 912, 147, 165
head31, 913, 152, 166
head31, 914, 153, 163
head31, 915, 150, 164
head31, 916, 152, 162
head31, 917, 154, 162
head31, 918, 147, 161
head31, 919, 153, 158
head31, 920, 152, 156
head31, 921, 151, 154
head31, 922, 151, 154
head31, 923, 150, 159
head31, 924, 145, 152
head31, 925, 149, 148
head31, 926, 149, 148
head31, 927, 147, 144
head31, 928, 146, 141
head31, 929, 141, 142
head31, 930, 145, 139
head31, 931, 144, 137
head31, 932, 143, 141
head31, 933, 143, 134
head31, 934, 144, 136
head31, 935, 143, 134
head31, 936, 142, 135
head31, 937, 145, 132
head31, 938, 144, 125
head31, 939, 141, 132
head31, 940, 142, 127
head31, 941, 139, 126
head31, 942, 140, 129
head31, 943, 145, 128
head31, 944, 146, 123
head31, 945, 143, 130
head31, 946, 148, 130
head31, 947, 149, 126
head31, 948, 146, 126
head31, 949, 147, 122
head31, 950, 144, 122
head31, 951, 145, 118
head31, 952, 150, 126
head31, 953, 150, 124
head31, 954, 154, 126
head31, 955, 157, 124
head32, 841, 192, 175
head32, 844, 190, 168
head32, 849, 184, 157
head32, 852, 182, 150
head32, 853, 184, 147
head32, 854, 182, 148
head32, 855, 184, 145
head32, 858, 174, 162
head32, 859, 176, 183
head32, 860, 174, 184
head32, 861, 184, 197
head32, 862, 182, 198
head32, 863, 176, 187
head32, 864, 180, 183
head32, 865, 180, 183
head32, 866, 176, 179
head32, 867, 176, 179
head32, 868, 180, 183
head32, 870, 180, 183
head32, 871, 184, 187
head32, 872, 184, 179
head32, 873, 180, 183
head32, 874, 188, 191
head32, 875, 184, 187
head32, 876, 184, 187
head32, 877, 180, 175
head32, 878, 180, 175
head32, 879, 184, 179
head32, 880, 184, 179
head32, 882, 180, 167
head32, 883, 180, 167
head32, 884, 184, 171
head32, 885, 184, 171
head32, 886, 180, 167
head32, 887, 180, 167
head32, 888, 184, 163
head32, 889, 184, 163
head32, 890, 188, 175
head32, 891, 188, 175
head32, 892, 184, 163
head32, 894, 184, 155
head32, 895, 188, 167
head32, 896, 188, 167
head32, 897, 184, 155
head32, 900, 184, 147
head32, 901, 180, 151
head32, 902, 180, 143
head32, 903, 184, 147
head32, 904, 184, 147
head32, 905, 180, 143
head32, 906, 180, 143
head32, 907, 184, 147
head32, 908, 184, 139
head32, 909, 188, 143
head32, 910, 188, 143
head32, 911, 184, 139
head32, 912, 184, 139
head32, 913, 188, 135
head32, 914, 188, 135
head32, 915, 184, 131
head32, 916, 184, 131
head32, 917, 188, 135
head32, 918, 188, 135
head32, 919, 184, 131
head32, 920, 184, 131
head32, 921, 188, 127
head32, 922, 188, 127
head32, 923, 184, 123
head32, 924, 184, 123
head32, 925, 188, 127
head32, 926, 188, 119
head32, 927, 184, 123
head32, 928, 184, 123
head32, 929, 188, 119
head32, 930, 188, 119
head32, 931, 184, 115
head32, 932, 184, 115
head32, 933, 188, 111
head32, 934, 188, 111
head32, 935, 184, 115
head32, 936, 184, 115
head32, 937, 188, 111
head32, 938, 188, 111
head32, 939, 184, 107
head32, 940, 184, 107
head32, 941, 188, 103
head32, 942, 180, 103
head32, 943, 184, 107
head32, 944, 184, 107
head32, 945, 180, 95
head32, 946, 180, 95
head32, 947, 184, 107
head32, 948, 192, 107
head32, 949, 180, 95
head32, 950, 180, 95
head32, 951, 184, 91
head32, 952, 184, 91
head32, 953, 180, 87
head32, 954, 180, 87
head32, 955, 184, 91
head32, 956, 184, 91
head32, 957, 188, 87
head32, 958, 188, 87
head32, 959, 184, 83
head32, 960, 184, 83
head32, 961, 188, 87
head32, 962, 188, 87
head32, 963, 192, 83
head32, 964, 192, 83
head32, 965, 188, 79
head32, 966, 188, 79
head32, 967, 192, 75
head32, 968, 192, 75
head32, 969, 196, 79
head32, 970, 196, 63
head32, 971, 192, 68
head32, 972, 192, 77
head32, 973, 196, 74
head32, 974, 196, 67
head32, 975, 192, 72
head32, 976, 192, 73
head32, 977, 196, 70
head32, 978, 196, 71
head32, 979, 192, 76
head32, 980, 192, 69
head32, 981, 196, 74
head32, 982, 196, 75
head32, 983, 192, 72
head32, 984, 192, 73
head32, 985, 196, 78
head32, 986, 188, 79
head32, 987, 192, 76
head32, 988, 192, 77
head32, 989, 188, 98
head33, 718, 84, 180
head33, 720, 85, 178
head33, 722, 86, 177
head33, 723, 87, 176
head33, 724, 87, 176
head33, 725, 88, 175
head33, 726, 89, 175
head33, 727, 89, 174
head33, 728, 89, 173
head33, 729, 90, 173
head33, 730, 87, 169
head33, 731, 92, 172
head33, 732, 93, 171
head33, 733, 90, 166
head33, 734, 83, 141
head33, 735, 80, 136
head33, 736, 81, 143
head33, 737, 86, 162
head33, 738, 87, 161
head33, 739, 92, 164
head33, 740, 93, 163
head33, 741, 90, 166
head33, 742, 91, 165
head33, 743, 88, 160
head33, 744, 89, 159
head33, 745, 86, 162
head33, 746, 95, 161
head33, 747, 92, 164
head33, 748, 93, 163
head33, 749, 90, 158
head33, 750, 91, 157
head33, 752, 96, 160
head33, 753, 89, 151
head33, 754, 86, 138
head33, 755, 79, 129
head33, 756, 84, 140
head33, 757, 85, 139
head33, 758, 98, 158
head33, 759, 98, 157
head33, 760, 98, 157
head33, 761, 98, 157
head33, 762, 97, 157
head33, 763, 99, 156
head33, 764, 100, 155
head33, 765, 101, 155
head33, 766, 101, 156
head33, 767, 102, 156
head33, 768, 99, 152
head33, 769, 103, 155
head33, 770, 103, 154
head33, 774, 91, 133
head33, 775, 91, 132
head33, 776, 95, 135
head33, 777, 95, 134
head33, 778, 91, 137
head33, 779, 96, 139
head33, 780, 97, 142
head33, 781, 93, 136
head33, 782, 101, 143
head33, 783, 101, 145
head33, 784, 103, 141
head33, 785, 103, 139
head33, 786, 105, 140
head33, 787, 108, 146
head33, 788, 110, 146
head33, 789, 112, 143
head33, 790, 111, 149
head33, 791, 113, 150
head33, 792, 114, 150
head33, 793, 115, 151
head33, 794, 121, 154
head33, 795, 120, 153
head33, 796, 115, 148
head33, 797, 123, 149
head33, 798, 119, 154
head33, 799, 119, 155
head33, 800, 123, 152
head33, 801, 123, 153
head33, 802, 127, 150
head33, 803, 127, 151
head33, 804, 123, 156
head33, 805, 123, 157
head33, 806, 127, 154
head33, 807, 127, 147
head33, 808, 131, 152
head33, 809, 131, 153
head33, 810, 127, 150
head33, 811, 127, 143
head33, 812, 131, 148
head33, 813, 131, 149
head33, 814, 127, 146
head33, 815, 127, 139
head33, 816, 126, 139
head33, 817, 134, 139
head33, 818, 127, 137
head33, 819, 128, 136
head33, 820, 128, 135
head33, 821, 134, 133
head33, 822, 134, 136
head33, 823, 129, 136
head33, 824, 128, 132
head33, 825, 133, 141
head33, 826, 134, 130
head33, 827, 131, 131
head33, 828, 132, 128
head33, 829, 129, 129
head33, 830, 130, 126
head33, 831, 127, 127
head33, 832, 128, 124
head33, 833, 133, 125
head33, 834, 134, 122
head33, 835, 131, 123
head33, 836, 132, 128
head33, 837, 129, 121
head33, 838, 130, 126
head33, 839, 127, 127
head33, 840, 128, 124
head33, 841, 133, 125
head33, 842, 126, 130
head33, 843, 131, 123
head33, 844, 132, 128
head33, 845, 129, 129
head33, 846, 130, 126
head33, 847, 127, 127
head33, 848, 128, 124
head33, 850, 133, 125
head33, 851, 126, 122
head33, 852, 131, 123
head33, 853, 132, 128
head33, 854, 129, 121
head33, 855, 130, 126
head33, 856, 127, 127
head33, 857, 128, 124
head33, 858, 133, 125
head33, 859, 134, 122
head33, 860, 131, 123
head33, 861, 132, 120
head33, 862, 129, 121
head33, 863, 130, 118
head33, 864, 135, 119
head33, 865, 136, 116
head33, 866, 133, 117
head33, 867, 134, 122
head33, 868, 139, 115
head33, 869, 132, 120
head33, 870, 137, 113
head33, 871, 138, 118
head33, 872, 140, 117
head33, 873, 145, 114
head33, 874, 146, 115
head33, 875, 143, 112
head33, 876, 153, 111
head33, 877, 151, 114
head33, 878, 152, 113
head33, 879, 149, 108
head33, 880, 157, 115
head33, 881, 153, 110
head33, 882, 158, 109
head33, 883, 162, 110
head33, 884, 154, 107
head33, 885, 156, 110
head33, 886, 154, 109
head33, 887, 148, 128
head33, 888, 162, 143
head33, 893, 156, 138
head33, 894, 146, 121
head33, 897, 148, 116
head33, 898, 154, 131
head33, 899, 156, 126
head33, 900, 154, 125
head33, 901, 156, 122
head33, 902, 155, 120
head33, 903, 155, 118
head33, 904, 151, 112
head33, 905, 151, 110
head33, 906, 147, 96
head33, 907, 147, 70
head33, 908, 143, 68
head33, 909, 143, 70
head33, 910, 147, 92
head33, 911, 147, 110
head33, 912, 151, 116
head33, 913, 151, 118
head33, 914, 147, 116
head33, 915, 147, 110
head33, 916, 151, 108
head33, 917, 143, 86
head33, 918, 147, 68
head33, 919, 139, 62
head33, 920, 147, 70
head33, 921, 147, 62
head33, 922, 143, 66
head33, 923, 143, 82
head33, 924, 146, 87
head33, 925, 148, 88
head33, 926, 152, 83
head33, 927, 152, 98
head33, 928, 148, 93
head33, 929, 148, 84
head33, 930, 152, 87
head33, 931, 152, 78
head33, 932, 148, 81
head33, 933, 156, 80
head33, 934, 152, 91
head33, 935, 152, 90
head33, 936, 156, 93
head33, 937, 156, 92
head33, 938, 152, 87
head33, 939, 152, 86
head33, 940, 156, 65
head33, 941, 156, 68
head33, 942, 152, 75
head33, 943, 152, 78
head33, 944, 156, 85
head33, 945, 180, 96
head33, 946, 184, 95
head33, 947, 184, 106
head33, 948, 180, 97
head33, 949, 180, 92
head33, 950, 184, 91
head33, 951, 184, 94
head33, 952, 188, 101
head33, 953, 180, 88
head33, 954, 184, 87
head33, 955, 184, 90
head33, 956, 188, 89
head33, 957, 188, 92
head33, 958, 184, 83
head33, 959, 184, 86
head33, 960, 188, 85
head33, 961, 188, 80
head33, 962, 184, 87
head33, 963, 192, 82
head33, 964, 188, 81
head33, 965, 188, 76
head33, 966, 192, 75
head33, 967, 192, 78
head33, 968, 188, 77
head33, 969, 196, 80
head33, 970, 192, 79
head33, 971, 192, 74
head33, 972, 196, 81
head33, 973, 196, 76
head33, 974, 192, 75
head33, 975, 192, 70
head33, 976, 196, 69
head33, 977, 196, 72
head33, 978, 192, 71
head33, 979, 192, 74
head33, 980, 196, 73
head33, 981, 196, 76
head33, 982, 192, 75
head33, 983, 192, 70
head33, 984, 196, 77
head33, 985, 188, 72
head33, 986, 192, 79
head33, 987, 192, 74
head33, 988, 188, 73
head33, 989, 196, 76
head33, 990, 192, 91
head34, 969, 163, 221
head34, 970, 162, 211
head34, 971, 165, 211
head34, 972, 161, 209
head34, 973, 156, 206
head34, 974, 159, 205
head34, 975, 150, 208
head34, 976, 158, 202
head34, 977, 154, 200
head34, 978, 146, 202
head34, 979, 154, 199
head34, 980, 150, 200
head34, 981, 150, 197
head34, 982, 146, 198
head34, 983, 146, 195
head34, 984, 142, 196
head34, 985, 142, 193
head34, 986, 146, 194
head34, 987, 146, 191
head34, 988, 150, 192
head34, 989, 150, 189
head34, 990, 146, 190
head34, 991, 153, 188
head34, 992, 148, 190
head34, 993, 151, 191
head34, 994, 153, 192
head34, 995, 155, 184
head34, 996, 159, 184
head34, 997, 165, 184
head34, 998, 162, 184
head34, 999, 163, 180
head34, 1000, 165, 184
head34, 1001, 166, 183
head34, 1002, 171, 178
head34, 1003, 172, 177
head34, 1004, 169, 180
head34, 1005, 170, 179
head34, 1006, 175, 174
head34, 1007, 176, 173
head34, 1008, 181, 176
head34, 1009, 182, 175
head34, 1010, 179, 178
head34, 1011, 180, 177
head34, 1012, 185, 172
head34, 1013, 186, 171
head34, 1014, 183, 174
head34, 1015, 184, 173
head34, 1016, 189, 168
head34, 1017, 190, 167
head34, 1018, 187, 170
head34, 1019, 188, 169
head34, 1020, 193, 164
head34, 1021, 194, 168
head34, 1022, 191, 168
head34, 1023, 192, 164
head34, 1024, 189, 164
head34, 1025, 190, 160
head34, 1026, 190, 154
head34, 1027, 186, 160
head34, 1028, 186, 154
head34, 1029, 190, 152
head34, 1030, 182, 146
head34, 1031, 186, 152
head34, 1032, 186, 154
head34, 1033, 182, 152
head34, 1034, 182, 146
head34, 1035, 178, 144
head34, 1036, 177, 147
head34, 1037, 175, 151
head34, 1038, 174, 142
head34, 1039, 169, 145
head34, 1040, 168, 144
head34, 1041, 173, 144
head34, 1042, 170, 142
head34, 1043, 163, 136
head34, 1044, 160, 134
head34, 1045, 160, 135
head34, 1046, 156, 132
head34, 1047, 164, 135
head34, 1048, 164, 133
head34, 1049, 160, 127
head34, 1050, 152, 125
head34, 1051, 156, 127
head34, 1052, 156, 125
head34, 1053, 152, 127
head34, 1054, 152, 125
head34, 1055, 156, 127
head34, 1056, 156, 125
head34, 1057, 152, 119
head34, 1058, 152, 117
head34, 1059, 148, 119
head34, 1060, 148, 117
head34, 1061, 152, 119
head34, 1062, 152, 109
head34, 1063, 156, 111
head34, 1066, 156, 109
head34, 1067, 160, 111
head34, 1068, 184, 109
head34, 1069, 188, 111
head34, 1070, 188, 109
head34, 1071, 168, 103
head34, 1072, 175, 106
head34, 1073, 171, 98
head34, 1074, 174, 97
head34, 1075, 173, 100
head34, 1076, 176, 99
head34, 1077, 180, 96
head34, 1078, 180, 89
head34, 1079, 176, 94
head34, 1080, 176, 87
head34, 1081, 180, 92
head34, 1082, 180, 85
head34, 1083, 184, 90
head34, 1084, 184, 91
head34, 1085, 180, 88
head34, 1086, 180, 89
head34, 1087, 184, 86
head34, 1088, 184, 87
head34, 1089, 180, 84
head34, 1090, 180, 85
head34, 1091, 184, 82
head34, 1092, 184, 83
head34, 1093, 180, 80
head34, 1094, 180, 81
head34, 1095, 184, 78
head34, 1096, 184, 79
head34, 1097, 180, 76
head34, 1098, 180, 77
head34, 1099, 176, 82
head34, 1100, 176, 75
head34, 1101, 180, 80
head34, 1102, 172, 73
head34, 1103, 176, 78
head34, 1104, 176, 71
head34, 1105, 172, 76
head34, 1106, 172, 69
head34, 1107, 168, 74
head34, 1108, 168, 75
head35, 873, 244, 191
head35, 877, 245, 192
head35, 878, 240, 188
head35, 879, 239, 188
head35, 880, 234, 192
head35, 881, 233, 192
head35, 882, 236, 188
head35, 883, 235, 196
head35, 884, 230, 192
head35, 885, 229, 192
head35, 886, 232, 188
head35, 887, 231, 188
head35, 888, 226, 192
head35, 889, 225, 192
head35, 890, 228, 188
head35, 891, 227, 188
head35, 892, 230, 192
head35, 893, 229, 192
head35, 894, 224, 188
head35, 895, 231, 196
head35, 896, 226, 192
head35, 897, 225, 192
head35, 898, 228, 188
head35, 899, 227, 188
head35, 900, 230, 192
head35, 901, 229, 192
head35, 902, 232, 188
head35, 903, 231, 188
head35, 904, 228, 192
head35, 905, 230, 188
head35, 906, 228, 180
head35, 907, 230, 184
head35, 908, 231, 180
head35, 909, 232, 186
head35, 910, 232, 184
head35, 911, 228, 178
head35, 912, 234, 179
head35, 913, 229, 175
head35, 914, 228, 175
head35, 915, 233, 176
head35, 916, 226, 173
head35, 917, 231, 174
head35, 918, 232, 171
head35, 919, 229, 172
head35, 920, 230, 169
head35, 921, 227, 170
head35, 922, 228, 167
head35, 923, 233, 168
head35, 924, 226, 165
head35, 925, 231, 166
head35, 926, 224, 163
head35, 927, 229, 164
head35, 928, 230, 169
head35, 929, 227, 162
head35, 930, 228, 159
head35, 931, 225, 160
head35, 932, 226, 165
head35, 933, 223, 158
head35, 934, 223, 157
head35, 935, 221, 158
head35, 936, 223, 163
head35, 937, 225, 163
head35, 938, 223, 163
head35, 939, 223, 162
head35, 940, 221, 160
head35, 941, 220, 159
head35, 942, 214, 160
head35, 943, 216, 161
head35, 944, 214, 159
head35, 945, 211, 160
head35, 946, 211, 160
head35, 947, 212, 159
head35, 948, 211, 159
head35, 949, 207, 157
head35, 950, 207, 161
head35, 951, 207, 157
head35, 952, 202, 159
head35, 953, 204, 157
head35, 954, 194, 151
head35, 955, 196, 149
head35, 956, 194, 151
head35, 957, 198, 156
head35, 958, 200, 147
head35, 959, 198, 150
head35, 960, 200, 149
head35, 961, 198, 144
head35, 962, 200, 151
head35, 963, 198, 146
head35, 964, 199, 149
head35, 965, 196, 140
head35, 966, 200, 146
head35, 967, 205, 148
head35, 968, 196, 141
head35, 969, 199, 138
head35, 970, 198, 139
head35, 971, 193, 136
head35, 972, 198, 138
head35, 973, 206, 140
head35, 974, 197, 139
head35, 975, 205, 140
head35, 976, 195, 134
head35, 977, 199, 137
head35, 978, 197, 135
head35, 979, 191, 129
head35, 980, 197, 127
head35, 981, 196, 131
head35, 982, 191, 123
head35, 983, 194, 130
head35, 984, 195, 131
head35, 985, 192, 128
head35, 986, 197, 127
head35, 987, 192, 128
head35, 988, 191, 125
head35, 990, 186, 126
head35, 991, 194, 124
head35, 992, 186, 123
head35, 993, 189, 122
head35, 994, 183, 123
head35, 995, 184, 119
head35, 996, 184, 125
head35, 997, 186, 124
head35, 998, 178, 123
head35, 999, 176, 120
head35, 1000, 175, 119
head35, 1001, 174, 118
head35, 1002, 170, 114
head35, 1003, 171, 120
head35, 1004, 172, 122
head35, 1005, 161, 112
head35, 1006, 166, 123
head35, 1007, 167, 114
head35, 1008, 164, 117
head35, 1009, 181, 132
head35, 1010, 186, 127
head35, 1011, 179, 134
head35, 1012, 184, 129
head35, 1013, 185, 128
head35, 1014, 182, 123
head35, 1015, 159, 114
head35, 1016, 156, 109
head35, 1017, 157, 105
head35, 1019, 157, 103
head35, 1020, 163, 101
head35, 1021, 162, 104
head35, 1022, 162, 101
head35, 1023, 164, 104
head35, 1024, 166, 94
head35, 1025, 166, 92
head35, 1026, 162, 94
head35, 1027, 162, 92
head35, 1028, 166, 86
head35, 1029, 166, 92
head35, 1030, 162, 86
head35, 1031, 162, 84
head35, 1032, 166, 86
head35, 1033, 166, 84
head35, 1034, 162, 86
head35, 1035, 162, 84
head35, 1036, 158, 86
head35, 1037, 164, 89
head35, 1038, 158, 80
head35, 1039, 164, 75
head35, 1040, 158, 74
head35, 1041, 156, 77
head35, 1042, 158, 76
head35, 1043, 156, 79
head35, 1044, 158, 70
head35, 1045, 156, 73
head35, 1046, 150, 72
head35, 1047, 148, 75
head35, 1048, 150, 66
head35, 1049, 148, 69
head35, 1050, 150, 68
head35, 1051, 148, 71
head35, 1052, 150, 70
head35, 1053, 148, 65
head35, 1054, 150, 64
head35, 1055, 148, 67
head35, 1056, 150, 66
head35, 1057, 148, 61
head35, 1058, 150, 60
head35, 1059, 148, 63
head35, 1060, 150, 62
head35, 1061, 148, 65
head35, 1062, 150, 64
head35, 1063, 148, 59
head35, 1064, 150, 58
head35, 1065, 151, 62
head35, 1066, 157, 62
head35, 1067, 159, 60
head35, 1068, 149, 62
head35, 1069, 151, 60
head35, 1070, 149, 78
head35, 1071, 167, 100
head35, 1072, 175, 106
head35, 1073, 171, 98
head35, 1074, 174, 97
head35, 1075, 173, 100
head35, 1076, 176, 99
head35, 1077, 180, 96
head35, 1078, 180, 89
head35, 1079, 176, 94
head35, 1080, 176, 87
head35, 1081, 180, 92
head35, 1082, 180, 85
head35, 1083, 184, 90
head35, 1084, 184, 91
head35, 1085, 180, 88
head35, 1086, 180, 89
head35, 1087, 184, 86
head35, 1088, 184, 87
head35, 1089, 180, 84
head35, 1090, 180, 85
head35, 1091, 184, 82
head35, 1092, 184, 83
head35, 1093, 180, 80
head35, 1094, 180, 81
head35, 1095, 184, 78
head35, 1096, 184, 79
head35, 1097, 180, 76
head35, 1098, 180, 77
head35, 1099, 176, 82
head35, 1100, 176, 75
head35, 1101, 180, 80
head35, 1102, 172, 73
head35, 1103, 176, 78
head35, 1104, 176, 71
head35, 1105, 172, 76
head35, 1106, 172, 69
head35, 1107, 168, 74
head35, 1108, 168, 75
