head0,269,43.0,157.0
head0,270,45.0,155.0
head0,271,51.0,160.0
head0,272,50.0,151.0
head0,273,52.0,150.0
head0,274,54.0,157.0
head0,275,56.0,148.0
head0,277,57.0,148.0
head0,278,57.0,140.0
head0,279,61.0,145.0
head0,281,68.0,142.0
head0,282,71.0,142.0
head0,283,73.0,135.0
head0,285,78.0,135.0
head0,288,83.0,134.0
head0,290,90.0,136.0
head0,291,92.0,135.0
head0,292,85.0,130.0
head0,293,88.0,129.0
head0,294,94.0,135.0
head0,295,97.0,135.0
head0,296,94.0,137.0
head0,297,93.0,137.0
head1,269,43.0,213.0
head1,270,44.0,212.0
head1,271,44.0,210.0
head1,272,46.0,208.0
head1,273,48.0,206.0
head1,274,49.0,204.0
head1,275,51.0,199.0
head1,276,53.0,201.0
head1,277,55.0,200.0
head1,278,57.0,198.0
head1,279,58.0,196.0
head1,281,68.0,198.0
head1,282,71.0,198.0
head1,283,73.0,191.0
head1,285,78.0,191.0
head1,288,83.0,190.0
head1,290,90.0,192.0
head1,291,92.0,191.0
head1,292,85.0,186.0
head1,293,93.0,183.0
head1,294,88.0,186.0
head1,295,90.0,186.0
head1,296,94.0,185.0
head1,297,95.0,186.0
head1,298,98.0,182.0
head1,299,98.0,181.0
head1,300,108.0,184.0
head1,301,100.0,180.0
head1,303,108.0,174.0
head1,304,108.0,174.0
head1,305,102.0,178.0
head1,306,110.0,172.0
head2,389,132.0,134.0
head2,390,134.0,145.0
head2,391,130.0,142.0
head2,392,131.0,139.0
head2,393,135.0,137.0
head2,397,139.0,122.0
head2,398,141.0,119.0
head2,399,142.0,115.0
head2,400,142.0,116.0
head2,401,135.0,113.0
head2,402,135.0,111.0
head2,403,144.0,116.0
head2,404,144.0,112.0
head2,405,147.0,103.0
head2,406,151.0,103.0
head2,407,157.0,107.0
head2,408,149.0,100.0
head2,409,149.0,99.0
head2,410,156.0,96.0
head2,411,156.0,93.0
head2,412,143.0,95.0
head3,388,156.0,196.0
head3,390,159.0,190.0
head3,391,158.0,164.0
head3,392,137.0,126.0
head3,393,135.0,137.0
head3,394,129.0,128.0
head3,395,143.0,115.0
head3,396,146.0,119.0
head3,397,139.0,122.0
head3,398,141.0,119.0
head3,399,142.0,115.0
head3,400,142.0,116.0
head3,401,135.0,113.0
head3,402,135.0,111.0
head3,403,144.0,116.0
head3,404,144.0,112.0
head3,405,147.0,103.0
head3,406,151.0,103.0
head3,407,157.0,107.0
head3,408,149.0,100.0
head3,409,149.0,99.0
head3,410,156.0,96.0
head3,411,156.0,93.0
head3,412,143.0,95.0
head4,395,157.0,188.0
head4,397,155.0,186.0
head4,398,157.0,191.0
head4,399,158.0,187.0
head4,400,158.0,180.0
head4,401,159.0,185.0
head4,402,167.0,183.0
head4,403,160.0,180.0
head4,404,168.0,184.0
head4,405,169.0,181.0
head4,406,170.0,179.0
head4,407,173.0,171.0
head4,408,173.0,172.0
head4,410,180.0,168.0
head4,411,180.0,173.0
head4,412,191.0,167.0
head4,414,174.0,168.0
head4,416,176.0,162.0
head4,417,176.0,158.0
head4,420,183.0,146.0
head4,424,183.0,153.0
head5,409,233.0,220.0
head5,410,232.0,224.0
head5,411,219.0,216.0
head5,412,218.0,220.0
head5,413,221.0,220.0
head5,414,222.0,223.0
head5,415,221.0,229.0
head5,416,210.0,220.0
head5,417,211.0,215.0
head5,418,208.0,219.0
head5,419,215.0,219.0
head5,420,214.0,218.0
head5,421,213.0,222.0
head5,422,213.0,218.0
head5,423,202.0,218.0
head5,424,210.0,220.0
head5,426,208.0,216.0
head5,427,200.0,216.0
head5,429,202.0,215.0
head5,430,194.0,214.0
head5,431,194.0,214.0
head5,432,201.0,214.0
head5,434,196.0,212.0
head5,435,202.0,203.0
head6,367,109.0,208.0
head6,371,114.0,205.0
head6,372,107.0,198.0
head6,373,112.0,204.0
head6,374,113.0,198.0
head6,375,102.0,188.0
head6,376,71.0,198.0
head6,377,60.0,196.0
head6,378,45.0,174.0
head6,379,52.0,172.0
head6,380,47.0,166.0
head6,381,44.0,172.0
head6,382,44.0,166.0
head6,383,52.0,172.0
head6,384,72.0,190.0
head6,385,96.0,188.0
head6,386,109.0,191.0
head6,387,107.0,194.0
head6,388,108.0,188.0
head6,389,108.0,190.0
head6,390,110.0,193.0
head6,391,98.0,190.0
head6,392,99.0,187.0
head6,393,104.0,181.0
head6,394,95.0,188.0
head6,395,101.0,180.0
head6,396,114.0,175.0
head6,397,107.0,174.0
head6,398,112.0,169.0
head6,399,105.0,168.0
head6,400,102.0,171.0
head6,401,95.0,170.0
head6,402,100.0,173.0
head6,403,109.0,164.0
head6,404,98.0,167.0
head6,405,107.0,166.0
head6,406,112.0,169.0
head6,407,106.0,174.0
head6,408,107.0,172.0
head6,409,112.0,166.0
head6,410,117.0,179.0
head6,411,109.0,178.0
head6,412,117.0,177.0
head6,413,110.0,171.0
head6,414,110.0,176.0
head6,415,112.0,177.0
head6,416,121.0,169.0
head6,417,114.0,177.0
head6,418,126.0,169.0
head6,419,127.0,172.0
head6,420,122.0,171.0
head6,421,132.0,171.0
head6,422,124.0,170.0
head6,423,126.0,165.0
head6,425,128.0,174.0
head6,429,127.0,160.0
head6,430,129.0,166.0
head6,431,130.0,163.0
head6,432,131.0,159.0
head6,433,130.0,157.0
head6,434,122.0,163.0
head6,435,128.0,155.0
head6,436,129.0,161.0
head6,437,119.0,161.0
head6,439,119.0,153.0
head7,434,168.0,107.0
head7,435,169.0,99.0
head7,436,182.0,71.0
head7,437,183.0,68.0
head7,438,180.0,69.0
head7,439,181.0,66.0
head7,440,178.0,59.0
head7,441,171.0,64.0
head7,442,168.0,57.0
head7,443,169.0,62.0
head7,444,174.0,63.0
head7,445,191.0,68.0
head7,446,188.0,61.0
head7,447,173.0,58.0
head7,448,178.0,59.0
head7,449,171.0,56.0
head7,450,184.0,57.0
head7,451,177.0,54.0
head7,452,166.0,63.0
head7,453,167.0,68.0
head7,454,180.0,61.0
head8,360,224.0,261.0
head8,362,215.0,260.0
head8,363,202.0,247.0
head8,364,201.0,246.0
head8,365,196.0,249.0
head8,366,195.0,248.0
head8,367,222.0,259.0
head8,368,229.0,258.0
head8,369,216.0,245.0
head8,370,199.0,236.0
head8,375,162.0,207.0
head8,376,157.0,210.0
head8,377,148.0,201.0
head8,378,119.0,196.0
head8,379,110.0,187.0
head8,380,105.0,190.0
head8,381,110.0,203.0
head8,382,114.0,193.0
head8,383,138.0,163.0
head8,384,142.0,145.0
head8,385,134.0,142.0
head8,386,106.0,127.0
head8,387,98.0,116.0
head8,388,86.0,125.0
head8,389,86.0,122.0
head8,390,98.0,115.0
head8,391,90.0,120.0
head8,395,86.0,137.0
head8,397,102.0,174.0
head8,398,98.0,191.0
head8,399,98.0,188.0
head8,400,118.0,165.0
head8,401,134.0,122.0
head8,402,135.0,111.0
head8,403,144.0,116.0
head8,404,144.0,112.0
head8,405,147.0,103.0
head8,406,151.0,103.0
head8,407,157.0,107.0
head8,408,149.0,100.0
head8,409,149.0,99.0
head8,410,156.0,96.0
head8,411,156.0,93.0
head8,412,143.0,95.0
head8,413,142.0,93.0
head8,414,145.0,87.0
head8,415,153.0,84.0
head8,416,152.0,82.0
head8,417,152.0,78.0
head8,419,150.0,75.0
head8,420,150.0,73.0
head8,421,150.0,70.0
head8,422,149.0,68.0
head8,423,144.0,62.0
head8,424,151.0,65.0
head8,425,151.0,62.0
head8,426,152.0,57.0
head8,427,150.0,67.0
head8,428,151.0,64.0
head8,429,151.0,53.0
head8,430,155.0,60.0
head8,431,155.0,55.0
head8,433,151.0,62.0
head8,434,157.0,62.0
head8,437,183.0,66.0
head8,438,189.0,66.0
head8,439,175.0,70.0
head8,440,173.0,62.0
head8,441,167.0,66.0
head8,442,165.0,58.0
head8,443,167.0,62.0
head8,444,173.0,62.0
head8,446,191.0,58.0
head8,447,189.0,66.0
head8,448,175.0,54.0
head8,449,181.0,52.0
head8,450,183.0,62.0
head8,451,189.0,60.0
head8,452,175.0,70.0
head8,453,173.0,68.0
head8,454,183.0,54.0
head8,455,173.0,68.0
head8,459,167.0,62.0
head9,282,186.0,183.0
head9,283,187.0,181.0
head9,284,184.0,167.0
head9,285,177.0,173.0
head9,286,174.0,175.0
head9,287,175.0,173.0
head9,288,180.0,167.0
head9,289,173.0,173.0
head9,290,182.0,165.0
head9,291,171.0,177.0
head9,293,148.0,169.0
head9,294,105.0,141.0
head9,295,97.0,135.0
head9,296,94.0,137.0
head9,297,93.0,137.0
head9,298,88.0,133.0
head9,299,95.0,133.0
head9,300,98.0,129.0
head9,301,97.0,129.0
head9,302,92.0,133.0
head9,305,99.0,125.0
head9,306,94.0,137.0
head9,307,93.0,129.0
head9,308,88.0,133.0
head9,309,95.0,125.0
head9,310,98.0,129.0
head9,311,89.0,129.0
head9,312,92.0,125.0
head9,313,91.0,125.0
head9,314,86.0,129.0
head9,315,85.0,129.0
head9,316,104.0,125.0
head9,317,103.0,125.0
head9,318,90.0,129.0
head9,319,89.0,129.0
head9,320,92.0,125.0
head9,321,83.0,125.0
head9,322,94.0,121.0
head9,323,85.0,121.0
head9,324,88.0,125.0
head9,325,103.0,117.0
head9,326,98.0,121.0
head9,327,81.0,121.0
head9,328,84.0,125.0
head9,329,75.0,117.0
head9,330,86.0,121.0
head9,331,93.0,113.0
head9,332,88.0,117.0
head9,333,87.0,117.0
head9,334,82.0,113.0
head9,335,81.0,121.0
head9,336,84.0,117.0
head9,337,91.0,117.0
head9,338,94.0,113.0
head9,339,101.0,113.0
head9,340,88.0,117.0
head9,341,95.0,117.0
head9,342,90.0,113.0
head9,343,97.0,113.0
head9,344,92.0,117.0
head9,345,91.0,117.0
head9,346,94.0,113.0
head9,347,93.0,113.0
head9,348,88.0,117.0
head9,349,87.0,117.0
head9,350,98.0,113.0
head9,351,105.0,113.0
head9,352,100.0,125.0
head9,353,91.0,117.0
head9,354,94.0,113.0
head9,355,93.0,113.0
head9,356,104.0,109.0
head9,357,103.0,109.0
head9,358,98.0,113.0
head9,359,105.0,113.0
head9,360,100.0,109.0
head9,361,99.0,117.0
head9,362,94.0,113.0
head9,363,93.0,113.0
head9,364,104.0,109.0
head9,365,95.0,109.0
head9,366,90.0,113.0
head9,367,89.0,113.0
head9,368,92.0,109.0
head9,369,99.0,109.0
head9,370,94.0,113.0
head9,371,85.0,113.0
head9,372,96.0,109.0
head9,373,95.0,117.0
head9,374,90.0,113.0
head9,375,89.0,113.0
head9,376,92.0,117.0
head9,377,91.0,117.0
head9,378,94.0,113.0
head9,379,93.0,113.0
head9,380,88.0,117.0
head9,381,95.0,117.0
head9,382,98.0,121.0
head9,383,89.0,121.0
head9,385,60.0,141.0
head9,386,52.0,181.0
head9,387,68.0,201.0
head9,388,96.0,201.0
head9,389,104.0,181.0
head9,390,110.0,193.0
head9,391,98.0,190.0
head9,392,99.0,187.0
head9,393,104.0,181.0
head9,394,95.0,188.0
head9,395,101.0,180.0
head9,396,114.0,175.0
head9,397,107.0,174.0
head9,398,112.0,169.0
head9,399,105.0,168.0
head9,400,102.0,171.0
head9,401,95.0,170.0
head9,402,100.0,173.0
head9,403,109.0,164.0
head9,404,98.0,167.0
head9,405,107.0,166.0
head9,406,112.0,169.0
head9,407,106.0,174.0
head9,408,107.0,172.0
head9,409,112.0,166.0
head9,410,117.0,179.0
head9,411,109.0,178.0
head9,412,117.0,177.0
head9,413,110.0,171.0
head9,414,110.0,176.0
head9,415,112.0,177.0
head9,416,121.0,169.0
head9,417,114.0,177.0
head9,418,126.0,169.0
head9,419,127.0,172.0
head9,420,122.0,171.0
head9,421,132.0,171.0
head9,422,124.0,170.0
head9,423,126.0,165.0
head9,425,128.0,174.0
head9,426,126.0,171.0
head9,428,120.0,172.0
head9,429,127.0,160.0
head9,430,129.0,166.0
head9,431,130.0,163.0
head9,432,131.0,159.0
head9,433,130.0,157.0
head9,434,122.0,163.0
head9,435,128.0,155.0
head9,436,129.0,161.0
head9,437,119.0,161.0
head9,438,121.0,149.0
head9,439,119.0,153.0
head9,440,121.0,145.0
head9,441,119.0,117.0
head9,442,113.0,109.0
head9,443,119.0,105.0
head9,444,121.0,105.0
head9,445,111.0,109.0
head9,446,121.0,101.0
head9,447,151.0,73.0
head9,448,177.0,60.0
head9,449,183.0,52.0
head9,450,185.0,52.0
head9,451,183.0,64.0
head9,452,169.0,72.0
head9,453,167.0,68.0
head9,454,153.0,68.0
head9,457,143.0,80.0
head9,458,121.0,104.0
head9,459,131.0,110.0
head9,460,132.0,110.0
head9,461,131.0,109.0
head9,462,135.0,101.0
head9,463,127.0,105.0
head9,464,138.0,110.0
head9,465,135.0,105.0
head9,466,152.0,80.0
head9,467,165.0,67.0
head9,468,158.0,66.0
head9,469,155.0,69.0
head9,470,164.0,60.0
head9,471,153.0,63.0
head9,473,146.0,70.0
head9,474,143.0,97.0
head9,475,136.0,104.0
head9,476,149.0,91.0
head9,477,142.0,66.0
head10,507,111.0,261.0
head10,508,115.0,267.0
head10,509,107.0,261.0
head10,510,119.0,259.0
head10,511,119.0,253.0
head10,512,115.0,259.0
head10,513,115.0,261.0
head10,514,119.0,259.0
head10,516,143.0,245.0
head10,517,171.0,235.0
head10,518,182.0,240.0
head10,519,175.0,245.0
head10,520,180.0,240.0
head10,521,165.0,239.0
head10,522,170.0,234.0
head10,523,179.0,233.0
head10,524,168.0,236.0
head10,525,153.0,219.0
head10,526,158.0,214.0
head10,527,143.0,205.0
head10,528,108.0,192.0
head10,529,85.0,175.0
head10,530,82.0,138.0
head11,495,256.0,187.0
head11,497,257.0,185.0
head11,498,261.0,163.0
head11,499,255.0,145.0
head11,500,260.0,147.0
head11,501,260.5,145.0
head11,502,258.0,147.0
head11,503,259.0,145.0
head11,504,256.0,147.0
head11,505,257.0,145.0
head11,506,254.0,147.0
head11,507,255.0,145.0
head11,508,252.0,147.0
head11,509,253.0,145.0
head11,510,258.0,147.0
head11,511,251.0,145.0
head11,512,256.0,147.0
head11,513,249.0,145.0
head11,514,254.0,147.0
head11,515,255.0,145.0
head11,516,260.0,147.0
head11,517,253.0,145.0
head11,518,258.0,147.0
head11,520,259.0,153.0
head11,521,256.0,147.0
head11,523,257.0,153.0
head11,524,254.0,155.0
head11,526,255.0,185.0
head11,528,244.0,195.0
head11,529,245.0,193.0
head11,530,250.0,187.0
head11,531,251.0,185.0
head11,532,256.0,163.0
head11,533,249.0,153.0
head11,534,222.0,155.0
head11,535,191.0,137.0
head11,536,148.0,99.0
head12,512,128.0,139.0
head12,513,130.0,137.0
head12,514,130.0,136.0
head12,516,140.0,135.0
head12,517,139.0,134.0
head12,519,149.0,139.0
head12,520,140.0,130.0
head12,521,137.0,131.0
head12,522,133.0,130.0
head12,523,141.0,131.0
head12,524,143.0,126.0
head12,525,153.0,132.0
head12,526,152.0,130.0
head12,527,154.0,136.0
head12,528,145.0,126.0
head12,529,146.0,125.0
head12,530,147.0,133.0
head12,531,148.0,133.0
head12,532,149.0,124.0
head12,533,149.0,124.0
head12,534,151.0,132.0
head12,535,153.0,126.0
head12,536,157.0,124.0
head12,537,157.0,132.0
head12,538,158.0,124.0
head12,540,145.0,123.0
head12,541,138.0,122.0
head12,542,139.0,121.0
head12,543,139.0,115.0
head13,492,186.0,182.0
head13,493,192.0,183.0
head13,494,194.0,172.0
head13,495,192.0,171.0
head13,496,197.0,186.0
head13,497,193.0,177.0
head13,498,201.0,164.0
head13,499,197.0,163.0
head13,500,173.0,142.0
head13,501,153.0,101.0
head13,502,153.0,80.0
head13,503,165.0,71.0
head13,504,157.0,74.0
head13,505,153.0,81.0
head13,506,153.0,84.0
head13,507,157.0,67.0
head13,511,173.0,62.0
head13,513,177.0,69.0
head13,514,185.0,96.0
head13,515,173.0,103.0
head13,516,180.0,111.0
head13,517,167.0,107.0
head13,518,166.0,83.0
head13,519,173.0,75.0
head13,520,180.0,74.0
head13,521,164.0,71.0
head13,522,166.0,69.0
head13,523,172.0,63.0
head13,525,174.0,61.0
head13,526,180.0,63.0
head13,527,174.0,85.0
head13,528,180.0,87.0
head13,529,182.0,85.0
head13,530,179.0,85.0
head13,531,180.0,105.0
head13,532,177.0,105.0
head13,533,162.0,101.0
head13,534,159.0,109.0
head13,535,152.0,105.0
head13,536,157.0,97.0
head13,537,158.0,101.0
head13,538,171.0,93.0
head13,539,181.0,100.0
head13,540,171.0,103.0
head13,541,165.0,94.0
head13,542,163.0,97.0
head13,543,173.0,96.0
head13,544,163.0,75.0
head13,549,149.0,66.0
head13,551,155.0,77.0
head13,552,181.0,68.0
head13,553,187.0,71.0
head13,554,181.0,70.0
head13,555,179.0,65.0
head13,556,181.0,64.0
head13,557,195.0,59.0
head13,558,189.0,58.0
head13,559,195.0,61.0
head13,560,197.0,60.0
head13,561,179.0,55.0
head13,562,157.0,62.0
head13,563,147.0,65.0
head13,564,157.0,64.0
head13,565,155.0,67.0
head13,566,149.0,66.0
head13,567,147.0,69.0
head13,568,149.0,68.0
head13,569,147.0,71.0
head13,570,149.0,70.0
head13,571,147.0,65.0
head13,572,149.0,64.0
head13,573,139.0,67.0
head13,574,149.0,66.0
head13,575,179.0,61.0
head13,579,189.0,68.0
head13,583,179.0,63.0
head13,584,157.0,62.0
head13,585,155.0,65.0
head13,586,165.0,56.0
head13,587,163.0,60.0
head13,588,157.0,68.0
head13,589,155.0,64.0
head13,590,157.0,64.0
head13,591,155.0,60.0
head13,592,157.0,60.0
head13,593,155.0,64.0
head13,594,141.0,80.0
head13,595,147.0,84.0
head13,596,165.0,68.0
head13,597,187.0,64.0
head13,600,189.0,64.0
head13,603,171.0,68.0
head13,604,173.0,76.0
head13,605,187.0,72.0
head14,479,190.0,186.0
head14,483,191.0,180.0
head14,484,180.0,154.0
head14,485,157.0,108.0
head14,486,154.0,66.0
head14,488,163.0,60.0
head14,489,184.0,66.0
head14,490,193.0,68.0
head14,491,190.0,58.0
head14,493,191.0,52.0
head14,495,180.0,60.0
head14,496,157.0,72.0
head14,497,154.0,72.0
head14,498,171.0,60.0
head14,499,168.0,68.0
head14,500,185.0,64.0
head14,501,182.0,64.0
head14,502,159.0,68.0
head14,503,156.0,76.0
head14,504,157.0,72.0
head14,505,162.0,72.0
head14,506,155.0,76.0
head14,507,152.0,76.0
head14,508,153.0,64.0
head14,511,158.0,64.0
head14,513,159.0,76.0
head14,514,172.0,92.0
head14,515,165.0,104.0
head14,516,154.0,104.0
head14,517,163.0,84.0
head14,518,176.0,68.0
head14,519,173.0,75.0
head14,520,180.0,74.0
head14,521,164.0,71.0
head14,522,166.0,69.0
head14,523,172.0,63.0
head14,525,174.0,61.0
head14,526,180.0,63.0
head14,527,174.0,85.0
head14,528,180.0,87.0
head14,529,182.0,85.0
head14,530,179.0,85.0
head14,531,180.0,105.0
head14,532,177.0,105.0
head14,533,162.0,101.0
head14,534,159.0,109.0
head14,535,152.0,105.0
head14,536,157.0,97.0
head14,537,158.0,101.0
head14,538,171.0,93.0
head14,539,181.0,100.0
head14,540,171.0,103.0
head14,541,165.0,94.0
head14,542,163.0,97.0
head14,543,173.0,96.0
head14,544,163.0,75.0
head14,549,149.0,66.0
head14,551,155.0,77.0
head14,552,181.0,68.0
head14,553,187.0,71.0
head14,554,181.0,70.0
head14,555,179.0,65.0
head14,556,181.0,64.0
head14,557,195.0,59.0
head14,558,189.0,58.0
head14,559,195.0,61.0
head14,560,197.0,60.0
head14,561,179.0,55.0
head14,562,157.0,62.0
head14,563,147.0,65.0
head14,564,157.0,64.0
head14,565,155.0,67.0
head14,566,149.0,66.0
head14,567,147.0,69.0
head14,568,149.0,68.0
head14,569,147.0,71.0
head14,570,149.0,70.0
head14,571,147.0,65.0
head14,572,149.0,64.0
head14,573,139.0,67.0
head14,574,149.0,66.0
head14,575,179.0,61.0
head14,579,189.0,68.0
head14,583,179.0,63.0
head14,584,157.0,62.0
head14,585,155.0,65.0
head14,586,165.0,56.0
head14,587,163.0,60.0
head14,588,157.0,68.0
head14,589,155.0,64.0
head14,590,157.0,64.0
head14,591,155.0,60.0
head14,592,157.0,60.0
head14,593,155.0,64.0
head14,594,141.0,80.0
head14,595,147.0,84.0
head14,596,165.0,68.0
head14,597,187.0,64.0
head14,600,189.0,64.0
head14,603,171.0,68.0
head14,604,173.0,76.0
head14,605,187.0,72.0
head15,566,65.0,252.0
head15,567,68.0,248.0
head15,568,72.0,252.0
head15,570,72.0,248.0
head15,574,81.0,252.0
head15,576,84.0,242.0
head15,577,68.0,240.0
head15,579,67.0,236.0
head15,583,78.0,245.0
head15,586,87.0,252.0
head15,588,87.0,254.0
head15,590,90.0,253.0
head15,594,90.0,257.0
head15,595,88.0,251.0
head15,596,88.0,239.0
head15,599,83.0,249.0
head15,600,92.0,249.0
head15,601,85.0,242.0
head15,602,87.0,242.0
head15,604,89.0,241.0
head15,606,90.0,248.0
head15,608,92.0,246.0
head15,610,89.0,238.0
head15,615,98.0,246.0
head15,618,101.0,243.0
head15,619,99.0,247.0
head15,620,102.0,244.0
head15,622,93.0,237.0
head16,594,99.0,179.0
head16,596,109.0,172.0
head16,597,110.0,170.0
head16,600,116.0,177.0
head16,601,109.0,170.0
head16,602,111.0,178.0
head16,605,113.0,172.0
head16,608,116.0,174.0
head16,610,121.0,166.0
head16,613,119.0,166.0
head16,615,122.0,166.0
head16,617,130.0,155.0
head16,618,125.0,163.0
head16,619,131.0,159.0
head16,620,134.0,164.0
head16,622,133.0,157.0
head16,624,147.0,158.0
head16,626,140.0,158.0
head16,627,140.0,157.0
head16,628,142.0,156.0
head16,630,143.0,156.0
head17,624,195.0,208.0
head17,626,194.0,206.0
head17,627,181.0,208.0
head17,628,188.0,204.0
head17,629,189.0,202.0
head17,630,186.0,196.0
head17,631,183.0,199.0
head17,632,184.0,190.0
head17,633,189.0,193.0
head17,634,182.0,192.0
head17,635,179.0,195.0
head17,636,172.0,194.0
head17,637,177.0,197.0
head17,638,170.0,196.0
head17,639,175.0,191.0
head17,640,184.0,190.0
head17,641,181.0,185.0
head17,642,174.0,160.0
head17,643,163.0,115.0
head17,644,148.0,66.0
head17,646,153.0,68.0
head18,645,232.0,129.0
head18,646,232.0,128.0
head18,647,232.0,129.0
head18,648,232.0,126.0
head18,649,232.0,130.0
head18,650,235.0,128.0
head18,651,234.0,126.0
head18,652,235.0,126.0
head18,653,230.0,127.0
head18,654,228.0,134.0
head18,655,229.0,126.0
head18,656,231.0,126.0
head18,657,229.0,123.0
head18,658,230.0,124.0
head18,660,235.0,136.0
head18,661,226.0,127.0
head18,663,235.0,124.0
head18,664,226.0,130.0
head18,665,225.0,124.0
head18,666,227.0,134.0
head18,667,231.0,126.0
head18,668,231.0,125.0
head18,669,232.0,123.0
head18,670,225.0,124.0
head18,671,226.0,124.0
head18,673,228.0,124.0
head18,675,228.0,120.0
head19,659,156.0,95.0
head19,661,157.0,98.0
head19,662,146.0,97.0
head19,663,147.0,92.0
head19,664,158.0,101.0
head19,665,157.0,90.0
head19,666,152.0,92.0
head19,667,167.0,82.0
head19,668,165.0,92.0
head19,669,155.0,92.0
head19,670,161.0,92.0
head19,671,154.0,84.0
head19,674,151.0,80.0
head19,675,152.0,80.0
head19,676,157.0,92.0
head19,677,150.0,100.0
head19,678,155.0,88.0
head19,679,161.0,101.0
head19,680,163.0,94.0
head19,681,145.0,67.0
head19,684,147.0,68.0
head19,686,153.0,65.0
head19,687,163.0,66.0
head19,688,177.0,63.0
head19,690,187.0,64.0
head19,691,177.0,53.0
head19,693,171.0,68.0
head19,694,169.0,71.0
head20,691,156.0,121.0
head20,692,155.0,119.0
head20,693,150.0,121.0
head20,694,149.0,127.0
head20,695,144.0,129.0
head20,696,151.0,119.0
head20,697,156.0,113.0
head20,700,181.0,111.0
head20,701,182.0,118.0
head20,703,187.0,105.0
head20,704,185.0,120.0
head20,705,184.0,111.0
head20,707,163.0,106.0
head20,708,122.0,121.0
head20,709,127.0,119.0
head20,710,134.0,117.0
head20,711,126.0,123.0
head20,712,127.0,123.0
head20,713,128.0,125.0
head20,714,122.0,125.0
head20,715,126.0,124.0
head20,716,127.0,123.0
head20,717,131.0,118.0
head20,718,140.0,121.0
head20,719,127.0,120.0
head21,701,145.0,227.0
head21,702,152.0,221.0
head21,703,149.0,223.0
head21,704,150.0,224.0
head21,705,151.0,223.0
head21,706,152.0,223.0
head21,707,153.0,216.0
head21,708,155.0,215.0
head21,709,156.0,216.0
head21,710,149.0,216.0
head21,711,150.0,219.0
head21,712,151.0,219.0
head21,713,152.0,221.0
head21,714,146.0,222.0
head21,716,147.0,219.0
head21,717,155.0,222.0
head21,718,149.0,209.0
head21,719,151.0,216.0
head21,720,152.0,209.0
head21,721,154.0,216.0
head21,722,156.0,207.0
head21,724,153.0,214.0
head21,725,153.0,208.0
head21,726,153.0,213.0
head21,727,152.0,214.0
head21,728,153.0,221.0
head21,729,156.0,219.0
head21,730,152.0,213.0
head21,731,153.0,213.0
head21,732,147.0,213.0
head21,733,157.0,218.0
head21,737,151.0,212.0
head21,739,150.0,213.0
head21,740,157.0,209.0
head21,741,149.0,208.0
head22,680,184.0,190.0
head22,682,186.0,182.0
head22,683,185.0,181.0
head22,684,187.0,185.0
head22,685,194.0,183.0
head22,686,196.0,186.0
head22,687,187.0,185.0
head22,688,185.0,191.0
head22,689,185.0,186.0
head22,690,184.0,188.0
head22,691,185.0,185.0
head22,692,188.0,182.0
head22,693,180.0,187.0
head22,695,181.0,191.0
head22,696,179.0,188.0
head22,697,188.0,185.0
head22,698,185.0,184.0
head22,699,182.0,184.0
head22,700,182.0,182.0
head22,701,182.0,182.0
head22,703,176.0,185.0
head22,706,179.0,177.0
head22,707,180.0,175.0
head22,708,182.0,178.0
head22,709,183.0,175.0
head22,710,195.0,183.0
head22,714,186.0,181.0
head22,715,186.0,182.0
head22,716,196.0,175.0
head22,717,187.0,174.0
head22,718,188.0,177.0
head22,719,191.0,176.0
head22,720,184.0,169.0
head22,721,188.0,172.0
head22,723,190.0,178.0
head22,725,193.0,176.0
head22,726,199.0,174.0
head22,728,193.0,173.0
head22,730,192.0,173.0
head22,731,193.0,173.0
head22,732,195.0,173.0
head22,733,197.0,178.0
head22,734,197.0,172.0
head22,735,200.0,175.0
head22,736,200.0,189.0
head22,737,199.0,180.0
head22,738,198.0,177.0
head22,741,213.0,174.0
head22,743,221.0,166.0
head23,751,191.0,173.0
head23,752,199.0,170.0
head23,753,198.0,168.0
head23,754,199.0,167.0
head23,755,204.0,164.0
head23,756,199.0,162.0
head23,757,193.0,163.0
head23,759,198.0,162.0
head23,760,200.0,160.0
head23,761,200.0,161.0
head23,762,200.0,158.0
head23,763,192.0,160.0
head23,764,199.0,157.0
head23,765,198.0,153.0
head23,766,198.0,145.0
head23,767,190.0,152.0
head23,768,198.0,154.0
head23,769,188.0,145.0
head23,770,196.0,148.0
head23,772,188.0,147.0
head23,773,187.0,150.0
head23,774,187.0,151.0
head23,775,187.0,148.0
head23,776,189.0,144.0
head23,777,181.0,142.0
head23,778,184.0,142.0
head23,779,184.0,140.0
head23,780,190.0,140.0
head23,781,197.0,139.0
head23,782,193.0,141.0
head23,783,193.0,137.0
head23,784,181.0,135.0
head23,785,188.0,132.0
head23,786,187.0,132.0
head23,787,185.0,132.0
head23,788,184.0,131.0
head23,789,181.0,131.0
head24,741,261.0,150.0
head24,742,260.0,150.0
head24,743,261.5,154.0
head24,744,259.0,150.0
head24,745,259.0,150.0
head24,746,257.0,158.0
head24,747,262.0,152.0
head24,748,256.0,152.0
head24,749,254.0,156.0
head24,750,240.0,164.0
head24,752,206.0,168.0
head24,753,198.0,168.0
head24,754,199.0,167.0
head24,755,204.0,164.0
head24,756,199.0,162.0
head24,757,193.0,163.0
head24,759,198.0,162.0
head24,760,200.0,160.0
head24,761,200.0,161.0
head24,762,200.0,158.0
head24,763,192.0,160.0
head24,764,199.0,157.0
head24,765,198.0,153.0
head24,766,198.0,145.0
head24,767,190.0,152.0
head24,768,198.0,154.0
head24,769,188.0,145.0
head24,770,196.0,148.0
head24,772,188.0,147.0
head24,773,187.0,150.0
head24,774,187.0,151.0
head24,775,187.0,148.0
head24,776,189.0,144.0
head24,777,181.0,142.0
head24,778,184.0,142.0
head24,779,184.0,140.0
head24,780,190.0,140.0
head24,781,197.0,139.0
head24,782,193.0,141.0
head24,783,193.0,137.0
head24,784,181.0,135.0
head24,785,188.0,132.0
head24,786,187.0,132.0
head24,787,185.0,132.0
head24,788,184.0,131.0
head24,789,181.0,131.0
head25,767,171.0,219.0
head25,770,183.0,215.0
head25,771,183.0,207.0
head25,772,163.0,203.0
head25,773,123.0,187.0
head25,774,95.0,175.0
head25,776,47.0,183.0
head25,777,44.0,187.0
head25,778,36.0,187.0
head25,779,28.0,183.0
head25,780,44.0,183.0
head25,781,40.0,187.0
head25,782,44.0,187.0
head25,783,52.0,183.0
head25,784,48.0,183.0
head25,785,44.0,179.0
head25,786,60.0,179.0
head25,787,56.0,183.0
head25,788,56.0,183.0
head25,789,36.0,187.0
head25,790,36.0,187.0
head25,791,44.0,183.0
head25,792,40.0,191.0
head25,793,44.0,187.0
head25,794,36.0,187.0
head25,795,44.0,183.0
head25,796,48.0,183.0
head25,797,48.0,187.0
head25,798,36.0,187.0
head25,799,44.0,191.0
head25,800,48.0,191.0
head25,801,56.0,187.0
head25,802,44.0,187.0
head25,803,60.0,183.0
head25,804,56.0,183.0
head25,805,48.0,187.0
head25,806,52.0,179.0
head25,807,60.0,175.0
head25,808,56.0,183.0
head25,809,56.0,171.0
head25,810,52.0,171.0
head25,811,68.0,175.0
head25,812,88.0,199.0
head25,813,104.0,211.0
head25,818,100.0,203.0
head25,819,76.0,191.0
head25,820,32.0,183.0
head25,821,60.0,155.0
head25,822,68.0,147.0
head25,823,64.0,143.0
head25,824,64.0,151.0
head25,825,76.0,171.0
head25,826,68.0,171.0
head25,827,64.0,151.0
head25,829,72.0,143.0
head25,831,84.0,155.0
head25,832,76.0,171.0
head25,833,56.0,167.0
head25,834,28.0,159.0
head25,835,68.0,155.0
head25,836,96.0,147.0
head25,840,104.0,159.0
head25,841,92.0,175.0
head25,842,68.0,171.0
head25,843,68.0,147.0
head25,844,64.0,143.0
head25,845,72.0,143.0
head25,846,68.0,147.0
head25,847,76.0,139.0
head25,848,72.0,143.0
head25,849,80.0,143.0
head25,850,84.0,139.0
head25,851,84.0,139.0
head25,852,80.0,143.0
head25,853,80.0,143.0
head25,854,92.0,139.0
head25,855,84.0,139.0
head25,856,88.0,143.0
head25,857,88.0,151.0
head25,858,84.0,147.0
head25,859,92.0,147.0
head25,860,96.0,143.0
head25,861,96.0,151.0
head25,862,92.0,147.0
head25,863,76.0,139.0
head26,819,135.0,130.0
head26,823,148.0,127.0
head26,824,165.0,136.0
head26,825,162.0,133.0
head26,826,163.0,110.0
head26,827,168.0,67.0
head26,828,169.0,60.0
head26,829,182.0,57.0
head26,830,175.0,66.0
head26,831,180.0,71.0
head26,832,165.0,72.0
head26,833,170.0,69.0
head26,834,187.0,62.0
head26,835,192.0,67.0
head26,836,177.0,68.0
head26,837,166.0,65.0
head26,838,151.0,66.0
head26,841,148.0,79.0
head26,842,165.0,72.0
head26,843,170.0,53.0
head26,844,163.0,52.0
head26,845,168.0,63.0
head26,846,169.0,62.0
head26,847,182.0,57.0
head26,848,175.0,56.0
head26,849,180.0,51.0
head26,850,173.0,60.0
head26,851,182.0,67.0
head26,852,171.0,54.0
head26,853,164.0,52.0
head26,854,169.0,54.0
head26,855,170.0,60.0
head26,856,151.0,78.0
head26,857,136.0,76.0
head26,862,141.0,70.0
head26,863,142.0,68.0
head26,864,147.0,70.0
head26,865,156.0,92.0
head26,866,161.0,94.0
head26,867,154.0,76.0
head26,868,167.0,62.0
head27,850,216.0,133.0
head27,851,222.0,131.0
head27,852,216.0,125.0
head27,853,215.0,129.0
head27,854,202.0,121.0
head27,855,169.0,93.0
head27,856,148.0,69.0
head27,857,147.0,68.0
head27,858,150.0,71.0
head27,859,165.0,54.0
head27,860,160.0,68.0
head27,861,151.0,70.0
head27,862,146.0,60.0
head27,863,145.0,70.0
head27,864,148.0,68.0
head27,865,163.0,78.0
head27,866,166.0,68.0
head27,867,149.0,70.0
head27,868,144.0,68.0
head27,869,159.0,86.0
head27,870,162.0,92.0
head27,871,153.0,118.0
head27,872,160.0,131.0
head27,873,168.0,130.0
head27,874,167.0,129.0
head27,875,167.0,129.0
head27,876,167.0,127.0
head27,877,166.0,125.0
head27,878,158.0,125.0
head27,879,165.0,124.0
head27,880,160.0,111.0
head27,881,156.0,120.0
head27,882,156.0,109.0
head27,883,144.0,86.0
head27,886,144.0,83.0
head27,887,164.0,84.0
head27,888,172.0,65.0
head27,889,168.0,68.0
head27,890,144.0,67.0
head28,816,176.0,110.0
head28,817,177.0,111.0
head28,818,174.0,100.0
head28,820,175.0,93.0
head28,821,172.0,98.0
head28,822,173.0,91.0
head28,823,162.0,64.0
head28,825,171.0,68.0
head28,826,160.0,68.0
head28,828,169.0,64.0
head28,829,182.0,56.0
head28,830,175.0,68.0
head28,831,172.0,68.0
head28,832,157.0,72.0
head28,833,162.0,72.0
head28,834,155.0,68.0
head28,836,168.0,68.0
head28,837,177.0,64.0
head28,838,166.0,64.0
head28,839,151.0,60.0
head28,840,148.0,60.0
head28,841,149.0,64.0
head28,842,170.0,64.0
head28,843,187.0,60.0
head28,844,200.0,60.0
head28,845,201.0,56.0
head28,846,182.0,56.0
head28,847,167.0,60.0
head28,848,172.0,60.0
head28,849,157.0,48.0
head28,851,146.0,60.0
head28,852,147.0,92.0
head28,853,168.0,112.0
head28,854,169.0,112.0
head28,855,150.0,92.0
head28,856,143.0,76.0
head28,857,148.0,64.0
head28,858,173.0,56.0
head28,859,178.0,52.0
head28,860,163.0,60.0
head28,861,144.0,72.0
head28,862,145.0,72.0
head28,863,142.0,68.0
head28,864,143.0,68.0
head28,865,164.0,64.0
head28,866,165.0,64.0
head28,867,146.0,68.0
head28,868,147.0,68.0
head28,869,160.0,88.0
head28,870,161.0,96.0
head28,871,150.0,124.0
head28,872,160.0,131.0
head28,873,168.0,130.0
head28,874,167.0,129.0
head28,875,167.0,129.0
head28,876,167.0,127.0
head28,877,166.0,125.0
head28,878,158.0,125.0
head28,879,165.0,124.0
head28,880,160.0,111.0
head28,881,156.0,120.0
head28,882,156.0,109.0
head28,883,144.0,86.0
head28,886,144.0,83.0
head28,887,164.0,84.0
head28,888,172.0,65.0
head28,889,168.0,68.0
head28,890,144.0,67.0
head29,895,134.0,253.0
head29,898,141.0,244.0
head29,899,136.0,239.0
head29,900,143.0,248.0
head29,901,162.0,237.0
head29,902,193.0,206.0
head29,903,204.0,155.0
head29,904,195.0,108.0
head29,905,190.0,57.0
head29,906,165.0,68.0
head29,907,152.0,67.0
head29,908,143.0,78.0
head29,910,154.0,109.0
head29,911,145.0,128.0
head29,912,124.0,127.0
head29,913,123.0,138.0
head29,914,142.0,129.0
head29,915,181.0,100.0
head29,916,200.0,67.0
head29,917,199.0,68.0
head29,918,178.0,65.0
head29,919,161.0,66.0
head29,920,164.0,63.0
head29,921,179.0,56.0
head29,922,190.0,53.0
head29,923,181.0,62.0
head29,924,160.0,59.0
head29,925,151.0,60.0
head29,926,146.0,57.0
head29,927,145.0,58.0
head29,928,164.0,63.0
head29,929,163.0,56.0
head29,930,158.0,53.0
head29,931,157.0,54.0
head29,933,176.0,59.0
head29,935,183.0,84.0
head29,936,178.0,89.0
head29,937,185.0,82.0
head29,938,188.0,63.0
head29,941,187.0,60.0
head29,942,190.0,77.0
head29,943,189.0,74.0
head29,944,184.0,83.0
head29,945,159.0,72.0
head29,946,154.0,65.0
head29,949,169.0,78.0
head29,950,180.0,71.0
head29,951,179.0,68.0
head29,952,158.0,69.0
head30,895,90.0,208.0
head30,898,85.0,196.0
head30,899,84.0,188.0
head30,900,79.0,192.0
head30,901,78.0,192.0
head30,902,81.0,188.0
head30,903,88.0,180.0
head30,904,115.0,152.0
head30,905,122.0,120.0
head30,906,149.0,84.0
head30,907,156.0,68.0
head30,908,167.0,64.0
head30,909,174.0,56.0
head30,910,185.0,68.0
head30,911,184.0,60.0
head30,912,171.0,72.0
head30,913,170.0,72.0
head30,914,181.0,60.0
head30,915,180.0,60.0
head30,916,159.0,64.0
head30,917,150.0,64.0
head30,918,153.0,60.0
head30,919,168.0,60.0
head30,920,179.0,56.0
head30,921,178.0,56.0
head30,922,173.0,52.0
head30,923,164.0,60.0
head30,924,159.0,56.0
head30,925,166.0,56.0
head30,926,153.0,60.0
head30,927,144.0,60.0
head30,928,155.0,64.0
head30,929,162.0,56.0
head30,930,157.0,60.0
head30,931,148.0,52.0
head30,934,159.0,52.0
head30,937,174.0,64.0
head30,938,177.0,88.0
head30,939,176.0,92.0
head30,940,179.0,84.0
head30,941,186.0,80.0
head30,942,181.0,80.0
head30,943,180.0,84.0
head30,944,159.0,68.0
head30,946,158.0,64.0
head30,947,153.0,64.0
head30,949,152.0,68.0
head30,951,155.0,68.0
head30,952,162.0,64.0
head30,953,165.0,72.0
head30,954,156.0,68.0
head30,955,167.0,68.0
head30,956,166.0,72.0
head30,957,177.0,72.0
head30,958,176.0,68.0
head30,959,171.0,68.0
head30,960,186.0,72.0
head30,961,181.0,64.0
head30,962,180.0,60.0
head30,963,175.0,60.0
head30,964,166.0,64.0
head30,965,169.0,64.0
head30,966,168.0,60.0
head30,967,171.0,52.0
head30,968,170.0,60.0
head30,969,173.0,56.0
head30,970,164.0,56.0
head30,971,167.0,60.0
head30,972,166.0,68.0
head30,973,161.0,88.0
head30,974,160.0,88.0
head30,975,171.0,76.0
head30,976,178.0,76.0
head30,977,165.0,64.0
head30,980,172.0,72.0
head30,981,175.0,76.0
head30,982,166.0,76.0
head30,983,161.0,72.0
head30,984,168.0,72.0
head30,985,171.0,60.0
head30,986,170.0,60.0
head30,987,165.0,64.0
head30,988,172.0,56.0
head30,989,183.0,60.0
head30,990,182.0,68.0
head30,991,169.0,64.0
head30,992,176.0,64.0
head30,993,187.0,68.0
head30,994,194.0,60.0
head30,995,181.0,64.0
head30,996,156.0,64.0
head30,997,151.0,68.0
head30,998,166.0,92.0
head30,999,169.0,96.0
head30,1000,152.0,80.0
head30,1001,147.0,68.0
head31,1023,108.0,146.0
head31,1025,100.0,142.0
head31,1026,104.0,126.0
head31,1027,128.0,122.0
head31,1028,148.0,98.0
head31,1029,172.0,70.0
head31,1034,176.0,68.0
head31,1035,160.0,62.0
head31,1036,164.0,68.0
head31,1037,164.0,62.0
head31,1038,176.0,68.0
head31,1039,176.0,62.0
head31,1040,180.0,60.0
head31,1041,180.0,62.0
head31,1042,176.0,60.0
head31,1043,168.0,62.0
head31,1044,180.0,68.0
head31,1045,180.0,62.0
head31,1046,176.0,60.0
head31,1047,184.0,54.0
head31,1048,180.0,60.0
head31,1049,164.0,54.0
head31,1050,168.0,60.0
head31,1051,176.0,62.0
head31,1052,172.0,52.0
head31,1055,172.0,60.0
head31,1056,160.0,56.0
head31,1057,168.0,64.0
head31,1058,172.0,60.0
head31,1059,164.0,60.0
head31,1060,152.0,64.0
head31,1061,160.0,56.0
head31,1062,180.0,68.0
head31,1063,196.0,68.0
head31,1064,200.0,72.0
head31,1065,184.0,64.0
head31,1066,148.0,60.0
head32,908,211.0,156.0
head32,909,206.0,159.0
head32,910,205.0,142.0
head32,911,192.0,105.0
head32,912,183.0,64.0
head32,913,162.0,68.0
head32,914,145.0,68.0
head32,915,148.0,64.0
head32,916,147.0,64.0
head32,917,150.0,68.0
head32,918,173.0,60.0
head32,919,176.0,64.0
head32,920,191.0,56.0
head32,921,186.0,60.0
head32,922,169.0,60.0
head32,923,156.0,64.0
head32,924,147.0,56.0
head32,925,142.0,60.0
head32,926,157.0,68.0
head32,927,152.0,56.0
head32,928,151.0,60.0
head32,929,162.0,60.0
head32,930,161.0,56.0
head32,931,156.0,56.0
head32,932,163.0,60.0
head32,933,150.0,52.0
head32,936,157.0,52.0
head32,937,168.0,64.0
head32,938,191.0,80.0
head32,939,194.0,84.0
head32,940,185.0,84.0
head32,941,188.0,80.0
head32,942,187.0,80.0
head32,943,182.0,76.0
head32,944,165.0,68.0
head32,945,160.0,72.0
head32,946,159.0,64.0
head32,947,154.0,68.0
head32,948,161.0,68.0
head32,949,164.0,64.0
head32,950,163.0,64.0
head32,951,150.0,68.0
head32,954,157.0,68.0
head32,955,168.0,64.0
head32,956,167.0,72.0
head32,957,186.0,68.0
head32,958,185.0,68.0
head32,959,172.0,72.0
head32,960,179.0,72.0
head32,961,182.0,60.0
head32,962,173.0,68.0
head32,963,168.0,64.0
head32,964,167.0,64.0
head32,965,170.0,60.0
head32,966,169.0,60.0
head32,967,172.0,48.0
head32,968,163.0,60.0
head32,969,166.0,60.0
head32,970,165.0,56.0
head32,971,168.0,56.0
head32,972,167.0,68.0
head32,973,178.0,68.0
head32,974,177.0,64.0
head32,975,164.0,80.0
head32,976,163.0,84.0
head32,977,166.0,68.0
head32,982,165.0,72.0
head32,983,168.0,72.0
head32,984,183.0,68.0
head32,985,178.0,68.0
head32,986,161.0,72.0
head32,988,156.0,88.0
head32,989,155.0,84.0
head32,990,150.0,84.0
head32,991,165.0,64.0
head32,992,168.0,68.0
head32,993,191.0,60.0
head32,994,194.0,64.0
head32,995,177.0,64.0
head32,996,156.0,68.0
head32,997,147.0,68.0
head32,998,158.0,64.0
head32,999,181.0,56.0
head32,1000,184.0,60.0
head32,1001,175.0,60.0
head32,1002,170.0,56.0
head32,1003,185.0,64.0
head32,1004,180.0,60.0
head32,1005,171.0,60.0
head32,1006,166.0,56.0
head32,1007,157.0,56.0
head32,1008,168.0,52.0
head32,1009,167.0,52.0
head32,1010,162.0,72.0
head32,1011,169.0,72.0
head32,1012,156.0,92.0
head32,1013,147.0,92.0
head32,1014,150.0,88.0
head32,1015,165.0,64.0
head32,1016,160.0,60.0
head32,1017,167.0,68.0
head32,1018,170.0,72.0
head32,1019,169.0,72.0
head32,1020,164.0,76.0
head32,1021,171.0,60.0
head32,1022,166.0,60.0
head32,1023,165.0,56.0
head32,1024,168.0,72.0
head32,1025,151.0,76.0
head32,1026,154.0,76.0
head32,1027,169.0,64.0
head32,1028,172.0,72.0
head32,1029,155.0,76.0
head32,1030,150.0,68.0
head32,1031,165.0,64.0
head32,1032,160.0,64.0
head32,1033,159.0,68.0
head32,1034,162.0,60.0
head32,1035,161.0,64.0
head32,1036,164.0,64.0
head32,1037,163.0,68.0
head32,1038,174.0,60.0
head32,1039,173.0,64.0
head32,1040,176.0,64.0
head32,1041,159.0,60.0
head32,1043,162.0,76.0
head32,1044,185.0,80.0
head32,1045,196.0,64.0
head32,1046,187.0,68.0
head32,1047,182.0,60.0
head32,1048,173.0,56.0
head32,1049,176.0,48.0
head32,1050,175.0,52.0
head32,1051,170.0,68.0
head32,1052,169.0,64.0
head32,1053,172.0,64.0
head32,1054,171.0,60.0
head32,1055,166.0,60.0
head32,1056,165.0,72.0
head32,1057,168.0,64.0
head32,1058,167.0,52.0
head32,1059,154.0,68.0
head32,1060,153.0,64.0
head32,1061,164.0,56.0
head32,1063,155.0,68.0
head32,1064,158.0,68.0
head32,1065,165.0,64.0
head32,1066,152.0,64.0
head32,1068,143.0,60.0
head32,1069,138.0,68.0
head32,1070,145.0,64.0
head32,1071,148.0,56.0
head32,1072,163.0,68.0
head32,1073,174.0,60.0
head32,1074,173.0,56.0
head32,1075,160.0,64.0
head32,1076,167.0,68.0
head32,1077,162.0,68.0
head32,1078,161.0,64.0
head32,1079,172.0,64.0
head32,1080,179.0,60.0
head32,1081,198.0,60.0
head33,840,171.0,134.0
head33,844,174.0,140.0
head33,845,165.0,126.0
head33,846,152.0,100.0
head33,847,151.0,94.0
head33,848,170.0,68.0
head33,849,177.0,52.0
head33,850,172.0,52.0
head33,851,155.0,48.0
head33,853,142.0,68.0
head33,854,141.0,76.0
head33,855,144.0,80.0
head33,856,151.0,72.0
head33,857,146.0,68.0
head33,858,145.0,68.0
head33,859,148.0,72.0
head33,860,155.0,64.0
head33,861,158.0,68.0
head33,862,141.0,68.0
head33,863,144.0,64.0
head33,864,151.0,64.0
head33,865,162.0,68.0
head33,866,169.0,60.0
head33,867,156.0,64.0
head33,868,147.0,64.0
head33,870,142.0,68.0
head33,873,149.0,68.0
head33,874,144.0,64.0
head33,875,151.0,64.0
head33,876,146.0,60.0
head33,877,145.0,68.0
head33,878,148.0,64.0
head33,879,147.0,64.0
head33,880,150.0,52.0
head33,882,149.0,68.0
head33,883,152.0,104.0
head33,884,151.0,120.0
head33,885,154.0,116.0
head33,886,153.0,100.0
head33,887,148.0,104.0
head33,888,155.0,96.0
head33,889,150.0,68.0
head33,891,149.0,68.0
head33,893,168.0,56.0
head33,894,183.0,60.0
head33,895,194.0,76.0
head33,896,193.0,72.0
head33,897,188.0,80.0
head33,898,195.0,76.0
head33,899,190.0,68.0
head33,900,189.0,80.0
head33,901,168.0,88.0
head33,902,159.0,76.0
head33,903,146.0,68.0
head33,905,145.0,64.0
head33,906,148.0,72.0
head33,907,171.0,60.0
head33,909,174.0,60.0
head33,910,181.0,56.0
head33,911,184.0,64.0
head33,912,167.0,68.0
head33,913,162.0,68.0
head33,914,161.0,72.0
head33,915,148.0,64.0
head33,916,147.0,68.0
head33,917,150.0,68.0
head33,918,149.0,64.0
head33,919,160.0,64.0
head33,920,175.0,60.0
head33,921,170.0,60.0
head33,922,177.0,56.0
head33,923,164.0,64.0
head33,924,147.0,52.0
head33,925,142.0,60.0
head33,926,149.0,56.0
head33,927,152.0,56.0
head33,928,151.0,60.0
head33,929,162.0,60.0
head33,930,161.0,56.0
head33,931,156.0,56.0
head33,932,163.0,60.0
head33,933,150.0,52.0
head33,936,157.0,52.0
head33,937,168.0,64.0
head33,938,191.0,80.0
head33,939,194.0,84.0
head33,940,185.0,84.0
head33,941,188.0,80.0
head33,942,187.0,80.0
head33,943,182.0,76.0
head33,944,165.0,68.0
head33,945,160.0,72.0
head33,946,159.0,64.0
head33,947,154.0,68.0
head33,948,161.0,68.0
head33,949,164.0,64.0
head33,950,163.0,64.0
head33,951,150.0,68.0
head33,954,157.0,68.0
head33,955,168.0,64.0
head33,956,167.0,72.0
head33,957,186.0,68.0
head33,958,185.0,68.0
head33,959,172.0,72.0
head33,960,179.0,72.0
head33,961,182.0,60.0
head33,962,173.0,68.0
head33,963,168.0,64.0
head33,964,167.0,64.0
head33,965,170.0,60.0
head33,966,169.0,60.0
head33,967,172.0,48.0
head33,968,163.0,60.0
head33,969,166.0,60.0
head33,970,165.0,56.0
head33,971,168.0,56.0
head33,972,167.0,68.0
head33,973,178.0,68.0
head33,974,177.0,64.0
head33,975,164.0,80.0
head33,976,163.0,84.0
head33,977,166.0,68.0
head33,982,165.0,72.0
head33,983,168.0,72.0
head33,984,183.0,68.0
head33,985,178.0,68.0
head33,986,161.0,72.0
head33,988,156.0,88.0
head33,989,155.0,84.0
head33,990,150.0,84.0
head33,991,165.0,64.0
head33,992,168.0,68.0
head33,993,191.0,60.0
head33,994,194.0,64.0
head33,995,177.0,64.0
head33,996,156.0,68.0
head33,997,147.0,68.0
head33,998,158.0,64.0
head33,999,181.0,56.0
head33,1000,184.0,60.0
head33,1001,175.0,60.0
head33,1002,170.0,56.0
head33,1003,185.0,64.0
head33,1004,180.0,60.0
head33,1005,171.0,60.0
head33,1006,166.0,56.0
head33,1007,157.0,56.0
head33,1008,168.0,52.0
head33,1009,167.0,52.0
head33,1010,162.0,72.0
head33,1011,169.0,72.0
head33,1012,156.0,92.0
head33,1013,147.0,92.0
head33,1014,150.0,88.0
head33,1015,165.0,64.0
head33,1016,160.0,60.0
head33,1017,167.0,68.0
head33,1018,170.0,72.0
head33,1019,169.0,72.0
head33,1020,164.0,76.0
head33,1021,171.0,60.0
head33,1022,166.0,60.0
head33,1023,165.0,56.0
head33,1024,168.0,72.0
head33,1025,151.0,76.0
head33,1026,154.0,76.0
head33,1027,169.0,64.0
head33,1028,172.0,72.0
head33,1029,155.0,76.0
head33,1030,150.0,68.0
head33,1031,165.0,64.0
head33,1032,160.0,64.0
head33,1033,159.0,68.0
head33,1034,162.0,60.0
head33,1035,161.0,64.0
head33,1036,164.0,64.0
head33,1037,163.0,68.0
head33,1038,174.0,60.0
head33,1039,173.0,64.0
head33,1040,176.0,64.0
head33,1041,159.0,60.0
head33,1043,162.0,76.0
head33,1044,185.0,80.0
head33,1045,196.0,64.0
head33,1046,187.0,68.0
head33,1047,182.0,60.0
head33,1048,173.0,56.0
head33,1049,176.0,48.0
head33,1050,175.0,52.0
head33,1051,170.0,68.0
head33,1052,169.0,64.0
head33,1053,172.0,64.0
head33,1054,171.0,60.0
head33,1055,166.0,60.0
head33,1056,165.0,72.0
head33,1057,168.0,64.0
head33,1058,167.0,52.0
head33,1059,154.0,68.0
head33,1060,153.0,64.0
head33,1061,164.0,56.0
head33,1063,155.0,68.0
head33,1064,158.0,68.0
head33,1065,165.0,64.0
head33,1066,152.0,64.0
head33,1068,143.0,60.0
head33,1069,138.0,68.0
head33,1070,145.0,64.0
head33,1071,148.0,56.0
head33,1072,163.0,68.0
head33,1073,174.0,60.0
head33,1074,173.0,56.0
head33,1075,160.0,64.0
head33,1076,167.0,68.0
head33,1077,162.0,68.0
head33,1078,161.0,64.0
head33,1079,172.0,64.0
head33,1080,179.0,60.0
head33,1081,198.0,60.0
head34,1050,144.0,178.0
head34,1051,152.0,179.0
head34,1052,152.0,177.0
head34,1053,153.0,175.0
head34,1054,150.0,168.0
head34,1055,151.0,170.0
head34,1056,148.0,169.0
head34,1057,155.0,166.0
head34,1058,170.0,166.0
head34,1059,160.0,165.0
head34,1060,159.0,163.0
head34,1061,160.0,159.0
head34,1062,164.0,157.0
head34,1063,159.0,157.0
head34,1064,168.0,156.0
head34,1065,162.0,158.0
head34,1066,166.0,151.0
head34,1067,156.0,150.0
head34,1069,161.0,159.0
head34,1070,156.0,161.0
head34,1073,166.0,157.0
head34,1078,167.0,140.0
head34,1080,167.0,148.0
head34,1081,160.0,141.0
head34,1082,165.0,151.0
head34,1086,163.0,137.0
head34,1088,168.0,135.0
head34,1092,164.0,131.0
head34,1093,163.0,130.0
head34,1094,171.0,129.0
head34,1095,187.0,128.0
head34,1098,176.0,124.0
head34,1100,161.0,123.0
head34,1105,162.0,123.0
head34,1107,165.0,121.0
head35,1028,201.0,226.0
head35,1029,209.0,229.0
head35,1030,197.0,220.0
head35,1031,206.0,224.0
head35,1032,208.0,223.0
head35,1033,210.0,223.0
head35,1035,214.0,226.0
head35,1036,222.0,222.0
head35,1037,222.0,223.0
head35,1038,223.0,225.0
head35,1039,223.0,222.0
head35,1040,221.0,217.0
head35,1041,219.0,216.0
head35,1042,219.0,222.0
head35,1043,219.0,213.0
head35,1044,219.0,212.0
head35,1045,219.0,219.0
head35,1047,220.0,217.0
head35,1048,219.0,216.0
head35,1049,219.0,216.0
head35,1050,224.0,210.0
head35,1051,219.0,214.0
head35,1052,220.0,212.0
head35,1053,212.0,211.0
head35,1054,220.0,211.0
head35,1055,209.0,208.0
head35,1056,210.0,207.0
head35,1057,211.0,206.0
head35,1058,217.0,206.0
head35,1059,216.0,205.0
head35,1060,215.0,195.0
head35,1061,216.0,199.0
head35,1062,212.0,197.0
head35,1063,215.0,197.0
head35,1064,208.0,196.0
head35,1067,212.0,198.0
head35,1069,217.0,199.0
head35,1070,212.0,193.0
head35,1071,207.0,196.0
head35,1072,207.0,192.0
head35,1073,214.0,197.0
head35,1076,208.0,189.0
head35,1077,218.0,188.0
head35,1078,215.0,188.0
head35,1079,214.0,191.0
head35,1080,210.0,190.0
head35,1081,219.0,192.0
head35,1082,221.0,183.0
head35,1085,224.0,194.0
head35,1086,225.0,188.0
head35,1087,224.0,188.0
head35,1088,224.0,188.0
head35,1089,223.0,188.0
head35,1091,220.0,188.0
head35,1092,220.0,187.0
head35,1093,227.0,186.0
head35,1094,227.0,185.0
head35,1095,227.0,184.0
head35,1096,228.0,190.0
head35,1098,224.0,180.0
head35,1099,227.0,180.0
head35,1100,225.0,187.0
head35,1101,223.0,183.0
head35,1102,214.0,188.0
head35,1103,220.0,182.0
head35,1104,219.0,189.0
head35,1105,218.0,179.0
head35,1109,208.0,179.0
head35,1110,201.0,189.0
head35,1112,208.0,182.0
head35,1113,204.0,182.0
head35,1114,205.0,182.0
head35,1115,206.0,179.0
head35,1116,202.0,184.0
head35,1117,205.0,175.0
head35,1118,196.0,183.0
head35,1119,205.0,182.0
head35,1120,207.0,175.0
head35,1121,200.0,175.0
head35,1122,201.0,181.0
head35,1123,193.0,179.0
head35,1124,203.0,171.0
head35,1128,193.0,180.0
head35,1129,194.0,176.0
head35,1130,194.0,174.0
head35,1131,195.0,180.0
head35,1132,199.0,170.0
head35,1133,196.0,173.0
head36,1156,200.0,175.0
head36,1157,200.0,174.0
head36,1158,201.0,173.0
head36,1161,210.0,169.0
head36,1162,214.0,159.0
head36,1164,214.0,159.0
head36,1165,213.0,163.0
head36,1170,213.0,160.0
head36,1171,214.0,155.0
head36,1172,212.0,153.0
head36,1174,202.0,151.0
head36,1175,209.0,151.0
head36,1176,210.0,150.0
head36,1177,208.0,150.0
head36,1178,205.0,150.0
head36,1180,193.0,146.0
head36,1182,200.0,152.0
head36,1183,196.0,140.0
head36,1184,190.0,136.0
head36,1185,188.0,139.0
head36,1186,183.0,140.0
head36,1187,181.0,139.0
head37,1211,182.0,121.0
head37,1212,183.0,120.0
head37,1213,172.0,107.0
head37,1214,181.0,74.0
head37,1215,194.0,68.0
head37,1217,195.0,66.0
head37,1218,192.0,60.0
head37,1222,185.0,74.0
head37,1223,198.0,68.0
head37,1224,191.0,66.0
head37,1225,196.0,52.0
head37,1226,197.0,28.0
head37,1227,186.0,68.0
head37,1228,171.0,96.0
head37,1229,172.0,94.0
head37,1230,172.0,89.0
head37,1231,171.0,91.0
head37,1232,166.0,89.0
head37,1233,149.0,67.0
head37,1237,152.0,68.0
head37,1238,175.0,57.0
head37,1239,178.0,52.0
head37,1243,161.0,60.0
head37,1244,148.0,64.0
head37,1245,139.0,72.0
head37,1246,142.0,68.0
head37,1247,141.0,68.0
head37,1248,144.0,64.0
head37,1249,167.0,56.0
head38,1133,150.0,91.0
head38,1134,146.0,91.0
head38,1135,162.0,71.0
head38,1136,182.0,71.0
head38,1137,182.0,67.0
head38,1138,162.0,59.0
head38,1139,162.0,63.0
head38,1140,150.0,63.0
head38,1141,142.0,67.0
head38,1142,146.0,59.0
head38,1143,146.0,63.0
head38,1144,142.0,63.0
head38,1145,142.0,59.0
head38,1146,146.0,59.0
head38,1147,146.0,63.0
head38,1148,142.0,63.0
head38,1149,142.0,59.0
head38,1150,138.0,67.0
head38,1151,146.0,95.0
head38,1154,150.0,103.0
head38,1155,150.0,91.0
head38,1156,146.0,59.0
head38,1157,146.0,60.0
head38,1158,150.0,57.0
head38,1159,142.0,58.0
head38,1160,154.0,63.0
head38,1162,146.0,56.0
head38,1164,142.0,69.0
head38,1165,142.0,62.0
head38,1166,146.0,51.0
head38,1167,146.0,60.0
head38,1168,142.0,65.0
head38,1169,158.0,58.0
head38,1170,170.0,55.0
head38,1171,170.0,64.0
head38,1172,150.0,69.0
head38,1173,150.0,78.0
head38,1174,138.0,67.0
head38,1175,138.0,68.0
head38,1176,134.0,65.0
head38,1177,142.0,66.0
head38,1178,138.0,63.0
head38,1179,146.0,56.0
head38,1180,142.0,61.0
head38,1181,142.0,62.0
head38,1182,146.0,59.0
head38,1183,138.0,60.0
head38,1184,142.0,65.0
head38,1185,150.0,58.0
head38,1186,178.0,71.0
head38,1187,186.0,64.0
head38,1188,182.0,61.0
head38,1189,182.0,70.0
head38,1190,194.0,59.0
head38,1191,194.0,60.0
head38,1192,182.0,65.0
head38,1193,190.0,66.0
head38,1194,194.0,63.0
head38,1195,202.0,64.0
head38,1196,190.0,61.0
head38,1197,182.0,70.0
head38,1198,186.0,59.0
head38,1199,194.0,60.0
head38,1200,190.0,57.0
head38,1201,182.0,66.0
head38,1202,178.0,63.0
head38,1203,186.0,64.0
head38,1204,182.0,61.0
head38,1205,182.0,62.0
head38,1206,186.0,59.0
head38,1207,186.0,60.0
head38,1208,182.0,57.0
head38,1209,182.0,66.0
head38,1210,186.0,63.0
head38,1212,194.0,48.0
head38,1213,190.0,68.0
head38,1214,182.0,76.0
head38,1215,186.0,72.0
head38,1216,194.0,64.0
head38,1217,190.0,60.0
head38,1218,190.0,60.0
head38,1219,194.0,72.0
head38,1220,186.0,72.0
head38,1221,182.0,52.0
head38,1222,198.0,68.0
head38,1223,194.0,72.0
head38,1224,194.0,64.0
head38,1225,190.0,52.0
head38,1226,198.0,28.0
head38,1227,186.0,68.0
head38,1228,178.0,96.0
head38,1229,172.0,94.0
head38,1230,172.0,89.0
head38,1231,171.0,91.0
head38,1232,166.0,89.0
head38,1233,149.0,67.0
head38,1237,152.0,68.0
head38,1238,175.0,57.0
head38,1239,178.0,52.0
head38,1243,161.0,60.0
head38,1244,148.0,64.0
head38,1245,139.0,72.0
head38,1246,142.0,68.0
head38,1247,141.0,68.0
head38,1248,144.0,64.0
head38,1249,167.0,56.0
head39,1222,169.0,176.0
head39,1226,167.0,177.0
head39,1227,145.0,182.0
head39,1228,127.0,183.0
head39,1229,129.0,180.0
head39,1230,151.0,189.0
head39,1231,153.0,178.0
head39,1232,135.0,147.0
head39,1234,129.0,128.0
head39,1237,127.0,129.0
head39,1238,129.0,134.0
head39,1239,127.0,135.0
head39,1240,129.0,132.0
head39,1241,127.0,133.0
head39,1242,129.0,138.0
head39,1243,127.0,131.0
head39,1244,121.0,128.0
head39,1245,127.0,137.0
head39,1246,129.0,126.0
head39,1247,127.0,135.0
head39,1248,129.0,132.0
head39,1249,127.0,125.0
head39,1250,121.0,130.0
head39,1251,135.0,123.0
head39,1252,137.0,120.0
head39,1253,127.0,121.0
head39,1254,129.0,118.0
head39,1255,135.0,119.0
head39,1256,129.0,116.0
head39,1257,131.0,130.0
head39,1258,121.0,124.0
head39,1259,131.0,122.0
head39,1260,153.0,100.0
head39,1261,155.0,58.0
head39,1262,169.0,60.0
head39,1263,163.0,66.0
head39,1264,145.0,60.0
head39,1266,147.0,58.0
head39,1267,161.0,52.0
head39,1268,155.0,60.0
head39,1269,153.0,56.0
head39,1270,155.0,64.0
head39,1271,161.0,52.0
head39,1272,147.0,52.0
head40,1214,168.0,213.0
head40,1215,168.0,220.0
head40,1218,180.0,215.0
head40,1219,172.0,190.0
head40,1220,160.0,177.0
head40,1221,128.0,144.0
head40,1222,121.0,144.0
head40,1223,126.0,140.0
head40,1224,151.0,124.0
head40,1225,180.0,88.0
head40,1226,189.0,64.0
head40,1227,186.0,68.0
head40,1229,163.0,52.0
head40,1233,152.0,68.0
head40,1234,153.0,80.0
head40,1235,162.0,90.0
head40,1237,151.0,80.0
head40,1238,152.0,66.0
head40,1239,149.0,72.0
head40,1240,150.0,82.0
head40,1241,147.0,72.0
head40,1242,152.0,85.0
head40,1243,145.0,78.0
head40,1244,142.0,67.0
head40,1245,143.0,68.0
head40,1246,148.0,73.0
head40,1247,149.0,66.0
head40,1248,162.0,63.0
head40,1249,171.0,56.0
head40,1253,160.0,69.0
head40,1254,145.0,70.0
head40,1255,150.0,67.0
head40,1256,143.0,68.0
head40,1257,156.0,65.0
head40,1258,149.0,66.0
head40,1259,162.0,63.0
head40,1260,155.0,64.0
head40,1261,165.0,68.0
head40,1262,155.0,68.0
head40,1263,149.0,64.0
head40,1264,155.0,64.0
head40,1265,157.0,60.0
head40,1266,147.0,60.0
head40,1267,149.0,56.0
head40,1268,147.0,56.0
head40,1269,149.0,60.0
head40,1270,147.0,60.0
head40,1272,149.0,56.0
