head0, 331, 182, 74
head0, 332, 182, 74
head0, 333, 178, 78
head0, 334, 181, 76
head0, 335, 180, 78
head0, 336, 179, 80
head0, 337, 178, 81
head0, 338, 177, 82
head0, 339, 176, 83
head0, 340, 175, 84
head0, 341, 186, 97
head0, 342, 172, 86
head0, 343, 170, 88
head0, 344, 168, 90
head0, 345, 166, 93
head0, 346, 165, 96
head0, 347, 163, 98
head0, 348, 160, 101
head0, 349, 157, 103
head0, 350, 152, 106
head0, 351, 147, 109
head0, 352, 142, 112
head0, 353, 138, 114
head0, 354, 134, 116
head0, 355, 131, 118
head0, 356, 128, 121
head0, 357, 125, 124
head0, 358, 122, 127
head0, 359, 120, 131
head0, 360, 117, 134
head0, 361, 114, 139
head0, 362, 111, 143
head0, 363, 108, 148
head0, 364, 105, 153
head0, 365, 102, 157
head0, 366, 95, 165
head0, 367, 95, 167
head0, 368, 115, 181
head0, 369, 87, 175
head0, 370, 83, 178
head0, 371, 78, 181
head0, 372, 74, 184
head0, 373, 70, 187
head0, 374, 65, 190
head0, 375, 61, 193
head0, 376, 57, 196
head0, 377, 49, 203
head0, 378, 49, 202
head0, 379, 37, 205
head0, 380, 36, 212
head0, 381, 60, 207
head1, 427, 183, 92
head1, 429, 182, 94
head1, 430, 182, 97
head1, 431, 181, 99
head1, 432, 180, 102
head1, 433, 179, 106
head1, 434, 174, 98
head1, 435, 177, 112
head1, 436, 176, 116
head1, 437, 175, 119
head1, 438, 170, 102
head1, 439, 173, 126
head1, 440, 172, 128
head1, 441, 167, 118
head1, 442, 169, 134
head1, 444, 159, 130
head1, 445, 153, 106
head1, 446, 151, 94
head1, 447, 153, 94
head1, 448, 143, 90
head1, 449, 153, 98
head1, 450, 151, 102
head1, 451, 145, 94
head1, 452, 151, 106
head1, 453, 153, 106
head1, 454, 151, 110
head1, 455, 153, 126
head1, 456, 151, 122
head1, 457, 153, 130
head1, 458, 151, 126
head1, 459, 153, 110
head1, 460, 151, 90
head1, 461, 126, 202
head1, 463, 121, 211
head1, 464, 112, 200
head1, 465, 107, 201
head1, 466, 106, 206
head1, 467, 109, 215
head1, 468, 100, 212
head1, 469, 95, 221
head1, 470, 94, 226
head1, 471, 89, 227
head1, 472, 88, 232
head1, 473, 83, 241
head1, 474, 90, 246
head1, 475, 85, 247
head1, 476, 84, 252
head1, 477, 79, 253
head1, 478, 78, 263
head2, 402, 193, 70
head2, 403, 193, 70
head2, 404, 192, 71
head2, 405, 191, 73
head2, 406, 190, 76
head2, 407, 189, 79
head2, 408, 188, 84
head2, 409, 187, 88
head2, 410, 186, 91
head2, 411, 185, 95
head2, 412, 183, 99
head2, 413, 181, 101
head2, 414, 180, 104
head2, 415, 179, 107
head2, 416, 178, 110
head2, 417, 178, 112
head2, 418, 178, 115
head2, 419, 178, 117
head2, 420, 179, 120
head2, 421, 180, 123
head2, 422, 180, 126
head2, 423, 181, 129
head2, 424, 181, 132
head2, 425, 182, 136
head2, 426, 183, 139
head2, 427, 180, 146
head2, 428, 186, 147
head2, 429, 188, 151
head2, 430, 190, 156
head2, 431, 191, 160
head2, 432, 191, 163
head2, 433, 191, 165
head2, 434, 195, 179
head2, 435, 195, 181
head2, 436, 199, 187
head2, 437, 199, 189
head2, 438, 203, 186
head2, 439, 205, 189
head2, 440, 206, 193
head2, 441, 208, 197
head2, 442, 214, 213
head2, 443, 216, 217
head2, 444, 214, 217
head2, 445, 216, 221
head2, 446, 222, 229
head2, 447, 224, 233
head2, 448, 222, 241
head2, 449, 232, 245
head2, 450, 230, 253
head2, 451, 232, 257
head2, 452, 238, 257
head2, 453, 240, 260
head2, 456, 254, 245
head2, 458, 248, 241
head2, 459, 238, 233
head2, 460, 240, 237
head2, 461, 246, 237
head2, 462, 248, 241
head2, 463, 254, 241
head2, 465, 240, 237
head2, 466, 214, 245
head2, 469, 176, 249
head2, 470, 150, 233
head2, 474, 144, 237
head2, 475, 150, 245
head2, 476, 144, 241
head2, 477, 142, 241
head2, 478, 168, 221
head2, 479, 214, 213
head3, 457, 129, 171
head3, 459, 127, 173
head3, 460, 121, 179
head3, 461, 126, 173
head3, 462, 119, 187
head3, 463, 116, 189
head3, 464, 109, 195
head3, 465, 114, 197
head3, 466, 107, 203
head3, 467, 104, 213
head3, 468, 105, 219
head3, 469, 102, 221
head3, 470, 95, 227
head3, 471, 92, 229
head3, 472, 93, 235
head3, 473, 90, 237
head3, 474, 83, 243
head3, 475, 80, 245
head3, 476, 81, 251
head3, 477, 78, 253
head3, 478, 71, 259
head3, 479, 68, 260
head3, 480, 61, 259
head3, 485, 82, 253
head3, 488, 83, 251
head3, 489, 112, 237
head4, 454, 188, 83
head4, 458, 190, 87
head4, 459, 188, 71
head4, 460, 166, 67
head4, 461, 164, 67
head4, 462, 166, 71
head4, 463, 148, 95
head4, 464, 150, 99
head4, 465, 148, 99
head4, 466, 150, 103
head4, 467, 156, 103
head4, 468, 150, 99
head4, 469, 148, 99
head4, 470, 158, 103
head4, 471, 164, 111
head4, 472, 166, 107
head4, 473, 164, 115
head4, 474, 166, 111
head4, 475, 164, 119
head4, 476, 166, 115
head4, 477, 172, 123
head4, 478, 166, 119
head4, 479, 172, 127
head4, 480, 166, 123
head4, 481, 172, 131
head4, 482, 166, 127
head4, 483, 164, 135
head4, 484, 166, 131
head4, 485, 164, 139
head4, 486, 166, 135
head4, 487, 164, 143
head4, 488, 158, 139
head4, 489, 164, 147
head4, 490, 158, 143
head4, 491, 156, 151
head4, 492, 158, 147
head4, 493, 156, 155
head4, 494, 158, 151
head4, 495, 156, 159
head4, 496, 158, 163
head4, 497, 156, 163
head4, 498, 158, 167
head4, 499, 164, 175
head4, 500, 158, 171
head4, 501, 164, 179
head4, 502, 166, 183
head4, 503, 164, 183
head4, 504, 166, 187
head4, 505, 164, 187
head4, 506, 174, 191
head4, 507, 172, 191
head4, 508, 174, 195
head4, 509, 172, 195
head4, 510, 174, 199
head4, 511, 172, 207
head4, 512, 174, 203
head4, 513, 172, 203
head4, 514, 174, 207
head4, 515, 180, 215
head4, 516, 174, 219
head4, 517, 180, 219
head4, 518, 174, 223
head4, 519, 180, 231
head4, 520, 174, 227
head4, 521, 180, 235
head4, 522, 182, 239
head4, 523, 172, 239
head4, 524, 174, 243
head4, 525, 172, 243
head4, 526, 182, 255
head4, 527, 180, 255
head4, 528, 166, 251
head4, 529, 172, 259
head4, 530, 174, 261
head4, 535, 204, 247
head4, 536, 254, 235
head5, 468, 197, 72
head5, 469, 197, 72
head5, 470, 193, 68
head5, 471, 196, 74
head5, 472, 187, 76
head5, 473, 190, 74
head5, 474, 196, 78
head5, 475, 195, 80
head5, 476, 190, 78
head5, 477, 197, 72
head5, 478, 195, 85
head5, 479, 195, 87
head5, 480, 196, 88
head5, 481, 196, 90
head5, 482, 192, 88
head5, 483, 197, 94
head5, 484, 198, 88
head5, 485, 195, 94
head5, 486, 196, 96
head5, 487, 193, 102
head5, 488, 194, 104
head5, 489, 199, 102
head5, 490, 207, 108
head5, 491, 209, 110
head5, 492, 207, 108
head5, 493, 213, 114
head5, 494, 207, 116
head5, 495, 213, 114
head5, 496, 215, 116
head5, 497, 220, 123
head5, 498, 213, 126
head5, 499, 218, 125
head5, 500, 224, 129
head5, 501, 225, 132
head5, 502, 226, 135
head5, 503, 227, 137
head5, 504, 228, 140
head5, 505, 229, 143
head5, 506, 230, 145
head5, 507, 230, 148
head5, 508, 230, 151
head5, 509, 231, 153
head5, 510, 228, 159
head5, 511, 229, 161
head5, 512, 226, 159
head5, 513, 227, 161
head5, 514, 224, 167
head5, 515, 225, 169
head5, 516, 230, 175
head5, 517, 231, 177
head5, 518, 237, 179
head5, 519, 238, 182
head5, 520, 239, 185
head5, 521, 240, 189
head5, 522, 242, 192
head5, 523, 240, 199
head5, 524, 234, 202
head5, 525, 240, 201
head5, 526, 242, 204
head5, 527, 240, 211
head5, 528, 242, 214
head5, 529, 248, 213
head5, 530, 250, 216
head5, 531, 248, 223
head5, 532, 250, 226
head5, 533, 256, 225
head5, 534, 258, 228
head5, 535, 256, 235
head5, 536, 258, 238
head5, 537, 264, 237
head5, 538, 258, 240
head5, 539, 264, 247
head5, 540, 266, 250
head5, 541, 264, 249
head5, 542, 266, 252
head5, 543, 264, 251
head5, 544, 266, 261
head5, 545, 264, 260
head5, 546, 266, 262
head5, 548, 248, 247
head5, 549, 242, 242
head5, 550, 240, 249
head5, 551, 218, 244
head5, 552, 216, 243
head5, 553, 210, 238
head5, 554, 224, 253
head5, 555, 258, 256
head6, 532, 166, 172
head6, 533, 166, 172
head6, 534, 165, 173
head6, 535, 164, 174
head6, 536, 159, 171
head6, 537, 158, 172
head6, 538, 153, 177
head6, 539, 152, 178
head6, 540, 131, 191
head6, 541, 114, 192
head6, 542, 117, 197
head6, 543, 116, 198
head6, 544, 111, 203
head6, 545, 110, 204
head6, 546, 97, 225
head6, 547, 96, 234
head6, 548, 91, 239
head6, 549, 90, 240
head6, 550, 85, 245
head6, 551, 84, 246
head6, 552, 79, 251
head6, 553, 78, 252
head6, 554, 73, 257
head6, 555, 96, 242
head6, 557, 139, 239
head6, 558, 194, 248
head6, 559, 237, 237
head7, 494, 147, 73
head7, 497, 148, 76
head7, 498, 148, 78
head7, 499, 144, 84
head7, 500, 148, 83
head7, 501, 148, 86
head7, 502, 148, 89
head7, 503, 149, 91
head7, 504, 150, 94
head7, 505, 151, 96
head7, 506, 152, 99
head7, 507, 153, 101
head7, 508, 153, 103
head7, 509, 149, 109
head7, 510, 153, 107
head7, 511, 153, 117
head7, 512, 154, 113
head7, 513, 154, 115
head7, 514, 153, 117
head7, 515, 152, 119
head7, 516, 151, 121
head7, 517, 150, 124
head7, 518, 149, 126
head7, 519, 147, 129
head7, 520, 145, 132
head7, 521, 143, 134
head7, 522, 141, 137
head7, 523, 139, 140
head7, 524, 136, 142
head7, 525, 134, 145
head7, 526, 132, 147
head7, 527, 130, 149
head7, 528, 128, 152
head7, 529, 126, 154
head7, 530, 124, 157
head7, 531, 123, 159
head7, 532, 121, 162
head7, 533, 120, 165
head7, 534, 118, 168
head7, 535, 117, 170
head7, 536, 115, 173
head7, 537, 114, 177
head7, 538, 112, 182
head7, 539, 111, 185
head7, 540, 110, 189
head7, 541, 113, 189
head7, 542, 112, 193
head7, 543, 115, 193
head7, 544, 114, 205
head7, 545, 109, 205
head7, 546, 100, 211
head7, 547, 95, 229
head7, 548, 94, 235
head7, 549, 89, 245
head7, 550, 80, 243
head7, 551, 83, 245
head7, 552, 74, 251
head7, 553, 77, 253
head7, 554, 76, 259
head7, 555, 71, 260
head7, 556, 86, 243
head7, 557, 81, 245
head7, 558, 80, 251
head7, 559, 83, 253
head7, 560, 74, 251
head7, 561, 77, 253
head7, 562, 68, 259
head7, 563, 71, 260
head7, 564, 62, 259
head7, 565, 57, 260
head7, 566, 48, 259
head7, 567, 52, 260
head7, 569, 76, 251
head7, 574, 120, 229
head7, 575, 160, 203
head7, 576, 180, 165
head7, 577, 188, 115
head7, 579, 184, 85
head7, 580, 168, 67
head7, 583, 140, 69
head7, 585, 92, 91
head8, 540, 175, 126
head8, 541, 175, 126
head8, 542, 174, 128
head8, 543, 172, 129
head8, 544, 170, 131
head8, 545, 168, 133
head8, 546, 162, 131
head8, 547, 163, 136
head8, 548, 160, 138
head8, 549, 156, 139
head8, 550, 153, 140
head8, 551, 148, 141
head8, 552, 144, 142
head8, 553, 136, 147
head8, 554, 137, 144
head8, 555, 133, 145
head8, 556, 130, 146
head8, 557, 128, 147
head8, 558, 126, 149
head8, 559, 123, 150
head8, 560, 116, 155
head8, 561, 118, 154
head8, 562, 116, 156
head8, 563, 113, 158
head8, 564, 106, 164
head8, 565, 103, 166
head8, 566, 107, 165
head8, 567, 105, 168
head8, 568, 103, 171
head8, 569, 101, 173
head8, 570, 95, 179
head8, 571, 93, 181
head8, 572, 87, 179
head8, 573, 85, 181
head8, 574, 87, 187
head8, 575, 88, 178
head8, 576, 77, 189
head8, 577, 78, 196
head8, 578, 75, 191
head8, 579, 68, 198
head8, 580, 65, 193
head8, 581, 66, 192
head8, 582, 63, 195
head8, 583, 56, 194
head8, 584, 53, 197
head8, 585, 54, 196
head8, 586, 51, 199
head8, 587, 60, 214
head8, 588, 65, 217
head8, 589, 58, 216
head8, 590, 39, 203
head8, 591, 44, 202
head8, 592, 37, 205
head8, 593, 36, 204
head8, 594, 36, 207
head8, 595, 36, 206
head8, 596, 36, 209
head8, 597, 60, 216
head8, 598, 96, 243
head8, 600, 144, 258
head9, 609, 166, 68
head9, 610, 166, 68
head9, 611, 167, 69
head9, 612, 168, 69
head9, 613, 169, 70
head9, 614, 174, 75
head9, 615, 175, 76
head9, 616, 172, 73
head9, 617, 173, 74
head9, 618, 172, 75
head9, 619, 175, 80
head9, 620, 174, 81
head9, 621, 177, 86
head9, 622, 176, 87
head9, 623, 170, 83
head9, 624, 168, 85
head9, 625, 167, 87
head9, 626, 166, 90
head9, 627, 164, 92
head9, 628, 162, 95
head9, 629, 159, 98
head9, 630, 157, 100
head9, 631, 154, 102
head9, 632, 152, 104
head9, 633, 150, 106
head9, 634, 148, 108
head9, 635, 150, 114
head9, 636, 148, 116
head9, 637, 150, 114
head9, 638, 143, 118
head9, 639, 142, 121
head9, 640, 141, 124
head9, 641, 140, 127
head9, 642, 140, 129
head9, 643, 139, 132
head9, 644, 142, 139
head9, 645, 139, 138
head9, 646, 139, 142
head9, 647, 139, 145
head9, 648, 139, 149
head9, 649, 139, 153
head9, 650, 143, 161
head9, 651, 139, 160
head9, 652, 139, 164
head9, 653, 143, 164
head9, 654, 167, 184
head9, 655, 195, 192
head9, 656, 219, 204
head9, 657, 239, 236
head9, 659, 247, 262
head10, 635, 173, 70
head10, 636, 173, 70
head10, 637, 169, 74
head10, 638, 169, 74
head10, 639, 171, 72
head10, 640, 171, 73
head10, 641, 171, 74
head10, 642, 170, 75
head10, 643, 157, 64
head10, 644, 170, 79
head10, 645, 163, 90
head10, 646, 170, 83
head10, 647, 170, 86
head10, 648, 170, 88
head10, 649, 170, 90
head10, 650, 158, 72
head10, 651, 170, 95
head10, 652, 170, 97
head10, 653, 170, 99
head10, 654, 166, 81
head10, 655, 168, 104
head10, 656, 158, 115
head10, 657, 160, 114
head10, 658, 164, 111
head10, 659, 163, 113
head10, 660, 161, 116
head10, 661, 159, 118
head10, 662, 153, 100
head10, 663, 151, 102
head10, 664, 145, 108
head10, 665, 147, 127
head10, 666, 144, 129
head10, 667, 129, 111
head10, 668, 126, 113
head10, 669, 127, 119
head10, 670, 124, 121
head10, 671, 117, 119
head10, 672, 122, 121
head10, 673, 115, 127
head10, 674, 120, 129
head10, 675, 113, 127
head10, 676, 110, 129
head10, 677, 103, 135
head10, 678, 107, 154
head10, 679, 123, 193
head10, 680, 119, 252
head11, 560, 164, 97
head11, 564, 163, 101
head11, 565, 163, 103
head11, 566, 159, 85
head11, 567, 143, 79
head11, 568, 163, 109
head11, 569, 163, 119
head11, 570, 164, 114
head11, 571, 164, 116
head11, 572, 164, 118
head11, 573, 163, 121
head11, 574, 163, 123
head11, 575, 163, 125
head11, 576, 162, 127
head11, 577, 161, 129
head11, 578, 160, 132
head11, 579, 159, 134
head11, 580, 158, 136
head11, 581, 156, 139
head11, 582, 154, 142
head11, 583, 152, 145
head11, 584, 149, 147
head11, 585, 146, 150
head11, 586, 139, 157
head11, 587, 136, 152
head11, 588, 153, 135
head11, 589, 134, 159
head11, 590, 127, 163
head11, 591, 124, 163
head11, 592, 125, 167
head11, 593, 125, 167
head11, 594, 121, 171
head11, 595, 122, 173
head11, 596, 119, 179
head11, 597, 112, 181
head11, 598, 117, 187
head11, 599, 115, 188
head11, 600, 109, 193
head11, 601, 112, 195
head11, 602, 110, 198
head11, 603, 109, 201
head11, 604, 108, 204
head11, 605, 107, 207
head11, 606, 105, 210
head11, 607, 107, 209
head11, 608, 129, 220
head11, 609, 131, 227
head11, 610, 129, 230
head11, 611, 123, 229
head11, 612, 121, 232
head11, 613, 123, 231
head11, 614, 121, 234
head11, 615, 115, 241
head11, 616, 129, 244
head11, 617, 123, 243
head11, 618, 113, 246
head11, 619, 107, 245
head11, 620, 105, 248
head11, 621, 99, 255
head11, 622, 97, 258
head11, 623, 99, 257
head11, 624, 129, 236
head11, 625, 163, 211
head11, 626, 185, 182
head11, 627, 187, 165
head11, 628, 185, 168
head11, 629, 187, 175
head11, 630, 193, 178
head11, 631, 195, 177
head11, 632, 193, 180
head11, 633, 195, 187
head11, 634, 193, 190
head11, 635, 195, 189
head11, 636, 193, 192
head11, 637, 195, 191
head11, 638, 201, 202
head11, 639, 203, 201
head11, 640, 201, 204
head11, 641, 203, 211
head11, 642, 201, 214
head11, 643, 211, 205
head11, 644, 209, 216
head11, 645, 211, 223
head11, 646, 193, 226
head11, 647, 195, 233
head11, 648, 193, 228
head11, 649, 195, 227
head11, 650, 201, 238
head11, 651, 187, 229
head11, 652, 185, 232
head11, 653, 203, 215
head11, 654, 201, 218
head11, 655, 195, 201
head11, 656, 193, 196
head11, 657, 195, 203
head11, 658, 193, 198
head11, 659, 187, 205
head11, 660, 161, 208
head11, 661, 155, 199
head11, 662, 153, 194
head11, 663, 155, 209
head11, 664, 145, 204
head11, 665, 147, 211
head11, 666, 145, 214
head11, 667, 139, 221
head11, 668, 137, 224
head11, 669, 139, 223
head11, 670, 153, 202
head11, 671, 155, 177
head11, 672, 137, 148
head11, 673, 115, 123
head11, 674, 105, 102
head11, 675, 107, 101
head11, 676, 97, 80
head11, 677, 99, 79
head11, 678, 89, 82
head11, 679, 99, 81
head11, 680, 89, 76
head11, 681, 83, 75
head11, 682, 97, 78
head11, 683, 99, 77
head11, 684, 89, 80
head11, 685, 83, 79
head11, 687, 89, 82
head11, 688, 99, 81
head11, 689, 97, 76
head11, 690, 91, 83
head11, 691, 89, 78
head11, 692, 83, 77
head11, 693, 89, 96
head11, 696, 107, 119
head11, 697, 105, 122
head11, 698, 107, 129
head11, 699, 113, 132
head11, 700, 115, 139
head11, 701, 113, 134
head11, 702, 107, 133
head11, 703, 113, 136
head11, 704, 107, 135
head11, 705, 113, 138
head11, 706, 107, 129
head11, 707, 97, 100
head11, 712, 107, 83
head11, 713, 137, 78
head11, 714, 187, 69
head12, 670, 148, 78
head12, 672, 148, 79
head12, 673, 149, 80
head12, 674, 149, 82
head12, 675, 150, 84
head12, 676, 151, 86
head12, 677, 152, 89
head12, 678, 153, 92
head12, 679, 155, 95
head12, 680, 157, 97
head12, 681, 159, 100
head12, 682, 161, 102
head12, 683, 162, 104
head12, 684, 163, 106
head12, 685, 165, 108
head12, 686, 166, 110
head12, 687, 171, 108
head12, 688, 167, 114
head12, 689, 167, 116
head12, 690, 168, 118
head12, 691, 168, 121
head12, 692, 168, 123
head12, 693, 168, 126
head12, 694, 168, 129
head12, 695, 168, 132
head12, 696, 167, 136
head12, 697, 167, 139
head12, 698, 166, 143
head12, 699, 165, 146
head12, 700, 164, 150
head12, 701, 163, 153
head12, 702, 161, 157
head12, 703, 160, 160
head12, 704, 159, 163
head12, 705, 154, 162
head12, 706, 158, 170
head12, 707, 157, 173
head12, 708, 157, 176
head12, 709, 157, 178
head12, 710, 157, 181
head12, 711, 153, 180
head12, 712, 153, 183
head12, 713, 157, 190
head12, 714, 157, 195
head12, 715, 158, 199
head12, 716, 155, 199
head12, 717, 159, 207
head12, 718, 160, 211
head12, 719, 157, 211
head12, 720, 158, 215
head12, 721, 163, 223
head12, 722, 164, 227
head12, 723, 161, 227
head12, 724, 162, 231
head12, 725, 159, 239
head12, 726, 160, 243
head12, 727, 157, 243
head12, 728, 166, 247
head12, 729, 163, 255
head12, 730, 156, 251
head12, 731, 161, 259
head12, 732, 162, 261
head12, 733, 159, 261
head12, 734, 144, 243
head12, 735, 149, 243
head12, 736, 150, 239
head12, 737, 147, 247
head12, 738, 148, 251
head12, 739, 169, 235
head12, 740, 202, 199
head12, 741, 215, 143
head12, 746, 248, 83
head13, 737, 196, 191
head13, 738, 196, 191
head13, 739, 200, 195
head13, 740, 200, 203
head13, 741, 196, 207
head13, 742, 196, 207
head13, 743, 196, 204
head13, 744, 196, 207
head13, 745, 195, 210
head13, 746, 195, 212
head13, 747, 199, 218
head13, 748, 199, 220
head13, 749, 195, 226
head13, 750, 195, 228
head13, 751, 191, 234
head13, 752, 191, 236
head13, 753, 187, 234
head13, 754, 187, 236
head13, 755, 183, 242
head13, 756, 191, 244
head13, 757, 187, 250
head13, 758, 187, 252
head13, 759, 191, 258
head13, 760, 183, 252
head13, 761, 187, 258
head13, 762, 187, 260
head13, 763, 183, 263
head13, 764, 183, 260
head13, 765, 179, 234
head13, 766, 163, 220
head13, 767, 159, 202
head13, 768, 159, 204
head13, 769, 163, 210
head13, 770, 171, 236
head13, 771, 175, 242
head13, 772, 191, 236
head13, 773, 227, 218
head13, 774, 259, 196
head14, 760, 188, 191
head14, 761, 188, 191
head14, 762, 190, 193
head14, 763, 193, 195
head14, 764, 197, 198
head14, 765, 200, 201
head14, 766, 204, 204
head14, 767, 208, 206
head14, 768, 212, 208
head14, 769, 220, 206
head14, 770, 224, 208
head14, 771, 232, 214
head14, 772, 228, 216
head14, 773, 236, 222
head14, 774, 240, 224
head14, 775, 240, 222
head14, 776, 244, 224
head14, 777, 244, 230
head14, 778, 248, 240
head14, 779, 280, 254
head14, 783, 300, 248
head14, 784, 308, 254
head14, 785, 312, 256
head14, 786, 304, 238
head14, 787, 300, 240
head14, 788, 324, 261
head15, 773, 187, 117
head15, 774, 187, 117
head15, 775, 187, 118
head15, 776, 187, 120
head15, 777, 187, 121
head15, 778, 191, 126
head15, 779, 187, 125
head15, 780, 186, 127
head15, 781, 197, 133
head15, 782, 196, 135
head15, 783, 199, 133
head15, 784, 198, 135
head15, 785, 193, 141
head15, 786, 185, 138
head15, 787, 197, 139
head15, 788, 184, 142
head15, 789, 183, 125
head15, 790, 186, 96
head15, 791, 193, 79
head15, 792, 188, 74
head15, 793, 195, 81
head15, 794, 182, 108
head15, 795, 181, 115
head15, 796, 184, 110
head15, 797, 183, 109
head15, 798, 178, 120
head15, 799, 185, 119
head15, 800, 180, 122
head15, 801, 179, 129
head15, 806, 174, 140
head15, 807, 173, 139
head15, 810, 168, 150
head15, 811, 167, 149
head16, 782, 186, 89
head16, 784, 186, 91
head16, 785, 182, 97
head16, 786, 185, 94
head16, 787, 184, 95
head16, 788, 187, 100
head16, 789, 186, 101
head16, 790, 189, 98
head16, 791, 184, 101
head16, 792, 183, 102
head16, 793, 183, 104
head16, 794, 183, 106
head16, 795, 182, 108
head16, 796, 182, 110
head16, 797, 181, 112
head16, 798, 180, 114
head16, 799, 183, 120
head16, 800, 178, 119
head16, 801, 177, 122
head16, 802, 180, 129
head16, 803, 179, 132
head16, 806, 174, 139
head16, 807, 173, 142
head16, 810, 168, 149
head16, 812, 167, 152
head16, 814, 146, 175
head17, 790, 204, 153
head17, 791, 204, 153
head17, 792, 204, 154
head17, 793, 204, 156
head17, 794, 203, 158
head17, 795, 203, 161
head17, 796, 202, 164
head17, 797, 202, 168
head17, 798, 203, 172
head17, 799, 204, 174
head17, 800, 201, 180
head17, 801, 202, 182
head17, 802, 204, 177
head17, 803, 202, 184
head17, 804, 204, 187
head17, 805, 205, 182
head17, 806, 206, 184
head17, 807, 207, 187
head17, 808, 208, 190
head17, 809, 213, 205
head17, 810, 214, 208
head17, 811, 211, 196
head17, 812, 213, 199
head17, 813, 214, 201
head17, 814, 215, 204
head17, 815, 216, 206
head17, 816, 221, 220
head17, 817, 218, 211
head17, 818, 219, 222
head17, 819, 218, 215
head17, 820, 219, 218
head17, 821, 224, 233
head17, 822, 225, 236
head17, 823, 222, 243
head17, 824, 223, 246
head17, 825, 220, 245
head17, 826, 221, 248
head17, 827, 218, 247
head17, 828, 219, 250
head17, 829, 216, 257
head17, 830, 217, 252
head17, 831, 214, 251
head17, 832, 215, 261
head17, 833, 220, 260
head17, 834, 213, 262
head17, 835, 218, 261
head17, 836, 203, 242
head17, 837, 200, 241
head17, 838, 201, 244
head17, 841, 214, 251
head17, 842, 247, 238
head18, 837, 174, 192
head18, 838, 174, 192
head18, 839, 174, 194
head18, 840, 173, 195
head18, 841, 173, 198
head18, 842, 173, 201
head18, 843, 172, 203
head18, 844, 172, 205
head18, 845, 172, 208
head18, 846, 172, 210
head18, 847, 168, 216
head18, 848, 168, 218
head18, 849, 172, 224
head18, 850, 172, 226
head18, 851, 176, 224
head18, 852, 176, 226
head18, 853, 180, 224
head18, 854, 180, 234
head18, 855, 184, 240
head18, 856, 192, 242
head18, 857, 196, 240
head18, 858, 196, 234
head18, 859, 200, 240
head18, 860, 200, 242
head18, 861, 212, 240
head18, 862, 212, 242
head18, 863, 216, 248
head18, 864, 216, 250
head18, 865, 220, 248
head18, 866, 220, 250
head18, 867, 224, 248
head18, 868, 224, 258
head18, 869, 228, 256
head18, 870, 228, 258
head18, 871, 232, 256
head18, 872, 232, 250
head18, 873, 236, 262
head18, 874, 244, 263
head18, 876, 240, 256
head18, 877, 248, 258
head19, 816, 187, 73
head19, 819, 186, 75
head19, 820, 186, 76
head19, 821, 182, 73
head19, 822, 185, 78
head19, 823, 185, 79
head19, 824, 189, 84
head19, 825, 185, 82
head19, 826, 185, 83
head19, 827, 184, 85
head19, 828, 184, 86
head19, 829, 184, 88
head19, 830, 188, 94
head19, 831, 183, 91
head19, 832, 190, 92
head19, 833, 193, 97
head19, 834, 192, 98
head19, 835, 195, 103
head19, 836, 194, 104
head19, 837, 197, 101
head19, 838, 196, 110
head19, 839, 199, 107
head19, 840, 198, 116
head19, 841, 201, 113
head19, 842, 200, 114
head19, 843, 203, 119
head19, 844, 210, 120
head19, 845, 205, 125
head19, 846, 212, 126
head19, 847, 215, 131
head19, 848, 198, 140
head19, 849, 193, 145
head19, 850, 192, 146
head19, 851, 195, 143
head19, 852, 194, 120
head19, 854, 181, 101
head19, 855, 164, 94
head19, 856, 167, 99
head19, 857, 158, 116
head19, 858, 161, 121
head19, 859, 168, 122
head19, 860, 163, 119
head19, 861, 162, 104
head19, 862, 165, 101
head19, 863, 164, 102
head19, 864, 159, 107
head19, 865, 158, 108
head19, 866, 161, 113
head19, 867, 184, 98
head19, 868, 187, 103
head19, 869, 186, 104
head19, 870, 181, 101
head19, 871, 188, 102
head19, 872, 183, 99
head19, 873, 182, 100
head19, 874, 185, 105
head19, 875, 184, 106
head19, 876, 153, 154
head19, 878, 153, 158
head19, 879, 157, 142
head19, 880, 157, 146
head19, 881, 161, 146
head19, 882, 161, 150
head19, 883, 154, 167
head19, 884, 159, 172
head19, 885, 160, 157
head19, 886, 165, 162
head19, 887, 166, 163
head19, 888, 163, 160
head19, 889, 164, 161
head19, 890, 161, 166
head19, 891, 162, 167
head19, 892, 167, 172
head19, 893, 168, 173
head19, 894, 165, 178
head19, 895, 166, 179
head19, 896, 171, 184
head19, 897, 172, 185
head19, 898, 169, 190
head19, 899, 170, 191
head19, 900, 167, 196
head19, 901, 168, 197
head19, 902, 165, 202
head19, 903, 166, 203
head19, 904, 163, 208
head19, 905, 164, 209
head19, 906, 169, 206
head19, 907, 162, 215
head19, 908, 167, 212
head19, 909, 160, 221
head19, 910, 165, 218
head19, 911, 166, 219
head19, 912, 163, 224
head19, 913, 164, 225
head19, 914, 161, 230
head19, 915, 162, 231
head19, 916, 159, 236
head19, 917, 160, 237
head19, 918, 157, 242
head19, 919, 158, 243
head19, 920, 163, 248
head19, 921, 156, 257
head19, 922, 161, 254
head19, 923, 162, 255
head19, 924, 159, 260
head19, 925, 160, 260
head19, 926, 157, 263
head19, 927, 150, 251
head19, 928, 118, 184
head19, 929, 106, 121
head19, 931, 90, 78
head19, 936, 104, 190
head20, 887, 159, 76
head20, 888, 159, 76
head20, 889, 155, 88
head20, 890, 155, 88
head20, 891, 159, 79
head20, 892, 159, 81
head20, 893, 155, 95
head20, 894, 155, 97
head20, 895, 158, 86
head20, 896, 157, 88
head20, 897, 156, 91
head20, 898, 155, 93
head20, 899, 154, 94
head20, 900, 153, 96
head20, 901, 151, 98
head20, 902, 149, 99
head20, 903, 147, 101
head20, 904, 145, 102
head20, 905, 142, 104
head20, 906, 140, 106
head20, 907, 138, 107
head20, 908, 135, 109
head20, 909, 133, 110
head20, 910, 131, 112
head20, 911, 129, 113
head20, 912, 123, 126
head20, 913, 124, 115
head20, 914, 122, 116
head20, 915, 120, 118
head20, 916, 118, 119
head20, 917, 115, 121
head20, 918, 113, 123
head20, 919, 110, 125
head20, 920, 108, 127
head20, 921, 105, 129
head20, 922, 103, 131
head20, 923, 101, 133
head20, 924, 98, 135
head20, 925, 96, 137
head20, 926, 93, 139
head20, 927, 86, 153
head20, 928, 83, 155
head20, 929, 100, 177
head20, 930, 97, 179
head20, 931, 74, 161
head20, 932, 71, 163
head20, 933, 76, 155
head20, 934, 69, 167
head20, 935, 82, 183
head20, 936, 83, 187
head20, 937, 64, 179
head20, 938, 64, 167
head21, 933, 219, 119
head21, 935, 220, 120
head21, 936, 225, 117
head21, 937, 226, 118
head21, 938, 231, 123
head21, 939, 232, 124
head21, 940, 237, 129
head21, 941, 238, 130
head21, 942, 236, 132
head21, 943, 239, 134
head21, 944, 242, 136
head21, 945, 244, 138
head21, 946, 247, 140
head21, 947, 250, 142
head21, 948, 249, 148
head21, 949, 255, 142
head21, 950, 257, 148
head21, 951, 260, 142
head21, 952, 259, 148
head21, 953, 262, 150
head21, 954, 269, 156
head21, 955, 272, 158
head21, 956, 279, 156
head21, 957, 274, 150
head21, 958, 281, 156
head21, 959, 284, 158
head21, 960, 283, 156
head21, 961, 286, 158
head21, 962, 293, 156
head21, 963, 288, 134
head21, 964, 295, 132
head21, 965, 298, 150
head21, 966, 281, 172
head21, 967, 284, 174
head21, 968, 283, 172
head21, 969, 294, 174
head21, 970, 293, 188
head21, 971, 296, 182
head21, 972, 295, 180
head21, 973, 298, 174
head21, 974, 321, 148
head22, 832, 148, 110
head22, 833, 148, 110
head22, 834, 147, 112
head22, 835, 147, 113
head22, 836, 147, 115
head22, 837, 143, 113
head22, 838, 143, 115
head22, 839, 147, 121
head22, 840, 145, 122
head22, 841, 144, 124
head22, 842, 144, 125
head22, 843, 143, 126
head22, 844, 143, 127
head22, 845, 142, 129
head22, 846, 141, 130
head22, 847, 140, 131
head22, 848, 139, 133
head22, 849, 158, 115
head22, 850, 136, 135
head22, 851, 134, 135
head22, 852, 136, 139
head22, 853, 132, 138
head22, 854, 132, 141
head22, 855, 128, 140
head22, 856, 127, 141
head22, 857, 122, 146
head22, 858, 124, 143
head22, 859, 123, 144
head22, 860, 122, 145
head22, 861, 121, 146
head22, 862, 120, 147
head22, 863, 119, 148
head22, 864, 119, 149
head22, 865, 118, 150
head22, 866, 117, 151
head22, 867, 117, 153
head22, 868, 117, 155
head22, 869, 116, 156
head22, 870, 111, 161
head22, 871, 116, 160
head22, 872, 116, 162
head22, 873, 116, 164
head22, 874, 112, 162
head22, 875, 116, 168
head22, 876, 116, 169
head22, 877, 116, 171
head22, 878, 112, 177
head22, 879, 112, 171
head22, 880, 116, 176
head22, 881, 116, 177
head22, 882, 120, 182
head22, 883, 116, 179
head22, 884, 116, 180
head22, 885, 116, 181
head22, 886, 120, 186
head22, 887, 112, 187
head22, 888, 116, 192
head22, 889, 115, 186
head22, 890, 110, 192
head22, 891, 114, 188
head22, 892, 114, 196
head22, 893, 113, 192
head22, 894, 112, 193
head22, 895, 107, 198
head22, 896, 106, 199
head22, 897, 109, 198
head22, 898, 108, 209
head22, 899, 106, 202
head22, 900, 105, 203
head22, 901, 100, 208
head22, 902, 99, 209
head22, 903, 102, 214
head22, 904, 100, 209
head22, 905, 99, 211
head22, 906, 94, 217
head22, 907, 97, 214
head22, 908, 88, 215
head22, 909, 91, 220
head22, 910, 90, 221
head22, 911, 93, 226
head22, 912, 84, 227
head22, 913, 87, 224
head22, 914, 86, 225
head22, 915, 81, 230
head22, 916, 88, 231
head22, 917, 83, 236
head22, 918, 90, 237
head22, 919, 85, 234
head22, 920, 84, 235
head22, 921, 87, 240
head22, 922, 94, 241
head22, 923, 89, 246
head22, 924, 96, 247
head22, 925, 91, 244
head22, 926, 90, 245
head22, 927, 93, 250
head22, 928, 92, 251
head22, 929, 87, 248
head22, 930, 94, 257
head22, 931, 89, 254
head22, 932, 88, 255
head22, 933, 91, 252
head22, 934, 90, 253
head22, 935, 93, 258
head22, 936, 84, 259
head22, 937, 87, 262
head22, 938, 86, 262
head22, 939, 89, 261
head22, 940, 88, 261
head22, 941, 83, 260
head22, 942, 90, 237
head22, 943, 77, 202
head22, 944, 44, 187
head22, 945, 44, 192
head22, 946, 44, 193
head22, 947, 36, 198
head22, 948, 36, 199
head22, 949, 36, 204
head22, 950, 36, 205
head22, 951, 28, 210
head22, 952, 28, 211
head22, 953, 28, 216
head22, 954, 28, 217
head22, 955, 28, 222
head22, 956, 28, 223
head22, 957, 28, 228
head22, 958, 28, 229
head22, 959, 28, 234
head22, 960, 28, 235
head22, 961, 52, 248
head22, 962, 96, 257
head22, 963, 136, 254
head22, 964, 172, 231
head22, 965, 188, 212
head22, 966, 184, 213
head22, 967, 200, 210
head22, 968, 204, 211
head22, 969, 204, 216
head22, 971, 184, 217
head22, 973, 184, 214
head22, 976, 204, 223
head23, 960, 169, 97
head23, 961, 169, 97
head23, 962, 165, 101
head23, 963, 170, 100
head23, 964, 171, 103
head23, 965, 168, 102
head23, 966, 169, 81
head23, 967, 166, 80
head23, 968, 167, 83
head23, 969, 172, 82
head23, 970, 165, 77
head23, 971, 170, 84
head23, 972, 163, 87
head23, 973, 168, 86
head23, 974, 161, 89
head23, 975, 163, 118
head23, 977, 153, 127
head23, 978, 163, 124
head23, 979, 163, 125
head23, 980, 163, 127
head23, 981, 159, 125
head23, 982, 159, 103
head23, 983, 155, 101
head23, 984, 155, 95
head23, 985, 159, 101
head23, 986, 164, 137
head23, 991, 165, 185
head23, 992, 170, 229
head23, 994, 195, 253
head23, 995, 248, 257
head24, 941, 194, 74
head24, 945, 192, 78
head24, 946, 192, 80
head24, 947, 188, 86
head24, 948, 191, 83
head24, 949, 182, 84
head24, 950, 191, 86
head24, 951, 180, 92
head24, 952, 191, 90
head24, 953, 192, 91
head24, 954, 193, 92
head24, 955, 195, 94
head24, 956, 197, 97
head24, 957, 199, 99
head24, 958, 189, 105
head24, 959, 203, 104
head24, 960, 229, 115
head24, 961, 235, 122
head24, 962, 229, 117
head24, 963, 203, 108
head24, 964, 165, 103
head24, 965, 107, 86
head24, 966, 223, 119
head24, 967, 227, 123
head24, 968, 211, 123
head24, 969, 215, 119
head24, 970, 215, 127
head24, 971, 219, 123
head24, 972, 237, 133
head24, 973, 259, 131
head24, 974, 261, 125
head24, 975, 243, 139
head24, 976, 246, 141
head24, 977, 248, 143
head24, 978, 250, 145
head24, 979, 232, 143
head24, 980, 254, 148
head24, 981, 257, 150
head24, 982, 260, 153
head24, 983, 243, 152
head24, 984, 246, 155
head24, 985, 253, 162
head24, 986, 256, 165
head24, 987, 255, 164
head24, 988, 258, 167
head24, 989, 257, 166
head24, 990, 268, 169
head24, 991, 267, 168
head24, 992, 270, 171
head24, 993, 269, 170
head24, 994, 272, 173
head24, 995, 279, 172
head24, 996, 282, 175
head24, 997, 281, 174
head24, 998, 284, 169
head24, 999, 291, 168
head24, 1000, 294, 171
head24, 1001, 301, 170
head24, 1002, 304, 173
head24, 1003, 311, 172
head24, 1004, 306, 175
head24, 1005, 313, 174
head24, 1006, 316, 177
head24, 1007, 315, 168
head24, 1008, 318, 179
head24, 1009, 324, 178
head24, 1010, 326, 173
head24, 1011, 325, 180
head24, 1012, 327, 175
head24, 1013, 326, 182
head24, 1014, 308, 209
head24, 1015, 299, 240
head25, 1020, 150, 111
head25, 1021, 150, 111
head25, 1022, 146, 115
head25, 1023, 154, 131
head25, 1024, 147, 114
head25, 1025, 146, 114
head25, 1026, 145, 115
head25, 1027, 145, 116
head25, 1028, 144, 117
head25, 1029, 139, 122
head25, 1030, 138, 123
head25, 1031, 133, 120
head25, 1032, 132, 121
head25, 1033, 143, 142
head25, 1034, 142, 151
head25, 1035, 137, 148
head25, 1036, 136, 149
head25, 1037, 139, 154
head25, 1038, 138, 155
head25, 1039, 133, 160
head25, 1040, 132, 161
head25, 1041, 135, 166
head25, 1042, 134, 167
head25, 1043, 121, 148
head25, 1044, 130, 146
head25, 1045, 128, 149
head25, 1046, 114, 164
head25, 1047, 112, 167
head25, 1048, 122, 190
head25, 1049, 120, 193
head25, 1050, 117, 162
head25, 1051, 118, 143
head25, 1052, 115, 144
head26, 1031, 146, 232
head26, 1032, 146, 232
head26, 1033, 142, 244
head26, 1034, 142, 236
head26, 1035, 138, 232
head26, 1036, 138, 232
head26, 1037, 134, 236
head26, 1038, 134, 252
head26, 1041, 130, 256
head26, 1042, 130, 256
head26, 1043, 142, 236
head26, 1044, 134, 228
head26, 1045, 138, 232
head26, 1046, 130, 232
head26, 1047, 126, 228
head26, 1048, 126, 228
head26, 1049, 130, 232
head26, 1050, 154, 224
head26, 1051, 158, 212
head26, 1052, 158, 212
head26, 1053, 154, 232
head26, 1054, 154, 232
head26, 1055, 150, 244
head26, 1056, 158, 244
head26, 1057, 146, 240
head26, 1058, 130, 216
head26, 1059, 94, 212
head26, 1060, 78, 196
head26, 1061, 74, 200
head26, 1062, 66, 200
head26, 1063, 62, 204
head26, 1064, 78, 228
head26, 1065, 74, 232
head26, 1066, 50, 216
head26, 1067, 44, 220
head26, 1068, 60, 236
head26, 1069, 80, 240
head26, 1070, 104, 262
head27, 1001, 158, 147
head27, 1002, 158, 147
head27, 1003, 157, 148
head27, 1004, 156, 149
head27, 1005, 155, 150
head27, 1006, 150, 147
head27, 1007, 151, 152
head27, 1008, 148, 152
head27, 1009, 146, 153
head27, 1010, 144, 154
head27, 1011, 138, 151
head27, 1012, 139, 155
head27, 1013, 144, 179
head27, 1014, 137, 183
head27, 1015, 132, 156
head27, 1016, 123, 149
head27, 1017, 127, 157
head27, 1018, 124, 158
head27, 1019, 133, 179
head27, 1020, 130, 180
head27, 1021, 131, 177
head27, 1022, 128, 178
head27, 1023, 121, 191
head27, 1024, 118, 192
head27, 1025, 119, 181
head27, 1026, 124, 182
head27, 1027, 117, 195
head27, 1028, 106, 188
head27, 1029, 115, 185
head27, 1030, 104, 186
head27, 1031, 97, 191
head27, 1032, 94, 192
head27, 1033, 82, 183
head27, 1034, 74, 186
head27, 1035, 70, 185
head27, 1036, 70, 188
head27, 1037, 90, 195
head27, 1038, 106, 206
head27, 1039, 67, 189
head27, 1040, 60, 192
head27, 1041, 57, 191
head27, 1042, 50, 194
head27, 1043, 52, 193
head27, 1044, 74, 212
head27, 1045, 76, 235
head27, 1047, 106, 246
head27, 1049, 140, 245
head27, 1050, 154, 224
head27, 1051, 156, 215
head27, 1052, 154, 226
head27, 1053, 156, 241
head27, 1054, 154, 236
head27, 1055, 148, 243
head27, 1056, 154, 246
head27, 1057, 148, 237
head27, 1058, 130, 216
head27, 1059, 100, 215
head27, 1060, 58, 226
head27, 1061, 60, 241
head27, 1062, 58, 252
head27, 1063, 52, 251
head27, 1064, 52, 230
head27, 1065, 72, 229
head27, 1066, 72, 232
head27, 1067, 68, 231
head27, 1068, 60, 234
head27, 1069, 40, 225
head27, 1070, 36, 228
head27, 1071, 36, 227
head27, 1072, 36, 230
head27, 1073, 60, 229
head27, 1074, 64, 232
head27, 1075, 56, 239
head27, 1076, 28, 242
head27, 1077, 52, 241
head27, 1081, 72, 252
head28, 1053, 187, 114
head28, 1054, 187, 114
head28, 1055, 188, 115
head28, 1056, 189, 117
head28, 1057, 191, 118
head28, 1058, 194, 120
head28, 1059, 197, 121
head28, 1060, 199, 123
head28, 1061, 201, 125
head28, 1062, 204, 127
head28, 1063, 206, 128
head28, 1064, 212, 133
head28, 1065, 210, 131
head28, 1066, 212, 133
head28, 1067, 213, 133
head28, 1068, 215, 134
head28, 1069, 217, 135
head28, 1070, 218, 136
head28, 1071, 223, 141
head28, 1072, 220, 137
head28, 1073, 220, 136
head28, 1074, 220, 136
head28, 1075, 232, 148
head28, 1076, 232, 156
head28, 1077, 236, 152
head28, 1078, 236, 160
head28, 1079, 232, 156
head28, 1080, 232, 164
head28, 1081, 236, 168
head28, 1082, 244, 168
head28, 1083, 240, 172
head28, 1084, 248, 172
head28, 1085, 244, 176
head28, 1086, 252, 176
head28, 1087, 248, 180
head28, 1088, 256, 180
head28, 1089, 252, 184
head28, 1090, 252, 184
head28, 1091, 256, 188
head28, 1092, 264, 188
head28, 1093, 260, 192
head28, 1094, 260, 192
head28, 1095, 272, 188
head28, 1096, 272, 188
head28, 1097, 268, 192
head28, 1098, 276, 192
head28, 1099, 280, 188
head28, 1100, 280, 188
head28, 1101, 284, 192
head28, 1102, 284, 192
head28, 1103, 288, 196
head28, 1104, 288, 196
head28, 1105, 292, 192
head28, 1106, 300, 192
head28, 1107, 304, 196
head28, 1108, 304, 196
head28, 1109, 308, 192
head28, 1110, 308, 200
head28, 1111, 312, 196
head28, 1112, 312, 196
head28, 1113, 316, 200
head28, 1114, 316, 200
head28, 1115, 320, 196
head28, 1116, 320, 204
head28, 1117, 316, 200
head28, 1118, 324, 200
head28, 1119, 326, 204
head28, 1120, 326, 204
head28, 1121, 324, 208
head28, 1122, 324, 208
head28, 1123, 326, 212
head28, 1124, 326, 212
head28, 1125, 308, 224
head28, 1126, 300, 240
head28, 1128, 312, 252
head28, 1130, 312, 252
head28, 1131, 308, 256
head28, 1132, 316, 256
head28, 1133, 304, 236
head28, 1134, 304, 228
head28, 1135, 308, 232
head28, 1136, 324, 232
head28, 1137, 326, 236
head28, 1139, 320, 260
head29, 1113, 160, 228
head29, 1114, 160, 228
head29, 1115, 164, 224
head29, 1116, 164, 224
head29, 1117, 160, 228
head29, 1118, 168, 236
head29, 1119, 172, 240
head29, 1120, 172, 240
head29, 1121, 168, 236
head29, 1122, 184, 212
head29, 1123, 188, 208
head29, 1124, 188, 216
head29, 1125, 184, 220
head29, 1126, 192, 220
head29, 1127, 188, 224
head29, 1128, 188, 224
head29, 1129, 192, 228
head29, 1130, 192, 228
head29, 1131, 196, 232
head29, 1132, 196, 240
head29, 1133, 200, 244
head29, 1134, 200, 244
head29, 1135, 204, 248
head29, 1136, 204, 248
head29, 1137, 208, 252
head29, 1138, 208, 252
head29, 1139, 204, 256
head29, 1140, 212, 262
head29, 1141, 208, 260
head29, 1143, 216, 244
head29, 1144, 212, 216
head29, 1145, 212, 176
head29, 1147, 216, 148
head29, 1148, 216, 140
head29, 1149, 220, 144
head29, 1150, 236, 128
head29, 1151, 264, 132
head29, 1153, 272, 140
head29, 1154, 260, 144
head30, 1131, 138, 139
head30, 1132, 138, 139
head30, 1133, 138, 142
head30, 1134, 138, 145
head30, 1135, 139, 149
head30, 1136, 139, 152
head30, 1137, 140, 156
head30, 1138, 137, 156
head30, 1139, 141, 162
head30, 1140, 142, 165
head30, 1141, 143, 168
head30, 1142, 143, 170
head30, 1143, 144, 173
head30, 1144, 145, 176
head30, 1145, 145, 179
head30, 1146, 145, 182
head30, 1147, 146, 185
head30, 1148, 143, 184
head30, 1149, 146, 192
head30, 1150, 137, 196
head30, 1151, 140, 196
head30, 1152, 139, 200
head30, 1153, 142, 200
head30, 1154, 141, 212
head30, 1155, 144, 212
head30, 1156, 143, 216
head30, 1157, 138, 216
head30, 1158, 137, 220
head30, 1159, 145, 226
head30, 1160, 141, 228
head30, 1161, 141, 234
head30, 1162, 137, 236
head30, 1163, 137, 242
head30, 1164, 141, 244
head30, 1165, 141, 250
head30, 1166, 145, 252
head30, 1167, 145, 258
head30, 1168, 141, 252
head30, 1169, 149, 258
head30, 1170, 153, 260
head30, 1171, 153, 263
head31, 1085, 137, 161
head31, 1086, 137, 161
head31, 1087, 137, 163
head31, 1088, 137, 165
head31, 1089, 136, 168
head31, 1090, 131, 175
head31, 1091, 136, 172
head31, 1092, 135, 175
head31, 1093, 135, 178
head31, 1094, 134, 180
head31, 1095, 129, 186
head31, 1096, 128, 188
head31, 1097, 131, 186
head31, 1098, 129, 189
head31, 1099, 128, 191
head31, 1100, 126, 193
head31, 1101, 125, 196
head31, 1102, 123, 198
head31, 1103, 121, 200
head31, 1104, 119, 202
head31, 1105, 113, 208
head31, 1106, 116, 206
head31, 1107, 107, 216
head31, 1108, 114, 210
head31, 1109, 109, 216
head31, 1110, 113, 214
head31, 1111, 113, 216
head31, 1112, 113, 218
head31, 1113, 109, 232
head31, 1114, 117, 234
head31, 1115, 113, 232
head31, 1116, 113, 234
head31, 1117, 109, 240
head31, 1118, 117, 242
head31, 1119, 121, 248
head31, 1120, 121, 250
head31, 1121, 125, 256
head31, 1122, 125, 250
head31, 1123, 129, 256
head31, 1124, 129, 263
head31, 1125, 125, 256
head31, 1128, 141, 242
head31, 1129, 161, 208
head31, 1130, 177, 194
head31, 1131, 173, 168
head31, 1132, 181, 138
head31, 1133, 193, 120
head31, 1134, 193, 122
head31, 1135, 189, 144
head31, 1136, 189, 146
head31, 1137, 193, 152
head31, 1138, 193, 154
head31, 1139, 197, 160
head31, 1140, 197, 162
head31, 1141, 201, 160
head31, 1142, 209, 162
head31, 1143, 213, 168
head31, 1144, 213, 170
head31, 1145, 217, 168
head31, 1146, 217, 170
head31, 1147, 221, 176
head31, 1148, 221, 178
head31, 1149, 225, 176
head31, 1150, 225, 178
head31, 1151, 229, 184
head31, 1152, 229, 186
head31, 1153, 233, 192
head31, 1154, 241, 194
head31, 1155, 245, 200
head31, 1156, 245, 202
head31, 1157, 249, 208
head31, 1158, 249, 202
head31, 1159, 253, 208
head31, 1160, 261, 218
head31, 1161, 265, 216
head31, 1162, 265, 218
head31, 1163, 269, 216
head31, 1164, 269, 218
head31, 1165, 273, 224
head31, 1166, 289, 218
head31, 1167, 301, 208
head31, 1168, 317, 218
head31, 1169, 321, 216
head31, 1170, 326, 218
head31, 1171, 324, 216
head31, 1172, 301, 210
head32, 1160, 182, 93
head32, 1161, 182, 93
head32, 1162, 178, 73
head32, 1163, 178, 73
head32, 1164, 174, 85
head32, 1165, 182, 98
head32, 1166, 182, 101
head32, 1167, 178, 92
head32, 1168, 154, 63
head32, 1169, 150, 60
head32, 1170, 150, 61
head32, 1171, 154, 66
head32, 1172, 154, 67
head32, 1173, 158, 64
head32, 1174, 158, 65
head32, 1175, 154, 70
head32, 1176, 154, 63
head32, 1177, 158, 68
head32, 1178, 158, 69
head32, 1179, 154, 74
head32, 1180, 154, 75
head32, 1181, 158, 64
head32, 1182, 158, 65
head32, 1183, 154, 78
head32, 1184, 154, 79
head32, 1185, 158, 84
head32, 1186, 158, 77
head32, 1187, 154, 82
head32, 1188, 154, 83
head32, 1189, 158, 88
head32, 1190, 158, 89
head32, 1191, 154, 86
head32, 1192, 154, 87
head32, 1193, 150, 92
head32, 1194, 150, 93
head32, 1195, 154, 90
head32, 1196, 154, 91
head32, 1197, 150, 96
head32, 1198, 150, 97
head32, 1199, 146, 102
head32, 1200, 188, 155
head32, 1201, 226, 220
head33, 1105, 184, 179
head33, 1107, 183, 181
head33, 1108, 183, 184
head33, 1109, 182, 186
head33, 1110, 185, 176
head33, 1111, 184, 178
head33, 1112, 179, 176
head33, 1113, 178, 178
head33, 1114, 181, 184
head33, 1115, 180, 186
head33, 1116, 175, 192
head33, 1117, 174, 194
head33, 1118, 177, 192
head33, 1119, 176, 194
head33, 1120, 179, 200
head33, 1121, 181, 215
head33, 1122, 179, 210
head33, 1123, 183, 221
head33, 1124, 184, 224
head33, 1125, 189, 215
head33, 1126, 190, 218
head33, 1127, 187, 225
head33, 1128, 188, 228
head33, 1129, 193, 227
head33, 1130, 194, 230
head33, 1131, 191, 237
head33, 1132, 200, 240
head33, 1133, 197, 239
head33, 1134, 198, 242
head33, 1135, 203, 249
head33, 1136, 204, 244
head33, 1137, 201, 251
head33, 1138, 178, 238
head33, 1139, 167, 237
head33, 1140, 168, 240
head33, 1141, 173, 247
head33, 1142, 174, 250
head33, 1143, 171, 249
head33, 1144, 148, 252
head33, 1145, 145, 251
head33, 1146, 154, 254
head33, 1147, 175, 237
head33, 1148, 192, 240
head33, 1149, 197, 247
head33, 1150, 198, 250
head33, 1151, 203, 249
head33, 1152, 188, 252
head33, 1153, 161, 251
head33, 1154, 154, 230
head33, 1155, 143, 213
head33, 1156, 144, 216
head33, 1157, 141, 215
head33, 1158, 142, 226
head33, 1159, 139, 225
head33, 1160, 140, 228
head33, 1161, 137, 235
head33, 1162, 146, 238
head33, 1163, 143, 237
head33, 1164, 136, 240
head33, 1165, 141, 247
head33, 1166, 142, 250
head33, 1167, 147, 257
head33, 1168, 148, 252
head33, 1169, 145, 259
head33, 1170, 154, 261
head33, 1171, 151, 260
head33, 1172, 152, 240
head33, 1173, 173, 215
head33, 1174, 190, 210
head33, 1175, 203, 193
head33, 1176, 204, 188
head33, 1178, 217, 203
head33, 1179, 210, 198
head33, 1181, 215, 205
head33, 1182, 216, 208
head33, 1183, 213, 207
head33, 1184, 214, 210
head33, 1185, 219, 209
head33, 1186, 228, 204
head33, 1187, 217, 211
head33, 1188, 218, 214
head33, 1189, 215, 213
head33, 1191, 216, 216
head33, 1192, 213, 223
head33, 1193, 214, 218
head33, 1194, 219, 209
head33, 1195, 220, 220
head33, 1196, 217, 227
head33, 1197, 218, 214
head33, 1198, 207, 189
head33, 1199, 176, 144
head33, 1200, 149, 103
head33, 1201, 142, 74
head34, 1223, 176, 87
head34, 1224, 176, 87
head34, 1225, 172, 99
head34, 1226, 172, 99
head34, 1227, 177, 91
head34, 1228, 178, 93
head34, 1229, 175, 99
head34, 1230, 176, 101
head34, 1231, 181, 99
head34, 1232, 182, 101
head34, 1233, 179, 99
head34, 1234, 172, 77
head34, 1235, 169, 75
head34, 1236, 170, 77
head34, 1237, 177, 106
head34, 1238, 172, 115
head34, 1239, 171, 120
head34, 1240, 174, 121
head34, 1241, 173, 118
head34, 1242, 176, 119
head34, 1243, 175, 124
head34, 1244, 170, 125
head34, 1245, 169, 122
head34, 1246, 172, 131
head34, 1247, 172, 119
head34, 1248, 160, 87
head34, 1249, 144, 67
head34, 1250, 140, 68
head34, 1251, 140, 65
head34, 1252, 144, 66
head34, 1253, 152, 79
head34, 1254, 164, 112
head34, 1257, 172, 157
head34, 1259, 184, 214
head34, 1263, 172, 157
head34, 1264, 148, 80
head34, 1265, 170, 161
head34, 1266, 212, 222
head35, 1180, 192, 104
head35, 1184, 193, 108
head35, 1185, 193, 110
head35, 1186, 194, 112
head35, 1187, 191, 102
head35, 1188, 192, 104
head35, 1189, 197, 110
head35, 1190, 198, 112
head35, 1191, 195, 121
head35, 1192, 196, 118
head35, 1193, 195, 124
head35, 1194, 195, 126
head35, 1195, 175, 132
head35, 1196, 195, 130
head35, 1197, 196, 132
head35, 1198, 196, 134
head35, 1199, 197, 136
head35, 1200, 202, 134
head35, 1201, 203, 136
head35, 1202, 208, 142
head35, 1203, 209, 144
head35, 1204, 206, 147
head35, 1205, 208, 149
head35, 1206, 211, 151
head35, 1207, 218, 149
head35, 1208, 221, 151
head35, 1209, 228, 149
head35, 1210, 231, 151
head35, 1211, 230, 157
head35, 1212, 233, 159
head35, 1213, 240, 157
head35, 1214, 243, 159
head35, 1215, 242, 165
head35, 1216, 245, 167
head35, 1217, 252, 165
head35, 1218, 255, 167
head35, 1220, 262, 173
head35, 1221, 265, 175
head35, 1222, 264, 173
head35, 1223, 267, 175
head35, 1224, 266, 181
head35, 1225, 269, 183
head35, 1226, 268, 181
head35, 1227, 247, 199
head35, 1228, 238, 205
head35, 1229, 241, 207
head35, 1230, 240, 197
head35, 1231, 235, 199
head35, 1232, 242, 205
head35, 1233, 245, 207
head35, 1234, 244, 213
head35, 1235, 247, 215
head35, 1236, 246, 213
head35, 1237, 249, 215
head35, 1238, 248, 221
head35, 1239, 251, 223
head35, 1240, 258, 229
head35, 1241, 261, 231
head35, 1242, 252, 229
head35, 1243, 255, 231
head35, 1244, 262, 237
head35, 1245, 265, 231
head35, 1246, 264, 237
head35, 1247, 267, 239
head35, 1248, 266, 237
head35, 1249, 269, 239
head35, 1250, 276, 237
head35, 1251, 271, 239
head35, 1252, 278, 237
head35, 1253, 281, 239
head35, 1254, 288, 245
head35, 1255, 291, 247
head35, 1257, 298, 245
head35, 1258, 293, 247
head35, 1259, 268, 253
head35, 1261, 247, 239
head35, 1262, 246, 245
head35, 1263, 249, 239
head35, 1264, 248, 245
head35, 1265, 251, 247
head35, 1266, 234, 229
head35, 1268, 197, 207
head36, 1168, 153, 151
head36, 1169, 153, 151
head36, 1170, 154, 153
head36, 1171, 151, 159
head36, 1172, 152, 161
head36, 1173, 157, 162
head36, 1174, 158, 164
head36, 1175, 160, 167
head36, 1176, 161, 169
head36, 1177, 158, 167
head36, 1178, 159, 177
head36, 1179, 164, 175
head36, 1180, 165, 177
head36, 1181, 162, 183
head36, 1182, 163, 185
head36, 1183, 168, 191
head36, 1184, 169, 193
head36, 1185, 166, 191
head36, 1186, 167, 193
head36, 1187, 164, 199
head36, 1188, 170, 197
head36, 1189, 170, 200
head36, 1190, 170, 203
head36, 1191, 170, 205
head36, 1192, 170, 208
head36, 1193, 170, 211
head36, 1194, 170, 214
head36, 1195, 170, 217
head36, 1196, 169, 220
head36, 1197, 169, 223
head36, 1198, 165, 230
head36, 1199, 168, 228
head36, 1200, 167, 238
head36, 1201, 170, 236
head36, 1202, 161, 238
head36, 1203, 164, 244
head36, 1204, 171, 246
head36, 1205, 166, 244
head36, 1206, 173, 246
head36, 1207, 168, 244
head36, 1208, 175, 254
head36, 1209, 170, 252
head36, 1210, 169, 254
head36, 1211, 172, 252
head36, 1212, 171, 254
head36, 1213, 174, 260
head36, 1214, 181, 261
head36, 1215, 176, 260
head36, 1216, 183, 261
head36, 1217, 178, 260
head36, 1218, 153, 246
head36, 1219, 148, 244
head36, 1220, 155, 246
head36, 1221, 158, 244
head36, 1222, 157, 246
head36, 1223, 152, 252
head36, 1224, 151, 254
head36, 1225, 154, 252
head36, 1227, 161, 254
head36, 1228, 156, 252
head36, 1229, 155, 254
head36, 1230, 158, 244
head36, 1231, 165, 222
head36, 1232, 168, 220
head36, 1233, 167, 222
head36, 1234, 170, 228
head36, 1235, 169, 230
head36, 1236, 172, 236
head36, 1237, 171, 230
head36, 1238, 166, 228
head36, 1239, 173, 238
head36, 1240, 176, 236
head36, 1241, 167, 230
head36, 1242, 170, 236
head36, 1243, 169, 230
head36, 1244, 172, 212
head36, 1249, 195, 198
head36, 1250, 214, 204
head36, 1251, 229, 222
head36, 1252, 224, 220
head36, 1253, 223, 214
head36, 1254, 226, 212
head36, 1255, 225, 222
head36, 1256, 204, 244
head36, 1257, 195, 254
head36, 1258, 190, 244
head36, 1259, 165, 230
head36, 1260, 136, 236
head36, 1261, 135, 238
head36, 1262, 130, 236
head36, 1263, 129, 238
head36, 1264, 124, 236
head36, 1265, 115, 222
head36, 1266, 118, 228
head36, 1267, 117, 230
head36, 1268, 120, 236
head36, 1269, 119, 238
head36, 1270, 106, 220
head36, 1275, 97, 222
head36, 1276, 84, 204
head36, 1277, 83, 206
head36, 1278, 78, 204
head36, 1279, 77, 206
head36, 1280, 72, 204
head36, 1281, 71, 206
head36, 1282, 74, 204
head36, 1283, 73, 214
head36, 1284, 68, 204
head36, 1285, 51, 182
head37, 1264, 163, 129
head37, 1266, 162, 131
head37, 1267, 161, 133
head37, 1268, 159, 136
head37, 1269, 156, 138
head37, 1270, 153, 140
head37, 1271, 151, 142
head37, 1272, 148, 144
head37, 1273, 141, 150
head37, 1274, 142, 148
head37, 1275, 140, 150
head37, 1276, 134, 156
head37, 1277, 132, 158
head37, 1278, 126, 164
head37, 1279, 132, 157
head37, 1280, 131, 160
head37, 1281, 126, 167
head37, 1282, 117, 170
head37, 1283, 120, 177
head37, 1284, 126, 171
head37, 1285, 125, 175
head37, 1286, 112, 183
head37, 1287, 123, 182
head37, 1288, 114, 193
head37, 1289, 120, 189
head37, 1290, 106, 197
head37, 1294, 96, 201
head37, 1299, 74, 209
head37, 1300, 72, 213
head37, 1301, 74, 213
head37, 1302, 80, 217
head37, 1303, 74, 217
head37, 1304, 88, 197
head37, 1305, 114, 173
head37, 1306, 120, 145
head37, 1307, 146, 113
head37, 1308, 192, 85
head38, 1285, 136, 111
head38, 1286, 136, 111
head38, 1287, 132, 115
head38, 1288, 130, 115
head38, 1289, 127, 117
head38, 1290, 124, 118
head38, 1291, 121, 120
head38, 1292, 119, 121
head38, 1293, 117, 123
head38, 1294, 115, 124
head38, 1295, 113, 126
head38, 1296, 107, 132
head38, 1297, 105, 134
head38, 1298, 99, 132
head38, 1299, 97, 134
head38, 1300, 99, 140
head38, 1301, 97, 142
head38, 1302, 98, 142
head38, 1303, 96, 145
head38, 1304, 94, 148
head38, 1305, 91, 151
head38, 1306, 84, 150
head38, 1307, 81, 153
head38, 1308, 82, 160
head38, 1309, 79, 163
head38, 1310, 72, 162
head38, 1311, 69, 165
head38, 1312, 73, 167
head38, 1313, 65, 165
head38, 1314, 61, 167
head38, 1315, 61, 173
head38, 1316, 63, 170
head38, 1317, 61, 170
head38, 1318, 55, 174
head38, 1319, 45, 174
head38, 1320, 44, 170
head38, 1321, 44, 170
head38, 1322, 48, 170
head38, 1323, 40, 174
head38, 1324, 36, 174
head38, 1325, 36, 170
head38, 1326, 28, 170
head38, 1327, 28, 166
head38, 1328, 28, 166
head38, 1329, 28, 170
head38, 1330, 44, 178
head38, 1332, 48, 190
head38, 1333, 48, 190
head38, 1334, 44, 186
head38, 1335, 44, 194
head38, 1336, 44, 190
head38, 1337, 44, 190
head38, 1338, 60, 210
head38, 1339, 80, 242
head38, 1340, 80, 254
head38, 1341, 76, 246
head38, 1342, 76, 250
head38, 1343, 72, 250
head38, 1345, 56, 246
head38, 1346, 60, 246
head38, 1347, 52, 242
head38, 1348, 52, 242
head38, 1349, 56, 246
head38, 1350, 48, 246
head39, 1311, 136, 129
head39, 1312, 136, 129
head39, 1313, 132, 133
head39, 1314, 132, 133
head39, 1315, 128, 137
head39, 1316, 128, 137
head39, 1317, 132, 141
head39, 1318, 148, 141
head39, 1319, 152, 145
head39, 1320, 152, 129
head39, 1321, 129, 155
head39, 1322, 128, 159
head39, 1323, 123, 159
head39, 1324, 122, 163
head39, 1325, 126, 168
head39, 1326, 125, 169
head39, 1327, 124, 168
head39, 1328, 123, 168
head39, 1329, 123, 168
head39, 1330, 119, 180
head39, 1331, 111, 188
head39, 1332, 115, 192
head39, 1333, 107, 192
head39, 1334, 103, 196
head39, 1335, 103, 196
head39, 1336, 99, 192
head39, 1337, 91, 192
head39, 1338, 95, 196
head39, 1339, 111, 212
head39, 1340, 139, 224
head39, 1341, 147, 224
head39, 1342, 143, 228
head39, 1343, 143, 228
head39, 1344, 139, 224
head39, 1345, 131, 224
head39, 1346, 135, 228
head39, 1347, 127, 228
head39, 1348, 123, 232
head39, 1349, 123, 248
head39, 1350, 135, 244
head39, 1351, 127, 252
head39, 1352, 107, 240
head39, 1353, 107, 240
head39, 1354, 103, 236
head39, 1355, 103, 244
head39, 1356, 107, 240
head39, 1357, 99, 240
head39, 1358, 103, 244
head39, 1359, 103, 244
head39, 1361, 107, 248
head39, 1362, 107, 240
head40, 1301, 190, 68
head40, 1302, 190, 68
head40, 1303, 190, 69
head40, 1304, 194, 82
head40, 1305, 194, 83
head40, 1306, 189, 69
head40, 1307, 196, 75
head40, 1308, 199, 85
head40, 1309, 198, 83
head40, 1310, 201, 101
head40, 1311, 208, 107
head40, 1312, 203, 101
head40, 1313, 202, 107
head40, 1314, 205, 109
head40, 1315, 196, 115
head40, 1316, 199, 117
head40, 1317, 206, 115
head40, 1318, 201, 117
head40, 1319, 200, 123
head40, 1320, 203, 117
head40, 1321, 210, 123
head40, 1322, 205, 125
head40, 1323, 212, 123
head40, 1324, 207, 125
head40, 1325, 206, 123
head40, 1326, 209, 125
head40, 1327, 208, 131
head40, 1328, 203, 125
head40, 1329, 210, 139
head40, 1330, 213, 141
head40, 1331, 212, 139
head40, 1332, 207, 133
head40, 1333, 206, 131
head40, 1334, 209, 133
head40, 1335, 216, 131
head40, 1336, 211, 133
head40, 1337, 218, 131
head40, 1338, 221, 133
head40, 1339, 220, 139
head40, 1340, 223, 141
head40, 1341, 222, 139
head40, 1342, 225, 141
head40, 1343, 224, 147
head40, 1344, 227, 149
head40, 1345, 234, 155
head40, 1346, 229, 149
head40, 1347, 236, 155
head40, 1348, 231, 157
head40, 1349, 238, 155
head40, 1350, 233, 157
head40, 1351, 240, 155
head40, 1352, 243, 157
head40, 1353, 242, 155
head40, 1354, 245, 157
head40, 1355, 244, 155
head40, 1356, 247, 157
head40, 1357, 246, 155
head40, 1358, 249, 157
head40, 1359, 248, 155
head40, 1360, 243, 165
head40, 1361, 250, 155
head40, 1362, 245, 149
head40, 1363, 244, 147
head40, 1364, 247, 149
head40, 1365, 246, 147
head40, 1366, 249, 149
head40, 1367, 248, 147
head40, 1368, 243, 141
head40, 1369, 250, 139
head40, 1370, 245, 141
head40, 1371, 244, 139
head40, 1372, 247, 149
head40, 1373, 246, 139
head40, 1374, 249, 133
head40, 1375, 248, 139
head40, 1376, 243, 149
head40, 1377, 218, 179
head40, 1378, 205, 213
head40, 1379, 196, 251
head41, 1357, 162, 153
head41, 1359, 163, 155
head41, 1360, 176, 137
head41, 1361, 177, 139
head41, 1362, 182, 137
head41, 1363, 183, 147
head41, 1364, 188, 145
head41, 1365, 189, 147
head41, 1366, 186, 153
head41, 1367, 187, 155
head41, 1368, 192, 161
head41, 1369, 193, 163
head41, 1370, 198, 161
head41, 1371, 199, 163
head41, 1372, 204, 169
head41, 1373, 213, 171
head41, 1374, 210, 177
head41, 1375, 219, 179
head41, 1376, 224, 185
head41, 1377, 225, 187
head41, 1378, 230, 185
head41, 1379, 231, 187
head41, 1380, 236, 193
head41, 1381, 237, 195
head41, 1382, 234, 193
head41, 1383, 235, 195
head41, 1384, 240, 201
head41, 1385, 249, 203
head41, 1386, 165, 155
head41, 1389, 61, 111
head41, 1393, 161, 159
head41, 1394, 281, 227
head42, 1379, 185, 120
head42, 1380, 185, 120
head42, 1381, 181, 116
head42, 1382, 181, 92
head42, 1383, 182, 125
head42, 1384, 181, 127
head42, 1385, 176, 109
head42, 1386, 175, 103
head42, 1387, 178, 101
head42, 1388, 178, 134
head42, 1389, 177, 135
head42, 1390, 176, 137
head42, 1391, 171, 127
head42, 1392, 174, 140
head42, 1393, 174, 141
head42, 1394, 170, 138
head42, 1395, 170, 115
head42, 1396, 171, 146
head42, 1397, 160, 165
head42, 1398, 161, 164
head42, 1399, 166, 143
head42, 1400, 167, 126
head42, 1401, 172, 129
head42, 1402, 173, 144
head42, 1403, 170, 147
head42, 1404, 163, 146
head42, 1405, 160, 149
head42, 1406, 161, 148
head42, 1407, 153, 162
head42, 1408, 150, 162
head42, 1409, 148, 162
head42, 1410, 145, 162
head42, 1411, 138, 150
head42, 1412, 135, 150
head42, 1413, 128, 154
head42, 1414, 141, 154
head42, 1415, 130, 162
head42, 1416, 127, 162
head42, 1417, 125, 162
head42, 1418, 123, 162
head42, 1419, 121, 162
head42, 1420, 119, 162
head42, 1421, 117, 163
head42, 1422, 111, 152
head42, 1423, 113, 163
head42, 1424, 112, 163
head42, 1425, 107, 159
head42, 1426, 106, 167
head42, 1427, 101, 163
head42, 1428, 106, 166
head42, 1429, 99, 173
head42, 1430, 102, 170
head42, 1431, 100, 172
head42, 1432, 94, 178
head42, 1433, 96, 174
head42, 1434, 94, 182
head42, 1435, 88, 186
head42, 1436, 86, 186
head42, 1437, 72, 182
head42, 1438, 70, 182
head42, 1439, 88, 186
head42, 1440, 86, 186
head42, 1441, 80, 190
head42, 1442, 86, 190
head42, 1443, 80, 186
head42, 1444, 78, 194
head42, 1445, 80, 190
head42, 1446, 78, 190
head42, 1447, 74, 178
head42, 1448, 66, 186
head42, 1449, 70, 178
head42, 1450, 62, 182
head42, 1451, 66, 179
head42, 1452, 58, 180
head42, 1453, 70, 193
head42, 1454, 102, 210
head42, 1455, 114, 247
head43, 1401, 162, 75
head43, 1402, 162, 75
head43, 1403, 164, 76
head43, 1404, 166, 77
head43, 1405, 172, 74
head43, 1406, 174, 83
head43, 1407, 172, 81
head43, 1408, 174, 82
head43, 1409, 176, 84
head43, 1410, 182, 82
head43, 1411, 179, 86
head43, 1412, 188, 86
head43, 1413, 193, 90
head43, 1414, 183, 88
head43, 1415, 193, 90
head43, 1416, 191, 88
head43, 1417, 186, 92
head43, 1418, 193, 92
head43, 1419, 188, 97
head43, 1420, 195, 98
head43, 1421, 198, 103
head43, 1422, 189, 105
head43, 1423, 190, 108
head43, 1424, 190, 112
head43, 1425, 190, 116
head43, 1426, 194, 116
head43, 1427, 191, 123
head43, 1428, 191, 127
head43, 1429, 192, 130
head43, 1430, 192, 133
head43, 1431, 193, 135
head43, 1432, 194, 137
head43, 1433, 195, 139
head43, 1434, 196, 141
head43, 1435, 197, 143
head43, 1436, 199, 145
head43, 1437, 200, 147
head43, 1438, 202, 148
head43, 1439, 204, 150
head43, 1440, 207, 151
head43, 1441, 209, 153
head43, 1442, 215, 151
head43, 1443, 225, 153
head43, 1444, 223, 151
head43, 1445, 233, 153
head43, 1446, 231, 159
head43, 1447, 233, 161
head43, 1448, 239, 159
head43, 1449, 235, 161
head43, 1450, 237, 162
head43, 1451, 243, 167
head43, 1452, 245, 160
head43, 1453, 251, 165
head43, 1454, 248, 166
head43, 1455, 257, 171
head43, 1456, 262, 172
head43, 1457, 256, 171
head43, 1458, 259, 172
head43, 1459, 274, 177
head43, 1460, 285, 162
head43, 1461, 292, 127
head43, 1465, 279, 96
head43, 1468, 287, 188
head44, 1448, 115, 215
head44, 1449, 115, 215
head44, 1450, 113, 215
head44, 1451, 111, 216
head44, 1452, 105, 213
head44, 1453, 105, 217
head44, 1454, 103, 217
head44, 1455, 97, 213
head44, 1456, 98, 217
head44, 1457, 95, 217
head44, 1458, 96, 213
head44, 1459, 93, 213
head44, 1460, 86, 209
head44, 1461, 91, 217
head44, 1462, 84, 213
head44, 1463, 81, 213
head44, 1464, 82, 233
head44, 1465, 87, 233
head44, 1466, 80, 213
head44, 1467, 53, 213
head44, 1468, 36, 201
head44, 1469, 36, 201
head44, 1470, 36, 205
head44, 1471, 36, 205
head44, 1472, 72, 220
head45, 1445, 163, 118
head45, 1446, 163, 118
head45, 1447, 159, 122
head45, 1448, 167, 122
head45, 1449, 163, 126
head45, 1450, 163, 126
head45, 1451, 167, 130
head45, 1452, 167, 130
head45, 1453, 171, 126
head45, 1454, 179, 102
head45, 1455, 166, 134
head45, 1458, 173, 146
head45, 1460, 160, 138
head45, 1461, 159, 134
head45, 1462, 172, 146
head45, 1463, 173, 146
head45, 1464, 186, 126
head45, 1465, 176, 152
head45, 1466, 178, 158
head45, 1467, 176, 160
head45, 1468, 170, 158
head45, 1469, 184, 136
head45, 1470, 186, 134
head45, 1471, 192, 136
head45, 1472, 194, 142
head45, 1473, 192, 136
head45, 1474, 194, 142
head45, 1475, 192, 144
head45, 1476, 194, 142
head45, 1477, 200, 144
head45, 1478, 202, 150
head45, 1479, 200, 144
head45, 1480, 202, 150
head45, 1481, 208, 152
head45, 1482, 210, 150
head45, 1483, 208, 152
head45, 1484, 218, 150
head45, 1485, 216, 152
head45, 1486, 218, 150
head45, 1487, 224, 152
head45, 1488, 226, 150
head45, 1489, 232, 152
head45, 1490, 234, 150
head45, 1491, 240, 152
head45, 1492, 242, 150
head45, 1493, 248, 152
head45, 1494, 250, 150
head45, 1495, 248, 152
head45, 1496, 258, 158
head45, 1497, 256, 152
head45, 1498, 258, 158
head45, 1499, 264, 152
head45, 1500, 266, 158
head45, 1501, 264, 160
head45, 1502, 274, 158
head45, 1503, 247, 193
head45, 1505, 253, 196
head45, 1506, 256, 198
head45, 1507, 247, 196
head45, 1508, 250, 198
head45, 1509, 257, 196
head45, 1510, 260, 198
head45, 1511, 259, 204
head45, 1512, 262, 206
head45, 1513, 253, 188
head45, 1514, 256, 190
head45, 1515, 263, 188
head45, 1516, 266, 190
head45, 1517, 265, 188
head45, 1518, 268, 190
head45, 1519, 275, 188
head45, 1520, 294, 206
head45, 1521, 293, 212
head45, 1522, 296, 206
head45, 1523, 295, 204
head45, 1524, 298, 206
head45, 1525, 297, 204
head45, 1526, 292, 182
head45, 1527, 291, 180
head45, 1528, 302, 198
head45, 1529, 317, 196
head45, 1530, 320, 198
head45, 1531, 311, 196
head45, 1532, 314, 190
head45, 1533, 321, 196
head45, 1534, 324, 198
head45, 1535, 307, 180
head45, 1536, 310, 174
head45, 1537, 317, 196
head45, 1538, 304, 246
head46, 1540, 88, 173
head46, 1541, 88, 173
head46, 1542, 84, 177
head46, 1543, 76, 185
head46, 1544, 80, 181
head46, 1545, 72, 189
head46, 1546, 68, 185
head46, 1547, 68, 193
head46, 1548, 64, 189
head46, 1549, 64, 197
head46, 1550, 60, 193
head46, 1551, 60, 193
head46, 1552, 56, 197
head46, 1553, 48, 197
head46, 1554, 44, 201
head46, 1555, 44, 201
head46, 1556, 36, 205
head46, 1557, 36, 205
head46, 1558, 36, 201
head46, 1559, 28, 209
head46, 1560, 28, 205
head46, 1561, 28, 213
head46, 1562, 28, 209
head46, 1563, 68, 217
head46, 1564, 88, 237
head47, 1528, 166, 94
head47, 1529, 166, 94
head47, 1530, 146, 82
head47, 1531, 168, 98
head47, 1532, 169, 100
head47, 1533, 171, 104
head47, 1534, 173, 107
head47, 1535, 175, 110
head47, 1536, 177, 113
head47, 1537, 175, 128
head47, 1538, 177, 131
head47, 1539, 183, 119
head47, 1540, 185, 119
head47, 1541, 167, 115
head47, 1542, 153, 131
head47, 1543, 151, 135
head47, 1544, 192, 129
head47, 1546, 197, 134
head47, 1547, 198, 135
head47, 1548, 201, 138
head47, 1549, 203, 140
head47, 1550, 206, 142
head47, 1551, 205, 148
head47, 1552, 224, 174
head47, 1553, 231, 212
head47, 1554, 218, 149
head47, 1555, 221, 150
head47, 1556, 228, 147
head47, 1557, 231, 148
head47, 1558, 230, 153
head47, 1559, 233, 154
head47, 1560, 232, 159
head47, 1561, 235, 160
head47, 1562, 238, 158
head47, 1563, 240, 159
head47, 1564, 238, 172
head47, 1565, 240, 173
head47, 1566, 238, 178
head47, 1567, 248, 179
head47, 1568, 238, 184
head47, 1569, 240, 185
head47, 1570, 256, 169
head47, 1571, 259, 171
head47, 1572, 258, 193
head47, 1573, 237, 203
head47, 1574, 212, 217
head47, 1575, 270, 178
head48, 1551, 108, 213
head48, 1552, 108, 213
head48, 1553, 106, 214
head48, 1554, 104, 215
head48, 1555, 102, 216
head48, 1556, 100, 217
head48, 1557, 99, 218
head48, 1558, 97, 219
head48, 1559, 95, 221
head48, 1560, 81, 219
head48, 1561, 71, 213
head48, 1562, 73, 219
head48, 1563, 71, 221
head48, 1564, 73, 227
head48, 1565, 86, 230
head48, 1570, 79, 237
head48, 1571, 60, 240
head48, 1572, 52, 231
head48, 1573, 52, 242
head48, 1574, 56, 249
head48, 1575, 48, 236
head48, 1576, 44, 243
head48, 1577, 44, 246
head48, 1578, 44, 245
head48, 1579, 44, 248
head48, 1580, 44, 255
head48, 1581, 44, 258
head48, 1582, 44, 257
head48, 1583, 36, 252
head48, 1585, 36, 259
head48, 1586, 36, 261
head48, 1587, 36, 260
head48, 1590, 76, 262
head48, 1592, 96, 255
head48, 1593, 96, 258
head49, 1621, 209, 105
head49, 1622, 209, 105
head49, 1623, 213, 117
head49, 1624, 209, 107
head49, 1625, 193, 101
head49, 1626, 157, 75
head49, 1630, 141, 61
head49, 1634, 145, 68
head49, 1635, 161, 87
head49, 1636, 165, 94
head49, 1637, 165, 89
head49, 1638, 161, 96
head49, 1639, 161, 91
head49, 1640, 165, 98
head49, 1641, 157, 125
head49, 1643, 153, 132
head49, 1644, 153, 127
head49, 1645, 157, 102
head49, 1646, 181, 89
head49, 1647, 185, 88
head49, 1648, 177, 91
head49, 1649, 149, 106
head49, 1650, 141, 109
head49, 1651, 145, 108
head49, 1652, 145, 111
head49, 1653, 141, 110
head49, 1654, 141, 113
head49, 1655, 145, 120
head49, 1656, 137, 115
head49, 1657, 133, 122
head49, 1658, 133, 125
head49, 1659, 129, 124
head49, 1660, 129, 127
head49, 1661, 125, 126
head49, 1662, 125, 129
head49, 1663, 121, 128
head49, 1664, 121, 131
head49, 1665, 117, 138
head49, 1666, 117, 141
head49, 1667, 113, 140
head49, 1668, 113, 143
head49, 1669, 109, 150
head49, 1670, 117, 169
head49, 1671, 113, 176
head49, 1672, 113, 179
head49, 1673, 101, 162
head49, 1674, 101, 165
head49, 1675, 97, 164
head49, 1676, 97, 167
head49, 1677, 93, 174
head49, 1678, 101, 193
head49, 1679, 105, 200
head49, 1680, 97, 203
head49, 1681, 101, 202
head49, 1682, 85, 181
head50, 1658, 270, 170
head50, 1660, 272, 170
head50, 1661, 275, 170
head50, 1662, 274, 166
head50, 1663, 280, 170
head50, 1664, 284, 170
head50, 1665, 284, 158
head50, 1666, 288, 158
head50, 1667, 296, 162
head50, 1668, 292, 162
head50, 1669, 276, 182
head50, 1670, 272, 182
head50, 1671, 272, 186
head50, 1672, 276, 186
head50, 1673, 276, 190
head50, 1674, 280, 190
head50, 1675, 288, 186
head50, 1676, 284, 186
head50, 1677, 284, 190
head50, 1678, 288, 190
head50, 1679, 288, 194
head50, 1680, 292, 194
head50, 1681, 292, 190
head50, 1682, 272, 206
head50, 1683, 264, 234
head50, 1684, 252, 258
head51, 1624, 175, 153
head51, 1628, 178, 157
head51, 1629, 177, 157
head51, 1630, 180, 161
head51, 1631, 179, 161
head51, 1632, 183, 161
head51, 1633, 183, 165
head51, 1634, 179, 165
head51, 1635, 179, 169
head51, 1636, 183, 177
head51, 1637, 175, 173
head51, 1638, 179, 181
head51, 1639, 179, 185
head51, 1640, 175, 185
head51, 1641, 175, 189
head51, 1642, 179, 189
head51, 1643, 179, 193
head51, 1644, 175, 193
head51, 1645, 175, 197
head51, 1646, 179, 205
head51, 1647, 179, 201
head51, 1648, 183, 209
head51, 1649, 183, 205
head51, 1650, 179, 205
head51, 1651, 187, 209
head51, 1652, 183, 209
head51, 1653, 191, 213
head51, 1654, 187, 213
head51, 1655, 195, 217
head51, 1656, 199, 217
head51, 1657, 199, 213
head51, 1658, 203, 213
head51, 1659, 203, 209
head51, 1660, 207, 209
head51, 1661, 207, 213
head51, 1662, 211, 213
head51, 1663, 219, 209
head51, 1664, 223, 209
head51, 1665, 223, 213
head51, 1666, 227, 213
head51, 1667, 227, 209
head51, 1668, 231, 209
head51, 1669, 231, 213
head51, 1670, 235, 213
head51, 1671, 235, 209
head51, 1672, 239, 217
head51, 1673, 239, 213
head51, 1674, 243, 213
head51, 1675, 243, 217
head51, 1676, 247, 217
head51, 1677, 247, 221
head51, 1678, 251, 221
head51, 1679, 259, 225
head51, 1680, 255, 225
head51, 1681, 255, 229
head51, 1682, 259, 229
head51, 1683, 243, 217
head51, 1684, 247, 217
head51, 1685, 271, 237
head51, 1686, 275, 237
head51, 1687, 275, 241
head51, 1688, 279, 249
head51, 1689, 279, 245
head51, 1690, 283, 245
head51, 1691, 283, 249
head51, 1692, 263, 233
head51, 1693, 263, 229
head51, 1694, 267, 229
head51, 1695, 251, 249
head51, 1696, 263, 249
head51, 1697, 303, 253
head51, 1699, 323, 245
head52, 1631, 152, 93
head52, 1634, 153, 95
head52, 1635, 158, 117
head52, 1636, 159, 119
head52, 1637, 156, 125
head52, 1638, 157, 127
head52, 1639, 154, 125
head52, 1640, 155, 119
head52, 1641, 152, 101
head52, 1642, 153, 103
head52, 1643, 158, 101
head52, 1644, 159, 103
head52, 1645, 156, 101
head52, 1646, 148, 109
head52, 1647, 147, 110
head52, 1648, 146, 112
head52, 1649, 144, 113
head52, 1650, 143, 115
head52, 1651, 146, 105
head52, 1652, 139, 119
head52, 1653, 137, 120
head52, 1654, 135, 122
head52, 1655, 145, 120
head52, 1656, 143, 122
head52, 1657, 129, 127
head52, 1658, 127, 120
head52, 1659, 129, 125
head52, 1660, 124, 131
head52, 1661, 123, 133
head52, 1662, 126, 131
head52, 1663, 125, 133
head52, 1664, 116, 139
head52, 1665, 111, 133
head52, 1666, 112, 144
head52, 1667, 110, 146
head52, 1668, 108, 149
head52, 1669, 110, 148
head52, 1670, 108, 151
head52, 1671, 118, 174
head52, 1672, 100, 162
head52, 1673, 102, 162
head52, 1674, 96, 168
head52, 1675, 94, 171
head52, 1676, 96, 170
head52, 1677, 89, 177
head52, 1678, 102, 196
head52, 1679, 103, 195
head52, 1680, 100, 198
head52, 1681, 85, 181
head52, 1682, 82, 184
head52, 1683, 77, 191
head52, 1684, 76, 186
head52, 1685, 71, 193
head52, 1686, 70, 196
head52, 1687, 65, 195
head52, 1688, 64, 198
head52, 1689, 64, 203
head52, 1690, 60, 204
head52, 1691, 58, 207
head52, 1692, 60, 206
head52, 1693, 50, 201
head52, 1694, 60, 208
head52, 1695, 58, 211
head52, 1696, 52, 210
head52, 1697, 44, 213
head52, 1698, 52, 196
head52, 1700, 56, 191
head52, 1701, 40, 198
head52, 1702, 28, 225
head52, 1703, 28, 232
head52, 1704, 60, 235
head52, 1706, 104, 242
head52, 1707, 144, 245
head52, 1708, 188, 244
head52, 1709, 236, 223
head53, 1711, 122, 184
head53, 1712, 122, 184
head53, 1713, 118, 188
head53, 1714, 110, 188
head53, 1715, 114, 192
head53, 1716, 106, 192
head53, 1717, 86, 188
head53, 1718, 86, 188
head53, 1719, 82, 192
head53, 1720, 82, 192
head53, 1721, 102, 196
head53, 1722, 102, 212
head53, 1723, 114, 216
head53, 1724, 122, 200
head53, 1725, 118, 196
head53, 1726, 118, 196
head53, 1727, 106, 216
head53, 1728, 106, 216
head53, 1729, 102, 220
head53, 1730, 94, 204
head53, 1731, 90, 208
head53, 1732, 90, 192
head53, 1733, 94, 188
head53, 1734, 78, 204
head53, 1735, 82, 200
head53, 1736, 82, 184
head53, 1737, 86, 188
head53, 1738, 70, 196
head53, 1739, 74, 192
head53, 1740, 82, 184
head53, 1741, 70, 196
head53, 1742, 62, 204
head53, 1743, 58, 200
head53, 1744, 58, 200
head53, 1745, 54, 196
head53, 1746, 54, 196
head53, 1747, 50, 192
head53, 1748, 52, 192
head53, 1749, 50, 196
head53, 1750, 44, 196
head53, 1751, 60, 184
head53, 1752, 56, 160
head53, 1755, 48, 156
head53, 1756, 44, 164
head53, 1757, 44, 160
head53, 1758, 44, 160
head53, 1759, 36, 156
head53, 1760, 36, 156
head53, 1761, 36, 152
head53, 1762, 36, 152
head53, 1763, 36, 156
head53, 1764, 28, 148
head53, 1765, 28, 152
head53, 1766, 68, 136
head54, 1713, 164, 127
head54, 1714, 164, 127
head54, 1715, 164, 128
head54, 1716, 163, 130
head54, 1717, 150, 112
head54, 1718, 149, 114
head54, 1719, 152, 112
head54, 1720, 151, 114
head54, 1721, 146, 120
head54, 1722, 145, 122
head54, 1723, 148, 128
head54, 1724, 147, 130
head54, 1725, 142, 128
head54, 1726, 141, 130
head54, 1727, 136, 128
head54, 1728, 135, 138
head54, 1729, 130, 136
head54, 1730, 129, 138
head54, 1731, 132, 144
head54, 1732, 131, 146
head54, 1733, 126, 144
head54, 1734, 125, 146
head54, 1735, 128, 152
head54, 1736, 127, 154
head54, 1737, 122, 152
head54, 1738, 121, 154
head54, 1739, 124, 160
head54, 1740, 123, 170
head54, 1741, 118, 168
head54, 1742, 117, 170
head54, 1743, 120, 176
head54, 1744, 111, 178
head54, 1745, 114, 184
head54, 1746, 113, 186
head54, 1747, 108, 184
head54, 1748, 107, 186
head54, 1749, 110, 192
head54, 1750, 109, 194
head54, 1751, 104, 200
head54, 1752, 87, 226
head54, 1753, 90, 232
head54, 1754, 81, 226
head54, 1755, 84, 240
head54, 1756, 83, 242
head54, 1757, 86, 240
head54, 1758, 77, 242
head54, 1759, 80, 248
head54, 1760, 79, 242
head54, 1761, 82, 216
head54, 1764, 65, 194
head54, 1765, 28, 184
head54, 1766, 28, 186
head54, 1767, 36, 184
head54, 1768, 28, 178
head54, 1769, 28, 176
head54, 1770, 52, 186
head54, 1771, 56, 192
head54, 1772, 56, 194
head54, 1773, 60, 192
head54, 1774, 60, 186
head54, 1775, 56, 184
head54, 1776, 56, 186
head54, 1777, 60, 184
head54, 1780, 44, 186
head55, 1748, 181, 70
head55, 1749, 181, 70
head55, 1750, 181, 71
head55, 1751, 181, 72
head55, 1752, 177, 69
head55, 1753, 181, 74
head55, 1754, 173, 67
head55, 1755, 181, 77
head55, 1756, 177, 75
head55, 1757, 181, 80
head55, 1758, 180, 82
head55, 1759, 180, 84
head55, 1760, 180, 85
head55, 1761, 179, 87
head55, 1762, 179, 89
head55, 1763, 178, 90
head55, 1764, 178, 92
head55, 1765, 177, 93
head55, 1766, 177, 94
head55, 1767, 176, 95
head55, 1768, 176, 95
head55, 1769, 176, 96
head55, 1770, 176, 97
head55, 1771, 172, 94
head55, 1772, 172, 95
head55, 1773, 175, 100
head55, 1774, 175, 101
head55, 1775, 175, 102
head55, 1776, 171, 99
head55, 1777, 176, 104
head55, 1778, 176, 105
head55, 1779, 177, 106
head55, 1780, 177, 107
head55, 1781, 178, 109
head55, 1782, 178, 110
head55, 1783, 179, 112
head55, 1784, 180, 114
head55, 1785, 181, 115
head55, 1786, 182, 117
head55, 1787, 183, 119
head55, 1788, 184, 121
head55, 1789, 185, 123
head55, 1790, 186, 125
head55, 1791, 188, 126
head55, 1792, 189, 128
head55, 1793, 190, 129
head55, 1794, 191, 131
head55, 1795, 192, 132
head55, 1796, 193, 133
head55, 1797, 194, 134
head55, 1798, 195, 136
head55, 1799, 195, 137
head55, 1800, 196, 139
head55, 1801, 197, 140
head55, 1802, 197, 142
head55, 1803, 198, 143
head55, 1804, 199, 145
head55, 1805, 199, 147
head55, 1806, 200, 149
head55, 1807, 200, 151
head55, 1808, 201, 153
head55, 1809, 201, 155
head55, 1810, 202, 158
head55, 1811, 202, 160
head55, 1812, 202, 162
head55, 1813, 202, 164
head55, 1814, 203, 166
head55, 1815, 203, 168
head55, 1816, 203, 170
head55, 1817, 207, 168
head55, 1818, 207, 170
head55, 1819, 205, 174
head55, 1820, 207, 166
head55, 1821, 207, 176
head55, 1822, 208, 177
head55, 1823, 209, 178
head55, 1824, 210, 179
head55, 1825, 215, 176
head55, 1826, 216, 177
head55, 1827, 215, 182
head55, 1828, 217, 182
head55, 1829, 223, 178
head55, 1830, 225, 170
head55, 1831, 223, 182
head55, 1832, 225, 182
head55, 1833, 227, 184
head55, 1834, 233, 182
head55, 1835, 231, 185
head55, 1836, 233, 184
head55, 1837, 234, 185
head55, 1838, 235, 185
head55, 1839, 237, 185
head55, 1840, 243, 181
head55, 1841, 237, 181
head55, 1842, 243, 185
head55, 1843, 245, 185
head55, 1844, 243, 181
head55, 1845, 245, 181
head55, 1846, 243, 185
head55, 1847, 245, 185
head56, 1805, 156, 95
head56, 1806, 156, 95
head56, 1807, 154, 97
head56, 1808, 150, 100
head56, 1809, 147, 103
head56, 1810, 148, 86
head56, 1811, 141, 110
head56, 1812, 130, 114
head56, 1813, 131, 114
head56, 1814, 152, 102
head56, 1815, 132, 118
head56, 1816, 124, 122
head56, 1817, 128, 123
head56, 1818, 144, 104
head56, 1819, 148, 105
head56, 1820, 121, 132
head56, 1821, 118, 135
head56, 1822, 116, 139
head56, 1823, 114, 143
head56, 1824, 111, 146
head56, 1825, 109, 150
head56, 1826, 106, 154
head56, 1827, 99, 154
head56, 1828, 100, 162
head56, 1829, 97, 165
head56, 1830, 94, 168
head56, 1831, 91, 171
head56, 1832, 88, 174
head56, 1833, 81, 173
head56, 1834, 83, 179
head56, 1835, 80, 181
head56, 1836, 73, 187
head56, 1837, 70, 189
head56, 1838, 55, 187
head56, 1839, 52, 189
head56, 1840, 45, 171
head56, 1841, 28, 141
head56, 1842, 57, 196
head56, 1843, 53, 197
head56, 1844, 49, 199
head56, 1845, 28, 197
head56, 1846, 28, 199
head56, 1847, 60, 221
head56, 1851, 88, 261
head57, 1857, 251, 194
head57, 1858, 251, 194
head57, 1859, 252, 195
head57, 1860, 252, 196
head57, 1861, 253, 197
head57, 1862, 254, 198
head57, 1863, 235, 211
head57, 1864, 196, 204
head57, 1865, 145, 201
head57, 1867, 98, 194
head57, 1868, 47, 183
head57, 1869, 52, 192
head57, 1870, 45, 181
head57, 1871, 68, 150
head57, 1872, 79, 139
head57, 1873, 78, 140
head57, 1874, 65, 153
head57, 1875, 72, 146
head57, 1876, 67, 159
head57, 1877, 58, 160
head57, 1878, 53, 157
head57, 1879, 52, 158
head57, 1880, 55, 163
head57, 1881, 54, 164
head57, 1882, 49, 161
head57, 1883, 52, 162
head57, 1885, 51, 151
head57, 1886, 46, 160
head57, 1887, 52, 189
head57, 1888, 62, 230
head58, 1877, 123, 190
head58, 1879, 121, 190
head58, 1880, 123, 202
head58, 1881, 121, 202
head58, 1882, 123, 206
head58, 1883, 121, 206
head58, 1884, 115, 210
head58, 1885, 121, 210
head58, 1886, 123, 214
head58, 1889, 137, 222
head58, 1890, 171, 226
head58, 1891, 209, 218
head58, 1892, 259, 230
head58, 1893, 289, 222
head58, 1897, 299, 218
head58, 1900, 305, 218
head58, 1901, 307, 214
head58, 1902, 313, 222
head58, 1903, 315, 234
head58, 1904, 305, 242
head58, 1907, 323, 230
head58, 1908, 321, 214
head58, 1909, 315, 210
head58, 1910, 289, 226
head58, 1911, 291, 222
head58, 1912, 289, 222
head58, 1913, 291, 218
head58, 1914, 289, 218
head58, 1915, 291, 222
head58, 1916, 289, 222
head58, 1917, 291, 218
head58, 1921, 297, 218
head58, 1922, 323, 206
head59, 1960, 170, 73
head59, 1961, 170, 73
head59, 1962, 170, 73
head59, 1963, 170, 73
head59, 1964, 170, 73
head59, 1965, 170, 73
head59, 1966, 170, 73
head59, 1967, 170, 73
head59, 1968, 158, 85
head59, 1969, 170, 73
head59, 1970, 170, 73
head59, 1971, 170, 73
head59, 1972, 170, 73
head59, 1973, 150, 77
head59, 1974, 150, 77
head59, 1975, 154, 81
head59, 1976, 146, 81
head59, 1977, 150, 77
head59, 1978, 150, 77
head59, 1979, 154, 81
head59, 1980, 154, 105
head59, 1981, 150, 109
head59, 1982, 150, 109
head59, 1983, 146, 105
head59, 1984, 146, 105
head59, 1985, 150, 109
head59, 1986, 150, 125
head59, 1987, 146, 121
head59, 1988, 146, 105
head59, 1989, 150, 77
