head0, 262, 225, 231
head0, 266, 220, 224
head0, 267, 219, 213
head0, 268, 214, 214
head0, 269, 213, 211
head0, 270, 208, 212
head0, 271, 214, 213
head0, 272, 212, 212
head0, 273, 210, 210
head0, 274, 196, 204
head0, 275, 206, 207
head0, 276, 203, 206
head0, 277, 201, 205
head0, 278, 199, 204
head0, 279, 197, 202
head0, 280, 195, 201
head0, 281, 189, 188
head0, 282, 192, 198
head0, 283, 215, 212
head0, 284, 226, 222
head0, 285, 217, 252
head1, 260, 72, 215
head1, 264, 78, 212
head1, 265, 80, 213
head1, 266, 94, 218
head1, 267, 96, 219
head1, 268, 102, 224
head1, 269, 104, 217
head1, 270, 102, 214
head1, 271, 104, 207
head1, 272, 110, 212
head1, 273, 136, 229
head1, 275, 166, 234
head1, 276, 184, 219
head1, 277, 190, 192
head1, 278, 192, 185
head1, 279, 190, 190
head1, 280, 184, 191
head1, 281, 182, 188
head1, 282, 184, 181
head1, 283, 182, 186
head1, 284, 184, 179
head1, 285, 182, 176
head1, 286, 176, 177
head1, 287, 182, 174
head1, 288, 176, 175
head1, 289, 174, 172
head1, 290, 176, 173
head1, 291, 174, 170
head1, 292, 176, 171
head1, 293, 174, 168
head1, 294, 176, 169
head1, 295, 158, 190
head1, 296, 128, 207
head1, 299, 118, 244
head2, 282, 70, 196
head2, 286, 77, 194
head2, 287, 79, 194
head2, 288, 85, 190
head2, 289, 84, 194
head2, 290, 86, 193
head2, 291, 92, 188
head2, 292, 91, 193
head2, 293, 93, 193
head2, 294, 95, 192
head2, 295, 97, 192
head2, 296, 98, 191
head2, 297, 100, 190
head2, 298, 101, 190
head2, 299, 103, 189
head2, 300, 109, 184
head2, 301, 105, 187
head2, 302, 105, 186
head2, 303, 106, 186
head2, 304, 106, 185
head2, 305, 110, 180
head2, 306, 110, 179
head2, 307, 114, 174
head2, 308, 114, 173
head2, 309, 110, 176
head2, 310, 110, 175
head2, 311, 114, 178
head2, 312, 114, 177
head2, 313, 110, 180
head2, 314, 110, 179
head2, 315, 114, 174
head2, 316, 114, 173
head2, 317, 110, 176
head2, 318, 111, 181
head2, 319, 116, 174
head2, 320, 117, 179
head2, 321, 114, 180
head2, 322, 115, 177
head2, 323, 112, 178
head2, 324, 113, 175
head2, 325, 118, 176
head2, 326, 119, 173
head2, 327, 116, 174
head2, 328, 117, 179
head2, 329, 114, 180
head2, 330, 115, 177
head2, 331, 120, 178
head2, 332, 121, 175
head2, 333, 118, 176
head2, 334, 119, 173
head2, 335, 116, 174
head2, 336, 117, 171
head2, 337, 122, 172
head2, 338, 123, 169
head2, 339, 120, 170
head2, 340, 121, 167
head2, 341, 126, 168
head2, 342, 118, 176
head2, 343, 122, 172
head2, 344, 122, 172
head2, 345, 126, 168
head2, 346, 126, 168
head2, 347, 122, 172
head2, 348, 122, 172
head2, 349, 126, 168
head2, 350, 126, 168
head2, 351, 122, 172
head2, 352, 130, 164
head2, 353, 126, 168
head2, 354, 126, 168
head2, 355, 130, 164
head2, 356, 130, 164
head2, 357, 126, 168
head2, 358, 126, 168
head2, 359, 123, 175
head2, 360, 132, 170
head2, 361, 129, 169
head2, 362, 130, 164
head2, 363, 135, 163
head2, 364, 136, 166
head2, 365, 133, 165
head2, 366, 126, 173
head2, 367, 131, 161
head2, 368, 132, 161
head2, 369, 126, 171
head2, 370, 132, 161
head2, 371, 126, 169
head2, 372, 132, 157
head2, 373, 126, 167
head2, 374, 132, 157
head2, 375, 134, 151
head2, 376, 126, 164
head2, 377, 130, 157
head2, 378, 130, 146
head2, 379, 134, 147
head2, 380, 125, 160
head2, 381, 136, 153
head2, 382, 135, 142
head2, 383, 130, 143
head2, 384, 129, 140
head2, 385, 132, 141
head2, 386, 131, 138
head2, 387, 134, 139
head2, 388, 126, 149
head2, 389, 127, 147
head2, 390, 127, 145
head2, 391, 139, 131
head2, 392, 139, 129
head2, 393, 135, 123
head2, 394, 131, 137
head2, 396, 139, 131
head2, 397, 143, 121
head2, 398, 143, 115
head2, 399, 147, 113
head2, 400, 147, 115
head2, 401, 151, 113
head2, 402, 143, 107
head2, 403, 147, 105
head2, 404, 147, 107
head2, 405, 140, 117
head2, 406, 140, 115
head2, 407, 152, 101
head2, 408, 152, 99
head2, 409, 148, 93
head2, 410, 148, 91
head2, 411, 152, 93
head2, 412, 141, 101
head2, 413, 141, 99
head2, 414, 141, 96
head2, 415, 141, 93
head2, 416, 153, 86
head2, 417, 153, 83
head2, 418, 140, 85
head2, 419, 147, 75
head2, 420, 140, 79
head2, 421, 145, 63
head2, 422, 146, 68
head2, 423, 140, 73
head2, 424, 140, 71
head2, 425, 141, 70
head2, 426, 146, 65
head2, 427, 142, 66
head2, 428, 150, 63
head2, 429, 146, 72
head2, 430, 154, 61
head2, 431, 150, 70
head2, 432, 166, 91
head2, 433, 162, 132
head2, 434, 170, 177
head2, 435, 198, 210
head2, 436, 254, 231
head2, 437, 314, 262
head3, 377, 149, 204
head3, 380, 149, 202
head3, 381, 149, 201
head3, 382, 149, 200
head3, 383, 153, 195
head3, 384, 149, 198
head3, 385, 149, 197
head3, 386, 153, 192
head3, 387, 149, 195
head3, 388, 157, 194
head3, 389, 153, 189
head3, 390, 150, 190
head3, 391, 151, 188
head3, 392, 156, 190
head3, 393, 152, 184
head3, 394, 153, 182
head3, 395, 158, 184
head3, 396, 159, 182
head3, 397, 156, 184
head3, 398, 157, 182
head3, 399, 162, 176
head3, 400, 163, 190
head3, 401, 160, 216
head3, 402, 161, 222
head3, 403, 166, 216
head3, 404, 159, 214
head3, 405, 164, 216
head3, 406, 165, 214
head3, 407, 154, 200
head3, 408, 155, 198
head3, 409, 152, 200
head3, 410, 153, 198
head3, 411, 174, 208
head3, 412, 175, 206
head3, 413, 172, 208
head3, 414, 173, 206
head3, 415, 178, 208
head3, 416, 171, 206
head3, 417, 176, 200
head3, 418, 177, 198
head3, 419, 174, 200
head3, 420, 175, 206
head3, 421, 172, 200
head3, 422, 173, 198
head3, 423, 186, 184
head3, 424, 159, 122
head3, 425, 152, 64
head3, 426, 149, 60
head3, 427, 142, 76
head3, 428, 147, 72
head3, 429, 148, 64
head3, 430, 153, 60
head3, 431, 154, 60
head3, 432, 151, 72
head3, 433, 168, 96
head3, 434, 165, 140
head3, 435, 174, 188
head3, 436, 203, 216
head3, 437, 252, 232
head3, 438, 313, 260
head4, 283, 281, 191
head4, 284, 281, 191
head4, 285, 280, 190
head4, 286, 267, 185
head4, 287, 266, 184
head4, 288, 273, 188
head4, 289, 271, 188
head4, 290, 269, 187
head4, 291, 267, 186
head4, 292, 261, 181
head4, 293, 259, 180
head4, 294, 261, 184
head4, 295, 259, 182
head4, 296, 253, 176
head4, 297, 251, 174
head4, 298, 245, 176
head4, 299, 251, 174
head4, 300, 245, 168
head4, 301, 243, 166
head4, 302, 245, 168
head4, 303, 243, 166
head4, 304, 245, 168
head4, 305, 243, 166
head4, 306, 245, 160
head4, 307, 243, 158
head4, 308, 245, 160
head4, 309, 243, 158
head4, 310, 245, 160
head4, 311, 243, 158
head4, 312, 245, 160
head4, 313, 243, 158
head4, 314, 245, 160
head4, 315, 243, 158
head4, 316, 237, 152
head4, 317, 235, 158
head4, 318, 237, 152
head4, 319, 235, 158
head4, 320, 237, 152
head4, 321, 235, 150
head4, 322, 237, 152
head4, 323, 235, 150
head4, 324, 237, 152
head4, 325, 235, 150
head4, 326, 237, 152
head4, 327, 235, 150
head4, 328, 229, 144
head4, 329, 227, 150
head4, 330, 229, 144
head4, 331, 227, 150
head4, 332, 229, 144
head4, 333, 227, 142
head4, 334, 229, 144
head4, 335, 227, 142
head4, 336, 229, 144
head4, 337, 227, 142
head4, 338, 229, 144
head4, 339, 227, 142
head4, 340, 229, 144
head4, 341, 227, 142
head4, 342, 229, 144
head4, 343, 227, 142
head4, 344, 205, 136
head4, 345, 163, 142
head4, 346, 125, 168
head4, 347, 91, 214
head4, 348, 37, 240
head4, 353, 68, 246
head4, 358, 232, 146
head4, 359, 230, 145
head4, 360, 229, 145
head4, 361, 216, 133
head4, 362, 215, 133
head4, 363, 210, 129
head4, 364, 209, 129
head4, 365, 212, 133
head4, 366, 203, 125
head4, 367, 206, 129
head4, 368, 205, 129
head4, 369, 213, 139
head4, 370, 212, 138
head4, 371, 210, 137
head4, 372, 196, 124
head4, 373, 208, 134
head4, 374, 200, 156
head4, 375, 188, 182
head4, 376, 188, 188
head4, 377, 200, 206
head4, 378, 204, 127
head4, 382, 202, 119
head4, 383, 200, 117
head4, 384, 194, 95
head4, 385, 192, 93
head4, 386, 194, 95
head4, 387, 192, 93
head4, 388, 197, 102
head4, 389, 190, 91
head4, 390, 187, 84
head4, 391, 196, 95
head4, 392, 185, 110
head4, 393, 194, 129
head4, 394, 183, 152
head4, 395, 184, 155
head4, 396, 181, 146
head4, 397, 182, 149
head4, 398, 163, 148
head4, 399, 140, 127
head4, 400, 105, 102
head4, 401, 90, 89
head4, 402, 87, 88
head4, 403, 88, 83
head4, 404, 93, 98
head4, 405, 94, 125
head4, 406, 99, 148
head4, 407, 108, 175
head4, 408, 105, 182
head4, 409, 106, 177
head4, 410, 111, 176
head4, 411, 112, 179
head4, 412, 109, 178
head4, 413, 110, 181
head4, 414, 115, 180
head4, 415, 116, 183
head4, 416, 121, 182
head4, 417, 122, 177
head4, 418, 119, 176
head4, 419, 120, 179
head4, 420, 125, 178
head4, 421, 126, 181
head4, 422, 123, 180
head4, 423, 124, 175
head4, 424, 129, 174
head4, 425, 130, 177
head4, 426, 127, 176
head4, 427, 128, 171
head4, 428, 125, 170
head4, 429, 126, 173
head4, 430, 123, 172
head4, 431, 124, 167
head4, 432, 121, 166
head4, 433, 122, 169
head4, 434, 127, 168
head4, 435, 120, 163
head4, 436, 125, 162
head4, 438, 189, 64
head5, 265, 36, 165
head5, 267, 38, 163
head5, 268, 41, 161
head5, 269, 43, 159
head5, 270, 44, 153
head5, 271, 47, 155
head5, 272, 49, 154
head5, 273, 51, 152
head5, 274, 53, 151
head5, 275, 55, 150
head5, 276, 53, 145
head5, 277, 55, 144
head5, 278, 61, 147
head5, 279, 63, 146
head5, 280, 67, 146
head5, 281, 69, 145
head5, 282, 72, 145
head5, 283, 74, 145
head5, 284, 77, 144
head5, 285, 76, 139
head5, 286, 79, 138
head5, 287, 84, 143
head5, 288, 85, 136
head5, 289, 88, 143
head5, 290, 90, 143
head5, 291, 91, 143
head5, 292, 93, 143
head5, 293, 94, 143
head5, 294, 95, 142
head5, 295, 96, 142
head5, 296, 93, 138
head5, 297, 94, 138
head5, 298, 99, 134
head5, 299, 100, 134
head5, 300, 97, 138
head5, 301, 98, 138
head5, 302, 95, 134
head5, 303, 96, 134
head5, 304, 101, 138
head5, 305, 94, 138
head5, 306, 99, 134
head5, 307, 100, 134
head5, 308, 97, 138
head5, 309, 98, 138
head5, 310, 95, 134
head5, 311, 96, 134
head5, 312, 93, 130
head5, 313, 94, 138
head5, 314, 99, 134
head5, 315, 92, 134
head5, 316, 97, 130
head5, 317, 98, 130
head5, 318, 95, 134
head5, 319, 96, 134
head5, 320, 93, 130
head5, 321, 94, 130
head5, 322, 91, 142
head5, 323, 92, 142
head5, 324, 97, 122
head5, 325, 98, 122
head5, 326, 95, 126
head5, 327, 96, 126
head5, 328, 93, 122
head5, 329, 94, 122
head5, 330, 99, 126
head5, 331, 92, 142
head5, 332, 89, 138
head5, 333, 98, 122
head5, 334, 95, 118
head5, 335, 96, 118
head5, 336, 101, 122
head5, 337, 102, 122
head5, 338, 99, 118
head5, 339, 100, 118
head5, 340, 97, 122
head5, 341, 98, 122
head5, 342, 95, 118
head5, 343, 96, 118
head5, 344, 101, 122
head5, 345, 102, 122
head5, 346, 99, 118
head5, 347, 100, 118
head5, 348, 97, 122
head5, 349, 98, 122
head5, 350, 103, 118
head5, 351, 104, 118
head5, 352, 101, 122
head5, 353, 102, 122
head5, 354, 99, 118
head5, 355, 100, 118
head5, 356, 97, 122
head5, 357, 98, 122
head5, 358, 87, 134
head5, 359, 88, 134
head5, 360, 101, 122
head5, 361, 102, 122
head5, 362, 99, 118
head5, 363, 100, 118
head5, 364, 97, 122
head5, 365, 98, 122
head5, 366, 95, 118
head5, 367, 96, 118
head5, 368, 101, 122
head5, 369, 94, 114
head5, 370, 99, 118
head5, 371, 100, 118
head5, 372, 97, 122
head5, 373, 98, 122
head5, 374, 95, 118
head5, 375, 88, 134
head5, 376, 93, 154
head5, 377, 94, 154
head5, 378, 91, 134
head5, 379, 100, 126
head5, 380, 97, 122
head5, 381, 98, 122
head5, 382, 95, 118
head5, 383, 96, 126
head5, 384, 93, 122
head5, 385, 94, 122
head5, 386, 99, 126
head5, 387, 92, 126
head5, 388, 97, 122
head5, 389, 90, 122
head5, 390, 95, 126
head5, 391, 96, 126
head5, 392, 93, 122
head5, 393, 94, 122
head5, 394, 91, 126
head5, 395, 92, 126
head5, 396, 89, 122
head5, 397, 90, 122
head5, 398, 87, 126
head5, 399, 88, 126
head5, 400, 93, 122
head5, 401, 94, 122
head5, 402, 91, 118
head5, 403, 92, 118
head5, 404, 97, 122
head5, 405, 90, 122
head5, 406, 95, 118
head5, 407, 94, 131
head5, 408, 97, 124
head5, 409, 104, 121
head5, 410, 99, 114
head5, 411, 99, 131
head5, 412, 95, 136
head5, 413, 111, 121
head5, 414, 104, 131
head5, 415, 109, 121
head5, 416, 107, 132
head5, 417, 117, 123
head5, 418, 115, 118
head5, 419, 117, 117
head5, 420, 123, 120
head5, 421, 113, 133
head5, 422, 123, 126
head5, 423, 121, 123
head5, 424, 123, 124
head5, 425, 129, 121
head5, 426, 123, 122
head5, 427, 129, 119
head5, 428, 123, 120
head5, 429, 129, 117
head5, 430, 123, 118
head5, 431, 121, 115
head5, 432, 123, 116
head5, 433, 121, 113
head5, 434, 123, 114
head5, 435, 145, 103
head5, 436, 179, 104
head5, 437, 201, 109
head5, 438, 235, 126
head5, 439, 289, 147
head6, 437, 126, 168
head6, 439, 126, 167
head6, 440, 130, 186
head6, 441, 130, 185
head6, 444, 134, 196
head6, 445, 126, 195
head6, 446, 130, 182
head6, 447, 114, 149
head6, 448, 110, 128
head6, 449, 118, 111
head6, 450, 122, 114
head6, 451, 122, 113
head6, 452, 128, 161
head6, 453, 129, 161
head6, 454, 131, 161
head6, 455, 129, 149
head6, 456, 133, 162
head6, 457, 133, 155
head6, 458, 153, 128
head6, 459, 138, 163
head6, 460, 139, 163
head6, 461, 140, 164
head6, 462, 137, 153
head6, 463, 138, 154
head6, 464, 142, 165
head6, 465, 142, 156
head6, 466, 138, 159
head6, 467, 138, 158
head6, 468, 142, 153
head6, 469, 126, 128
head7, 428, 206, 218
head7, 429, 206, 218
head7, 430, 206, 218
head7, 431, 206, 217
head7, 432, 206, 216
head7, 433, 202, 219
head7, 434, 206, 215
head7, 435, 206, 214
head7, 436, 202, 209
head7, 437, 202, 208
head7, 438, 206, 211
head7, 439, 206, 210
head7, 440, 202, 205
head7, 441, 210, 205
head7, 442, 211, 204
head7, 443, 208, 199
head7, 444, 212, 201
head7, 445, 212, 199
head7, 446, 208, 201
head7, 447, 208, 199
head7, 448, 212, 193
head7, 449, 212, 191
head7, 450, 216, 193
head7, 451, 216, 191
head7, 452, 212, 193
head7, 453, 212, 191
head7, 454, 216, 193
head7, 455, 216, 191
head7, 456, 212, 193
head7, 457, 212, 191
head7, 458, 216, 185
head7, 459, 216, 189
head7, 460, 216, 189
head7, 461, 212, 185
head7, 462, 212, 185
head7, 463, 208, 189
head7, 464, 212, 188
head7, 465, 211, 188
head7, 466, 210, 189
head7, 467, 208, 189
head7, 468, 202, 185
head7, 469, 200, 185
head7, 470, 202, 189
head7, 471, 204, 189
head7, 472, 203, 189
head7, 473, 198, 185
head7, 474, 197, 185
head7, 475, 192, 189
head7, 476, 191, 189
head7, 477, 194, 185
head7, 478, 199, 189
head7, 479, 192, 189
head7, 480, 189, 185
head7, 481, 190, 185
head7, 482, 187, 189
head7, 483, 188, 189
head7, 484, 193, 185
head7, 485, 194, 185
head7, 486, 191, 189
head7, 487, 192, 189
head7, 488, 189, 185
head7, 489, 190, 185
head7, 490, 195, 181
head7, 491, 196, 181
head7, 492, 198, 186
head7, 493, 196, 179
head7, 494, 200, 184
head7, 495, 201, 183
head7, 496, 202, 183
head7, 497, 203, 182
head7, 498, 204, 181
head7, 499, 201, 176
head7, 500, 205, 180
head7, 501, 205, 172
head7, 502, 206, 178
head7, 503, 207, 177
head7, 504, 204, 172
head7, 505, 208, 176
head7, 506, 209, 175
head7, 507, 209, 175
head7, 508, 205, 171
head7, 509, 210, 174
head7, 510, 211, 173
head7, 511, 208, 168
head7, 512, 209, 167
head7, 513, 206, 170
head7, 514, 207, 169
head7, 515, 188, 148
head7, 516, 181, 107
head7, 517, 194, 86
head8, 456, 130, 110
head8, 457, 130, 110
head8, 458, 131, 110
head8, 459, 133, 110
head8, 460, 135, 109
head8, 461, 133, 112
head8, 462, 138, 109
head8, 463, 139, 109
head8, 464, 140, 108
head8, 465, 145, 111
head8, 466, 146, 110
head8, 467, 143, 105
head8, 468, 144, 104
head8, 469, 141, 107
head8, 470, 142, 106
head8, 471, 147, 109
head8, 472, 140, 108
head8, 473, 145, 111
head8, 474, 146, 110
head8, 475, 143, 105
head8, 476, 144, 104
head8, 477, 145, 106
head8, 478, 146, 105
head8, 479, 167, 116
head8, 480, 168, 115
head8, 481, 149, 102
head8, 482, 149, 104
head8, 483, 169, 110
head8, 484, 150, 103
head8, 485, 151, 100
head8, 486, 150, 103
head8, 487, 169, 110
head8, 488, 168, 113
head8, 489, 171, 112
head8, 490, 170, 115
head8, 491, 165, 114
head8, 492, 164, 117
head8, 493, 151, 108
head8, 494, 150, 79
head8, 495, 153, 70
head8, 496, 151, 81
head8, 497, 153, 80
head8, 498, 151, 83
head8, 499, 153, 82
head8, 500, 151, 77
head8, 501, 153, 76
head8, 502, 151, 79
head8, 503, 153, 78
head8, 504, 151, 81
head8, 505, 153, 80
head8, 506, 151, 83
head8, 507, 153, 82
head8, 508, 151, 85
head8, 509, 153, 84
head8, 510, 151, 87
head8, 511, 153, 86
head8, 512, 159, 81
head8, 513, 161, 80
head8, 514, 159, 83
head8, 515, 160, 83
head8, 516, 141, 79
head8, 517, 142, 79
head8, 518, 163, 75
head8, 519, 164, 75
head8, 520, 169, 71
head8, 521, 167, 72
head8, 522, 169, 69
head8, 524, 169, 68
head8, 525, 149, 63
head8, 528, 149, 62
head9, 545, 254, 148
head9, 546, 254, 148
head9, 547, 254, 147
head9, 548, 254, 146
head9, 549, 250, 141
head9, 550, 250, 140
head9, 551, 254, 135
head9, 552, 254, 134
head9, 553, 250, 137
head9, 554, 250, 136
head9, 555, 246, 131
head9, 556, 246, 130
head9, 557, 250, 133
head9, 558, 250, 132
head9, 559, 246, 127
head9, 560, 246, 126
head9, 561, 266, 121
head9, 562, 282, 96
head9, 565, 278, 91
head9, 566, 278, 98
head9, 567, 266, 117
head9, 568, 242, 124
head9, 569, 222, 135
head9, 570, 190, 158
head9, 571, 146, 169
head9, 572, 114, 192
head9, 573, 86, 235
head9, 576, 86, 263
head10, 561, 156, 170
head10, 564, 155, 169
head10, 565, 150, 156
head10, 566, 149, 155
head10, 567, 152, 158
head10, 568, 151, 149
head10, 569, 154, 152
head10, 570, 153, 151
head10, 571, 148, 154
head10, 572, 155, 153
head10, 573, 182, 156
head10, 574, 189, 155
head10, 575, 184, 158
head10, 576, 183, 157
head10, 577, 186, 152
head10, 578, 185, 151
head10, 579, 188, 154
head10, 580, 187, 153
head10, 581, 182, 148
head10, 582, 173, 123
head10, 583, 176, 118
head10, 584, 167, 101
head10, 585, 162, 72
head10, 586, 161, 68
head10, 587, 156, 68
head10, 588, 155, 64
head10, 589, 158, 64
head10, 590, 157, 60
head10, 591, 160, 60
head10, 592, 183, 64
head10, 593, 186, 64
head10, 594, 169, 76
head10, 595, 172, 76
head10, 596, 171, 80
head10, 597, 150, 72
head10, 599, 141, 84
head10, 600, 136, 116
head10, 601, 111, 168
head10, 602, 74, 240
head11, 490, 130, 150
head11, 491, 130, 150
head11, 492, 130, 150
head11, 493, 126, 146
head11, 494, 129, 149
head11, 495, 128, 140
head11, 496, 128, 148
head11, 497, 124, 144
head11, 498, 127, 147
head11, 499, 126, 147
head11, 500, 126, 147
head11, 501, 122, 143
head11, 502, 122, 143
head11, 503, 126, 139
head11, 504, 126, 139
head11, 505, 122, 143
head11, 506, 122, 143
head11, 507, 126, 139
head11, 508, 126, 144
head11, 509, 127, 144
head11, 510, 124, 140
head11, 511, 128, 144
head11, 512, 129, 144
head11, 513, 130, 144
head11, 514, 131, 144
head11, 515, 128, 140
head11, 516, 129, 140
head11, 517, 134, 136
head11, 518, 135, 136
head11, 519, 132, 140
head11, 520, 136, 143
head11, 521, 137, 143
head11, 522, 138, 142
head11, 523, 143, 137
head11, 524, 144, 136
head11, 525, 141, 139
head11, 526, 142, 138
head11, 527, 139, 133
head11, 528, 140, 140
head11, 529, 145, 135
head11, 530, 146, 134
head11, 531, 143, 137
head11, 532, 144, 136
head11, 533, 149, 131
head11, 534, 142, 130
head11, 535, 147, 133
head11, 536, 145, 135
head11, 537, 145, 134
head11, 538, 144, 133
head11, 539, 144, 132
head11, 540, 143, 131
head11, 541, 142, 130
head11, 542, 141, 128
head11, 543, 140, 127
head11, 544, 140, 126
head11, 545, 139, 124
head11, 546, 139, 123
head11, 547, 135, 118
head11, 548, 135, 117
head11, 549, 138, 120
head11, 550, 137, 119
head11, 551, 137, 118
head11, 552, 141, 113
head11, 553, 141, 112
head11, 554, 137, 107
head11, 555, 138, 114
head11, 556, 143, 109
head11, 557, 144, 108
head11, 558, 141, 103
head11, 559, 142, 102
head11, 560, 147, 105
head11, 561, 148, 104
head11, 562, 145, 107
head11, 563, 146, 106
head11, 564, 151, 101
head11, 565, 152, 100
head11, 566, 157, 103
head11, 567, 158, 106
head11, 568, 155, 97
head11, 569, 164, 100
head11, 570, 162, 104
head11, 571, 163, 103
head11, 572, 164, 102
head11, 573, 165, 100
head11, 574, 162, 94
head11, 575, 163, 92
head11, 576, 168, 94
head11, 577, 166, 94
head11, 578, 165, 92
head11, 579, 165, 90
head11, 580, 164, 87
head11, 581, 167, 80
head11, 582, 166, 77
head11, 583, 161, 80
head11, 584, 160, 71
head11, 585, 163, 66
head11, 586, 162, 65
head11, 587, 157, 68
head11, 588, 156, 67
head11, 589, 159, 62
head11, 590, 158, 61
head11, 591, 161, 64
head11, 592, 160, 63
head11, 593, 171, 82
head11, 594, 162, 113
head11, 595, 133, 124
head11, 596, 124, 147
head11, 597, 111, 174
head11, 598, 110, 181
head11, 599, 113, 168
head11, 600, 112, 167
head11, 601, 115, 170
head11, 602, 114, 169
head11, 603, 117, 164
head11, 604, 116, 163
head11, 605, 119, 166
head11, 606, 118, 165
head11, 607, 113, 168
head11, 608, 120, 167
head11, 609, 123, 162
head11, 610, 122, 161
head11, 611, 117, 156
head11, 612, 124, 155
head11, 613, 127, 158
head11, 614, 126, 157
head11, 615, 145, 152
head11, 616, 144, 127
head11, 617, 155, 98
head11, 618, 186, 73
head12, 563, 201, 160
head12, 564, 201, 160
head12, 565, 200, 160
head12, 566, 199, 160
head12, 567, 198, 160
head12, 568, 197, 160
head12, 569, 195, 160
head12, 570, 194, 160
head12, 571, 193, 159
head12, 572, 192, 159
head12, 573, 191, 159
head12, 574, 191, 158
head12, 575, 187, 153
head12, 576, 187, 160
head12, 577, 183, 155
head12, 578, 183, 154
head12, 579, 187, 149
head12, 580, 187, 156
head12, 581, 191, 152
head12, 582, 192, 151
head12, 583, 193, 149
head12, 584, 190, 143
head12, 585, 194, 146
head12, 586, 195, 144
head12, 587, 196, 142
head12, 588, 197, 141
head12, 589, 194, 136
head12, 590, 195, 135
head12, 591, 192, 130
head12, 592, 193, 129
head12, 593, 198, 132
head12, 594, 191, 131
head12, 595, 196, 126
head12, 596, 197, 133
head12, 597, 194, 128
head12, 598, 195, 127
head12, 599, 192, 130
head12, 600, 193, 129
head12, 601, 198, 124
head12, 602, 199, 123
head12, 603, 196, 126
head12, 604, 197, 125
head12, 605, 194, 128
head12, 606, 200, 128
head12, 607, 199, 128
head12, 608, 199, 128
head12, 609, 195, 124
head12, 610, 197, 128
head12, 611, 195, 120
head12, 612, 197, 128
head12, 613, 196, 128
head12, 614, 191, 124
head12, 615, 190, 124
head12, 616, 193, 128
head12, 617, 192, 128
head12, 618, 203, 140
head12, 619, 234, 132
head12, 620, 245, 104
head13, 672, 225, 126
head13, 673, 225, 126
head13, 674, 229, 122
head13, 675, 221, 122
head13, 676, 225, 118
head13, 677, 225, 118
head13, 678, 221, 114
head13, 679, 221, 114
head13, 680, 225, 110
head13, 681, 225, 110
head13, 682, 221, 114
head13, 683, 221, 106
head13, 684, 225, 110
head13, 685, 225, 102
head13, 686, 221, 106
head13, 687, 221, 106
head13, 688, 225, 102
head13, 689, 225, 102
head13, 690, 221, 106
head13, 691, 197, 106
head13, 692, 153, 110
head13, 693, 105, 134
head13, 694, 45, 138
head13, 695, 44, 130
head13, 696, 44, 134
head13, 697, 44, 134
head13, 698, 44, 130
head13, 699, 44, 130
head13, 700, 68, 126
head13, 701, 112, 134
head13, 702, 152, 122
head13, 703, 196, 90
head14, 675, 235, 189
head14, 676, 235, 189
head14, 677, 231, 185
head14, 678, 231, 185
head14, 679, 235, 181
head14, 680, 235, 181
head14, 681, 231, 177
head14, 682, 231, 177
head14, 683, 235, 181
head14, 684, 235, 181
head14, 685, 231, 177
head14, 686, 231, 177
head14, 687, 235, 181
head14, 688, 235, 181
head14, 689, 231, 177
head14, 690, 231, 177
head14, 691, 235, 181
head14, 692, 227, 173
head14, 693, 231, 177
head14, 694, 231, 177
head14, 695, 227, 173
head14, 696, 227, 173
head14, 697, 231, 177
head14, 698, 231, 177
head14, 699, 227, 173
head14, 700, 227, 173
head14, 701, 231, 177
head14, 705, 223, 169
head14, 707, 227, 173
head15, 660, 192, 142
head15, 661, 192, 142
head15, 662, 188, 130
head15, 663, 180, 114
head15, 664, 160, 102
head15, 665, 160, 102
head15, 666, 164, 98
head15, 667, 164, 98
head15, 668, 160, 94
head15, 669, 160, 94
head15, 670, 156, 114
head15, 671, 156, 122
head15, 672, 160, 118
head15, 673, 144, 102
head15, 674, 148, 106
head15, 675, 156, 106
head15, 676, 152, 102
head15, 677, 152, 102
head15, 678, 156, 106
head15, 679, 156, 130
head15, 680, 160, 134
head15, 681, 160, 134
head15, 682, 148, 154
head15, 683, 148, 154
head15, 684, 160, 134
head15, 685, 160, 126
head15, 686, 156, 130
head15, 687, 148, 146
head15, 688, 152, 150
head15, 689, 144, 142
head15, 690, 156, 122
head15, 691, 156, 114
head15, 692, 152, 110
head15, 693, 152, 110
head15, 694, 156, 106
head15, 695, 156, 106
head15, 696, 152, 102
head15, 697, 152, 102
head15, 698, 156, 106
head15, 699, 156, 98
head15, 700, 152, 102
head15, 701, 152, 126
head15, 702, 164, 154
head15, 703, 180, 186
head15, 704, 192, 206
head15, 705, 224, 230
head15, 706, 252, 242
head15, 708, 276, 250
head15, 709, 288, 254
head15, 710, 288, 254
head16, 562, 46, 169
head16, 563, 46, 169
head16, 564, 44, 165
head16, 565, 44, 165
head16, 566, 44, 161
head16, 567, 44, 161
head16, 568, 48, 161
head16, 569, 48, 159
head16, 570, 48, 157
head16, 571, 49, 156
head16, 572, 49, 154
head16, 573, 49, 153
head16, 574, 50, 151
head16, 575, 50, 150
head16, 576, 51, 148
head16, 577, 48, 142
head16, 578, 52, 146
head16, 579, 52, 146
head16, 580, 56, 142
head16, 581, 56, 142
head16, 582, 52, 138
head16, 583, 52, 138
head16, 584, 56, 134
head16, 585, 56, 134
head16, 586, 60, 138
head16, 587, 60, 138
head16, 588, 64, 134
head16, 589, 64, 134
head16, 590, 62, 140
head16, 591, 63, 141
head16, 592, 64, 141
head16, 593, 69, 137
head16, 594, 70, 137
head16, 595, 67, 143
head16, 596, 69, 143
head16, 597, 75, 139
head16, 598, 71, 144
head16, 599, 72, 144
head16, 600, 77, 140
head16, 601, 78, 140
head16, 602, 75, 144
head16, 603, 76, 136
head16, 604, 73, 140
head16, 605, 74, 140
head16, 606, 79, 136
head16, 607, 78, 143
head16, 608, 78, 142
head16, 609, 82, 137
head16, 610, 82, 136
head16, 611, 78, 139
head16, 612, 78, 138
head16, 613, 82, 133
head16, 614, 82, 132
head16, 615, 81, 137
head16, 616, 82, 136
head16, 617, 79, 131
head16, 618, 80, 130
head16, 619, 85, 133
head16, 620, 86, 124
head16, 621, 84, 131
head16, 622, 86, 126
head16, 623, 84, 125
head16, 624, 86, 128
head16, 625, 92, 127
head16, 626, 86, 122
head16, 627, 92, 121
head16, 628, 94, 124
head16, 629, 92, 123
head16, 630, 94, 126
head16, 631, 92, 125
head16, 632, 94, 120
head16, 633, 92, 119
head16, 634, 94, 122
head16, 635, 92, 121
head16, 636, 94, 124
head16, 637, 92, 123
head16, 638, 94, 118
head16, 639, 92, 117
head16, 640, 94, 120
head16, 641, 92, 119
head16, 642, 94, 122
head16, 643, 92, 121
head16, 644, 94, 124
head16, 645, 100, 123
head16, 646, 94, 118
head16, 647, 92, 117
head16, 648, 94, 120
head16, 649, 92, 119
head16, 650, 94, 122
head16, 651, 92, 121
head16, 652, 94, 124
head16, 653, 92, 123
head16, 654, 94, 118
head16, 655, 92, 117
head16, 656, 94, 120
head16, 657, 92, 119
head16, 658, 94, 122
head16, 659, 92, 121
head16, 660, 94, 124
head16, 661, 92, 123
head16, 662, 94, 118
head16, 663, 92, 117
head16, 664, 94, 120
head16, 665, 92, 119
head16, 666, 94, 122
head16, 667, 92, 121
head16, 668, 94, 116
head16, 669, 92, 115
head16, 670, 94, 118
head16, 671, 92, 117
head16, 672, 94, 120
head16, 673, 92, 119
head16, 674, 94, 122
head16, 675, 92, 121
head16, 676, 94, 124
head16, 677, 92, 123
head16, 678, 94, 126
head16, 679, 92, 125
head16, 680, 92, 129
head16, 681, 93, 130
head16, 682, 93, 131
head16, 683, 94, 132
head16, 684, 94, 133
head16, 685, 95, 135
head16, 686, 96, 136
head16, 687, 96, 138
head16, 688, 97, 139
head16, 689, 102, 136
head16, 690, 98, 141
head16, 691, 106, 134
head16, 692, 110, 139
head16, 693, 110, 140
head16, 694, 106, 137
head16, 695, 106, 138
head16, 696, 102, 143
head16, 697, 103, 143
head16, 698, 116, 139
head16, 699, 149, 123
head16, 700, 106, 141
head16, 701, 106, 140
head16, 702, 118, 135
head16, 703, 118, 134
head16, 704, 109, 137
head16, 705, 110, 135
head16, 706, 111, 133
head16, 707, 112, 132
head16, 708, 113, 130
head16, 709, 126, 124
head16, 710, 114, 126
head16, 711, 115, 125
head16, 712, 116, 124
head16, 713, 129, 119
head16, 714, 118, 121
head16, 715, 127, 111
head16, 716, 132, 113
head16, 717, 133, 111
head16, 718, 138, 105
head16, 719, 139, 111
head16, 720, 136, 105
head16, 721, 137, 103
head16, 722, 142, 105
head16, 723, 143, 103
head16, 724, 148, 105
head16, 725, 149, 103
head16, 726, 146, 105
head16, 727, 147, 103
head16, 728, 152, 97
head16, 729, 145, 95
head16, 730, 150, 97
head16, 731, 151, 95
head16, 732, 148, 89
head16, 733, 149, 87
head16, 734, 154, 89
head16, 735, 155, 87
head16, 736, 152, 81
head16, 737, 153, 79
head16, 738, 150, 81
head16, 739, 151, 79
head16, 740, 148, 73
head16, 741, 149, 71
head16, 742, 146, 65
head16, 743, 147, 63
head16, 744, 141, 73
head16, 745, 147, 63
head16, 747, 141, 65
head16, 748, 139, 63
head16, 749, 149, 81
head16, 750, 147, 79
head16, 751, 149, 73
head16, 752, 147, 79
head16, 753, 149, 73
head16, 754, 147, 71
head16, 755, 149, 73
head16, 756, 155, 71
head16, 757, 141, 89
head16, 758, 147, 119
head16, 759, 157, 145
head16, 760, 187, 183
head16, 761, 237, 217
head16, 763, 275, 239
head17, 592, 113, 185
head17, 593, 113, 185
head17, 594, 113, 184
head17, 595, 113, 183
head17, 596, 113, 181
head17, 597, 113, 180
head17, 598, 113, 179
head17, 599, 109, 174
head17, 600, 114, 177
head17, 601, 114, 177
head17, 602, 110, 165
head17, 603, 115, 175
head17, 604, 116, 175
head17, 605, 116, 174
head17, 606, 117, 173
head17, 607, 118, 173
head17, 608, 115, 169
head17, 609, 119, 172
head17, 610, 119, 163
head17, 611, 121, 171
head17, 612, 119, 159
head17, 613, 123, 170
head17, 614, 124, 170
head17, 615, 121, 174
head17, 616, 126, 169
head17, 617, 127, 169
head17, 618, 128, 169
head17, 619, 129, 168
head17, 620, 130, 168
head17, 621, 131, 168
head17, 622, 132, 167
head17, 623, 133, 167
head17, 624, 134, 167
head17, 625, 135, 167
head17, 626, 136, 166
head17, 627, 137, 166
head17, 628, 138, 166
head17, 629, 138, 165
head17, 630, 139, 165
head17, 631, 144, 161
head17, 632, 145, 153
head17, 633, 150, 149
head17, 634, 151, 149
head17, 635, 148, 153
head17, 636, 149, 153
head17, 637, 138, 133
head17, 638, 139, 133
head17, 639, 152, 153
head17, 640, 153, 153
head17, 641, 142, 165
head17, 642, 143, 165
head17, 643, 148, 161
head17, 644, 141, 161
head17, 645, 154, 149
head17, 646, 155, 149
head17, 647, 144, 161
head17, 648, 145, 161
head17, 649, 142, 165
head17, 650, 151, 149
head17, 651, 156, 153
head17, 652, 149, 145
head17, 653, 141, 162
head17, 654, 145, 167
head17, 655, 153, 152
head17, 656, 141, 161
head17, 657, 149, 150
head17, 658, 153, 151
head17, 659, 153, 148
head17, 660, 141, 165
head17, 661, 149, 162
head17, 662, 153, 147
head17, 663, 153, 144
head17, 664, 157, 145
head17, 665, 149, 166
head17, 666, 145, 167
head17, 667, 153, 148
head17, 668, 149, 125
head17, 669, 157, 122
head17, 670, 153, 123
head17, 671, 153, 120
head17, 672, 157, 121
head17, 673, 157, 142
head17, 674, 145, 158
head17, 675, 145, 162
head17, 676, 149, 162
head17, 677, 146, 156
head17, 678, 146, 156
head17, 679, 146, 155
head17, 680, 158, 134
head17, 681, 147, 153
head17, 682, 147, 152
head17, 683, 147, 150
head17, 684, 159, 128
head17, 685, 148, 147
head17, 686, 148, 145
head17, 687, 148, 143
head17, 688, 148, 141
head17, 689, 148, 139
head17, 690, 144, 141
head17, 691, 148, 134
head17, 692, 147, 132
head17, 693, 150, 134
head17, 694, 149, 132
head17, 695, 152, 110
head17, 696, 151, 108
head17, 697, 154, 102
head17, 698, 147, 118
head17, 699, 152, 122
head17, 700, 148, 114
head17, 701, 156, 102
head17, 702, 149, 110
head17, 703, 150, 109
head17, 704, 155, 112
head17, 705, 148, 111
head17, 706, 161, 90
head17, 707, 162, 89
head17, 708, 151, 108
head17, 709, 152, 107
head17, 710, 149, 110
head17, 711, 126, 117
head17, 712, 123, 112
head17, 713, 132, 119
head17, 714, 129, 114
head17, 715, 130, 113
head17, 716, 170, 79
head17, 717, 171, 77
head17, 718, 176, 79
head17, 719, 173, 73
head17, 720, 174, 71
head17, 721, 179, 73
head17, 722, 180, 79
head17, 723, 177, 73
head17, 724, 178, 71
head17, 725, 175, 73
head17, 726, 176, 71
head17, 727, 181, 65
head17, 728, 182, 71
head17, 729, 203, 97
head17, 730, 204, 103
head17, 731, 201, 97
head17, 732, 202, 103
head17, 733, 175, 58
head17, 734, 175, 58
head17, 735, 187, 78
head17, 736, 195, 102
head17, 737, 199, 106
head17, 738, 199, 98
head17, 739, 195, 102
head17, 740, 195, 102
head17, 741, 199, 98
head17, 742, 191, 98
head17, 743, 195, 102
head17, 744, 195, 102
head17, 745, 191, 98
head17, 746, 191, 98
head17, 747, 195, 102
head17, 748, 187, 94
head17, 749, 191, 98
head17, 750, 191, 98
head17, 751, 187, 94
head17, 752, 187, 94
head17, 753, 191, 90
head17, 754, 191, 90
head17, 755, 187, 86
head17, 756, 187, 86
head17, 757, 191, 82
head17, 758, 191, 82
head17, 759, 187, 78
head17, 760, 187, 78
head17, 761, 183, 74
head17, 762, 183, 74
head17, 763, 187, 70
head17, 764, 187, 70
head17, 766, 167, 74
head17, 767, 167, 74
head17, 768, 163, 70
head17, 769, 139, 78
head18, 742, 115, 212
head18, 743, 115, 212
head18, 744, 115, 211
head18, 745, 115, 211
head18, 746, 115, 210
head18, 747, 115, 209
head18, 748, 111, 204
head18, 749, 103, 203
head18, 750, 113, 205
head18, 751, 103, 203
head18, 752, 112, 204
head18, 753, 101, 201
head18, 754, 102, 202
head18, 755, 107, 199
head18, 756, 100, 200
head18, 757, 105, 197
head18, 758, 106, 198
head18, 759, 103, 195
head18, 760, 104, 196
head18, 761, 101, 193
head18, 762, 102, 194
head18, 763, 99, 191
head18, 764, 100, 192
head18, 765, 105, 189
head18, 766, 106, 190
head18, 767, 103, 187
head18, 768, 104, 188
head18, 769, 110, 191
head18, 770, 111, 191
head18, 771, 111, 190
head18, 772, 112, 189
head18, 773, 125, 208
head18, 774, 126, 215
head18, 775, 123, 210
head18, 776, 116, 186
head18, 777, 117, 185
head18, 778, 106, 180
head18, 779, 107, 179
head18, 780, 112, 174
head18, 781, 124, 180
head18, 782, 125, 178
head18, 783, 127, 176
head18, 784, 133, 194
head18, 785, 130, 172
head18, 786, 123, 170
head18, 787, 120, 164
head18, 788, 129, 154
head18, 789, 150, 132
head18, 790, 183, 130
head18, 791, 236, 140
head19, 740, 102, 127
head19, 743, 103, 126
head19, 744, 108, 121
head19, 745, 109, 128
head19, 746, 104, 125
head19, 747, 103, 118
head19, 748, 106, 123
head19, 749, 113, 124
head19, 750, 108, 121
head19, 751, 106, 125
head19, 752, 107, 125
head19, 753, 110, 124
head19, 754, 117, 119
head19, 755, 120, 118
head19, 756, 115, 123
head19, 757, 117, 123
head19, 758, 119, 123
head19, 759, 123, 122
head19, 760, 126, 121
head19, 761, 129, 121
head19, 762, 136, 109
head19, 763, 139, 109
head19, 764, 135, 119
head19, 765, 143, 109
head19, 766, 147, 111
head19, 767, 140, 117
head19, 768, 145, 103
head19, 769, 146, 109
head19, 770, 143, 115
head19, 771, 144, 114
head19, 772, 145, 113
head19, 773, 145, 112
head19, 774, 149, 131
head19, 775, 149, 130
head19, 776, 145, 108
head19, 777, 153, 98
head19, 778, 181, 100
head19, 779, 221, 106
head19, 780, 249, 132
head19, 781, 257, 162
head19, 782, 142, 97
head19, 783, 142, 94
head19, 784, 146, 103
head19, 785, 146, 108
head19, 786, 150, 109
head19, 787, 150, 106
head19, 788, 146, 107
head19, 789, 146, 112
head19, 790, 150, 105
head19, 791, 150, 118
head19, 792, 146, 111
head19, 793, 146, 108
head19, 794, 150, 109
head19, 795, 150, 106
head19, 796, 146, 107
head19, 797, 146, 112
head19, 798, 150, 113
head19, 799, 150, 110
head19, 800, 146, 111
head19, 801, 130, 132
head19, 802, 134, 133
head19, 803, 134, 138
head19, 804, 130, 131
head19, 805, 130, 128
head19, 806, 134, 129
head19, 807, 134, 134
head19, 808, 130, 127
head19, 809, 130, 124
head19, 810, 134, 125
head19, 811, 134, 130
head19, 812, 138, 123
head19, 813, 138, 128
head19, 814, 134, 129
head19, 815, 134, 134
head19, 816, 138, 127
head19, 817, 138, 124
head19, 818, 142, 125
head19, 819, 166, 122
head19, 820, 178, 99
head19, 821, 178, 96
head19, 822, 182, 97
head19, 823, 174, 118
head19, 824, 170, 119
head19, 825, 146, 116
head19, 826, 142, 109
head19, 827, 150, 114
head19, 828, 178, 107
head19, 829, 226, 120
head19, 830, 262, 137
head20, 797, 172, 197
head20, 802, 175, 193
head20, 803, 174, 185
head20, 804, 177, 189
head20, 805, 176, 181
head20, 806, 179, 185
head20, 807, 178, 185
head20, 808, 181, 181
head20, 809, 180, 181
head20, 810, 175, 177
head20, 811, 182, 177
head20, 812, 177, 173
head20, 813, 176, 173
head20, 814, 179, 177
head20, 815, 178, 169
head20, 816, 181, 181
head20, 817, 180, 173
head20, 818, 175, 177
head20, 819, 182, 201
head20, 820, 177, 183
head20, 821, 176, 177
head20, 822, 171, 175
head20, 823, 170, 177
head20, 824, 173, 175
head20, 825, 172, 177
head20, 826, 172, 181
head20, 827, 171, 181
head20, 828, 166, 169
head20, 829, 173, 177
head20, 830, 168, 173
head20, 831, 167, 173
head20, 832, 170, 177
head20, 833, 169, 177
head20, 834, 164, 165
head20, 835, 163, 173
head20, 836, 166, 169
head20, 837, 165, 169
head20, 838, 168, 173
head20, 839, 191, 165
head20, 840, 226, 177
head21, 762, 198, 163
head21, 764, 198, 162
head21, 765, 197, 161
head21, 766, 196, 160
head21, 767, 195, 159
head21, 768, 194, 158
head21, 769, 193, 157
head21, 770, 191, 156
head21, 771, 190, 155
head21, 772, 189, 154
head21, 773, 187, 153
head21, 774, 186, 152
head21, 775, 181, 147
head21, 776, 184, 150
head21, 777, 183, 141
head21, 778, 182, 149
head21, 779, 181, 148
head21, 780, 168, 167
head21, 781, 167, 166
head21, 782, 170, 169
head21, 783, 169, 168
head21, 784, 172, 163
head21, 785, 163, 162
head21, 786, 166, 165
head21, 787, 173, 188
head21, 788, 183, 137
head21, 790, 184, 134
head21, 791, 185, 132
head21, 792, 185, 130
head21, 793, 186, 129
head21, 794, 175, 148
head21, 795, 168, 179
head21, 796, 188, 124
head21, 797, 189, 122
head21, 798, 194, 116
head21, 799, 195, 114
head21, 800, 189, 119
head21, 801, 187, 112
head21, 802, 189, 109
head21, 803, 189, 116
head21, 804, 188, 115
head21, 805, 188, 114
head21, 806, 187, 114
head21, 807, 186, 113
head21, 808, 185, 113
head21, 809, 184, 112
head21, 810, 183, 111
head21, 811, 170, 130
head21, 812, 181, 110
head21, 813, 180, 102
head21, 814, 179, 109
head21, 815, 179, 108
head21, 816, 178, 107
head21, 817, 178, 106
head21, 818, 166, 125
head21, 819, 178, 105
head21, 820, 178, 97
head21, 821, 174, 101
head21, 822, 174, 117
head21, 823, 170, 121
head21, 824, 170, 121
head21, 825, 150, 117
head21, 826, 150, 117
head21, 827, 146, 113
head21, 828, 146, 113
head21, 829, 150, 109
head21, 830, 150, 109
head21, 831, 146, 113
head21, 832, 146, 105
head21, 833, 150, 109
head21, 834, 150, 109
head21, 835, 146, 105
head21, 836, 154, 113
head21, 837, 150, 109
head21, 838, 150, 109
head21, 839, 154, 105
head21, 840, 154, 105
head21, 841, 174, 93
head21, 842, 174, 93
head21, 843, 154, 105
head21, 844, 154, 105
head21, 845, 174, 85
head21, 846, 174, 85
head21, 847, 154, 105
head21, 848, 154, 105
head21, 849, 150, 101
head21, 850, 176, 63
head22, 737, 254, 205
head22, 738, 254, 205
head22, 739, 250, 209
head22, 740, 250, 209
head22, 741, 254, 205
head22, 742, 254, 205
head22, 743, 250, 209
head22, 744, 250, 209
head22, 745, 246, 213
head22, 746, 254, 205
head22, 747, 250, 209
head22, 748, 250, 209
head22, 749, 253, 204
head22, 750, 253, 203
head22, 751, 254, 202
head22, 752, 251, 205
head22, 753, 252, 204
head22, 754, 257, 199
head22, 755, 256, 198
head22, 756, 259, 201
head22, 757, 258, 200
head22, 758, 253, 203
head22, 759, 260, 194
head22, 760, 255, 197
head22, 761, 254, 196
head22, 762, 257, 191
head22, 763, 256, 198
head22, 764, 259, 193
head22, 765, 258, 192
head22, 766, 253, 195
head22, 767, 252, 194
head22, 768, 255, 197
head22, 769, 254, 196
head22, 770, 257, 191
head22, 771, 256, 190
head22, 772, 254, 193
head22, 773, 248, 192
head22, 774, 252, 194
head22, 775, 251, 194
head22, 776, 250, 194
head22, 777, 245, 198
head22, 778, 244, 198
head22, 779, 247, 194
head22, 780, 246, 194
head22, 781, 241, 198
head22, 782, 240, 198
head22, 783, 243, 194
head22, 784, 242, 194
head22, 785, 237, 198
head22, 786, 236, 198
head22, 787, 239, 196
head22, 788, 238, 198
head22, 789, 233, 196
head22, 790, 232, 198
head22, 791, 235, 196
head22, 792, 234, 198
head22, 793, 229, 204
head22, 794, 236, 198
head22, 795, 231, 196
head22, 796, 230, 206
head22, 797, 233, 196
head22, 798, 232, 198
head22, 799, 235, 196
head22, 800, 234, 198
head22, 801, 229, 204
head22, 802, 228, 206
head22, 803, 231, 204
head22, 804, 230, 198
head22, 805, 233, 196
head22, 806, 232, 198
head22, 807, 235, 196
head22, 808, 234, 198
head22, 809, 237, 196
head22, 810, 244, 190
head22, 811, 239, 188
head22, 812, 246, 190
head22, 813, 241, 188
head22, 814, 248, 190
head22, 815, 243, 188
head22, 816, 242, 190
head22, 817, 245, 188
head22, 818, 244, 190
head22, 819, 247, 188
head22, 820, 246, 182
head22, 821, 249, 180
head22, 822, 248, 182
head22, 823, 243, 180
head22, 824, 242, 182
head22, 825, 245, 180
head22, 826, 244, 182
head22, 827, 247, 180
head22, 828, 246, 182
head22, 829, 241, 180
head22, 830, 240, 182
head22, 831, 235, 180
head22, 832, 234, 182
head22, 833, 237, 180
head22, 834, 236, 182
head22, 835, 231, 180
head22, 836, 230, 182
head22, 837, 233, 180
head22, 838, 232, 182
head22, 839, 227, 180
head22, 840, 226, 182
head22, 841, 221, 180
head22, 842, 220, 182
head22, 843, 223, 180
head22, 844, 222, 182
head22, 845, 217, 188
head22, 846, 216, 190
head22, 847, 219, 180
head22, 848, 218, 182
head22, 849, 221, 180
head22, 850, 220, 182
head22, 851, 215, 180
head22, 852, 214, 182
head22, 853, 217, 180
head22, 854, 216, 182
head22, 855, 219, 180
head22, 856, 218, 182
head22, 857, 213, 180
head22, 858, 212, 182
head22, 859, 215, 180
head22, 860, 214, 182
head22, 861, 217, 180
head22, 862, 216, 182
head22, 863, 211, 180
head22, 864, 210, 190
head22, 865, 213, 180
head22, 866, 212, 190
head22, 867, 215, 180
head22, 868, 214, 190
head22, 869, 217, 180
head22, 870, 216, 182
head22, 871, 219, 180
head22, 872, 218, 182
head22, 873, 221, 180
head22, 874, 220, 182
head22, 875, 223, 180
head22, 876, 222, 182
head22, 877, 225, 172
head22, 878, 224, 174
head22, 879, 227, 172
head22, 880, 226, 174
head22, 881, 229, 172
head22, 882, 228, 174
head22, 883, 231, 164
head22, 884, 230, 166
head22, 885, 233, 164
head22, 886, 232, 166
head22, 887, 227, 164
head22, 888, 202, 142
head22, 889, 197, 140
head22, 890, 212, 118
head22, 891, 207, 116
head22, 892, 206, 110
head22, 893, 209, 116
head22, 894, 208, 118
head22, 895, 203, 116
head22, 896, 202, 118
head22, 897, 189, 140
head22, 898, 188, 142
head22, 899, 191, 140
head22, 900, 214, 158
head22, 901, 217, 156
head22, 902, 216, 158
head22, 903, 219, 156
head22, 904, 218, 158
head22, 905, 213, 156
head22, 906, 212, 150
head22, 907, 207, 156
head22, 908, 206, 166
head22, 909, 209, 156
head22, 910, 208, 150
head22, 911, 203, 164
head22, 912, 218, 198
head22, 913, 213, 236
head23, 809, 62, 178
head23, 811, 63, 177
head23, 812, 60, 164
head23, 813, 61, 163
head23, 814, 66, 158
head23, 815, 59, 157
head23, 816, 64, 160
head23, 817, 65, 159
head23, 818, 62, 154
head23, 819, 63, 153
head23, 820, 68, 148
head23, 821, 61, 147
head23, 822, 66, 150
head23, 823, 67, 149
head23, 824, 64, 144
head23, 825, 65, 143
head23, 826, 62, 146
head23, 827, 63, 145
head23, 828, 60, 140
head23, 829, 61, 139
head23, 830, 66, 142
head23, 831, 67, 141
head23, 832, 64, 144
head23, 833, 65, 143
head23, 834, 62, 138
head23, 835, 63, 145
head23, 836, 60, 140
head23, 837, 61, 139
head23, 838, 66, 142
head23, 839, 67, 141
head23, 840, 64, 144
head23, 841, 65, 143
head23, 842, 70, 146
head23, 843, 71, 145
head23, 844, 76, 148
head23, 845, 77, 147
head23, 846, 74, 150
head23, 847, 75, 149
head23, 848, 80, 152
head23, 849, 81, 151
head23, 850, 78, 154
head23, 851, 85, 159
head23, 852, 87, 160
head23, 853, 89, 161
head23, 854, 87, 150
head23, 855, 89, 151
head23, 856, 95, 156
head23, 857, 89, 157
head23, 858, 95, 154
head23, 859, 97, 155
head23, 860, 103, 160
head23, 861, 97, 153
head23, 862, 103, 158
head23, 863, 97, 159
head23, 864, 103, 156
head23, 865, 105, 157
head23, 866, 103, 154
head23, 867, 105, 155
head23, 868, 111, 152
head23, 869, 105, 153
head23, 870, 111, 150
head23, 871, 105, 151
head23, 872, 111, 148
head23, 873, 113, 141
head23, 874, 111, 146
head23, 875, 113, 139
head23, 876, 111, 136
head23, 877, 113, 137
head23, 878, 111, 134
head23, 879, 112, 153
head23, 880, 109, 184
head23, 881, 86, 219
head23, 882, 83, 242
head23, 884, 84, 253
head23, 885, 81, 252
head23, 886, 90, 239
head23, 887, 87, 214
head23, 888, 88, 209
head23, 889, 85, 208
head23, 890, 86, 211
head23, 891, 91, 210
head23, 892, 92, 205
head23, 893, 89, 204
head23, 894, 90, 207
head23, 895, 87, 206
head23, 896, 88, 201
head23, 897, 93, 200
head23, 898, 86, 203
head23, 899, 91, 202
head23, 900, 92, 197
head23, 901, 89, 196
head23, 902, 90, 199
head23, 903, 87, 198
head23, 904, 88, 193
head23, 905, 85, 192
head23, 906, 86, 195
head23, 907, 83, 194
head23, 908, 84, 189
head23, 909, 89, 196
head23, 910, 130, 152
head23, 911, 159, 104
head23, 912, 133, 154
head23, 913, 87, 192
head23, 914, 60, 250
head24, 868, 116, 201
head24, 870, 117, 201
head24, 871, 114, 189
head24, 872, 107, 189
head24, 873, 120, 193
head24, 874, 129, 193
head24, 875, 118, 189
head24, 876, 119, 189
head24, 877, 100, 169
head24, 878, 101, 169
head24, 879, 106, 173
head24, 880, 107, 181
head24, 881, 104, 169
head24, 882, 113, 137
head24, 883, 110, 125
head24, 884, 111, 133
head24, 885, 116, 129
head24, 886, 117, 129
head24, 887, 114, 125
head24, 888, 115, 125
head24, 889, 112, 129
head24, 890, 113, 129
head24, 891, 110, 125
head24, 892, 111, 125
head24, 893, 116, 121
head24, 894, 109, 129
head24, 895, 114, 125
head24, 896, 115, 125
head24, 897, 112, 121
head24, 898, 113, 121
head24, 899, 118, 125
head24, 900, 119, 125
head24, 901, 116, 129
head24, 902, 117, 129
head24, 903, 122, 125
head24, 904, 123, 133
head24, 905, 128, 129
head24, 906, 129, 129
head24, 907, 126, 133
head24, 908, 127, 133
head24, 909, 132, 137
head24, 910, 133, 137
head24, 911, 138, 141
head24, 912, 139, 141
head24, 913, 136, 137
head24, 914, 137, 137
head24, 915, 142, 141
head24, 916, 143, 141
head24, 917, 140, 145
head24, 918, 141, 145
head24, 919, 146, 141
head24, 920, 147, 141
head24, 921, 144, 145
head24, 922, 145, 145
head24, 923, 150, 149
head24, 924, 151, 149
head24, 925, 148, 145
head24, 926, 149, 145
head24, 927, 146, 149
head24, 928, 147, 149
head24, 929, 152, 145
head24, 930, 153, 145
head24, 931, 150, 149
head24, 932, 151, 149
head24, 933, 148, 145
head24, 934, 149, 145
head24, 935, 146, 141
head24, 936, 147, 141
head24, 937, 152, 137
head24, 938, 134, 193
head24, 939, 120, 245
head25, 943, 271, 221
head25, 945, 272, 220
head25, 946, 272, 219
head25, 947, 273, 218
head25, 948, 270, 221
head25, 949, 271, 220
head25, 950, 268, 215
head25, 951, 269, 214
head25, 952, 274, 217
head25, 953, 275, 216
head25, 954, 272, 211
head25, 955, 273, 210
head25, 956, 270, 213
head25, 957, 271, 212
head25, 958, 276, 207
head25, 959, 277, 206
head25, 960, 274, 209
head25, 961, 275, 208
head25, 962, 272, 203
head25, 963, 273, 202
head25, 964, 278, 205
head25, 965, 271, 204
head25, 966, 276, 199
head25, 967, 277, 206
head25, 968, 274, 201
head25, 969, 275, 200
head25, 970, 272, 195
head25, 971, 273, 202
head25, 972, 278, 197
head25, 973, 271, 196
head25, 974, 276, 199
head25, 975, 277, 198
head25, 976, 274, 193
head25, 977, 275, 200
head25, 978, 272, 195
head25, 979, 273, 194
head25, 980, 270, 197
head25, 981, 271, 196
head25, 982, 268, 191
head25, 983, 269, 190
head25, 984, 266, 193
head25, 985, 267, 192
head25, 986, 272, 195
head25, 987, 265, 194
head25, 988, 262, 189
head25, 989, 263, 188
head25, 990, 260, 191
head25, 991, 261, 190
head25, 992, 258, 185
head25, 993, 259, 192
head25, 994, 256, 187
head25, 995, 257, 186
head25, 996, 254, 189
head25, 997, 255, 188
head25, 998, 260, 191
head25, 999, 259, 191
head25, 1000, 254, 187
head25, 1001, 253, 187
head25, 1002, 232, 207
head25, 1003, 191, 239
head26, 895, 198, 202
head26, 896, 198, 202
head26, 897, 202, 222
head26, 898, 202, 222
head26, 899, 196, 201
head26, 900, 196, 200
head26, 901, 195, 200
head26, 902, 194, 200
head26, 903, 189, 188
head26, 904, 188, 188
head26, 905, 191, 192
head26, 906, 198, 216
head26, 907, 201, 220
head26, 908, 200, 220
head26, 909, 195, 216
head26, 910, 194, 216
head26, 911, 197, 220
head26, 912, 196, 212
head26, 913, 215, 200
head26, 914, 214, 200
head26, 915, 193, 212
head26, 916, 192, 212
head26, 917, 211, 200
head26, 918, 210, 200
head26, 919, 189, 212
head26, 920, 188, 212
head26, 921, 183, 208
head26, 922, 182, 208
head26, 923, 185, 212
head26, 924, 184, 204
head26, 925, 179, 208
head26, 926, 186, 208
head26, 927, 181, 204
head26, 928, 180, 204
head26, 929, 183, 208
head26, 930, 182, 208
head26, 931, 177, 204
head26, 932, 184, 204
head26, 933, 179, 200
head26, 934, 178, 200
head26, 935, 181, 204
head26, 936, 180, 196
head26, 937, 175, 200
head26, 938, 174, 200
head26, 939, 177, 196
head26, 940, 176, 196
head26, 941, 171, 200
head26, 942, 178, 200
head26, 943, 173, 196
head26, 944, 172, 196
head26, 945, 167, 192
head26, 946, 166, 192
head26, 947, 169, 196
head26, 948, 168, 188
head26, 949, 171, 192
head26, 950, 189, 175
head26, 951, 189, 174
head26, 952, 188, 173
head26, 953, 188, 172
head26, 954, 187, 171
head26, 955, 186, 170
head26, 956, 185, 169
head26, 957, 184, 168
head26, 958, 182, 166
head26, 959, 181, 165
head26, 960, 200, 168
head26, 961, 177, 162
head26, 962, 176, 160
head26, 963, 171, 178
head26, 964, 178, 184
head26, 965, 173, 178
head26, 966, 172, 176
head26, 967, 175, 178
head26, 968, 182, 176
head26, 969, 177, 170
head26, 970, 184, 176
head26, 971, 179, 170
head26, 972, 186, 176
head26, 973, 181, 170
head26, 974, 188, 168
head26, 975, 183, 170
head26, 976, 190, 168
head26, 977, 185, 170
head26, 978, 192, 168
head26, 979, 187, 170
head26, 980, 194, 168
head26, 981, 189, 170
head26, 982, 164, 160
head26, 983, 159, 162
head26, 984, 166, 160
head26, 985, 193, 162
head26, 986, 200, 160
head26, 987, 195, 162
head26, 988, 194, 160
head26, 989, 197, 154
head26, 990, 196, 128
head26, 991, 191, 98
head26, 992, 198, 72
head26, 993, 193, 68
head26, 994, 187, 132
head26, 995, 169, 192
head26, 1000, 155, 232
head26, 1001, 121, 252
head26, 1002, 99, 260
head26, 1003, 81, 256
head26, 1004, 59, 262
head27, 906, 174, 113
head27, 907, 174, 113
head27, 908, 170, 117
head27, 909, 170, 117
head27, 910, 174, 121
head27, 911, 174, 121
head27, 912, 154, 101
head27, 913, 154, 101
head27, 914, 142, 81
head27, 915, 142, 65
head27, 916, 146, 69
head27, 917, 146, 69
head27, 918, 142, 65
head27, 919, 142, 65
head27, 920, 146, 69
head27, 921, 146, 61
head27, 922, 142, 65
head27, 923, 142, 65
head27, 924, 146, 61
head27, 925, 146, 61
head27, 926, 166, 65
head27, 927, 166, 65
head27, 928, 146, 85
head27, 929, 146, 85
head27, 930, 166, 65
head27, 931, 166, 68
head27, 932, 186, 91
head27, 933, 186, 94
head27, 934, 190, 93
head27, 935, 190, 96
head27, 936, 186, 95
head27, 937, 186, 90
head27, 938, 190, 89
head27, 939, 190, 92
head27, 940, 186, 91
head27, 941, 186, 94
head27, 942, 190, 85
head27, 943, 190, 88
head27, 944, 186, 87
head27, 945, 186, 90
head27, 946, 190, 97
head27, 947, 214, 124
head27, 948, 218, 131
head27, 949, 218, 126
head27, 950, 214, 125
head27, 951, 214, 128
head27, 952, 218, 127
head27, 953, 210, 122
head27, 954, 214, 121
head27, 955, 214, 124
head27, 956, 210, 123
head27, 957, 210, 118
head27, 958, 206, 117
head27, 959, 206, 120
head27, 960, 202, 119
head27, 961, 202, 114
head27, 962, 198, 121
head27, 963, 198, 116
head27, 964, 194, 115
head27, 965, 194, 118
head27, 966, 190, 117
head27, 967, 190, 112
head27, 968, 186, 103
head27, 969, 186, 106
head27, 970, 182, 97
head27, 971, 182, 100
head27, 972, 186, 99
head27, 973, 186, 102
head27, 974, 182, 101
head27, 975, 182, 96
head27, 976, 178, 103
head27, 977, 178, 90
head27, 978, 182, 97
head27, 979, 182, 92
head27, 980, 186, 91
head27, 981, 186, 94
head27, 982, 182, 93
head27, 983, 190, 112
head27, 984, 186, 111
head27, 985, 162, 122
head27, 986, 158, 121
head27, 987, 158, 124
head27, 988, 162, 123
head27, 989, 162, 126
head27, 990, 158, 125
head27, 991, 166, 120
head27, 992, 162, 119
head27, 993, 162, 122
head27, 994, 166, 121
head27, 995, 166, 116
head27, 996, 162, 123
head27, 997, 162, 118
head27, 998, 166, 117
head27, 999, 182, 96
head27, 1000, 178, 95
head27, 1001, 162, 68
head27, 1002, 150, 60
head27, 1004, 142, 64
head27, 1006, 154, 80
head27, 1007, 162, 108
head27, 1008, 190, 148
head27, 1009, 230, 208
head28, 1031, 155, 176
head28, 1032, 155, 176
head28, 1033, 151, 180
head28, 1034, 155, 175
head28, 1035, 155, 174
head28, 1036, 151, 177
head28, 1037, 151, 176
head28, 1038, 155, 170
head28, 1039, 155, 169
head28, 1040, 155, 167
head28, 1041, 154, 166
head28, 1042, 154, 165
head28, 1043, 154, 164
head28, 1044, 154, 163
head28, 1045, 150, 166
head28, 1046, 150, 165
head28, 1047, 154, 160
head28, 1048, 154, 159
head28, 1049, 155, 157
head28, 1050, 155, 156
head28, 1051, 155, 155
head28, 1052, 156, 154
head28, 1053, 153, 149
head28, 1054, 154, 148
head28, 1055, 158, 151
head28, 1056, 159, 149
head28, 1057, 156, 143
head28, 1058, 161, 147
head28, 1059, 162, 146
head28, 1060, 163, 145
head28, 1061, 165, 144
head28, 1062, 163, 139
head28, 1063, 167, 142
head28, 1064, 167, 149
head28, 1065, 147, 136
head28, 1066, 170, 140
head28, 1067, 171, 139
head28, 1068, 192, 134
head28, 1069, 193, 133
head28, 1070, 190, 136
head28, 1071, 191, 135
head28, 1072, 172, 122
head28, 1073, 173, 121
head28, 1074, 194, 132
head28, 1075, 195, 131
head28, 1076, 192, 126
head28, 1077, 169, 117
head28, 1078, 134, 128
head28, 1080, 119, 151
head28, 1081, 108, 178
head28, 1082, 109, 185
head28, 1083, 106, 180
head28, 1084, 123, 155
head28, 1085, 172, 120
head28, 1086, 201, 73
head29, 1009, 190, 145
head29, 1011, 189, 144
head29, 1012, 184, 139
head29, 1013, 183, 138
head29, 1014, 186, 141
head29, 1015, 185, 140
head29, 1016, 186, 139
head29, 1017, 183, 134
head29, 1018, 184, 133
head29, 1019, 181, 136
head29, 1020, 182, 135
head29, 1021, 187, 130
head29, 1022, 180, 137
head29, 1023, 185, 132
head29, 1024, 186, 131
head29, 1025, 183, 126
head29, 1026, 184, 125
head29, 1027, 181, 120
head29, 1028, 182, 127
head29, 1029, 187, 122
head29, 1030, 188, 121
head29, 1031, 185, 124
head29, 1032, 186, 123
head29, 1033, 191, 118
head29, 1034, 184, 117
head29, 1035, 189, 112
head29, 1036, 190, 111
head29, 1037, 187, 106
head29, 1038, 188, 105
head29, 1039, 193, 108
head29, 1040, 194, 107
head29, 1041, 191, 102
head29, 1042, 192, 101
head29, 1043, 197, 104
head29, 1044, 190, 103
head29, 1045, 195, 98
head29, 1046, 196, 97
head29, 1047, 193, 100
head29, 1048, 194, 99
head29, 1049, 191, 94
head29, 1050, 192, 93
head29, 1051, 189, 96
head29, 1052, 190, 95
head29, 1053, 195, 90
head29, 1054, 196, 89
head29, 1055, 193, 92
head29, 1056, 194, 91
head29, 1057, 191, 94
head29, 1058, 192, 93
head29, 1059, 189, 88
head29, 1060, 182, 87
head29, 1061, 179, 90
head29, 1062, 180, 89
head29, 1063, 177, 84
head29, 1064, 178, 83
head29, 1065, 175, 86
head29, 1066, 176, 85
head29, 1067, 173, 80
head29, 1068, 174, 79
head29, 1069, 171, 82
head29, 1070, 172, 73
head29, 1071, 169, 76
head29, 1072, 170, 75
head29, 1073, 167, 78
head29, 1074, 168, 77
head29, 1075, 165, 72
head29, 1076, 166, 71
head29, 1077, 163, 74
head29, 1078, 164, 73
head29, 1079, 169, 68
head29, 1080, 170, 67
head29, 1081, 167, 70
head29, 1082, 168, 69
head29, 1083, 173, 64
head29, 1084, 174, 63
head29, 1085, 171, 66
head29, 1086, 172, 65
head29, 1087, 169, 68
head29, 1088, 178, 59
head29, 1089, 175, 70
head29, 1090, 168, 101
head29, 1091, 173, 152
head29, 1092, 182, 207
head30, 877, 75, 214
head30, 878, 75, 214
head30, 879, 76, 214
head30, 880, 77, 214
head30, 881, 82, 210
head30, 882, 83, 218
head30, 883, 80, 215
head30, 884, 81, 216
head30, 885, 86, 213
head30, 886, 87, 214
head30, 887, 84, 211
head30, 888, 85, 212
head30, 889, 90, 209
head30, 890, 91, 210
head30, 891, 88, 207
head30, 892, 89, 208
head30, 893, 94, 205
head30, 894, 87, 206
head30, 895, 92, 203
head30, 896, 85, 204
head30, 897, 88, 208
head30, 898, 88, 207
head30, 899, 92, 202
head30, 900, 84, 201
head30, 901, 88, 196
head30, 902, 88, 195
head30, 903, 84, 198
head30, 904, 84, 197
head30, 905, 88, 192
head30, 906, 88, 191
head30, 907, 84, 194
head30, 908, 84, 193
head30, 909, 88, 188
head30, 910, 88, 187
head30, 911, 84, 190
head30, 912, 84, 189
head30, 913, 88, 192
head30, 914, 88, 191
head30, 915, 84, 186
head30, 916, 84, 185
head30, 917, 88, 188
head30, 918, 88, 187
head30, 919, 84, 182
head30, 920, 84, 181
head30, 921, 80, 184
head30, 922, 80, 183
head30, 923, 84, 186
head30, 924, 84, 185
head30, 925, 80, 180
head30, 926, 80, 179
head30, 927, 84, 182
head30, 928, 84, 181
head30, 929, 80, 176
head30, 930, 80, 175
head30, 931, 84, 178
head30, 932, 84, 177
head30, 933, 88, 180
head30, 934, 88, 179
head30, 935, 84, 174
head30, 936, 84, 181
head30, 937, 88, 176
head30, 938, 88, 183
head30, 939, 84, 178
head30, 940, 84, 177
head30, 941, 88, 180
head30, 942, 90, 188
head30, 943, 88, 176
head30, 944, 91, 189
head30, 945, 90, 182
head30, 946, 93, 179
head30, 947, 92, 180
head30, 948, 95, 177
head30, 949, 94, 178
head30, 950, 97, 183
head30, 951, 96, 176
head30, 952, 99, 181
head30, 953, 98, 182
head30, 954, 101, 179
head30, 955, 100, 180
head30, 956, 103, 177
head30, 957, 102, 178
head30, 958, 105, 175
head30, 959, 104, 176
head30, 960, 107, 173
head30, 961, 106, 174
head30, 962, 101, 179
head30, 963, 100, 180
head30, 964, 103, 177
head30, 965, 102, 178
head30, 966, 97, 185
head30, 967, 96, 184
head30, 968, 107, 179
head30, 969, 106, 178
head30, 970, 101, 173
head30, 971, 100, 172
head30, 972, 103, 175
head30, 973, 102, 174
head30, 974, 97, 169
head30, 975, 96, 168
head30, 976, 99, 171
head30, 977, 98, 162
head30, 978, 101, 165
head30, 979, 100, 164
head30, 980, 95, 159
head30, 981, 94, 158
head30, 982, 97, 161
head30, 983, 96, 152
head30, 984, 99, 155
head30, 985, 98, 154
head30, 986, 93, 149
head30, 987, 92, 148
head30, 988, 95, 151
head30, 989, 94, 150
head30, 990, 97, 153
head30, 991, 96, 152
head30, 992, 99, 147
head30, 993, 98, 154
head30, 994, 101, 149
head30, 995, 100, 156
head30, 996, 103, 151
head30, 997, 102, 158
head30, 998, 97, 153
head30, 999, 104, 160
head30, 1000, 99, 155
head30, 1001, 106, 162
head30, 1002, 101, 157
head30, 1003, 108, 164
head30, 1004, 103, 159
head30, 1005, 102, 158
head30, 1006, 105, 161
head30, 1007, 104, 160
head30, 1008, 107, 163
head30, 1009, 106, 162
head30, 1010, 109, 165
head30, 1011, 108, 164
head30, 1012, 103, 159
head30, 1013, 102, 158
head30, 1014, 105, 161
head30, 1015, 104, 152
head30, 1016, 107, 155
head30, 1017, 106, 154
head30, 1018, 109, 157
head30, 1019, 108, 156
head30, 1020, 103, 151
head30, 1021, 102, 150
head30, 1022, 97, 163
head30, 1023, 96, 164
head30, 1024, 107, 145
head30, 1025, 106, 146
head30, 1026, 101, 143
head30, 1027, 100, 144
head30, 1028, 103, 141
head30, 1029, 102, 142
head30, 1030, 105, 139
head30, 1031, 104, 140
head30, 1032, 99, 137
head30, 1033, 98, 138
head30, 1034, 101, 135
head30, 1035, 100, 136
head30, 1036, 103, 133
head30, 1037, 102, 134
head30, 1038, 105, 131
head30, 1039, 104, 132
head30, 1040, 107, 129
head30, 1041, 106, 130
head30, 1042, 101, 135
head30, 1043, 108, 128
head30, 1044, 103, 133
head30, 1045, 110, 126
head30, 1046, 105, 131
head30, 1047, 104, 124
head30, 1048, 107, 129
head30, 1049, 106, 130
head30, 1050, 109, 127
head30, 1051, 108, 128
head30, 1052, 111, 125
head30, 1053, 110, 126
head30, 1054, 113, 123
head30, 1055, 112, 124
head30, 1056, 107, 129
head30, 1057, 114, 122
head30, 1058, 109, 127
head30, 1059, 108, 128
head30, 1060, 111, 133
head30, 1061, 118, 126
head30, 1062, 113, 131
head30, 1063, 112, 132
head30, 1064, 115, 129
head30, 1065, 122, 130
head30, 1066, 117, 135
head30, 1067, 116, 136
head30, 1068, 119, 133
head30, 1069, 113, 152
head30, 1070, 103, 183
head30, 1071, 105, 210
head30, 1072, 115, 152
head30, 1073, 115, 152
head30, 1074, 127, 132
head30, 1075, 127, 132
head30, 1076, 131, 136
head30, 1077, 118, 152
head30, 1078, 125, 156
head30, 1079, 128, 140
head30, 1080, 127, 136
head30, 1081, 130, 128
head30, 1082, 129, 132
head30, 1083, 124, 156
head30, 1084, 123, 160
head30, 1085, 126, 152
head30, 1086, 125, 156
head30, 1087, 128, 156
head30, 1088, 127, 152
head30, 1089, 130, 152
head30, 1090, 129, 132
head30, 1091, 132, 116
head30, 1092, 131, 120
head30, 1093, 126, 120
head30, 1094, 125, 116
head30, 1095, 128, 116
head30, 1096, 127, 112
head30, 1097, 130, 112
head30, 1098, 129, 116
head30, 1099, 132, 108
head30, 1100, 131, 112
head30, 1101, 134, 112
head30, 1102, 133, 108
head30, 1103, 136, 108
head30, 1104, 135, 112
head30, 1105, 130, 112
head30, 1106, 137, 108
head30, 1107, 132, 108
head30, 1108, 139, 104
head30, 1109, 129, 145
head30, 1110, 115, 182
head30, 1111, 105, 239
head31, 1098, 176, 143
head31, 1099, 176, 143
head31, 1100, 164, 123
head31, 1101, 132, 107
head31, 1105, 180, 137
head31, 1106, 216, 187
head31, 1107, 181, 136
head31, 1108, 134, 105
head31, 1109, 181, 134
head31, 1110, 181, 133
head31, 1111, 185, 136
head31, 1112, 209, 151
head31, 1113, 213, 146
head31, 1114, 213, 153
head31, 1115, 209, 148
head31, 1116, 209, 147
head31, 1117, 205, 150
head31, 1118, 205, 149
head31, 1119, 209, 152
head31, 1120, 201, 175
head31, 1121, 205, 178
head31, 1122, 197, 177
head31, 1123, 201, 180
head31, 1124, 201, 179
head31, 1125, 213, 158
head31, 1126, 213, 157
head31, 1127, 201, 176
head31, 1128, 201, 183
head31, 1129, 197, 178
head31, 1130, 197, 177
head31, 1131, 201, 180
head31, 1132, 201, 179
head31, 1133, 205, 182
head31, 1134, 197, 173
head31, 1135, 201, 184
head31, 1136, 201, 183
head31, 1137, 205, 186
head31, 1138, 197, 185
head31, 1139, 201, 180
head31, 1140, 201, 179
head31, 1141, 197, 182
head31, 1142, 183, 106
head31, 1143, 149, 68
head32, 1079, 222, 196
head32, 1080, 222, 196
head32, 1081, 218, 192
head32, 1082, 226, 192
head32, 1083, 225, 195
head32, 1084, 228, 194
head32, 1085, 227, 194
head32, 1086, 230, 190
head32, 1087, 229, 194
head32, 1088, 224, 186
head32, 1089, 231, 190
head32, 1090, 226, 190
head32, 1091, 225, 186
head32, 1092, 228, 186
head32, 1093, 227, 190
head32, 1094, 230, 190
head32, 1095, 229, 192
head32, 1096, 224, 190
head32, 1097, 227, 191
head32, 1098, 226, 188
head32, 1099, 221, 189
head32, 1100, 223, 190
head32, 1101, 222, 190
head32, 1102, 220, 190
head32, 1103, 219, 190
head32, 1104, 218, 189
head32, 1105, 217, 189
head32, 1106, 212, 185
head32, 1107, 211, 185
head32, 1108, 213, 188
head32, 1109, 211, 187
head32, 1110, 213, 182
head32, 1111, 211, 181
head32, 1112, 205, 184
head32, 1113, 203, 191
head32, 1114, 205, 186
head32, 1115, 203, 185
head32, 1116, 205, 180
head32, 1117, 203, 187
head32, 1118, 205, 182
head32, 1119, 203, 181
head32, 1120, 205, 184
head32, 1121, 203, 183
head32, 1122, 197, 178
head32, 1123, 203, 185
head32, 1124, 205, 180
head32, 1125, 203, 179
head32, 1126, 213, 158
head32, 1127, 211, 157
head32, 1128, 205, 144
head32, 1129, 203, 143
head32, 1130, 205, 146
head32, 1131, 211, 153
head32, 1132, 205, 140
head32, 1133, 203, 139
head32, 1134, 205, 142
head32, 1135, 203, 141
head32, 1136, 204, 184
head32, 1138, 201, 231
head32, 1139, 203, 184
head32, 1140, 209, 133
head32, 1141, 203, 184
head32, 1142, 177, 231
head32, 1145, 155, 258
head33, 1137, 211, 138
head33, 1139, 211, 137
head33, 1140, 211, 136
head33, 1141, 207, 131
head33, 1142, 207, 130
head33, 1143, 211, 141
head33, 1144, 211, 132
head33, 1145, 207, 127
head33, 1146, 207, 126
head33, 1147, 211, 145
head33, 1148, 203, 184
head33, 1149, 175, 227
head33, 1150, 151, 250
head33, 1151, 155, 253
head33, 1152, 155, 244
head33, 1153, 151, 247
head33, 1154, 151, 246
head33, 1155, 155, 249
head33, 1156, 155, 248
head33, 1157, 151, 243
head33, 1158, 209, 124
head33, 1159, 208, 123
head33, 1160, 203, 134
head33, 1161, 206, 122
head33, 1162, 197, 122
head33, 1163, 200, 134
head33, 1164, 199, 134
head33, 1165, 201, 121
head33, 1166, 191, 120
head33, 1167, 193, 115
head33, 1168, 191, 122
head33, 1169, 193, 133
head33, 1170, 215, 156
head33, 1175, 225, 199
head33, 1176, 239, 238
head34, 1116, 146, 110
head34, 1117, 146, 110
head34, 1118, 150, 106
head34, 1119, 150, 106
head34, 1120, 146, 102
head34, 1121, 146, 102
head34, 1122, 150, 106
head34, 1123, 150, 106
head34, 1124, 146, 102
head34, 1125, 154, 102
head34, 1126, 150, 106
head34, 1127, 150, 106
head34, 1128, 146, 102
head34, 1129, 146, 78
head34, 1130, 142, 66
head34, 1131, 142, 74
head34, 1132, 146, 78
head34, 1133, 145, 98
head34, 1134, 148, 122
head34, 1135, 147, 126
head34, 1136, 150, 118
head34, 1137, 149, 114
head34, 1138, 144, 106
head34, 1139, 143, 102
head34, 1140, 138, 102
head34, 1141, 145, 106
head34, 1142, 140, 98
head34, 1143, 139, 102
head34, 1144, 142, 102
head34, 1145, 141, 98
head34, 1146, 144, 98
head34, 1147, 143, 94
head34, 1148, 138, 94
head34, 1149, 145, 98
head34, 1150, 140, 90
head34, 1151, 139, 94
head34, 1152, 142, 94
head34, 1153, 141, 90
head34, 1154, 144, 90
head34, 1155, 143, 86
head34, 1156, 138, 86
head34, 1157, 145, 90
head34, 1158, 148, 90
head34, 1159, 147, 86
head34, 1160, 142, 86
head34, 1161, 141, 82
head34, 1162, 144, 82
head34, 1163, 143, 86
head34, 1164, 146, 86
head34, 1165, 145, 82
head34, 1166, 148, 82
head34, 1167, 147, 78
head34, 1168, 150, 78
head34, 1169, 149, 74
head34, 1170, 144, 74
head34, 1171, 151, 78
head34, 1172, 146, 70
head34, 1173, 145, 74
head34, 1174, 148, 74
head34, 1175, 147, 70
head34, 1176, 150, 70
head34, 1177, 149, 74
head34, 1178, 144, 66
head34, 1179, 151, 70
head34, 1180, 146, 70
head34, 1181, 145, 66
head34, 1182, 148, 66
head34, 1183, 147, 86
head34, 1184, 150, 86
head34, 1185, 149, 82
head34, 1186, 152, 82
head34, 1187, 151, 78
head34, 1188, 146, 78
head34, 1189, 145, 74
head34, 1190, 148, 74
head34, 1191, 147, 70
head34, 1192, 150, 70
head34, 1193, 149, 74
head34, 1194, 152, 74
head34, 1195, 151, 70
head34, 1196, 146, 70
head34, 1197, 145, 66
head34, 1198, 148, 66
head34, 1199, 147, 70
head34, 1200, 150, 70
head34, 1201, 149, 66
head34, 1202, 144, 66
head34, 1203, 143, 70
head34, 1204, 154, 94
head34, 1205, 177, 122
head34, 1206, 196, 154
head34, 1207, 211, 206
head35, 1108, 67, 195
head35, 1109, 67, 195
head35, 1110, 71, 191
head35, 1111, 71, 191
head35, 1112, 67, 187
head35, 1113, 67, 187
head35, 1114, 71, 191
head35, 1115, 71, 191
head35, 1116, 75, 195
head35, 1117, 75, 195
head35, 1118, 79, 191
head35, 1119, 79, 191
head35, 1120, 83, 195
head35, 1121, 83, 195
head35, 1122, 87, 191
head35, 1123, 87, 199
head35, 1124, 83, 195
head35, 1125, 83, 195
head35, 1126, 95, 199
head35, 1127, 95, 199
head35, 1128, 91, 195
head35, 1129, 91, 195
head35, 1130, 95, 191
head35, 1131, 95, 191
head35, 1132, 99, 195
head35, 1133, 99, 195
head35, 1134, 91, 201
head35, 1135, 91, 200
head35, 1136, 92, 200
head35, 1137, 97, 188
head35, 1138, 98, 188
head35, 1139, 95, 192
head35, 1140, 96, 192
head35, 1141, 93, 188
head35, 1142, 102, 188
head35, 1143, 91, 192
head35, 1144, 92, 192
head35, 1145, 97, 188
head35, 1146, 98, 188
head35, 1147, 95, 184
head35, 1148, 104, 184
head35, 1149, 101, 188
head35, 1150, 94, 188
head35, 1151, 99, 192
head35, 1152, 100, 192
head35, 1153, 105, 188
head35, 1154, 98, 188
head35, 1155, 103, 184
head35, 1156, 104, 184
head35, 1157, 101, 188
head35, 1158, 102, 188
head35, 1159, 107, 184
head35, 1160, 100, 184
head35, 1161, 105, 188
head35, 1162, 106, 188
head35, 1163, 103, 184
head35, 1164, 104, 184
head35, 1165, 101, 180
head35, 1166, 102, 180
head35, 1167, 107, 184
head35, 1168, 108, 184
head35, 1169, 105, 180
head35, 1170, 106, 180
head35, 1171, 103, 176
head35, 1172, 104, 184
head35, 1173, 109, 180
head35, 1174, 110, 180
head35, 1175, 107, 176
head35, 1176, 108, 176
head35, 1177, 105, 180
head35, 1178, 106, 180
head35, 1179, 103, 176
head35, 1180, 104, 176
head35, 1181, 109, 180
head35, 1182, 110, 180
head35, 1183, 107, 176
head35, 1184, 108, 176
head35, 1185, 113, 172
head35, 1186, 106, 180
head35, 1187, 111, 176
head35, 1188, 112, 176
head35, 1189, 109, 172
head35, 1190, 110, 172
head35, 1191, 115, 176
head35, 1192, 116, 176
head35, 1193, 113, 180
head35, 1194, 114, 180
head35, 1195, 119, 176
head35, 1196, 120, 176
head35, 1197, 117, 180
head35, 1198, 118, 180
head35, 1199, 123, 176
head35, 1200, 124, 176
head35, 1201, 121, 180
head35, 1202, 122, 180
head35, 1203, 119, 176
head35, 1204, 120, 176
head35, 1205, 125, 180
head35, 1206, 126, 180
head35, 1207, 115, 200
head35, 1208, 116, 200
head35, 1209, 129, 180
head35, 1210, 122, 148
head36, 1129, 153, 133
head36, 1130, 153, 133
head36, 1131, 153, 132
head36, 1132, 153, 130
head36, 1133, 149, 124
head36, 1134, 152, 126
head36, 1135, 152, 124
head36, 1136, 148, 110
head36, 1137, 148, 84
head36, 1138, 144, 70
head36, 1139, 144, 76
head36, 1140, 140, 102
head36, 1141, 148, 124
head36, 1142, 152, 126
head36, 1143, 144, 108
head36, 1144, 140, 94
head36, 1145, 140, 100
head36, 1146, 144, 102
head36, 1147, 144, 100
head36, 1148, 140, 94
head36, 1149, 140, 92
head36, 1150, 144, 94
head36, 1151, 144, 92
head36, 1152, 148, 110
head36, 1153, 148, 108
head36, 1154, 144, 110
head36, 1155, 144, 92
head36, 1156, 140, 86
head36, 1157, 140, 84
head36, 1158, 144, 86
head36, 1159, 144, 84
head36, 1160, 140, 86
head36, 1161, 148, 84
head36, 1162, 144, 86
head36, 1163, 144, 84
head36, 1164, 148, 86
head36, 1165, 148, 84
head36, 1166, 144, 78
head36, 1167, 144, 76
head36, 1168, 148, 78
head36, 1169, 148, 76
head36, 1170, 152, 78
head36, 1171, 152, 76
head36, 1172, 148, 70
head36, 1173, 148, 76
head36, 1174, 144, 70
head36, 1175, 144, 68
head36, 1176, 148, 70
head36, 1177, 148, 68
head36, 1178, 152, 70
head36, 1179, 144, 68
head36, 1180, 148, 70
head36, 1181, 148, 68
head36, 1182, 144, 62
head36, 1183, 144, 68
head36, 1184, 148, 86
head36, 1185, 148, 84
head36, 1186, 144, 62
head36, 1187, 144, 60
head36, 1188, 148, 78
head36, 1189, 148, 76
head36, 1190, 152, 78
head36, 1191, 152, 76
head36, 1192, 148, 70
head36, 1193, 148, 68
head36, 1194, 152, 70
head36, 1195, 152, 68
head36, 1196, 148, 70
head36, 1197, 148, 68
head36, 1198, 152, 70
head36, 1199, 152, 68
head36, 1200, 148, 70
head36, 1201, 148, 68
head36, 1202, 144, 70
head36, 1203, 152, 92
head36, 1204, 180, 126
head36, 1205, 196, 156
head36, 1206, 216, 206
head36, 1211, 216, 252
head37, 1155, 209, 173
head37, 1156, 209, 173
head37, 1157, 209, 172
head37, 1158, 210, 171
head37, 1159, 211, 170
head37, 1160, 212, 169
head37, 1161, 209, 164
head37, 1162, 215, 166
head37, 1163, 216, 165
head37, 1164, 216, 164
head37, 1165, 212, 159
head37, 1166, 218, 161
head37, 1167, 212, 159
head37, 1168, 210, 153
head37, 1169, 218, 158
head37, 1170, 218, 157
head37, 1171, 217, 156
head37, 1172, 217, 155
head37, 1173, 216, 154
head37, 1174, 215, 154
head37, 1175, 214, 153
head37, 1176, 212, 152
head37, 1177, 211, 151
head37, 1178, 209, 151
head37, 1179, 207, 150
head37, 1180, 205, 149
head37, 1181, 203, 148
head37, 1182, 201, 147
head37, 1183, 199, 147
head37, 1184, 197, 146
head37, 1185, 195, 145
head37, 1186, 193, 144
head37, 1187, 192, 144
head37, 1188, 179, 132
head37, 1189, 189, 143
head37, 1190, 179, 134
head37, 1191, 187, 143
head37, 1192, 175, 132
head37, 1193, 186, 142
head37, 1194, 177, 132
head37, 1195, 180, 134
head37, 1196, 179, 140
head37, 1197, 174, 134
head37, 1198, 185, 139
head37, 1199, 176, 132
head37, 1200, 179, 129
head37, 1201, 178, 130
head37, 1202, 181, 127
head37, 1203, 180, 128
head37, 1204, 186, 133
head37, 1205, 186, 131
head37, 1206, 182, 117
head37, 1207, 174, 115
head37, 1208, 178, 117
head37, 1209, 178, 115
head37, 1210, 188, 124
head37, 1211, 188, 123
head37, 1212, 184, 110
head37, 1213, 184, 109
head37, 1214, 180, 112
head37, 1215, 180, 111
head37, 1216, 189, 118
head37, 1217, 189, 117
head37, 1218, 189, 116
head37, 1219, 189, 115
head37, 1220, 188, 114
head37, 1221, 188, 113
head37, 1222, 188, 112
head37, 1223, 187, 111
head37, 1224, 186, 110
head37, 1225, 185, 109
head37, 1226, 184, 108
head37, 1227, 183, 107
head37, 1228, 170, 94
head37, 1229, 180, 105
head37, 1230, 178, 104
head37, 1231, 164, 91
head37, 1232, 176, 102
head37, 1233, 168, 93
head37, 1234, 164, 96
head37, 1235, 174, 99
head37, 1236, 164, 98
head37, 1237, 158, 93
head37, 1238, 156, 92
head37, 1239, 150, 87
head37, 1240, 156, 86
head37, 1241, 150, 89
head37, 1242, 148, 88
head37, 1243, 150, 83
head37, 1244, 148, 82
head37, 1245, 150, 85
head37, 1246, 148, 84
head37, 1247, 150, 87
head37, 1248, 148, 86
head37, 1249, 150, 81
head37, 1250, 148, 80
head37, 1251, 150, 83
head37, 1252, 148, 74
head37, 1253, 150, 77
head37, 1254, 167, 86
head37, 1255, 164, 115
head37, 1256, 181, 140
head37, 1257, 202, 185
head37, 1258, 227, 218
head37, 1260, 170, 80
head38, 1234, 181, 204
head38, 1236, 182, 204
head38, 1237, 187, 184
head38, 1238, 184, 203
head38, 1239, 186, 203
head38, 1240, 187, 203
head38, 1241, 192, 183
head38, 1242, 189, 203
head38, 1243, 190, 203
head38, 1244, 195, 183
head38, 1245, 196, 183
head38, 1246, 193, 195
head38, 1247, 170, 187
head38, 1248, 143, 167
head38, 1249, 136, 127
head38, 1250, 149, 83
head38, 1252, 150, 68
head38, 1253, 155, 73
head38, 1254, 156, 74
head38, 1255, 153, 71
head38, 1256, 154, 72
head38, 1257, 151, 77
head38, 1258, 152, 70
head38, 1259, 157, 75
head38, 1260, 158, 68
head38, 1261, 155, 65
head38, 1262, 156, 66
head38, 1263, 153, 71
head38, 1264, 154, 64
head38, 1265, 159, 69
head38, 1266, 152, 62
head38, 1267, 157, 67
head38, 1268, 150, 84
head38, 1269, 139, 121
head38, 1270, 148, 154
head38, 1272, 169, 191
head39, 1207, 195, 158
head39, 1208, 195, 158
head39, 1209, 191, 154
head39, 1210, 175, 146
head39, 1211, 179, 118
head39, 1212, 179, 110
head39, 1213, 183, 114
head39, 1214, 183, 114
head39, 1215, 179, 110
head39, 1216, 179, 110
head39, 1217, 183, 106
head39, 1218, 183, 106
head39, 1219, 187, 110
head39, 1220, 187, 110
head39, 1221, 183, 106
head39, 1222, 183, 106
head39, 1223, 179, 102
head39, 1224, 179, 102
head39, 1225, 183, 106
head39, 1226, 175, 98
head39, 1227, 179, 102
head39, 1228, 171, 94
head39, 1229, 167, 98
head39, 1230, 167, 98
head39, 1231, 163, 94
head39, 1232, 163, 94
head39, 1233, 159, 90
head39, 1234, 159, 90
head39, 1235, 163, 94
head39, 1236, 155, 94
head39, 1237, 151, 82
head39, 1238, 151, 90
head39, 1239, 155, 86
head39, 1240, 155, 86
head39, 1241, 151, 90
head39, 1242, 151, 90
head39, 1243, 147, 86
head39, 1244, 147, 86
head39, 1245, 151, 82
head39, 1246, 151, 82
head39, 1247, 147, 86
head39, 1248, 147, 86
head39, 1249, 151, 82
head39, 1250, 151, 82
head39, 1251, 147, 86
head39, 1252, 155, 78
head39, 1253, 151, 74
head39, 1254, 151, 74
head39, 1255, 155, 78
head39, 1256, 155, 70
head39, 1257, 151, 74
head39, 1258, 151, 74
head39, 1259, 155, 70
head39, 1260, 155, 70
head39, 1261, 159, 66
head39, 1262, 159, 66
head39, 1263, 155, 70
head39, 1264, 155, 62
head39, 1265, 159, 66
head39, 1266, 151, 66
head39, 1267, 155, 62
head39, 1268, 155, 62
head39, 1269, 151, 66
head39, 1270, 151, 82
head39, 1271, 139, 118
head39, 1272, 147, 150
head39, 1273, 151, 178
head39, 1278, 167, 194
head39, 1279, 203, 190
head40, 1246, 184, 149
head40, 1248, 184, 148
head40, 1249, 180, 143
head40, 1250, 180, 142
head40, 1251, 176, 137
head40, 1252, 176, 144
head40, 1253, 180, 139
head40, 1254, 180, 138
head40, 1255, 176, 141
head40, 1256, 176, 140
head40, 1257, 180, 135
head40, 1258, 180, 134
head40, 1259, 184, 137
head40, 1260, 176, 136
head40, 1261, 148, 155
head40, 1262, 140, 154
head40, 1263, 144, 157
head40, 1264, 144, 156
head40, 1265, 140, 151
head40, 1266, 148, 158
head40, 1267, 144, 153
head40, 1268, 144, 152
head40, 1269, 148, 155
head40, 1270, 148, 154
head40, 1271, 152, 149
head40, 1272, 144, 124
head40, 1273, 148, 119
head40, 1274, 148, 118
head40, 1275, 144, 113
head40, 1276, 152, 120
head40, 1277, 156, 147
head40, 1278, 156, 162
head40, 1279, 152, 173
head40, 1280, 152, 172
head40, 1281, 156, 167
head40, 1282, 164, 142
head40, 1283, 184, 105
head40, 1284, 200, 72
head41, 1303, 216, 203
head41, 1304, 216, 203
head41, 1305, 228, 215
head41, 1306, 228, 215
head41, 1308, 240, 235
head41, 1309, 240, 235
head41, 1310, 236, 231
head41, 1311, 236, 239
head41, 1312, 240, 235
head41, 1313, 240, 235
head41, 1314, 228, 215
head41, 1315, 211, 196
head41, 1316, 174, 157
head41, 1317, 149, 114
head41, 1318, 144, 67
head41, 1319, 143, 68
head41, 1320, 146, 73
head41, 1321, 145, 74
head41, 1322, 140, 63
head41, 1323, 147, 72
head41, 1324, 150, 101
head41, 1325, 173, 142
head41, 1327, 216, 203
head42, 1291, 201, 165
head42, 1294, 200, 163
head42, 1295, 199, 163
head42, 1296, 198, 162
head42, 1297, 193, 157
head42, 1298, 196, 160
head42, 1299, 195, 175
head42, 1300, 193, 157
head42, 1301, 191, 155
head42, 1302, 190, 154
head42, 1303, 185, 149
head42, 1304, 184, 140
head42, 1305, 179, 143
head42, 1306, 184, 149
head42, 1307, 177, 143
head42, 1308, 174, 141
head42, 1309, 151, 119
head42, 1310, 148, 117
head42, 1311, 179, 143
head42, 1314, 177, 140
head42, 1315, 171, 125
head42, 1316, 169, 130
head42, 1317, 171, 131
head42, 1318, 169, 128
head42, 1319, 171, 129
head42, 1320, 169, 126
head42, 1321, 171, 127
head42, 1322, 169, 124
head42, 1323, 187, 109
head42, 1324, 185, 106
head42, 1325, 171, 123
head42, 1326, 175, 128
head42, 1327, 167, 121
head42, 1328, 171, 118
head42, 1329, 171, 111
head42, 1330, 175, 116
head42, 1331, 176, 121
head42, 1332, 176, 120
head42, 1333, 176, 118
head42, 1334, 172, 112
head42, 1335, 176, 115
head42, 1336, 176, 106
head42, 1337, 175, 112
head42, 1338, 178, 106
head42, 1339, 175, 109
head42, 1340, 176, 100
head42, 1341, 173, 103
head42, 1342, 174, 102
head42, 1343, 179, 97
head42, 1344, 172, 96
head42, 1345, 177, 91
head42, 1346, 178, 90
head42, 1347, 175, 93
head42, 1348, 176, 92
head42, 1349, 173, 111
head42, 1350, 182, 118
head42, 1351, 171, 105
head42, 1352, 180, 80
head42, 1353, 177, 75
head42, 1354, 178, 74
head42, 1355, 175, 93
head42, 1356, 184, 108
head42, 1357, 181, 103
head42, 1358, 182, 102
head42, 1359, 179, 97
head42, 1360, 180, 96
head42, 1361, 177, 83
head42, 1362, 178, 82
head42, 1363, 183, 93
head42, 1364, 184, 92
head42, 1365, 181, 79
head42, 1366, 182, 78
head42, 1367, 179, 81
head42, 1368, 180, 80
head42, 1369, 185, 75
head42, 1370, 186, 74
head42, 1371, 183, 69
head42, 1372, 184, 68
head42, 1373, 181, 71
head42, 1374, 182, 70
head42, 1375, 187, 65
head42, 1376, 188, 72
head42, 1377, 185, 67
head42, 1378, 186, 66
head42, 1379, 183, 69
head42, 1380, 184, 68
head42, 1381, 189, 71
head43, 1309, 176, 181
head43, 1310, 176, 181
head43, 1311, 172, 177
head43, 1312, 172, 177
head43, 1313, 176, 157
head43, 1314, 168, 133
head43, 1315, 172, 129
head43, 1316, 174, 177
head43, 1317, 174, 176
head43, 1318, 174, 175
head43, 1319, 174, 174
head43, 1320, 173, 173
head43, 1321, 173, 172
head43, 1322, 173, 171
head43, 1323, 173, 170
head43, 1324, 173, 169
head43, 1325, 172, 168
head43, 1326, 175, 147
head43, 1327, 172, 165
head43, 1328, 172, 163
head43, 1329, 176, 141
head43, 1330, 176, 139
head43, 1331, 172, 117
head43, 1332, 172, 107
head43, 1333, 176, 109
head43, 1334, 176, 131
head43, 1335, 172, 133
head43, 1336, 172, 131
head43, 1337, 176, 109
head43, 1338, 176, 107
head43, 1339, 172, 101
head43, 1340, 172, 107
head43, 1341, 176, 101
head43, 1342, 176, 99
head43, 1343, 172, 101
head43, 1344, 172, 99
head43, 1345, 176, 93
head43, 1346, 173, 136
head43, 1348, 174, 131
head43, 1349, 174, 129
head43, 1350, 174, 126
head43, 1351, 170, 103
head43, 1352, 146, 76
head43, 1353, 142, 61
head43, 1354, 142, 60
head43, 1355, 146, 71
head43, 1356, 175, 115
head43, 1357, 175, 113
head43, 1358, 175, 112
head43, 1359, 179, 99
head43, 1360, 179, 66
head43, 1361, 199, 68
head43, 1362, 176, 106
head43, 1363, 176, 104
head43, 1364, 180, 82
head43, 1365, 180, 80
head43, 1366, 184, 90
head43, 1367, 178, 98
head43, 1368, 184, 86
head43, 1369, 179, 95
head43, 1370, 186, 84
head43, 1371, 181, 69
head43, 1372, 188, 74
head43, 1373, 183, 67
head43, 1374, 182, 72
head43, 1375, 185, 65
head43, 1376, 184, 70
head43, 1377, 187, 63
head43, 1378, 186, 68
head43, 1379, 189, 69
head43, 1380, 188, 74
head43, 1381, 183, 67
head43, 1386, 182, 64
head43, 1387, 185, 65
head43, 1389, 184, 62
head43, 1390, 179, 63
head43, 1391, 170, 68
head43, 1392, 149, 85
head43, 1393, 148, 114
head43, 1394, 151, 123
head43, 1395, 150, 112
head43, 1396, 145, 105
head43, 1397, 144, 110
head43, 1398, 147, 111
head43, 1399, 146, 108
head43, 1400, 149, 109
head43, 1401, 148, 106
head43, 1402, 151, 107
head43, 1403, 150, 104
head43, 1404, 145, 105
head43, 1405, 152, 102
head43, 1406, 147, 103
head43, 1407, 146, 108
head43, 1408, 149, 101
head43, 1409, 148, 106
head43, 1410, 151, 99
head43, 1411, 150, 104
head43, 1412, 145, 89
head43, 1413, 144, 86
head43, 1414, 147, 103
head43, 1415, 146, 100
head43, 1416, 149, 101
head43, 1417, 148, 90
head43, 1418, 151, 99
head43, 1419, 150, 120
head43, 1420, 153, 121
head43, 1421, 152, 118
head43, 1422, 147, 103
head43, 1423, 146, 100
head43, 1424, 149, 101
head43, 1425, 148, 98
head43, 1426, 151, 99
head43, 1427, 150, 104
head43, 1428, 153, 121
head43, 1429, 152, 118
head43, 1430, 147, 95
head43, 1431, 146, 92
head43, 1432, 149, 93
head43, 1433, 148, 74
head43, 1434, 151, 75
head43, 1435, 150, 72
head43, 1436, 153, 89
head43, 1437, 152, 94
head43, 1438, 155, 95
head43, 1439, 154, 92
head43, 1440, 149, 69
